CheckInID,MemberID,CheckInDate,CheckInHour,ClassAttended,DurationMinutes,DayOfWeek,Month,TimeSlot
CI000001,M0001,2025-05-18,10,HIIT,52,Sunday,2025-05,Morning
CI000002,M0002,2025-08-06,7,Pilates,32,Wednesday,2025-08,Early Morning
CI000003,M0002,2025-07-14,11,Spin,72,Monday,2025-07,Morning
CI000004,M0002,2025-06-01,16,Pilates,85,Sunday,2025-06,Afternoon
CI000005,M0002,2025-04-04,19,Gym Floor,39,Friday,2025-04,Evening
CI000006,M0002,2025-05-19,8,Gym Floor,62,Monday,2025-05,Early Morning
CI000007,M0002,2025-05-24,18,Gym Floor,70,Saturday,2025-05,Evening
CI000008,M0002,2025-05-08,20,Yoga,46,Thursday,2025-05,Night
CI000009,M0002,2025-08-12,8,Yoga,57,Tuesday,2025-08,Early Morning
CI000010,M0002,2025-05-25,19,Gym Floor,37,Sunday,2025-05,Evening
CI000011,M0002,2025-08-30,18,Gym Floor,61,Saturday,2025-08,Evening
CI000012,M0002,2025-07-05,12,Cardio,66,Saturday,2025-07,Morning
CI000013,M0002,2025-07-03,10,CrossFit,37,Thursday,2025-07,Morning
CI000014,M0002,2025-08-30,6,Gym Floor,68,Saturday,2025-08,Early Morning
CI000015,M0002,2025-04-03,6,CrossFit,42,Thursday,2025-04,Early Morning
CI000016,M0002,2025-08-29,10,Zumba,58,Friday,2025-08,Morning
CI000017,M0002,2025-08-17,19,Gym Floor,53,Sunday,2025-08,Evening
CI000018,M0002,2025-06-06,16,Gym Floor,55,Friday,2025-06,Afternoon
CI000019,M0002,2025-07-24,21,Gym Floor,59,Thursday,2025-07,Night
CI000020,M0002,2025-04-18,19,Spin,25,Friday,2025-04,Evening
CI000021,M0002,2025-05-17,19,HIIT,66,Saturday,2025-05,Evening
CI000022,M0002,2025-07-06,19,CrossFit,45,Sunday,2025-07,Evening
CI000023,M0002,2025-05-04,20,CrossFit,23,Sunday,2025-05,Night
CI000024,M0002,2025-06-07,10,Strength Training,63,Saturday,2025-06,Morning
CI000025,M0002,2025-07-04,16,HIIT,46,Friday,2025-07,Afternoon
CI000026,M0002,2025-07-24,9,Pilates,72,Thursday,2025-07,Early Morning
CI000027,M0002,2025-06-18,19,Gym Floor,37,Wednesday,2025-06,Evening
CI000028,M0002,2025-04-04,18,Spin,33,Friday,2025-04,Evening
CI000029,M0003,2025-08-12,7,Spin,51,Tuesday,2025-08,Early Morning
CI000030,M0003,2025-04-30,16,Cardio,58,Wednesday,2025-04,Afternoon
CI000031,M0003,2025-05-04,19,Yoga,43,Sunday,2025-05,Evening
CI000032,M0003,2025-05-18,19,Gym Floor,38,Sunday,2025-05,Evening
CI000033,M0004,2025-05-17,12,Gym Floor,38,Saturday,2025-05,Morning
CI000034,M0004,2025-05-20,16,Gym Floor,66,Tuesday,2025-05,Afternoon
CI000035,M0004,2025-04-01,11,Gym Floor,50,Tuesday,2025-04,Morning
CI000036,M0004,2025-07-24,8,Zumba,38,Thursday,2025-07,Early Morning
CI000037,M0004,2025-08-01,8,Strength Training,48,Friday,2025-08,Early Morning
CI000038,M0004,2025-06-17,19,Spin,52,Tuesday,2025-06,Evening
CI000039,M0004,2025-04-30,16,Gym Floor,97,Wednesday,2025-04,Afternoon
CI000040,M0004,2025-05-17,16,Gym Floor,57,Saturday,2025-05,Afternoon
CI000041,M0004,2025-05-06,8,Yoga,84,Tuesday,2025-05,Early Morning
CI000042,M0004,2025-04-27,17,Gym Floor,58,Sunday,2025-04,Evening
CI000043,M0004,2025-07-13,19,Gym Floor,64,Sunday,2025-07,Evening
CI000044,M0004,2025-03-10,7,Gym Floor,58,Monday,2025-03,Early Morning
CI000045,M0004,2025-07-27,11,HIIT,56,Sunday,2025-07,Morning
CI000046,M0004,2025-04-20,17,Gym Floor,58,Sunday,2025-04,Evening
CI000047,M0004,2025-04-10,16,Gym Floor,39,Thursday,2025-04,Afternoon
CI000048,M0004,2025-07-08,10,Spin,66,Tuesday,2025-07,Morning
CI000049,M0004,2025-03-15,8,CrossFit,35,Saturday,2025-03,Early Morning
CI000050,M0004,2025-05-13,18,Spin,75,Tuesday,2025-05,Evening
CI000051,M0005,2025-04-10,7,CrossFit,27,Thursday,2025-04,Early Morning
CI000052,M0005,2025-04-26,6,Pilates,59,Saturday,2025-04,Early Morning
CI000053,M0005,2025-07-15,10,HIIT,60,Tuesday,2025-07,Morning
CI000054,M0005,2025-08-30,9,Yoga,84,Saturday,2025-08,Early Morning
CI000055,M0005,2025-03-18,18,Spin,35,Tuesday,2025-03,Evening
CI000056,M0005,2025-08-24,7,Strength Training,28,Sunday,2025-08,Early Morning
CI000057,M0005,2025-07-26,17,Gym Floor,52,Saturday,2025-07,Evening
CI000058,M0005,2025-08-02,16,Strength Training,48,Saturday,2025-08,Afternoon
CI000059,M0005,2025-05-29,19,HIIT,68,Thursday,2025-05,Evening
CI000060,M0005,2025-08-28,8,Gym Floor,29,Thursday,2025-08,Early Morning
CI000061,M0005,2025-03-19,17,Gym Floor,45,Wednesday,2025-03,Evening
CI000062,M0005,2025-06-15,18,Gym Floor,74,Sunday,2025-06,Evening
CI000063,M0005,2025-04-21,18,Gym Floor,65,Monday,2025-04,Evening
CI000064,M0005,2025-07-30,19,Yoga,20,Wednesday,2025-07,Evening
CI000065,M0005,2025-03-25,11,Gym Floor,84,Tuesday,2025-03,Morning
CI000066,M0005,2025-05-31,17,Zumba,49,Saturday,2025-05,Evening
CI000067,M0005,2025-05-17,17,Zumba,46,Saturday,2025-05,Evening
CI000068,M0005,2025-05-02,7,HIIT,54,Friday,2025-05,Early Morning
CI000069,M0005,2025-03-02,12,Cardio,55,Sunday,2025-03,Morning
CI000070,M0005,2025-05-17,8,HIIT,64,Saturday,2025-05,Early Morning
CI000071,M0005,2025-07-27,8,HIIT,54,Sunday,2025-07,Early Morning
CI000072,M0005,2025-03-23,11,HIIT,53,Sunday,2025-03,Morning
CI000073,M0005,2025-05-23,19,Gym Floor,89,Friday,2025-05,Evening
CI000074,M0005,2025-06-08,11,Cardio,53,Sunday,2025-06,Morning
CI000075,M0005,2025-07-12,16,HIIT,73,Saturday,2025-07,Afternoon
CI000076,M0005,2025-06-25,11,CrossFit,45,Wednesday,2025-06,Morning
CI000077,M0005,2025-03-19,10,Gym Floor,56,Wednesday,2025-03,Morning
CI000078,M0005,2025-05-08,8,HIIT,52,Thursday,2025-05,Early Morning
CI000079,M0005,2025-05-08,18,Zumba,47,Thursday,2025-05,Evening
CI000080,M0005,2025-08-01,6,Strength Training,41,Friday,2025-08,Early Morning
CI000081,M0005,2025-08-13,19,Gym Floor,65,Wednesday,2025-08,Evening
CI000082,M0005,2025-03-14,18,Zumba,53,Friday,2025-03,Evening
CI000083,M0005,2025-04-03,6,Gym Floor,48,Thursday,2025-04,Early Morning
CI000084,M0005,2025-06-23,16,HIIT,42,Monday,2025-06,Afternoon
CI000085,M0005,2025-07-19,18,Gym Floor,58,Saturday,2025-07,Evening
CI000086,M0005,2025-03-19,20,Gym Floor,71,Wednesday,2025-03,Night
CI000087,M0005,2025-06-06,8,Strength Training,79,Friday,2025-06,Early Morning
CI000088,M0005,2025-05-12,11,Cardio,84,Monday,2025-05,Morning
CI000089,M0005,2025-04-22,18,Gym Floor,70,Tuesday,2025-04,Evening
CI000090,M0005,2025-06-14,12,Gym Floor,41,Saturday,2025-06,Morning
CI000091,M0005,2025-08-29,18,Gym Floor,50,Friday,2025-08,Evening
CI000092,M0005,2025-07-15,9,Gym Floor,70,Tuesday,2025-07,Early Morning
CI000093,M0005,2025-04-13,9,Gym Floor,44,Sunday,2025-04,Early Morning
CI000094,M0005,2025-04-20,7,Gym Floor,58,Sunday,2025-04,Early Morning
CI000095,M0005,2025-05-09,17,CrossFit,81,Friday,2025-05,Evening
CI000096,M0005,2025-04-26,12,Gym Floor,52,Saturday,2025-04,Morning
CI000097,M0005,2025-04-11,8,Cardio,57,Friday,2025-04,Early Morning
CI000098,M0005,2025-03-25,7,Cardio,54,Tuesday,2025-03,Early Morning
CI000099,M0005,2025-07-04,11,Gym Floor,67,Friday,2025-07,Morning
CI000100,M0006,2025-03-18,7,Cardio,56,Tuesday,2025-03,Early Morning
CI000101,M0007,2025-08-26,17,Gym Floor,32,Tuesday,2025-08,Evening
CI000102,M0007,2025-07-03,19,Zumba,34,Thursday,2025-07,Evening
CI000103,M0007,2025-08-27,21,Gym Floor,67,Wednesday,2025-08,Night
CI000104,M0007,2025-03-13,18,Strength Training,104,Thursday,2025-03,Evening
CI000105,M0007,2025-06-02,16,Gym Floor,37,Monday,2025-06,Afternoon
CI000106,M0007,2025-03-24,11,HIIT,34,Monday,2025-03,Morning
CI000107,M0007,2025-04-26,17,Pilates,41,Saturday,2025-04,Evening
CI000108,M0008,2025-07-01,7,Gym Floor,32,Tuesday,2025-07,Early Morning
CI000109,M0008,2025-07-08,6,Gym Floor,79,Tuesday,2025-07,Early Morning
CI000110,M0008,2025-03-02,6,HIIT,25,Sunday,2025-03,Early Morning
CI000111,M0008,2025-05-27,10,Pilates,45,Tuesday,2025-05,Morning
CI000112,M0008,2025-07-19,17,Gym Floor,80,Saturday,2025-07,Evening
CI000113,M0008,2025-05-16,9,Zumba,68,Friday,2025-05,Early Morning
CI000114,M0008,2025-07-21,8,Gym Floor,75,Monday,2025-07,Early Morning
CI000115,M0008,2025-05-04,8,Gym Floor,25,Sunday,2025-05,Early Morning
CI000116,M0008,2025-08-15,8,Gym Floor,49,Friday,2025-08,Early Morning
CI000117,M0008,2025-05-07,19,Gym Floor,27,Wednesday,2025-05,Evening
CI000118,M0008,2025-06-05,7,Pilates,38,Thursday,2025-06,Early Morning
CI000119,M0008,2025-08-29,17,HIIT,58,Friday,2025-08,Evening
CI000120,M0009,2025-05-14,20,Yoga,62,Wednesday,2025-05,Night
CI000121,M0009,2025-05-10,18,Gym Floor,66,Saturday,2025-05,Evening
CI000122,M0009,2025-03-05,11,HIIT,69,Wednesday,2025-03,Morning
CI000123,M0009,2025-07-18,20,Gym Floor,52,Friday,2025-07,Night
CI000124,M0009,2025-06-06,19,Spin,48,Friday,2025-06,Evening
CI000125,M0009,2025-04-22,8,Gym Floor,42,Tuesday,2025-04,Early Morning
CI000126,M0009,2025-06-13,17,Zumba,35,Friday,2025-06,Evening
CI000127,M0009,2025-08-20,8,CrossFit,52,Wednesday,2025-08,Early Morning
CI000128,M0009,2025-03-01,7,CrossFit,49,Saturday,2025-03,Early Morning
CI000129,M0009,2025-05-30,19,Gym Floor,74,Friday,2025-05,Evening
CI000130,M0009,2025-07-10,18,Zumba,44,Thursday,2025-07,Evening
CI000131,M0009,2025-07-08,20,Pilates,53,Tuesday,2025-07,Night
CI000132,M0009,2025-08-15,9,Zumba,48,Friday,2025-08,Early Morning
CI000133,M0009,2025-08-24,18,Gym Floor,61,Sunday,2025-08,Evening
CI000134,M0009,2025-08-05,20,Gym Floor,60,Tuesday,2025-08,Night
CI000135,M0009,2025-05-25,19,Gym Floor,37,Sunday,2025-05,Evening
CI000136,M0009,2025-04-25,18,Gym Floor,51,Friday,2025-04,Evening
CI000137,M0009,2025-05-26,7,Zumba,55,Monday,2025-05,Early Morning
CI000138,M0009,2025-07-23,16,Gym Floor,63,Wednesday,2025-07,Afternoon
CI000139,M0009,2025-08-05,17,Cardio,72,Tuesday,2025-08,Evening
CI000140,M0009,2025-06-17,8,Spin,42,Tuesday,2025-06,Early Morning
CI000141,M0009,2025-05-07,10,Gym Floor,54,Wednesday,2025-05,Morning
CI000142,M0009,2025-04-10,7,Gym Floor,51,Thursday,2025-04,Early Morning
CI000143,M0009,2025-07-16,8,CrossFit,37,Wednesday,2025-07,Early Morning
CI000144,M0009,2025-05-24,18,Yoga,72,Saturday,2025-05,Evening
CI000145,M0010,2025-04-27,7,Spin,53,Sunday,2025-04,Early Morning
CI000146,M0010,2025-07-25,18,Pilates,68,Friday,2025-07,Evening
CI000147,M0010,2025-06-05,17,Gym Floor,71,Thursday,2025-06,Evening
CI000148,M0010,2025-05-10,10,Gym Floor,55,Saturday,2025-05,Morning
CI000149,M0011,2025-04-25,20,Pilates,59,Friday,2025-04,Night
CI000150,M0011,2025-04-26,9,Yoga,35,Saturday,2025-04,Early Morning
CI000151,M0011,2025-07-09,19,CrossFit,51,Wednesday,2025-07,Evening
CI000152,M0011,2025-04-24,6,HIIT,33,Thursday,2025-04,Early Morning
CI000153,M0011,2025-08-31,20,Gym Floor,69,Sunday,2025-08,Night
CI000154,M0011,2025-05-26,18,Gym Floor,21,Monday,2025-05,Evening
CI000155,M0011,2025-03-19,20,Zumba,65,Wednesday,2025-03,Night
CI000156,M0011,2025-05-12,6,Zumba,57,Monday,2025-05,Early Morning
CI000157,M0011,2025-05-01,18,Gym Floor,90,Thursday,2025-05,Evening
CI000158,M0011,2025-04-05,7,Yoga,96,Saturday,2025-04,Early Morning
CI000159,M0011,2025-08-05,16,Gym Floor,59,Tuesday,2025-08,Afternoon
CI000160,M0011,2025-03-14,9,Strength Training,27,Friday,2025-03,Early Morning
CI000161,M0011,2025-03-12,7,Gym Floor,58,Wednesday,2025-03,Early Morning
CI000162,M0011,2025-03-27,10,Gym Floor,20,Thursday,2025-03,Morning
CI000163,M0011,2025-05-04,8,Gym Floor,44,Sunday,2025-05,Early Morning
CI000164,M0011,2025-06-04,17,HIIT,47,Wednesday,2025-06,Evening
CI000165,M0011,2025-06-20,20,Gym Floor,74,Friday,2025-06,Night
CI000166,M0011,2025-04-23,20,Gym Floor,58,Wednesday,2025-04,Night
CI000167,M0011,2025-08-11,7,Zumba,84,Monday,2025-08,Early Morning
CI000168,M0011,2025-08-26,20,Cardio,65,Tuesday,2025-08,Night
CI000169,M0012,2025-03-04,19,Cardio,60,Tuesday,2025-03,Evening
CI000170,M0012,2025-07-28,8,Spin,20,Monday,2025-07,Early Morning
CI000171,M0012,2025-08-13,7,Gym Floor,62,Wednesday,2025-08,Early Morning
CI000172,M0012,2025-06-03,16,HIIT,44,Tuesday,2025-06,Afternoon
CI000173,M0012,2025-04-11,9,Gym Floor,31,Friday,2025-04,Early Morning
CI000174,M0012,2025-06-16,21,Pilates,20,Monday,2025-06,Night
CI000175,M0012,2025-04-10,18,Gym Floor,59,Thursday,2025-04,Evening
CI000176,M0012,2025-04-14,18,Cardio,44,Monday,2025-04,Evening
CI000177,M0012,2025-03-15,6,Gym Floor,28,Saturday,2025-03,Early Morning
CI000178,M0012,2025-05-25,20,Cardio,51,Sunday,2025-05,Night
CI000179,M0012,2025-06-01,10,Gym Floor,36,Sunday,2025-06,Morning
CI000180,M0012,2025-05-27,8,Spin,57,Tuesday,2025-05,Early Morning
CI000181,M0012,2025-07-15,8,CrossFit,29,Tuesday,2025-07,Early Morning
CI000182,M0012,2025-06-09,6,Zumba,20,Monday,2025-06,Early Morning
CI000183,M0012,2025-04-25,16,Gym Floor,56,Friday,2025-04,Afternoon
CI000184,M0012,2025-08-02,17,Yoga,56,Saturday,2025-08,Evening
CI000185,M0012,2025-06-07,17,Gym Floor,42,Saturday,2025-06,Evening
CI000186,M0012,2025-05-31,18,Gym Floor,67,Saturday,2025-05,Evening
CI000187,M0012,2025-06-19,7,Gym Floor,75,Thursday,2025-06,Early Morning
CI000188,M0012,2025-06-05,11,CrossFit,99,Thursday,2025-06,Morning
CI000189,M0012,2025-08-20,6,HIIT,71,Wednesday,2025-08,Early Morning
CI000190,M0012,2025-08-31,17,Gym Floor,58,Sunday,2025-08,Evening
CI000191,M0012,2025-05-06,6,Zumba,62,Tuesday,2025-05,Early Morning
CI000192,M0012,2025-08-07,17,CrossFit,51,Thursday,2025-08,Evening
CI000193,M0012,2025-07-31,17,Spin,62,Thursday,2025-07,Evening
CI000194,M0012,2025-05-30,17,CrossFit,67,Friday,2025-05,Evening
CI000195,M0012,2025-05-23,7,Gym Floor,59,Friday,2025-05,Early Morning
CI000196,M0012,2025-04-21,8,Gym Floor,76,Monday,2025-04,Early Morning
CI000197,M0012,2025-07-11,6,Gym Floor,52,Friday,2025-07,Early Morning
CI000198,M0012,2025-05-03,17,CrossFit,40,Saturday,2025-05,Evening
CI000199,M0012,2025-04-13,18,Pilates,48,Sunday,2025-04,Evening
CI000200,M0012,2025-03-02,16,Strength Training,102,Sunday,2025-03,Afternoon
CI000201,M0012,2025-05-08,17,Gym Floor,62,Thursday,2025-05,Evening
CI000202,M0012,2025-05-30,9,Gym Floor,74,Friday,2025-05,Early Morning
CI000203,M0012,2025-08-01,8,Spin,49,Friday,2025-08,Early Morning
CI000204,M0012,2025-04-22,19,Gym Floor,37,Tuesday,2025-04,Evening
CI000205,M0012,2025-06-03,17,Gym Floor,50,Tuesday,2025-06,Evening
CI000206,M0012,2025-04-08,21,CrossFit,59,Tuesday,2025-04,Night
CI000207,M0012,2025-03-29,20,HIIT,23,Saturday,2025-03,Night
CI000208,M0012,2025-05-05,6,Gym Floor,36,Monday,2025-05,Early Morning
CI000209,M0012,2025-05-21,19,Strength Training,52,Wednesday,2025-05,Evening
CI000210,M0013,2025-04-20,7,Spin,70,Sunday,2025-04,Early Morning
CI000211,M0013,2025-05-08,19,Pilates,58,Thursday,2025-05,Evening
CI000212,M0014,2025-08-11,16,Pilates,65,Monday,2025-08,Afternoon
CI000213,M0014,2025-08-24,21,Gym Floor,65,Sunday,2025-08,Night
CI000214,M0014,2025-05-29,18,CrossFit,68,Thursday,2025-05,Evening
CI000215,M0014,2025-03-05,7,Gym Floor,56,Wednesday,2025-03,Early Morning
CI000216,M0014,2025-08-27,18,Gym Floor,46,Wednesday,2025-08,Evening
CI000217,M0014,2025-04-24,16,Gym Floor,55,Thursday,2025-04,Afternoon
CI000218,M0014,2025-05-01,12,Gym Floor,86,Thursday,2025-05,Morning
CI000219,M0014,2025-07-17,10,Zumba,51,Thursday,2025-07,Morning
CI000220,M0014,2025-06-01,17,HIIT,76,Sunday,2025-06,Evening
CI000221,M0014,2025-07-16,17,Cardio,47,Wednesday,2025-07,Evening
CI000222,M0014,2025-05-10,17,Gym Floor,32,Saturday,2025-05,Evening
CI000223,M0014,2025-05-19,16,Zumba,45,Monday,2025-05,Afternoon
CI000224,M0014,2025-05-12,9,Gym Floor,72,Monday,2025-05,Early Morning
CI000225,M0014,2025-05-29,12,Cardio,83,Thursday,2025-05,Morning
CI000226,M0014,2025-07-11,19,Gym Floor,64,Friday,2025-07,Evening
CI000227,M0014,2025-06-13,7,Yoga,66,Friday,2025-06,Early Morning
CI000228,M0014,2025-05-26,17,Pilates,79,Monday,2025-05,Evening
CI000229,M0014,2025-07-03,19,Gym Floor,78,Thursday,2025-07,Evening
CI000230,M0014,2025-05-21,19,Spin,64,Wednesday,2025-05,Evening
CI000231,M0014,2025-07-26,19,Yoga,54,Saturday,2025-07,Evening
CI000232,M0014,2025-06-25,6,Gym Floor,48,Wednesday,2025-06,Early Morning
CI000233,M0014,2025-03-03,18,Pilates,46,Monday,2025-03,Evening
CI000234,M0014,2025-05-16,8,Strength Training,57,Friday,2025-05,Early Morning
CI000235,M0015,2025-03-28,8,Strength Training,32,Friday,2025-03,Early Morning
CI000236,M0015,2025-07-22,17,Yoga,67,Tuesday,2025-07,Evening
CI000237,M0015,2025-05-18,16,Gym Floor,52,Sunday,2025-05,Afternoon
CI000238,M0015,2025-03-07,19,CrossFit,77,Friday,2025-03,Evening
CI000239,M0015,2025-05-18,8,Gym Floor,59,Sunday,2025-05,Early Morning
CI000240,M0015,2025-06-25,20,Gym Floor,28,Wednesday,2025-06,Night
CI000241,M0015,2025-03-01,16,Pilates,51,Saturday,2025-03,Afternoon
CI000242,M0017,2025-07-06,12,Spin,38,Sunday,2025-07,Morning
CI000243,M0017,2025-06-24,19,Cardio,79,Tuesday,2025-06,Evening
CI000244,M0017,2025-03-22,8,Cardio,32,Saturday,2025-03,Early Morning
CI000245,M0017,2025-06-11,6,HIIT,72,Wednesday,2025-06,Early Morning
CI000246,M0017,2025-08-06,7,Yoga,53,Wednesday,2025-08,Early Morning
CI000247,M0017,2025-06-09,8,Pilates,35,Monday,2025-06,Early Morning
CI000248,M0017,2025-03-02,7,Gym Floor,69,Sunday,2025-03,Early Morning
CI000249,M0017,2025-05-21,11,Gym Floor,23,Wednesday,2025-05,Morning
CI000250,M0017,2025-06-07,17,CrossFit,20,Saturday,2025-06,Evening
CI000251,M0018,2025-08-18,7,Gym Floor,39,Monday,2025-08,Early Morning
CI000252,M0018,2025-06-08,19,Spin,70,Sunday,2025-06,Evening
CI000253,M0018,2025-07-03,7,Pilates,81,Thursday,2025-07,Early Morning
CI000254,M0018,2025-08-24,19,Pilates,29,Sunday,2025-08,Evening
CI000255,M0018,2025-07-09,11,Gym Floor,50,Wednesday,2025-07,Morning
CI000256,M0018,2025-04-27,6,Gym Floor,62,Sunday,2025-04,Early Morning
CI000257,M0018,2025-06-27,18,Gym Floor,55,Friday,2025-06,Evening
CI000258,M0018,2025-07-11,7,Gym Floor,70,Friday,2025-07,Early Morning
CI000259,M0018,2025-07-15,6,Gym Floor,28,Tuesday,2025-07,Early Morning
CI000260,M0018,2025-03-29,19,Pilates,57,Saturday,2025-03,Evening
CI000261,M0018,2025-07-15,10,Gym Floor,33,Tuesday,2025-07,Morning
CI000262,M0018,2025-07-19,19,Zumba,87,Saturday,2025-07,Evening
CI000263,M0018,2025-07-15,6,Cardio,58,Tuesday,2025-07,Early Morning
CI000264,M0018,2025-07-08,8,Spin,37,Tuesday,2025-07,Early Morning
CI000265,M0019,2025-04-13,17,Gym Floor,78,Sunday,2025-04,Evening
CI000266,M0019,2025-03-30,6,Zumba,42,Sunday,2025-03,Early Morning
CI000267,M0019,2025-05-06,21,Pilates,47,Tuesday,2025-05,Night
CI000268,M0019,2025-04-18,19,HIIT,71,Friday,2025-04,Evening
CI000269,M0019,2025-03-11,17,Spin,49,Tuesday,2025-03,Evening
CI000270,M0019,2025-04-13,19,HIIT,56,Sunday,2025-04,Evening
CI000271,M0019,2025-07-03,9,Yoga,71,Thursday,2025-07,Early Morning
CI000272,M0019,2025-05-14,18,Zumba,77,Wednesday,2025-05,Evening
CI000273,M0019,2025-08-02,6,Gym Floor,75,Saturday,2025-08,Early Morning
CI000274,M0019,2025-08-17,18,Gym Floor,20,Sunday,2025-08,Evening
CI000275,M0019,2025-04-02,12,Gym Floor,67,Wednesday,2025-04,Morning
CI000276,M0019,2025-03-26,7,HIIT,44,Wednesday,2025-03,Early Morning
CI000277,M0019,2025-06-25,19,Pilates,43,Wednesday,2025-06,Evening
CI000278,M0019,2025-03-18,8,Gym Floor,56,Tuesday,2025-03,Early Morning
CI000279,M0020,2025-04-08,16,Yoga,69,Tuesday,2025-04,Afternoon
CI000280,M0020,2025-04-15,19,HIIT,57,Tuesday,2025-04,Evening
CI000281,M0020,2025-08-02,18,Gym Floor,67,Saturday,2025-08,Evening
CI000282,M0020,2025-03-06,16,Gym Floor,45,Thursday,2025-03,Afternoon
CI000283,M0020,2025-07-20,17,Zumba,31,Sunday,2025-07,Evening
CI000284,M0020,2025-08-30,8,HIIT,51,Saturday,2025-08,Early Morning
CI000285,M0020,2025-07-31,20,Gym Floor,65,Thursday,2025-07,Night
CI000286,M0020,2025-06-28,19,CrossFit,20,Saturday,2025-06,Evening
CI000287,M0020,2025-07-25,7,Gym Floor,63,Friday,2025-07,Early Morning
CI000288,M0020,2025-07-17,9,Yoga,36,Thursday,2025-07,Early Morning
CI000289,M0020,2025-05-30,6,Cardio,50,Friday,2025-05,Early Morning
CI000290,M0020,2025-08-20,11,Pilates,44,Wednesday,2025-08,Morning
CI000291,M0020,2025-06-08,21,Gym Floor,62,Sunday,2025-06,Night
CI000292,M0020,2025-07-21,11,Strength Training,73,Monday,2025-07,Morning
CI000293,M0020,2025-05-13,7,Gym Floor,35,Tuesday,2025-05,Early Morning
CI000294,M0020,2025-05-05,18,Gym Floor,38,Monday,2025-05,Evening
CI000295,M0020,2025-03-26,21,Gym Floor,60,Wednesday,2025-03,Night
CI000296,M0020,2025-07-24,10,Gym Floor,39,Thursday,2025-07,Morning
CI000297,M0020,2025-05-04,11,Gym Floor,80,Sunday,2025-05,Morning
CI000298,M0020,2025-06-08,7,Gym Floor,46,Sunday,2025-06,Early Morning
CI000299,M0021,2025-08-15,10,Zumba,44,Friday,2025-08,Morning
CI000300,M0021,2025-08-05,7,Gym Floor,65,Tuesday,2025-08,Early Morning
CI000301,M0021,2025-05-08,6,CrossFit,59,Thursday,2025-05,Early Morning
CI000302,M0021,2025-03-31,16,CrossFit,54,Monday,2025-03,Afternoon
CI000303,M0021,2025-06-13,6,Spin,20,Friday,2025-06,Early Morning
CI000304,M0021,2025-04-30,6,Gym Floor,93,Wednesday,2025-04,Early Morning
CI000305,M0021,2025-07-08,18,Yoga,62,Tuesday,2025-07,Evening
CI000306,M0021,2025-04-20,19,CrossFit,37,Sunday,2025-04,Evening
CI000307,M0021,2025-07-31,7,Gym Floor,63,Thursday,2025-07,Early Morning
CI000308,M0021,2025-06-11,8,Gym Floor,81,Wednesday,2025-06,Early Morning
CI000309,M0022,2025-07-02,21,CrossFit,66,Wednesday,2025-07,Night
CI000310,M0022,2025-08-25,18,Gym Floor,62,Monday,2025-08,Evening
CI000311,M0022,2025-06-24,11,Gym Floor,50,Tuesday,2025-06,Morning
CI000312,M0022,2025-04-16,12,Zumba,47,Wednesday,2025-04,Morning
CI000313,M0022,2025-07-06,17,Gym Floor,60,Sunday,2025-07,Evening
CI000314,M0022,2025-05-02,9,HIIT,65,Friday,2025-05,Early Morning
CI000315,M0022,2025-03-24,19,Cardio,37,Monday,2025-03,Evening
CI000316,M0022,2025-03-16,12,Spin,59,Sunday,2025-03,Morning
CI000317,M0022,2025-07-29,19,Gym Floor,20,Tuesday,2025-07,Evening
CI000318,M0022,2025-07-20,16,Gym Floor,47,Sunday,2025-07,Afternoon
CI000319,M0022,2025-08-28,16,Zumba,47,Thursday,2025-08,Afternoon
CI000320,M0022,2025-03-18,17,Gym Floor,52,Tuesday,2025-03,Evening
CI000321,M0022,2025-08-29,17,Strength Training,66,Friday,2025-08,Evening
CI000322,M0022,2025-07-31,7,Spin,98,Thursday,2025-07,Early Morning
CI000323,M0023,2025-05-30,18,Pilates,63,Friday,2025-05,Evening
CI000324,M0023,2025-08-15,7,Spin,20,Friday,2025-08,Early Morning
CI000325,M0023,2025-08-25,9,CrossFit,50,Monday,2025-08,Early Morning
CI000326,M0023,2025-07-26,18,Spin,26,Saturday,2025-07,Evening
CI000327,M0023,2025-04-30,8,Zumba,68,Wednesday,2025-04,Early Morning
CI000328,M0023,2025-04-14,18,HIIT,20,Monday,2025-04,Evening
CI000329,M0023,2025-06-29,8,Gym Floor,78,Sunday,2025-06,Early Morning
CI000330,M0023,2025-04-28,19,Yoga,39,Monday,2025-04,Evening
CI000331,M0023,2025-07-20,16,CrossFit,58,Sunday,2025-07,Afternoon
CI000332,M0023,2025-05-30,10,Gym Floor,37,Friday,2025-05,Morning
CI000333,M0024,2025-06-18,8,Gym Floor,70,Wednesday,2025-06,Early Morning
CI000334,M0024,2025-08-05,7,Zumba,33,Tuesday,2025-08,Early Morning
CI000335,M0024,2025-03-11,19,Gym Floor,20,Tuesday,2025-03,Evening
CI000336,M0024,2025-07-18,17,Gym Floor,56,Friday,2025-07,Evening
CI000337,M0024,2025-08-12,18,HIIT,72,Tuesday,2025-08,Evening
CI000338,M0024,2025-07-10,18,Strength Training,27,Thursday,2025-07,Evening
CI000339,M0024,2025-05-29,16,HIIT,44,Thursday,2025-05,Afternoon
CI000340,M0024,2025-04-19,6,Yoga,63,Saturday,2025-04,Early Morning
CI000341,M0024,2025-07-17,17,Spin,55,Thursday,2025-07,Evening
CI000342,M0024,2025-05-14,6,Gym Floor,87,Wednesday,2025-05,Early Morning
CI000343,M0024,2025-08-18,21,Gym Floor,69,Monday,2025-08,Night
CI000344,M0024,2025-04-19,18,Gym Floor,54,Saturday,2025-04,Evening
CI000345,M0024,2025-05-17,12,Strength Training,57,Saturday,2025-05,Morning
CI000346,M0024,2025-05-20,19,Pilates,45,Tuesday,2025-05,Evening
CI000347,M0024,2025-05-06,19,Gym Floor,76,Tuesday,2025-05,Evening
CI000348,M0024,2025-08-04,8,Cardio,38,Monday,2025-08,Early Morning
CI000349,M0024,2025-07-20,6,Gym Floor,42,Sunday,2025-07,Early Morning
CI000350,M0024,2025-03-06,8,CrossFit,72,Thursday,2025-03,Early Morning
CI000351,M0024,2025-03-24,8,Gym Floor,55,Monday,2025-03,Early Morning
CI000352,M0024,2025-08-10,18,Gym Floor,72,Sunday,2025-08,Evening
CI000353,M0024,2025-07-01,10,CrossFit,67,Tuesday,2025-07,Morning
CI000354,M0024,2025-04-22,11,Spin,60,Tuesday,2025-04,Morning
CI000355,M0025,2025-04-18,8,Zumba,36,Friday,2025-04,Early Morning
CI000356,M0025,2025-03-07,18,Pilates,48,Friday,2025-03,Evening
CI000357,M0025,2025-06-11,7,Gym Floor,45,Wednesday,2025-06,Early Morning
CI000358,M0025,2025-03-07,16,Cardio,78,Friday,2025-03,Afternoon
CI000359,M0025,2025-06-19,10,Gym Floor,79,Thursday,2025-06,Morning
CI000360,M0026,2025-03-07,18,HIIT,78,Friday,2025-03,Evening
CI000361,M0026,2025-06-14,18,Strength Training,34,Saturday,2025-06,Evening
CI000362,M0027,2025-03-25,18,Strength Training,61,Tuesday,2025-03,Evening
CI000363,M0027,2025-04-08,7,CrossFit,50,Tuesday,2025-04,Early Morning
CI000364,M0027,2025-07-25,17,Gym Floor,38,Friday,2025-07,Evening
CI000365,M0027,2025-08-08,19,Pilates,55,Friday,2025-08,Evening
CI000366,M0027,2025-04-23,19,Cardio,77,Wednesday,2025-04,Evening
CI000367,M0027,2025-07-01,10,Gym Floor,56,Tuesday,2025-07,Morning
CI000368,M0027,2025-08-30,18,Gym Floor,41,Saturday,2025-08,Evening
CI000369,M0027,2025-06-05,19,CrossFit,55,Thursday,2025-06,Evening
CI000370,M0027,2025-03-01,18,CrossFit,80,Saturday,2025-03,Evening
CI000371,M0028,2025-03-17,12,Gym Floor,34,Monday,2025-03,Morning
CI000372,M0028,2025-08-10,20,Gym Floor,52,Sunday,2025-08,Night
CI000373,M0028,2025-04-23,19,Gym Floor,43,Wednesday,2025-04,Evening
CI000374,M0028,2025-07-30,10,CrossFit,50,Wednesday,2025-07,Morning
CI000375,M0028,2025-03-08,6,Gym Floor,59,Saturday,2025-03,Early Morning
CI000376,M0028,2025-08-12,10,CrossFit,33,Tuesday,2025-08,Morning
CI000377,M0028,2025-05-18,19,Zumba,86,Sunday,2025-05,Evening
CI000378,M0029,2025-04-02,20,Gym Floor,52,Wednesday,2025-04,Night
CI000379,M0029,2025-07-27,9,Pilates,58,Sunday,2025-07,Early Morning
CI000380,M0029,2025-05-04,6,CrossFit,98,Sunday,2025-05,Early Morning
CI000381,M0029,2025-03-10,18,Strength Training,43,Monday,2025-03,Evening
CI000382,M0029,2025-08-24,21,Cardio,54,Sunday,2025-08,Night
CI000383,M0029,2025-04-08,12,CrossFit,47,Tuesday,2025-04,Morning
CI000384,M0029,2025-07-10,19,Gym Floor,46,Thursday,2025-07,Evening
CI000385,M0029,2025-04-04,17,Gym Floor,49,Friday,2025-04,Evening
CI000386,M0029,2025-05-19,19,CrossFit,77,Monday,2025-05,Evening
CI000387,M0029,2025-04-27,18,Cardio,49,Sunday,2025-04,Evening
CI000388,M0029,2025-05-29,17,Spin,81,Thursday,2025-05,Evening
CI000389,M0029,2025-05-16,18,CrossFit,56,Friday,2025-05,Evening
CI000390,M0029,2025-08-06,12,Gym Floor,71,Wednesday,2025-08,Morning
CI000391,M0030,2025-04-02,19,Gym Floor,64,Wednesday,2025-04,Evening
CI000392,M0030,2025-06-20,18,Zumba,51,Friday,2025-06,Evening
CI000393,M0030,2025-05-24,17,Gym Floor,64,Saturday,2025-05,Evening
CI000394,M0030,2025-06-23,8,Pilates,38,Monday,2025-06,Early Morning
CI000395,M0030,2025-05-06,21,Zumba,39,Tuesday,2025-05,Night
CI000396,M0030,2025-04-21,18,Gym Floor,57,Monday,2025-04,Evening
CI000397,M0030,2025-04-11,12,Gym Floor,51,Friday,2025-04,Morning
CI000398,M0030,2025-06-14,12,Pilates,75,Saturday,2025-06,Morning
CI000399,M0030,2025-06-22,19,Strength Training,47,Sunday,2025-06,Evening
CI000400,M0030,2025-04-07,16,Gym Floor,55,Monday,2025-04,Afternoon
CI000401,M0030,2025-05-29,8,Zumba,32,Thursday,2025-05,Early Morning
CI000402,M0030,2025-08-17,19,Gym Floor,47,Sunday,2025-08,Evening
CI000403,M0030,2025-06-11,18,HIIT,71,Wednesday,2025-06,Evening
CI000404,M0030,2025-05-01,18,Yoga,23,Thursday,2025-05,Evening
CI000405,M0030,2025-06-04,16,Zumba,82,Wednesday,2025-06,Afternoon
CI000406,M0030,2025-07-26,17,Strength Training,56,Saturday,2025-07,Evening
CI000407,M0030,2025-08-29,8,Strength Training,35,Friday,2025-08,Early Morning
CI000408,M0030,2025-04-06,16,Gym Floor,65,Sunday,2025-04,Afternoon
CI000409,M0030,2025-06-12,12,Cardio,22,Thursday,2025-06,Morning
CI000410,M0031,2025-06-26,17,Pilates,42,Thursday,2025-06,Evening
CI000411,M0031,2025-08-09,21,Gym Floor,89,Saturday,2025-08,Night
CI000412,M0031,2025-04-14,16,Strength Training,52,Monday,2025-04,Afternoon
CI000413,M0031,2025-08-24,18,Gym Floor,63,Sunday,2025-08,Evening
CI000414,M0031,2025-07-01,17,Gym Floor,74,Tuesday,2025-07,Evening
CI000415,M0031,2025-06-09,17,Cardio,59,Monday,2025-06,Evening
CI000416,M0031,2025-05-21,10,Zumba,37,Wednesday,2025-05,Morning
CI000417,M0031,2025-03-06,7,Cardio,32,Thursday,2025-03,Early Morning
CI000418,M0031,2025-08-24,9,Zumba,20,Sunday,2025-08,Early Morning
CI000419,M0031,2025-06-18,8,Spin,49,Wednesday,2025-06,Early Morning
CI000420,M0031,2025-03-25,7,Spin,38,Tuesday,2025-03,Early Morning
CI000421,M0031,2025-06-02,17,Gym Floor,32,Monday,2025-06,Evening
CI000422,M0031,2025-07-19,19,Gym Floor,72,Saturday,2025-07,Evening
CI000423,M0031,2025-08-14,8,Gym Floor,61,Thursday,2025-08,Early Morning
CI000424,M0031,2025-03-31,18,Gym Floor,72,Monday,2025-03,Evening
CI000425,M0031,2025-05-14,18,Gym Floor,65,Wednesday,2025-05,Evening
CI000426,M0031,2025-08-14,6,Gym Floor,54,Thursday,2025-08,Early Morning
CI000427,M0031,2025-08-19,18,CrossFit,58,Tuesday,2025-08,Evening
CI000428,M0032,2025-04-30,8,Gym Floor,76,Wednesday,2025-04,Early Morning
CI000429,M0032,2025-05-09,16,HIIT,33,Friday,2025-05,Afternoon
CI000430,M0032,2025-06-21,17,Pilates,62,Saturday,2025-06,Evening
CI000431,M0032,2025-07-31,18,Gym Floor,69,Thursday,2025-07,Evening
CI000432,M0032,2025-07-17,10,Cardio,39,Thursday,2025-07,Morning
CI000433,M0032,2025-04-21,8,Zumba,45,Monday,2025-04,Early Morning
CI000434,M0032,2025-06-01,9,Gym Floor,52,Sunday,2025-06,Early Morning
CI000435,M0032,2025-07-23,9,Zumba,36,Wednesday,2025-07,Early Morning
CI000436,M0032,2025-03-06,18,Gym Floor,65,Thursday,2025-03,Evening
CI000437,M0032,2025-05-28,18,Yoga,58,Wednesday,2025-05,Evening
CI000438,M0032,2025-03-16,6,CrossFit,46,Sunday,2025-03,Early Morning
CI000439,M0032,2025-05-27,16,Gym Floor,20,Tuesday,2025-05,Afternoon
CI000440,M0032,2025-06-21,16,HIIT,56,Saturday,2025-06,Afternoon
CI000441,M0033,2025-08-02,10,Strength Training,73,Saturday,2025-08,Morning
CI000442,M0033,2025-06-02,11,Gym Floor,48,Monday,2025-06,Morning
CI000443,M0033,2025-03-12,8,Gym Floor,73,Wednesday,2025-03,Early Morning
CI000444,M0033,2025-04-26,20,Yoga,98,Saturday,2025-04,Night
CI000445,M0033,2025-06-29,16,Cardio,68,Sunday,2025-06,Afternoon
CI000446,M0033,2025-04-12,8,Yoga,56,Saturday,2025-04,Early Morning
CI000447,M0033,2025-04-06,6,Pilates,72,Sunday,2025-04,Early Morning
CI000448,M0033,2025-05-18,16,Gym Floor,86,Sunday,2025-05,Afternoon
CI000449,M0033,2025-08-23,16,Gym Floor,67,Saturday,2025-08,Afternoon
CI000450,M0033,2025-04-15,7,Gym Floor,68,Tuesday,2025-04,Early Morning
CI000451,M0033,2025-03-11,10,Gym Floor,78,Tuesday,2025-03,Morning
CI000452,M0033,2025-03-31,18,HIIT,50,Monday,2025-03,Evening
CI000453,M0033,2025-08-31,10,Gym Floor,40,Sunday,2025-08,Morning
CI000454,M0033,2025-07-08,18,Gym Floor,58,Tuesday,2025-07,Evening
CI000455,M0033,2025-08-06,18,Strength Training,70,Wednesday,2025-08,Evening
CI000456,M0033,2025-07-16,8,Gym Floor,51,Wednesday,2025-07,Early Morning
CI000457,M0033,2025-05-10,8,Yoga,45,Saturday,2025-05,Early Morning
CI000458,M0034,2025-04-12,8,HIIT,42,Saturday,2025-04,Early Morning
CI000459,M0035,2025-07-17,17,Strength Training,77,Thursday,2025-07,Evening
CI000460,M0035,2025-07-27,18,Pilates,40,Sunday,2025-07,Evening
CI000461,M0035,2025-07-26,7,Yoga,70,Saturday,2025-07,Early Morning
CI000462,M0035,2025-03-24,19,Gym Floor,61,Monday,2025-03,Evening
CI000463,M0035,2025-03-24,16,Gym Floor,61,Monday,2025-03,Afternoon
CI000464,M0035,2025-08-10,9,Gym Floor,64,Sunday,2025-08,Early Morning
CI000465,M0035,2025-04-23,10,Strength Training,65,Wednesday,2025-04,Morning
CI000466,M0035,2025-07-20,11,CrossFit,44,Sunday,2025-07,Morning
CI000467,M0035,2025-04-01,16,Gym Floor,77,Tuesday,2025-04,Afternoon
CI000468,M0036,2025-07-08,9,Zumba,26,Tuesday,2025-07,Early Morning
CI000469,M0036,2025-04-21,8,Pilates,91,Monday,2025-04,Early Morning
CI000470,M0036,2025-08-15,10,CrossFit,65,Friday,2025-08,Morning
CI000471,M0036,2025-07-28,8,Zumba,40,Monday,2025-07,Early Morning
CI000472,M0036,2025-07-04,8,CrossFit,51,Friday,2025-07,Early Morning
CI000473,M0036,2025-07-07,19,Gym Floor,80,Monday,2025-07,Evening
CI000474,M0036,2025-05-11,7,Gym Floor,61,Sunday,2025-05,Early Morning
CI000475,M0036,2025-03-30,16,Strength Training,51,Sunday,2025-03,Afternoon
CI000476,M0036,2025-07-10,18,Gym Floor,64,Thursday,2025-07,Evening
CI000477,M0036,2025-07-24,19,CrossFit,74,Thursday,2025-07,Evening
CI000478,M0036,2025-07-03,18,Gym Floor,58,Thursday,2025-07,Evening
CI000479,M0036,2025-07-15,6,Gym Floor,26,Tuesday,2025-07,Early Morning
CI000480,M0036,2025-07-28,16,Gym Floor,42,Monday,2025-07,Afternoon
CI000481,M0036,2025-04-25,6,Yoga,41,Friday,2025-04,Early Morning
CI000482,M0037,2025-04-20,17,HIIT,53,Sunday,2025-04,Evening
CI000483,M0037,2025-08-16,17,Gym Floor,98,Saturday,2025-08,Evening
CI000484,M0037,2025-03-08,9,Cardio,62,Saturday,2025-03,Early Morning
CI000485,M0037,2025-04-20,9,Gym Floor,59,Sunday,2025-04,Early Morning
CI000486,M0037,2025-06-14,7,Spin,54,Saturday,2025-06,Early Morning
CI000487,M0037,2025-05-04,17,Cardio,62,Sunday,2025-05,Evening
CI000488,M0037,2025-06-06,11,Cardio,61,Friday,2025-06,Morning
CI000489,M0037,2025-05-04,7,Gym Floor,39,Sunday,2025-05,Early Morning
CI000490,M0037,2025-03-23,9,Yoga,39,Sunday,2025-03,Early Morning
CI000491,M0037,2025-06-06,6,HIIT,65,Friday,2025-06,Early Morning
CI000492,M0037,2025-05-03,18,Gym Floor,20,Saturday,2025-05,Evening
CI000493,M0037,2025-03-10,19,Gym Floor,57,Monday,2025-03,Evening
CI000494,M0037,2025-04-17,16,Cardio,47,Thursday,2025-04,Afternoon
CI000495,M0037,2025-06-08,20,Gym Floor,52,Sunday,2025-06,Night
CI000496,M0037,2025-04-03,21,Gym Floor,88,Thursday,2025-04,Night
CI000497,M0037,2025-05-09,8,CrossFit,66,Friday,2025-05,Early Morning
CI000498,M0037,2025-05-11,20,Spin,35,Sunday,2025-05,Night
CI000499,M0037,2025-08-19,19,Gym Floor,47,Tuesday,2025-08,Evening
CI000500,M0037,2025-07-01,18,Cardio,36,Tuesday,2025-07,Evening
CI000501,M0037,2025-03-21,17,Gym Floor,56,Friday,2025-03,Evening
CI000502,M0037,2025-06-18,8,Cardio,85,Wednesday,2025-06,Early Morning
CI000503,M0037,2025-05-09,6,CrossFit,82,Friday,2025-05,Early Morning
CI000504,M0037,2025-08-26,6,Strength Training,38,Tuesday,2025-08,Early Morning
CI000505,M0037,2025-08-05,21,Gym Floor,31,Tuesday,2025-08,Night
CI000506,M0037,2025-05-28,20,Yoga,44,Wednesday,2025-05,Night
CI000507,M0037,2025-03-23,18,HIIT,64,Sunday,2025-03,Evening
CI000508,M0037,2025-08-10,12,Gym Floor,56,Sunday,2025-08,Morning
CI000509,M0037,2025-08-07,10,Gym Floor,30,Thursday,2025-08,Morning
CI000510,M0037,2025-06-04,16,Gym Floor,49,Wednesday,2025-06,Afternoon
CI000511,M0037,2025-08-12,18,Zumba,75,Tuesday,2025-08,Evening
CI000512,M0037,2025-08-22,20,Spin,57,Friday,2025-08,Night
CI000513,M0037,2025-07-23,7,Spin,20,Wednesday,2025-07,Early Morning
CI000514,M0037,2025-03-20,11,Pilates,81,Thursday,2025-03,Morning
CI000515,M0037,2025-03-31,19,CrossFit,23,Monday,2025-03,Evening
CI000516,M0037,2025-03-19,19,Gym Floor,104,Wednesday,2025-03,Evening
CI000517,M0037,2025-03-03,8,Yoga,70,Monday,2025-03,Early Morning
CI000518,M0037,2025-03-09,16,Spin,43,Sunday,2025-03,Afternoon
CI000519,M0037,2025-07-17,20,Gym Floor,79,Thursday,2025-07,Night
CI000520,M0037,2025-03-04,19,Gym Floor,43,Tuesday,2025-03,Evening
CI000521,M0037,2025-04-16,19,Gym Floor,60,Wednesday,2025-04,Evening
CI000522,M0037,2025-05-07,17,Gym Floor,50,Wednesday,2025-05,Evening
CI000523,M0037,2025-03-04,17,Gym Floor,29,Tuesday,2025-03,Evening
CI000524,M0037,2025-05-16,16,CrossFit,74,Friday,2025-05,Afternoon
CI000525,M0037,2025-06-21,16,Spin,79,Saturday,2025-06,Afternoon
CI000526,M0038,2025-04-27,17,CrossFit,43,Sunday,2025-04,Evening
CI000527,M0038,2025-05-23,6,CrossFit,48,Friday,2025-05,Early Morning
CI000528,M0038,2025-04-16,6,Gym Floor,45,Wednesday,2025-04,Early Morning
CI000529,M0038,2025-04-12,12,Cardio,60,Saturday,2025-04,Morning
CI000530,M0038,2025-04-28,18,Gym Floor,69,Monday,2025-04,Evening
CI000531,M0038,2025-04-18,16,Strength Training,86,Friday,2025-04,Afternoon
CI000532,M0038,2025-06-02,10,Gym Floor,42,Monday,2025-06,Morning
CI000533,M0038,2025-03-15,8,Gym Floor,52,Saturday,2025-03,Early Morning
CI000534,M0038,2025-08-19,12,Gym Floor,43,Tuesday,2025-08,Morning
CI000535,M0038,2025-04-21,18,HIIT,87,Monday,2025-04,Evening
CI000536,M0038,2025-03-25,19,Gym Floor,56,Tuesday,2025-03,Evening
CI000537,M0038,2025-05-26,19,CrossFit,50,Monday,2025-05,Evening
CI000538,M0038,2025-03-14,19,HIIT,52,Friday,2025-03,Evening
CI000539,M0038,2025-05-06,18,Gym Floor,68,Tuesday,2025-05,Evening
CI000540,M0038,2025-06-21,10,Gym Floor,33,Saturday,2025-06,Morning
CI000541,M0038,2025-06-28,10,Spin,60,Saturday,2025-06,Morning
CI000542,M0038,2025-08-12,8,Gym Floor,42,Tuesday,2025-08,Early Morning
CI000543,M0039,2025-07-08,18,CrossFit,51,Tuesday,2025-07,Evening
CI000544,M0039,2025-04-20,19,Cardio,53,Sunday,2025-04,Evening
CI000545,M0039,2025-07-24,20,Gym Floor,52,Thursday,2025-07,Night
CI000546,M0039,2025-08-18,18,Gym Floor,100,Monday,2025-08,Evening
CI000547,M0039,2025-07-30,7,Gym Floor,66,Wednesday,2025-07,Early Morning
CI000548,M0039,2025-06-17,12,Gym Floor,25,Tuesday,2025-06,Morning
CI000549,M0039,2025-07-24,21,Zumba,75,Thursday,2025-07,Night
CI000550,M0039,2025-03-25,16,HIIT,66,Tuesday,2025-03,Afternoon
CI000551,M0039,2025-05-28,18,Gym Floor,47,Wednesday,2025-05,Evening
CI000552,M0039,2025-05-11,19,Strength Training,60,Sunday,2025-05,Evening
CI000553,M0039,2025-03-23,9,CrossFit,43,Sunday,2025-03,Early Morning
CI000554,M0039,2025-03-01,11,Zumba,68,Saturday,2025-03,Morning
CI000555,M0039,2025-05-29,9,Spin,59,Thursday,2025-05,Early Morning
CI000556,M0039,2025-05-22,11,HIIT,37,Thursday,2025-05,Morning
CI000557,M0039,2025-06-07,16,Zumba,42,Saturday,2025-06,Afternoon
CI000558,M0039,2025-06-14,19,Zumba,58,Saturday,2025-06,Evening
CI000559,M0039,2025-06-21,17,CrossFit,48,Saturday,2025-06,Evening
CI000560,M0039,2025-07-02,6,Gym Floor,82,Wednesday,2025-07,Early Morning
CI000561,M0039,2025-03-11,17,Yoga,54,Tuesday,2025-03,Evening
CI000562,M0039,2025-07-06,18,Cardio,58,Sunday,2025-07,Evening
CI000563,M0039,2025-07-16,17,Gym Floor,29,Wednesday,2025-07,Evening
CI000564,M0039,2025-03-31,16,Gym Floor,67,Monday,2025-03,Afternoon
CI000565,M0039,2025-03-10,19,Pilates,50,Monday,2025-03,Evening
CI000566,M0039,2025-04-12,8,CrossFit,51,Saturday,2025-04,Early Morning
CI000567,M0039,2025-05-15,19,HIIT,43,Thursday,2025-05,Evening
CI000568,M0039,2025-06-17,7,CrossFit,61,Tuesday,2025-06,Early Morning
CI000569,M0039,2025-08-26,11,CrossFit,54,Tuesday,2025-08,Morning
CI000570,M0039,2025-06-15,18,Gym Floor,41,Sunday,2025-06,Evening
CI000571,M0039,2025-05-11,18,CrossFit,70,Sunday,2025-05,Evening
CI000572,M0039,2025-04-04,7,Gym Floor,68,Friday,2025-04,Early Morning
CI000573,M0039,2025-08-27,6,Gym Floor,70,Wednesday,2025-08,Early Morning
CI000574,M0039,2025-06-17,6,Strength Training,59,Tuesday,2025-06,Early Morning
CI000575,M0039,2025-08-03,20,Gym Floor,69,Sunday,2025-08,Night
CI000576,M0039,2025-06-15,9,Gym Floor,44,Sunday,2025-06,Early Morning
CI000577,M0039,2025-05-12,17,Gym Floor,86,Monday,2025-05,Evening
CI000578,M0039,2025-08-26,18,CrossFit,33,Tuesday,2025-08,Evening
CI000579,M0039,2025-05-17,8,Spin,45,Saturday,2025-05,Early Morning
CI000580,M0040,2025-06-30,7,Cardio,74,Monday,2025-06,Early Morning
CI000581,M0040,2025-06-28,12,Spin,46,Saturday,2025-06,Morning
CI000582,M0040,2025-04-30,9,Yoga,29,Wednesday,2025-04,Early Morning
CI000583,M0040,2025-05-06,17,Yoga,60,Tuesday,2025-05,Evening
CI000584,M0040,2025-03-27,16,Spin,51,Thursday,2025-03,Afternoon
CI000585,M0040,2025-06-11,19,Spin,52,Wednesday,2025-06,Evening
CI000586,M0040,2025-06-11,16,Yoga,64,Wednesday,2025-06,Afternoon
CI000587,M0040,2025-05-22,8,Zumba,46,Thursday,2025-05,Early Morning
CI000588,M0040,2025-03-23,8,Pilates,81,Sunday,2025-03,Early Morning
CI000589,M0040,2025-08-16,17,Gym Floor,60,Saturday,2025-08,Evening
CI000590,M0040,2025-04-16,20,Strength Training,57,Wednesday,2025-04,Night
CI000591,M0040,2025-07-02,9,Gym Floor,52,Wednesday,2025-07,Early Morning
CI000592,M0040,2025-06-01,18,Strength Training,54,Sunday,2025-06,Evening
CI000593,M0040,2025-03-31,10,Pilates,61,Monday,2025-03,Morning
CI000594,M0040,2025-07-21,20,Gym Floor,70,Monday,2025-07,Night
CI000595,M0040,2025-06-08,16,Pilates,54,Sunday,2025-06,Afternoon
CI000596,M0040,2025-03-26,7,Yoga,42,Wednesday,2025-03,Early Morning
CI000597,M0040,2025-03-01,19,Gym Floor,31,Saturday,2025-03,Evening
CI000598,M0040,2025-05-20,6,CrossFit,84,Tuesday,2025-05,Early Morning
CI000599,M0040,2025-03-21,12,Pilates,48,Friday,2025-03,Morning
CI000600,M0040,2025-04-25,18,Strength Training,77,Friday,2025-04,Evening
CI000601,M0040,2025-06-22,12,HIIT,57,Sunday,2025-06,Morning
CI000602,M0040,2025-05-03,6,HIIT,54,Saturday,2025-05,Early Morning
CI000603,M0040,2025-05-20,9,Yoga,56,Tuesday,2025-05,Early Morning
CI000604,M0040,2025-04-10,16,CrossFit,73,Thursday,2025-04,Afternoon
CI000605,M0040,2025-08-24,20,Gym Floor,48,Sunday,2025-08,Night
CI000606,M0040,2025-05-28,6,Gym Floor,58,Wednesday,2025-05,Early Morning
CI000607,M0040,2025-07-09,7,Spin,29,Wednesday,2025-07,Early Morning
CI000608,M0040,2025-04-30,19,Cardio,71,Wednesday,2025-04,Evening
CI000609,M0040,2025-08-25,19,Cardio,35,Monday,2025-08,Evening
CI000610,M0040,2025-08-17,16,Zumba,49,Sunday,2025-08,Afternoon
CI000611,M0040,2025-07-26,6,Gym Floor,56,Saturday,2025-07,Early Morning
CI000612,M0041,2025-05-27,20,Yoga,49,Tuesday,2025-05,Night
CI000613,M0041,2025-07-04,16,Gym Floor,67,Friday,2025-07,Afternoon
CI000614,M0041,2025-03-12,17,Yoga,39,Wednesday,2025-03,Evening
CI000615,M0041,2025-08-28,7,Gym Floor,55,Thursday,2025-08,Early Morning
CI000616,M0041,2025-08-29,18,Spin,34,Friday,2025-08,Evening
CI000617,M0042,2025-08-05,7,Gym Floor,74,Tuesday,2025-08,Early Morning
CI000618,M0042,2025-03-27,9,Cardio,67,Thursday,2025-03,Early Morning
CI000619,M0042,2025-05-19,17,Cardio,37,Monday,2025-05,Evening
CI000620,M0042,2025-08-01,8,Gym Floor,64,Friday,2025-08,Early Morning
CI000621,M0042,2025-08-03,12,Spin,66,Sunday,2025-08,Morning
CI000622,M0042,2025-05-24,16,Gym Floor,40,Saturday,2025-05,Afternoon
CI000623,M0042,2025-07-22,18,CrossFit,58,Tuesday,2025-07,Evening
CI000624,M0042,2025-04-26,8,Pilates,39,Saturday,2025-04,Early Morning
CI000625,M0042,2025-07-19,17,Spin,82,Saturday,2025-07,Evening
CI000626,M0042,2025-04-30,17,Gym Floor,55,Wednesday,2025-04,Evening
CI000627,M0043,2025-03-31,7,Gym Floor,44,Monday,2025-03,Early Morning
CI000628,M0043,2025-07-06,7,Pilates,24,Sunday,2025-07,Early Morning
CI000629,M0043,2025-04-16,17,Gym Floor,50,Wednesday,2025-04,Evening
CI000630,M0043,2025-07-12,18,Yoga,58,Saturday,2025-07,Evening
CI000631,M0043,2025-06-03,7,Pilates,32,Tuesday,2025-06,Early Morning
CI000632,M0043,2025-08-11,16,Yoga,44,Monday,2025-08,Afternoon
CI000633,M0043,2025-07-23,7,Spin,67,Wednesday,2025-07,Early Morning
CI000634,M0043,2025-03-21,18,Gym Floor,45,Friday,2025-03,Evening
CI000635,M0043,2025-05-06,8,HIIT,36,Tuesday,2025-05,Early Morning
CI000636,M0043,2025-05-07,11,Strength Training,92,Wednesday,2025-05,Morning
CI000637,M0043,2025-08-28,10,Strength Training,37,Thursday,2025-08,Morning
CI000638,M0043,2025-05-03,8,Cardio,67,Saturday,2025-05,Early Morning
CI000639,M0043,2025-03-01,19,Spin,56,Saturday,2025-03,Evening
CI000640,M0043,2025-03-14,18,Gym Floor,57,Friday,2025-03,Evening
CI000641,M0043,2025-08-23,18,Gym Floor,69,Saturday,2025-08,Evening
CI000642,M0044,2025-03-26,12,CrossFit,32,Wednesday,2025-03,Morning
CI000643,M0044,2025-03-11,19,Gym Floor,28,Tuesday,2025-03,Evening
CI000644,M0044,2025-04-30,9,Gym Floor,85,Wednesday,2025-04,Early Morning
CI000645,M0044,2025-03-22,10,Gym Floor,29,Saturday,2025-03,Morning
CI000646,M0044,2025-05-16,19,Gym Floor,28,Friday,2025-05,Evening
CI000647,M0044,2025-04-20,17,Spin,32,Sunday,2025-04,Evening
CI000648,M0044,2025-03-31,16,Spin,35,Monday,2025-03,Afternoon
CI000649,M0044,2025-04-21,18,Zumba,55,Monday,2025-04,Evening
CI000650,M0044,2025-05-26,18,HIIT,54,Monday,2025-05,Evening
CI000651,M0044,2025-05-08,20,Gym Floor,38,Thursday,2025-05,Night
CI000652,M0044,2025-07-24,8,Gym Floor,64,Thursday,2025-07,Early Morning
CI000653,M0044,2025-06-05,19,CrossFit,58,Thursday,2025-06,Evening
CI000654,M0044,2025-08-08,9,Gym Floor,20,Friday,2025-08,Early Morning
CI000655,M0044,2025-06-30,20,Pilates,57,Monday,2025-06,Night
CI000656,M0044,2025-03-20,8,CrossFit,72,Thursday,2025-03,Early Morning
CI000657,M0045,2025-05-21,19,Cardio,69,Wednesday,2025-05,Evening
CI000658,M0045,2025-06-23,18,Gym Floor,67,Monday,2025-06,Evening
CI000659,M0045,2025-03-16,18,Strength Training,37,Sunday,2025-03,Evening
CI000660,M0045,2025-07-19,12,Spin,72,Saturday,2025-07,Morning
CI000661,M0045,2025-07-25,19,Yoga,63,Friday,2025-07,Evening
CI000662,M0045,2025-08-14,8,Gym Floor,70,Thursday,2025-08,Early Morning
CI000663,M0045,2025-03-09,9,Gym Floor,47,Sunday,2025-03,Early Morning
CI000664,M0045,2025-05-09,12,Cardio,80,Friday,2025-05,Morning
CI000665,M0045,2025-06-02,17,HIIT,86,Monday,2025-06,Evening
CI000666,M0045,2025-03-08,16,Yoga,37,Saturday,2025-03,Afternoon
CI000667,M0045,2025-08-02,16,HIIT,28,Saturday,2025-08,Afternoon
CI000668,M0045,2025-03-31,16,Gym Floor,77,Monday,2025-03,Afternoon
CI000669,M0045,2025-05-27,19,Cardio,53,Tuesday,2025-05,Evening
CI000670,M0045,2025-08-31,7,Gym Floor,48,Sunday,2025-08,Early Morning
CI000671,M0045,2025-05-03,7,Gym Floor,63,Saturday,2025-05,Early Morning
CI000672,M0045,2025-08-27,18,Pilates,59,Wednesday,2025-08,Evening
CI000673,M0045,2025-03-09,18,Gym Floor,20,Sunday,2025-03,Evening
CI000674,M0045,2025-07-24,19,Gym Floor,51,Thursday,2025-07,Evening
CI000675,M0045,2025-03-06,20,CrossFit,71,Thursday,2025-03,Night
CI000676,M0045,2025-05-21,18,Zumba,32,Wednesday,2025-05,Evening
CI000677,M0045,2025-07-24,19,Gym Floor,62,Thursday,2025-07,Evening
CI000678,M0045,2025-08-16,8,Zumba,60,Saturday,2025-08,Early Morning
CI000679,M0045,2025-06-20,19,Strength Training,57,Friday,2025-06,Evening
CI000680,M0045,2025-05-15,18,Gym Floor,48,Thursday,2025-05,Evening
CI000681,M0045,2025-05-28,8,Gym Floor,59,Wednesday,2025-05,Early Morning
CI000682,M0045,2025-04-02,16,Gym Floor,46,Wednesday,2025-04,Afternoon
CI000683,M0045,2025-07-15,12,Gym Floor,53,Tuesday,2025-07,Morning
CI000684,M0047,2025-04-15,21,Gym Floor,84,Tuesday,2025-04,Night
CI000685,M0047,2025-03-23,20,Spin,20,Sunday,2025-03,Night
CI000686,M0047,2025-06-06,10,Pilates,44,Friday,2025-06,Morning
CI000687,M0047,2025-06-26,8,HIIT,58,Thursday,2025-06,Early Morning
CI000688,M0047,2025-07-14,18,Gym Floor,72,Monday,2025-07,Evening
CI000689,M0047,2025-03-04,7,Gym Floor,58,Tuesday,2025-03,Early Morning
CI000690,M0047,2025-05-08,9,Pilates,51,Thursday,2025-05,Early Morning
CI000691,M0047,2025-05-28,6,Gym Floor,49,Wednesday,2025-05,Early Morning
CI000692,M0047,2025-05-16,18,Gym Floor,76,Friday,2025-05,Evening
CI000693,M0047,2025-06-18,21,Gym Floor,68,Wednesday,2025-06,Night
CI000694,M0047,2025-06-05,20,Zumba,55,Thursday,2025-06,Night
CI000695,M0047,2025-07-09,7,Gym Floor,84,Wednesday,2025-07,Early Morning
CI000696,M0047,2025-03-30,18,Gym Floor,61,Sunday,2025-03,Evening
CI000697,M0047,2025-04-29,9,Gym Floor,65,Tuesday,2025-04,Early Morning
CI000698,M0047,2025-07-21,7,Spin,27,Monday,2025-07,Early Morning
CI000699,M0047,2025-05-29,19,Spin,30,Thursday,2025-05,Evening
CI000700,M0047,2025-05-22,17,Gym Floor,79,Thursday,2025-05,Evening
CI000701,M0047,2025-06-03,19,Pilates,24,Tuesday,2025-06,Evening
CI000702,M0047,2025-05-13,6,Gym Floor,46,Tuesday,2025-05,Early Morning
CI000703,M0047,2025-03-27,18,Spin,55,Thursday,2025-03,Evening
CI000704,M0047,2025-03-19,7,CrossFit,60,Wednesday,2025-03,Early Morning
CI000705,M0047,2025-04-09,6,Yoga,56,Wednesday,2025-04,Early Morning
CI000706,M0047,2025-03-08,7,Gym Floor,68,Saturday,2025-03,Early Morning
CI000707,M0047,2025-07-15,19,Pilates,67,Tuesday,2025-07,Evening
CI000708,M0047,2025-07-25,18,CrossFit,104,Friday,2025-07,Evening
CI000709,M0047,2025-04-13,7,Gym Floor,48,Sunday,2025-04,Early Morning
CI000710,M0047,2025-08-16,12,Spin,21,Saturday,2025-08,Morning
CI000711,M0047,2025-05-05,20,Cardio,41,Monday,2025-05,Night
CI000712,M0048,2025-04-07,8,Gym Floor,61,Monday,2025-04,Early Morning
CI000713,M0048,2025-05-28,19,Gym Floor,63,Wednesday,2025-05,Evening
CI000714,M0048,2025-03-13,11,Gym Floor,32,Thursday,2025-03,Morning
CI000715,M0048,2025-04-26,21,Pilates,40,Saturday,2025-04,Night
CI000716,M0048,2025-04-16,10,Pilates,50,Wednesday,2025-04,Morning
CI000717,M0048,2025-05-04,9,Gym Floor,68,Sunday,2025-05,Early Morning
CI000718,M0048,2025-06-09,19,Gym Floor,40,Monday,2025-06,Evening
CI000719,M0048,2025-07-19,20,Gym Floor,71,Saturday,2025-07,Night
CI000720,M0048,2025-08-22,20,Strength Training,30,Friday,2025-08,Night
CI000721,M0048,2025-04-15,20,Yoga,28,Tuesday,2025-04,Night
CI000722,M0048,2025-04-02,12,Gym Floor,42,Wednesday,2025-04,Morning
CI000723,M0048,2025-04-21,8,Pilates,46,Monday,2025-04,Early Morning
CI000724,M0048,2025-07-22,19,HIIT,43,Tuesday,2025-07,Evening
CI000725,M0048,2025-05-16,9,Zumba,68,Friday,2025-05,Early Morning
CI000726,M0048,2025-04-13,19,Zumba,63,Sunday,2025-04,Evening
CI000727,M0048,2025-06-23,7,CrossFit,75,Monday,2025-06,Early Morning
CI000728,M0048,2025-07-08,20,Gym Floor,22,Tuesday,2025-07,Night
CI000729,M0048,2025-06-15,17,Gym Floor,87,Sunday,2025-06,Evening
CI000730,M0048,2025-04-23,12,Gym Floor,61,Wednesday,2025-04,Morning
CI000731,M0048,2025-04-04,8,Cardio,30,Friday,2025-04,Early Morning
CI000732,M0048,2025-08-13,16,Gym Floor,47,Wednesday,2025-08,Afternoon
CI000733,M0048,2025-07-09,17,Gym Floor,72,Wednesday,2025-07,Evening
CI000734,M0048,2025-05-01,8,Gym Floor,49,Thursday,2025-05,Early Morning
CI000735,M0048,2025-04-12,16,Gym Floor,75,Saturday,2025-04,Afternoon
CI000736,M0048,2025-07-22,6,Gym Floor,61,Tuesday,2025-07,Early Morning
CI000737,M0048,2025-08-16,9,Gym Floor,42,Saturday,2025-08,Early Morning
CI000738,M0048,2025-08-12,12,Spin,72,Tuesday,2025-08,Morning
CI000739,M0048,2025-06-13,19,Zumba,28,Friday,2025-06,Evening
CI000740,M0048,2025-04-01,8,Cardio,73,Tuesday,2025-04,Early Morning
CI000741,M0048,2025-07-05,9,Gym Floor,68,Saturday,2025-07,Early Morning
CI000742,M0048,2025-04-09,19,Pilates,69,Wednesday,2025-04,Evening
CI000743,M0048,2025-06-22,12,Yoga,93,Sunday,2025-06,Morning
CI000744,M0048,2025-05-31,17,Strength Training,21,Saturday,2025-05,Evening
CI000745,M0048,2025-07-22,11,Gym Floor,103,Tuesday,2025-07,Morning
CI000746,M0048,2025-08-02,19,Pilates,42,Saturday,2025-08,Evening
CI000747,M0048,2025-04-04,19,Gym Floor,24,Friday,2025-04,Evening
CI000748,M0048,2025-04-21,11,Strength Training,53,Monday,2025-04,Morning
CI000749,M0048,2025-04-24,18,Yoga,46,Thursday,2025-04,Evening
CI000750,M0048,2025-04-16,19,Gym Floor,78,Wednesday,2025-04,Evening
CI000751,M0049,2025-03-15,6,CrossFit,49,Saturday,2025-03,Early Morning
CI000752,M0049,2025-08-20,7,Yoga,82,Wednesday,2025-08,Early Morning
CI000753,M0049,2025-05-10,18,Cardio,34,Saturday,2025-05,Evening
CI000754,M0049,2025-05-06,19,Gym Floor,34,Tuesday,2025-05,Evening
CI000755,M0049,2025-06-19,7,Cardio,64,Thursday,2025-06,Early Morning
CI000756,M0049,2025-06-28,6,Strength Training,80,Saturday,2025-06,Early Morning
CI000757,M0049,2025-07-05,10,Gym Floor,90,Saturday,2025-07,Morning
CI000758,M0049,2025-08-16,7,Cardio,70,Saturday,2025-08,Early Morning
CI000759,M0049,2025-08-20,17,Gym Floor,52,Wednesday,2025-08,Evening
CI000760,M0049,2025-08-11,7,Zumba,60,Monday,2025-08,Early Morning
CI000761,M0049,2025-04-07,19,HIIT,69,Monday,2025-04,Evening
CI000762,M0049,2025-03-24,7,Spin,41,Monday,2025-03,Early Morning
CI000763,M0049,2025-04-13,6,Pilates,66,Sunday,2025-04,Early Morning
CI000764,M0049,2025-04-06,21,Gym Floor,57,Sunday,2025-04,Night
CI000765,M0049,2025-08-05,6,Zumba,69,Tuesday,2025-08,Early Morning
CI000766,M0049,2025-08-29,8,Strength Training,71,Friday,2025-08,Early Morning
CI000767,M0049,2025-08-02,8,HIIT,71,Saturday,2025-08,Early Morning
CI000768,M0049,2025-04-30,18,Gym Floor,46,Wednesday,2025-04,Evening
CI000769,M0049,2025-04-10,18,Gym Floor,75,Thursday,2025-04,Evening
CI000770,M0049,2025-07-09,8,Yoga,92,Wednesday,2025-07,Early Morning
CI000771,M0049,2025-07-31,18,Gym Floor,20,Thursday,2025-07,Evening
CI000772,M0049,2025-04-17,19,Zumba,72,Thursday,2025-04,Evening
CI000773,M0050,2025-07-08,19,Spin,64,Tuesday,2025-07,Evening
CI000774,M0050,2025-07-06,18,Zumba,20,Sunday,2025-07,Evening
CI000775,M0050,2025-07-16,18,Zumba,62,Wednesday,2025-07,Evening
CI000776,M0050,2025-03-29,12,Gym Floor,63,Saturday,2025-03,Morning
CI000777,M0050,2025-08-09,19,CrossFit,26,Saturday,2025-08,Evening
CI000778,M0050,2025-03-21,7,Zumba,80,Friday,2025-03,Early Morning
CI000779,M0050,2025-03-10,16,Yoga,47,Monday,2025-03,Afternoon
CI000780,M0050,2025-05-01,19,Yoga,87,Thursday,2025-05,Evening
CI000781,M0050,2025-05-15,7,Yoga,64,Thursday,2025-05,Early Morning
CI000782,M0050,2025-05-02,19,Pilates,59,Friday,2025-05,Evening
CI000783,M0050,2025-07-14,8,Cardio,20,Monday,2025-07,Early Morning
CI000784,M0050,2025-03-21,20,Strength Training,31,Friday,2025-03,Night
CI000785,M0050,2025-03-07,10,HIIT,45,Friday,2025-03,Morning
CI000786,M0050,2025-08-08,18,Gym Floor,48,Friday,2025-08,Evening
CI000787,M0050,2025-05-26,9,Gym Floor,59,Monday,2025-05,Early Morning
CI000788,M0050,2025-04-11,16,Yoga,86,Friday,2025-04,Afternoon
CI000789,M0050,2025-03-09,18,Gym Floor,81,Sunday,2025-03,Evening
CI000790,M0050,2025-06-27,18,Cardio,20,Friday,2025-06,Evening
CI000791,M0050,2025-07-28,10,Spin,55,Monday,2025-07,Morning
CI000792,M0050,2025-03-03,7,Pilates,62,Monday,2025-03,Early Morning
CI000793,M0050,2025-05-04,8,Gym Floor,44,Sunday,2025-05,Early Morning
CI000794,M0050,2025-05-07,19,Gym Floor,79,Wednesday,2025-05,Evening
CI000795,M0050,2025-04-26,16,Gym Floor,54,Saturday,2025-04,Afternoon
CI000796,M0050,2025-03-16,18,Pilates,83,Sunday,2025-03,Evening
CI000797,M0050,2025-03-22,10,Gym Floor,71,Saturday,2025-03,Morning
CI000798,M0050,2025-04-23,16,Spin,45,Wednesday,2025-04,Afternoon
CI000799,M0050,2025-05-24,7,Gym Floor,48,Saturday,2025-05,Early Morning
CI000800,M0050,2025-07-15,17,Gym Floor,64,Tuesday,2025-07,Evening
CI000801,M0050,2025-08-27,18,Cardio,82,Wednesday,2025-08,Evening
CI000802,M0050,2025-08-02,9,HIIT,71,Saturday,2025-08,Early Morning
CI000803,M0050,2025-04-30,17,Yoga,43,Wednesday,2025-04,Evening
CI000804,M0050,2025-07-01,20,Yoga,61,Tuesday,2025-07,Night
CI000805,M0050,2025-04-20,18,Strength Training,65,Sunday,2025-04,Evening
CI000806,M0050,2025-08-11,7,Gym Floor,39,Monday,2025-08,Early Morning
CI000807,M0050,2025-04-28,20,Zumba,59,Monday,2025-04,Night
CI000808,M0050,2025-06-11,6,Gym Floor,57,Wednesday,2025-06,Early Morning
CI000809,M0050,2025-05-01,12,Cardio,34,Thursday,2025-05,Morning
CI000810,M0050,2025-07-25,9,Gym Floor,65,Friday,2025-07,Early Morning
CI000811,M0051,2025-07-07,8,Gym Floor,41,Monday,2025-07,Early Morning
CI000812,M0051,2025-05-10,8,Cardio,46,Saturday,2025-05,Early Morning
CI000813,M0051,2025-03-10,6,HIIT,35,Monday,2025-03,Early Morning
CI000814,M0051,2025-06-26,9,Gym Floor,43,Thursday,2025-06,Early Morning
CI000815,M0051,2025-08-04,18,Gym Floor,80,Monday,2025-08,Evening
CI000816,M0051,2025-03-01,6,HIIT,46,Saturday,2025-03,Early Morning
CI000817,M0051,2025-07-06,7,Gym Floor,55,Sunday,2025-07,Early Morning
CI000818,M0051,2025-07-23,10,Strength Training,49,Wednesday,2025-07,Morning
CI000819,M0051,2025-06-30,21,Gym Floor,46,Monday,2025-06,Night
CI000820,M0051,2025-03-15,10,Gym Floor,42,Saturday,2025-03,Morning
CI000821,M0052,2025-04-28,7,Gym Floor,29,Monday,2025-04,Early Morning
CI000822,M0052,2025-07-27,16,CrossFit,57,Sunday,2025-07,Afternoon
CI000823,M0052,2025-06-04,17,Gym Floor,64,Wednesday,2025-06,Evening
CI000824,M0052,2025-03-18,6,CrossFit,77,Tuesday,2025-03,Early Morning
CI000825,M0052,2025-03-24,18,Zumba,35,Monday,2025-03,Evening
CI000826,M0052,2025-07-09,19,Gym Floor,66,Wednesday,2025-07,Evening
CI000827,M0052,2025-07-02,19,Gym Floor,43,Wednesday,2025-07,Evening
CI000828,M0052,2025-08-01,7,Zumba,41,Friday,2025-08,Early Morning
CI000829,M0052,2025-04-26,9,Pilates,65,Saturday,2025-04,Early Morning
CI000830,M0053,2025-08-06,19,Zumba,42,Wednesday,2025-08,Evening
CI000831,M0053,2025-07-26,16,Gym Floor,34,Saturday,2025-07,Afternoon
CI000832,M0053,2025-06-01,16,Gym Floor,54,Sunday,2025-06,Afternoon
CI000833,M0053,2025-08-31,12,Yoga,45,Sunday,2025-08,Morning
CI000834,M0053,2025-07-13,19,HIIT,43,Sunday,2025-07,Evening
CI000835,M0053,2025-07-17,7,Gym Floor,67,Thursday,2025-07,Early Morning
CI000836,M0053,2025-05-24,20,Gym Floor,60,Saturday,2025-05,Night
CI000837,M0054,2025-05-27,8,Gym Floor,61,Tuesday,2025-05,Early Morning
CI000838,M0054,2025-08-15,18,Spin,74,Friday,2025-08,Evening
CI000839,M0054,2025-06-11,16,Pilates,45,Wednesday,2025-06,Afternoon
CI000840,M0054,2025-03-19,18,Gym Floor,46,Wednesday,2025-03,Evening
CI000841,M0054,2025-05-26,16,Spin,51,Monday,2025-05,Afternoon
CI000842,M0054,2025-05-28,18,Gym Floor,66,Wednesday,2025-05,Evening
CI000843,M0054,2025-05-30,7,CrossFit,49,Friday,2025-05,Early Morning
CI000844,M0054,2025-06-02,8,Gym Floor,29,Monday,2025-06,Early Morning
CI000845,M0054,2025-07-30,19,Gym Floor,84,Wednesday,2025-07,Evening
CI000846,M0054,2025-05-08,19,HIIT,50,Thursday,2025-05,Evening
CI000847,M0054,2025-03-04,20,HIIT,78,Tuesday,2025-03,Night
CI000848,M0054,2025-04-17,17,Zumba,89,Thursday,2025-04,Evening
CI000849,M0054,2025-06-25,19,Pilates,54,Wednesday,2025-06,Evening
CI000850,M0054,2025-06-16,12,Gym Floor,45,Monday,2025-06,Morning
CI000851,M0054,2025-06-24,19,Cardio,46,Tuesday,2025-06,Evening
CI000852,M0054,2025-04-10,16,Yoga,73,Thursday,2025-04,Afternoon
CI000853,M0054,2025-03-24,7,Pilates,81,Monday,2025-03,Early Morning
CI000854,M0054,2025-05-31,12,Gym Floor,71,Saturday,2025-05,Morning
CI000855,M0054,2025-07-20,12,Spin,20,Sunday,2025-07,Morning
CI000856,M0054,2025-06-07,16,Strength Training,32,Saturday,2025-06,Afternoon
CI000857,M0054,2025-03-27,16,Strength Training,31,Thursday,2025-03,Afternoon
CI000858,M0054,2025-06-23,6,Gym Floor,56,Monday,2025-06,Early Morning
CI000859,M0054,2025-08-06,16,Gym Floor,72,Wednesday,2025-08,Afternoon
CI000860,M0054,2025-08-26,20,Gym Floor,24,Tuesday,2025-08,Night
CI000861,M0054,2025-03-24,20,Gym Floor,67,Monday,2025-03,Night
CI000862,M0054,2025-06-10,10,CrossFit,72,Tuesday,2025-06,Morning
CI000863,M0054,2025-05-08,16,Gym Floor,74,Thursday,2025-05,Afternoon
CI000864,M0054,2025-08-04,8,Spin,97,Monday,2025-08,Early Morning
CI000865,M0054,2025-03-18,16,Yoga,68,Tuesday,2025-03,Afternoon
CI000866,M0054,2025-05-29,6,Gym Floor,68,Thursday,2025-05,Early Morning
CI000867,M0054,2025-06-15,18,Spin,95,Sunday,2025-06,Evening
CI000868,M0054,2025-03-26,6,Cardio,46,Wednesday,2025-03,Early Morning
CI000869,M0054,2025-08-15,7,Gym Floor,41,Friday,2025-08,Early Morning
CI000870,M0054,2025-08-29,17,CrossFit,47,Friday,2025-08,Evening
CI000871,M0054,2025-04-01,20,Strength Training,77,Tuesday,2025-04,Night
CI000872,M0054,2025-05-01,18,Cardio,38,Thursday,2025-05,Evening
CI000873,M0054,2025-03-25,8,Gym Floor,35,Tuesday,2025-03,Early Morning
CI000874,M0054,2025-05-21,18,Zumba,40,Wednesday,2025-05,Evening
CI000875,M0054,2025-04-24,19,Gym Floor,40,Thursday,2025-04,Evening
CI000876,M0055,2025-06-05,8,Gym Floor,66,Thursday,2025-06,Early Morning
CI000877,M0055,2025-08-20,19,Zumba,62,Wednesday,2025-08,Evening
CI000878,M0055,2025-04-22,12,CrossFit,57,Tuesday,2025-04,Morning
CI000879,M0055,2025-06-23,6,HIIT,59,Monday,2025-06,Early Morning
CI000880,M0055,2025-03-22,17,Gym Floor,63,Saturday,2025-03,Evening
CI000881,M0055,2025-04-16,11,Cardio,71,Wednesday,2025-04,Morning
CI000882,M0055,2025-05-10,18,HIIT,68,Saturday,2025-05,Evening
CI000883,M0055,2025-05-15,7,Gym Floor,47,Thursday,2025-05,Early Morning
CI000884,M0055,2025-08-09,21,Gym Floor,67,Saturday,2025-08,Night
CI000885,M0055,2025-07-13,6,Gym Floor,93,Sunday,2025-07,Early Morning
CI000886,M0055,2025-07-01,18,Spin,74,Tuesday,2025-07,Evening
CI000887,M0055,2025-04-29,19,Spin,52,Tuesday,2025-04,Evening
CI000888,M0055,2025-05-10,18,CrossFit,73,Saturday,2025-05,Evening
CI000889,M0055,2025-07-03,20,Gym Floor,76,Thursday,2025-07,Night
CI000890,M0055,2025-08-26,16,Gym Floor,52,Tuesday,2025-08,Afternoon
CI000891,M0055,2025-04-06,12,CrossFit,60,Sunday,2025-04,Morning
CI000892,M0055,2025-03-21,18,Gym Floor,89,Friday,2025-03,Evening
CI000893,M0055,2025-07-21,6,Gym Floor,58,Monday,2025-07,Early Morning
CI000894,M0055,2025-08-22,7,Spin,81,Friday,2025-08,Early Morning
CI000895,M0055,2025-05-23,18,Gym Floor,50,Friday,2025-05,Evening
CI000896,M0055,2025-05-27,17,Pilates,58,Tuesday,2025-05,Evening
CI000897,M0055,2025-04-21,19,Gym Floor,52,Monday,2025-04,Evening
CI000898,M0055,2025-04-18,11,Cardio,61,Friday,2025-04,Morning
CI000899,M0055,2025-03-15,10,Zumba,48,Saturday,2025-03,Morning
CI000900,M0055,2025-05-02,20,Gym Floor,61,Friday,2025-05,Night
CI000901,M0055,2025-04-21,16,HIIT,20,Monday,2025-04,Afternoon
CI000902,M0055,2025-05-19,12,Zumba,52,Monday,2025-05,Morning
CI000903,M0055,2025-03-02,9,Gym Floor,39,Sunday,2025-03,Early Morning
CI000904,M0056,2025-07-15,6,Strength Training,33,Tuesday,2025-07,Early Morning
CI000905,M0056,2025-07-09,19,Yoga,48,Wednesday,2025-07,Evening
CI000906,M0056,2025-04-03,18,Zumba,60,Thursday,2025-04,Evening
CI000907,M0056,2025-03-03,19,Cardio,85,Monday,2025-03,Evening
CI000908,M0056,2025-04-14,17,Yoga,74,Monday,2025-04,Evening
CI000909,M0056,2025-07-23,16,Gym Floor,84,Wednesday,2025-07,Afternoon
CI000910,M0056,2025-03-23,19,Gym Floor,43,Sunday,2025-03,Evening
CI000911,M0056,2025-05-03,17,CrossFit,70,Saturday,2025-05,Evening
CI000912,M0056,2025-04-16,9,HIIT,60,Wednesday,2025-04,Early Morning
CI000913,M0056,2025-04-27,19,Pilates,76,Sunday,2025-04,Evening
CI000914,M0056,2025-04-21,19,Gym Floor,55,Monday,2025-04,Evening
CI000915,M0056,2025-05-28,19,Strength Training,26,Wednesday,2025-05,Evening
CI000916,M0056,2025-08-08,17,Gym Floor,51,Friday,2025-08,Evening
CI000917,M0056,2025-04-04,19,Gym Floor,95,Friday,2025-04,Evening
CI000918,M0056,2025-06-19,10,CrossFit,38,Thursday,2025-06,Morning
CI000919,M0056,2025-06-09,17,Gym Floor,20,Monday,2025-06,Evening
CI000920,M0057,2025-03-01,18,Strength Training,54,Saturday,2025-03,Evening
CI000921,M0057,2025-04-13,11,Pilates,52,Sunday,2025-04,Morning
CI000922,M0057,2025-07-10,16,CrossFit,37,Thursday,2025-07,Afternoon
CI000923,M0057,2025-03-10,19,Pilates,53,Monday,2025-03,Evening
CI000924,M0057,2025-03-28,8,Zumba,55,Friday,2025-03,Early Morning
CI000925,M0057,2025-05-05,6,Zumba,62,Monday,2025-05,Early Morning
CI000926,M0058,2025-07-25,7,Spin,41,Friday,2025-07,Early Morning
CI000927,M0058,2025-04-12,7,Gym Floor,71,Saturday,2025-04,Early Morning
CI000928,M0058,2025-03-04,17,Zumba,23,Tuesday,2025-03,Evening
CI000929,M0058,2025-04-03,16,Yoga,98,Thursday,2025-04,Afternoon
CI000930,M0058,2025-05-06,6,Gym Floor,62,Tuesday,2025-05,Early Morning
CI000931,M0058,2025-05-15,17,Gym Floor,45,Thursday,2025-05,Evening
CI000932,M0058,2025-06-16,16,Gym Floor,72,Monday,2025-06,Afternoon
CI000933,M0058,2025-05-18,18,Spin,43,Sunday,2025-05,Evening
CI000934,M0058,2025-04-17,12,Gym Floor,71,Thursday,2025-04,Morning
CI000935,M0058,2025-04-02,6,CrossFit,20,Wednesday,2025-04,Early Morning
CI000936,M0058,2025-07-27,18,Gym Floor,54,Sunday,2025-07,Evening
CI000937,M0058,2025-03-30,19,Gym Floor,30,Sunday,2025-03,Evening
CI000938,M0058,2025-07-30,17,Strength Training,46,Wednesday,2025-07,Evening
CI000939,M0058,2025-05-13,8,CrossFit,52,Tuesday,2025-05,Early Morning
CI000940,M0058,2025-07-08,6,Spin,22,Tuesday,2025-07,Early Morning
CI000941,M0058,2025-06-19,17,Pilates,68,Thursday,2025-06,Evening
CI000942,M0058,2025-05-03,17,Gym Floor,39,Saturday,2025-05,Evening
CI000943,M0058,2025-05-08,7,HIIT,41,Thursday,2025-05,Early Morning
CI000944,M0058,2025-05-17,19,Strength Training,66,Saturday,2025-05,Evening
CI000945,M0058,2025-08-11,11,Gym Floor,83,Monday,2025-08,Morning
CI000946,M0058,2025-03-21,19,Cardio,45,Friday,2025-03,Evening
CI000947,M0058,2025-08-01,17,Spin,50,Friday,2025-08,Evening
CI000948,M0058,2025-07-23,19,Gym Floor,37,Wednesday,2025-07,Evening
CI000949,M0058,2025-04-28,17,Zumba,37,Monday,2025-04,Evening
CI000950,M0058,2025-03-05,8,Gym Floor,77,Wednesday,2025-03,Early Morning
CI000951,M0058,2025-08-19,10,Gym Floor,38,Tuesday,2025-08,Morning
CI000952,M0058,2025-03-29,17,Spin,46,Saturday,2025-03,Evening
CI000953,M0058,2025-06-14,18,CrossFit,59,Saturday,2025-06,Evening
CI000954,M0058,2025-08-07,7,Gym Floor,53,Thursday,2025-08,Early Morning
CI000955,M0058,2025-08-27,9,Cardio,35,Wednesday,2025-08,Early Morning
CI000956,M0058,2025-06-01,18,Pilates,55,Sunday,2025-06,Evening
CI000957,M0058,2025-06-16,7,Gym Floor,40,Monday,2025-06,Early Morning
CI000958,M0058,2025-03-14,18,Cardio,72,Friday,2025-03,Evening
CI000959,M0058,2025-04-14,17,Pilates,78,Monday,2025-04,Evening
CI000960,M0058,2025-04-13,7,Gym Floor,31,Sunday,2025-04,Early Morning
CI000961,M0058,2025-03-07,17,Spin,28,Friday,2025-03,Evening
CI000962,M0058,2025-06-12,18,CrossFit,71,Thursday,2025-06,Evening
CI000963,M0058,2025-04-01,9,Yoga,43,Tuesday,2025-04,Early Morning
CI000964,M0058,2025-08-31,18,Zumba,57,Sunday,2025-08,Evening
CI000965,M0059,2025-06-25,18,Gym Floor,30,Wednesday,2025-06,Evening
CI000966,M0059,2025-06-08,8,Gym Floor,37,Sunday,2025-06,Early Morning
CI000967,M0059,2025-07-06,7,HIIT,41,Sunday,2025-07,Early Morning
CI000968,M0059,2025-07-27,6,Spin,89,Sunday,2025-07,Early Morning
CI000969,M0059,2025-08-30,7,Gym Floor,57,Saturday,2025-08,Early Morning
CI000970,M0059,2025-08-12,6,Gym Floor,54,Tuesday,2025-08,Early Morning
CI000971,M0059,2025-06-02,16,Gym Floor,60,Monday,2025-06,Afternoon
CI000972,M0059,2025-04-15,18,Gym Floor,73,Tuesday,2025-04,Evening
CI000973,M0059,2025-05-11,17,Gym Floor,66,Sunday,2025-05,Evening
CI000974,M0059,2025-05-16,8,Zumba,50,Friday,2025-05,Early Morning
CI000975,M0059,2025-05-14,17,Zumba,34,Wednesday,2025-05,Evening
CI000976,M0059,2025-07-19,19,Gym Floor,28,Saturday,2025-07,Evening
CI000977,M0059,2025-05-28,6,CrossFit,53,Wednesday,2025-05,Early Morning
CI000978,M0059,2025-03-04,7,HIIT,42,Tuesday,2025-03,Early Morning
CI000979,M0059,2025-06-03,19,Cardio,47,Tuesday,2025-06,Evening
CI000980,M0059,2025-05-17,20,Cardio,39,Saturday,2025-05,Night
CI000981,M0059,2025-07-08,19,Gym Floor,65,Tuesday,2025-07,Evening
CI000982,M0059,2025-07-01,19,Gym Floor,80,Tuesday,2025-07,Evening
CI000983,M0059,2025-07-18,17,Gym Floor,70,Friday,2025-07,Evening
CI000984,M0059,2025-03-14,19,Pilates,68,Friday,2025-03,Evening
CI000985,M0059,2025-06-03,7,Gym Floor,81,Tuesday,2025-06,Early Morning
CI000986,M0059,2025-08-19,16,Spin,66,Tuesday,2025-08,Afternoon
CI000987,M0059,2025-03-25,19,Yoga,47,Tuesday,2025-03,Evening
CI000988,M0059,2025-07-18,12,Gym Floor,72,Friday,2025-07,Morning
CI000989,M0060,2025-05-02,8,Cardio,26,Friday,2025-05,Early Morning
CI000990,M0060,2025-04-26,19,Gym Floor,38,Saturday,2025-04,Evening
CI000991,M0060,2025-04-09,8,Spin,25,Wednesday,2025-04,Early Morning
CI000992,M0060,2025-06-01,7,Gym Floor,65,Sunday,2025-06,Early Morning
CI000993,M0060,2025-08-13,10,HIIT,29,Wednesday,2025-08,Morning
CI000994,M0061,2025-05-26,18,Strength Training,60,Monday,2025-05,Evening
CI000995,M0061,2025-06-15,6,Gym Floor,72,Sunday,2025-06,Early Morning
CI000996,M0061,2025-08-13,12,Cardio,86,Wednesday,2025-08,Morning
CI000997,M0061,2025-03-15,9,Cardio,64,Saturday,2025-03,Early Morning
CI000998,M0061,2025-05-16,17,Strength Training,39,Friday,2025-05,Evening
CI000999,M0061,2025-06-28,17,Gym Floor,65,Saturday,2025-06,Evening
CI001000,M0061,2025-04-19,16,Spin,52,Saturday,2025-04,Afternoon
CI001001,M0061,2025-08-26,18,Gym Floor,40,Tuesday,2025-08,Evening
CI001002,M0061,2025-08-28,7,Gym Floor,59,Thursday,2025-08,Early Morning
CI001003,M0061,2025-07-19,17,HIIT,86,Saturday,2025-07,Evening
CI001004,M0061,2025-06-29,19,Gym Floor,58,Sunday,2025-06,Evening
CI001005,M0061,2025-03-20,7,Yoga,39,Thursday,2025-03,Early Morning
CI001006,M0061,2025-04-26,17,Gym Floor,29,Saturday,2025-04,Evening
CI001007,M0061,2025-08-02,18,Gym Floor,26,Saturday,2025-08,Evening
CI001008,M0062,2025-04-20,18,Cardio,68,Sunday,2025-04,Evening
CI001009,M0062,2025-05-23,7,Gym Floor,80,Friday,2025-05,Early Morning
CI001010,M0062,2025-05-01,21,HIIT,55,Thursday,2025-05,Night
CI001011,M0062,2025-08-27,18,Yoga,55,Wednesday,2025-08,Evening
CI001012,M0062,2025-04-19,7,Gym Floor,47,Saturday,2025-04,Early Morning
CI001013,M0062,2025-07-19,17,Gym Floor,51,Saturday,2025-07,Evening
CI001014,M0062,2025-03-18,8,Strength Training,35,Tuesday,2025-03,Early Morning
CI001015,M0062,2025-04-23,11,Gym Floor,55,Wednesday,2025-04,Morning
CI001016,M0062,2025-07-16,9,Pilates,66,Wednesday,2025-07,Early Morning
CI001017,M0062,2025-08-15,17,Gym Floor,47,Friday,2025-08,Evening
CI001018,M0062,2025-05-01,9,Gym Floor,64,Thursday,2025-05,Early Morning
CI001019,M0062,2025-07-21,19,Gym Floor,56,Monday,2025-07,Evening
CI001020,M0062,2025-05-09,8,Zumba,20,Friday,2025-05,Early Morning
CI001021,M0062,2025-03-09,19,Spin,65,Sunday,2025-03,Evening
CI001022,M0062,2025-05-03,19,Gym Floor,20,Saturday,2025-05,Evening
CI001023,M0062,2025-03-12,18,Gym Floor,44,Wednesday,2025-03,Evening
CI001024,M0062,2025-06-04,18,Gym Floor,35,Wednesday,2025-06,Evening
CI001025,M0062,2025-04-16,9,Spin,61,Wednesday,2025-04,Early Morning
CI001026,M0062,2025-03-21,10,Spin,62,Friday,2025-03,Morning
CI001027,M0062,2025-04-23,17,Gym Floor,52,Wednesday,2025-04,Evening
CI001028,M0062,2025-04-26,7,Gym Floor,36,Saturday,2025-04,Early Morning
CI001029,M0063,2025-08-09,17,Gym Floor,76,Saturday,2025-08,Evening
CI001030,M0063,2025-05-09,10,Gym Floor,37,Friday,2025-05,Morning
CI001031,M0063,2025-06-17,19,Spin,71,Tuesday,2025-06,Evening
CI001032,M0063,2025-03-12,17,Yoga,36,Wednesday,2025-03,Evening
CI001033,M0063,2025-08-02,16,Gym Floor,92,Saturday,2025-08,Afternoon
CI001034,M0063,2025-08-20,20,Gym Floor,47,Wednesday,2025-08,Night
CI001035,M0063,2025-03-11,11,Gym Floor,57,Tuesday,2025-03,Morning
CI001036,M0063,2025-03-17,16,Gym Floor,56,Monday,2025-03,Afternoon
CI001037,M0063,2025-08-21,8,Gym Floor,90,Thursday,2025-08,Early Morning
CI001038,M0063,2025-04-17,16,Gym Floor,66,Thursday,2025-04,Afternoon
CI001039,M0063,2025-04-29,16,Gym Floor,34,Tuesday,2025-04,Afternoon
CI001040,M0063,2025-06-13,6,Gym Floor,88,Friday,2025-06,Early Morning
CI001041,M0063,2025-06-21,8,Gym Floor,63,Saturday,2025-06,Early Morning
CI001042,M0063,2025-05-14,17,Yoga,74,Wednesday,2025-05,Evening
CI001043,M0063,2025-04-18,8,Gym Floor,34,Friday,2025-04,Early Morning
CI001044,M0064,2025-06-01,9,CrossFit,43,Sunday,2025-06,Early Morning
CI001045,M0064,2025-05-04,7,Pilates,51,Sunday,2025-05,Early Morning
CI001046,M0064,2025-03-03,17,Gym Floor,48,Monday,2025-03,Evening
CI001047,M0064,2025-08-23,17,Yoga,46,Saturday,2025-08,Evening
CI001048,M0064,2025-08-01,18,Gym Floor,47,Friday,2025-08,Evening
CI001049,M0064,2025-05-01,21,Yoga,67,Thursday,2025-05,Night
CI001050,M0064,2025-06-03,19,CrossFit,87,Tuesday,2025-06,Evening
CI001051,M0064,2025-06-20,16,Pilates,90,Friday,2025-06,Afternoon
CI001052,M0064,2025-03-19,10,HIIT,55,Wednesday,2025-03,Morning
CI001053,M0064,2025-08-08,6,CrossFit,25,Friday,2025-08,Early Morning
CI001054,M0064,2025-04-04,19,Gym Floor,70,Friday,2025-04,Evening
CI001055,M0064,2025-06-17,17,Cardio,24,Tuesday,2025-06,Evening
CI001056,M0064,2025-08-29,12,Strength Training,59,Friday,2025-08,Morning
CI001057,M0064,2025-05-09,12,Yoga,36,Friday,2025-05,Morning
CI001058,M0064,2025-08-03,8,CrossFit,53,Sunday,2025-08,Early Morning
CI001059,M0064,2025-06-15,7,Gym Floor,39,Sunday,2025-06,Early Morning
CI001060,M0064,2025-06-22,18,Gym Floor,48,Sunday,2025-06,Evening
CI001061,M0064,2025-08-03,16,Gym Floor,20,Sunday,2025-08,Afternoon
CI001062,M0064,2025-03-21,16,Gym Floor,43,Friday,2025-03,Afternoon
CI001063,M0064,2025-04-29,17,Cardio,66,Tuesday,2025-04,Evening
CI001064,M0064,2025-05-29,8,Yoga,44,Thursday,2025-05,Early Morning
CI001065,M0064,2025-06-12,7,Zumba,21,Thursday,2025-06,Early Morning
CI001066,M0064,2025-06-28,19,Strength Training,41,Saturday,2025-06,Evening
CI001067,M0064,2025-08-23,9,Pilates,67,Saturday,2025-08,Early Morning
CI001068,M0064,2025-07-13,18,Spin,35,Sunday,2025-07,Evening
CI001069,M0064,2025-04-25,10,CrossFit,55,Friday,2025-04,Morning
CI001070,M0064,2025-06-09,18,HIIT,72,Monday,2025-06,Evening
CI001071,M0064,2025-04-05,17,Gym Floor,95,Saturday,2025-04,Evening
CI001072,M0064,2025-06-22,16,HIIT,44,Sunday,2025-06,Afternoon
CI001073,M0064,2025-08-08,17,Gym Floor,50,Friday,2025-08,Evening
CI001074,M0064,2025-08-06,8,CrossFit,46,Wednesday,2025-08,Early Morning
CI001075,M0064,2025-06-09,7,Gym Floor,73,Monday,2025-06,Early Morning
CI001076,M0064,2025-03-07,10,Pilates,54,Friday,2025-03,Morning
CI001077,M0064,2025-06-04,18,Cardio,51,Wednesday,2025-06,Evening
CI001078,M0064,2025-05-02,10,Gym Floor,100,Friday,2025-05,Morning
CI001079,M0064,2025-03-27,8,Gym Floor,60,Thursday,2025-03,Early Morning
CI001080,M0064,2025-07-09,8,Gym Floor,54,Wednesday,2025-07,Early Morning
CI001081,M0064,2025-05-09,19,Pilates,65,Friday,2025-05,Evening
CI001082,M0064,2025-06-20,19,CrossFit,71,Friday,2025-06,Evening
CI001083,M0064,2025-07-11,18,Pilates,47,Friday,2025-07,Evening
CI001084,M0064,2025-07-10,18,Gym Floor,20,Thursday,2025-07,Evening
CI001085,M0064,2025-07-15,18,Strength Training,71,Tuesday,2025-07,Evening
CI001086,M0064,2025-04-26,17,Gym Floor,59,Saturday,2025-04,Evening
CI001087,M0064,2025-06-20,17,Zumba,64,Friday,2025-06,Evening
CI001088,M0064,2025-06-16,7,Gym Floor,63,Monday,2025-06,Early Morning
CI001089,M0064,2025-04-11,16,Gym Floor,31,Friday,2025-04,Afternoon
CI001090,M0065,2025-04-29,16,Pilates,48,Tuesday,2025-04,Afternoon
CI001091,M0065,2025-04-22,18,Gym Floor,43,Tuesday,2025-04,Evening
CI001092,M0065,2025-06-19,6,Gym Floor,65,Thursday,2025-06,Early Morning
CI001093,M0065,2025-03-26,17,Gym Floor,45,Wednesday,2025-03,Evening
CI001094,M0065,2025-03-07,19,HIIT,57,Friday,2025-03,Evening
CI001095,M0065,2025-08-28,17,Gym Floor,59,Thursday,2025-08,Evening
CI001096,M0065,2025-06-11,6,Yoga,41,Wednesday,2025-06,Early Morning
CI001097,M0065,2025-03-04,16,HIIT,61,Tuesday,2025-03,Afternoon
CI001098,M0065,2025-05-20,9,Pilates,48,Tuesday,2025-05,Early Morning
CI001099,M0065,2025-07-04,9,Zumba,32,Friday,2025-07,Early Morning
CI001100,M0065,2025-03-20,18,Spin,55,Thursday,2025-03,Evening
CI001101,M0066,2025-03-13,17,Pilates,64,Thursday,2025-03,Evening
CI001102,M0066,2025-04-01,11,Gym Floor,31,Tuesday,2025-04,Morning
CI001103,M0066,2025-04-29,9,Gym Floor,77,Tuesday,2025-04,Early Morning
CI001104,M0066,2025-08-18,18,Yoga,50,Monday,2025-08,Evening
CI001105,M0066,2025-06-20,9,Gym Floor,40,Friday,2025-06,Early Morning
CI001106,M0066,2025-08-09,18,Pilates,64,Saturday,2025-08,Evening
CI001107,M0066,2025-05-23,6,Gym Floor,35,Friday,2025-05,Early Morning
CI001108,M0067,2025-08-27,18,Gym Floor,58,Wednesday,2025-08,Evening
CI001109,M0067,2025-07-28,12,Spin,42,Monday,2025-07,Morning
CI001110,M0067,2025-03-21,9,Gym Floor,29,Friday,2025-03,Early Morning
CI001111,M0067,2025-07-27,12,HIIT,20,Sunday,2025-07,Morning
CI001112,M0067,2025-03-22,18,Yoga,58,Saturday,2025-03,Evening
CI001113,M0067,2025-06-15,19,Gym Floor,48,Sunday,2025-06,Evening
CI001114,M0067,2025-04-14,18,Gym Floor,66,Monday,2025-04,Evening
CI001115,M0067,2025-03-10,6,Gym Floor,95,Monday,2025-03,Early Morning
CI001116,M0067,2025-03-20,6,Pilates,55,Thursday,2025-03,Early Morning
CI001117,M0067,2025-08-24,16,Zumba,96,Sunday,2025-08,Afternoon
CI001118,M0067,2025-05-21,20,Gym Floor,42,Wednesday,2025-05,Night
CI001119,M0067,2025-08-12,20,Pilates,27,Tuesday,2025-08,Night
CI001120,M0067,2025-06-09,6,Gym Floor,69,Monday,2025-06,Early Morning
CI001121,M0067,2025-04-17,6,Gym Floor,33,Thursday,2025-04,Early Morning
CI001122,M0067,2025-03-10,17,Pilates,63,Monday,2025-03,Evening
CI001123,M0067,2025-06-24,9,Gym Floor,58,Tuesday,2025-06,Early Morning
CI001124,M0067,2025-04-22,10,Cardio,63,Tuesday,2025-04,Morning
CI001125,M0067,2025-08-03,7,HIIT,73,Sunday,2025-08,Early Morning
CI001126,M0067,2025-08-23,6,Gym Floor,47,Saturday,2025-08,Early Morning
CI001127,M0067,2025-05-17,18,Strength Training,71,Saturday,2025-05,Evening
CI001128,M0067,2025-07-11,7,HIIT,42,Friday,2025-07,Early Morning
CI001129,M0067,2025-05-15,20,Strength Training,32,Thursday,2025-05,Night
CI001130,M0067,2025-07-04,17,Gym Floor,35,Friday,2025-07,Evening
CI001131,M0067,2025-08-17,9,HIIT,76,Sunday,2025-08,Early Morning
CI001132,M0067,2025-03-08,17,Pilates,60,Saturday,2025-03,Evening
CI001133,M0068,2025-04-02,12,Gym Floor,20,Wednesday,2025-04,Morning
CI001134,M0068,2025-07-07,7,Zumba,53,Monday,2025-07,Early Morning
CI001135,M0068,2025-08-19,11,HIIT,46,Tuesday,2025-08,Morning
CI001136,M0068,2025-05-01,9,Yoga,43,Thursday,2025-05,Early Morning
CI001137,M0068,2025-08-18,7,Gym Floor,45,Monday,2025-08,Early Morning
CI001138,M0068,2025-05-07,10,Gym Floor,63,Wednesday,2025-05,Morning
CI001139,M0068,2025-05-13,12,HIIT,28,Tuesday,2025-05,Morning
CI001140,M0068,2025-06-18,19,HIIT,43,Wednesday,2025-06,Evening
CI001141,M0068,2025-06-28,8,Gym Floor,81,Saturday,2025-06,Early Morning
CI001142,M0068,2025-06-26,6,Gym Floor,56,Thursday,2025-06,Early Morning
CI001143,M0068,2025-07-11,19,Cardio,66,Friday,2025-07,Evening
CI001144,M0068,2025-06-21,16,Zumba,40,Saturday,2025-06,Afternoon
CI001145,M0068,2025-06-15,21,Gym Floor,36,Sunday,2025-06,Night
CI001146,M0068,2025-03-26,18,Spin,73,Wednesday,2025-03,Evening
CI001147,M0068,2025-06-02,6,Spin,75,Monday,2025-06,Early Morning
CI001148,M0068,2025-03-19,17,Gym Floor,20,Wednesday,2025-03,Evening
CI001149,M0068,2025-07-01,21,Gym Floor,63,Tuesday,2025-07,Night
CI001150,M0068,2025-05-05,18,Strength Training,70,Monday,2025-05,Evening
CI001151,M0068,2025-03-03,19,Gym Floor,65,Monday,2025-03,Evening
CI001152,M0068,2025-05-27,16,Cardio,65,Tuesday,2025-05,Afternoon
CI001153,M0068,2025-07-29,10,Gym Floor,57,Tuesday,2025-07,Morning
CI001154,M0068,2025-03-07,9,Yoga,81,Friday,2025-03,Early Morning
CI001155,M0068,2025-07-14,20,Zumba,103,Monday,2025-07,Night
CI001156,M0068,2025-08-28,8,Gym Floor,70,Thursday,2025-08,Early Morning
CI001157,M0068,2025-05-05,9,Cardio,74,Monday,2025-05,Early Morning
CI001158,M0068,2025-08-20,11,Gym Floor,39,Wednesday,2025-08,Morning
CI001159,M0068,2025-06-01,17,Strength Training,35,Sunday,2025-06,Evening
CI001160,M0068,2025-03-21,12,Cardio,48,Friday,2025-03,Morning
CI001161,M0068,2025-08-05,17,Zumba,47,Tuesday,2025-08,Evening
CI001162,M0068,2025-07-20,19,Gym Floor,55,Sunday,2025-07,Evening
CI001163,M0068,2025-08-22,11,Gym Floor,53,Friday,2025-08,Morning
CI001164,M0068,2025-07-19,9,Gym Floor,63,Saturday,2025-07,Early Morning
CI001165,M0068,2025-08-01,17,Cardio,50,Friday,2025-08,Evening
CI001166,M0068,2025-08-08,8,CrossFit,38,Friday,2025-08,Early Morning
CI001167,M0068,2025-07-17,19,CrossFit,54,Thursday,2025-07,Evening
CI001168,M0068,2025-03-10,16,Pilates,54,Monday,2025-03,Afternoon
CI001169,M0068,2025-07-15,17,HIIT,51,Tuesday,2025-07,Evening
CI001170,M0068,2025-05-24,18,Yoga,20,Saturday,2025-05,Evening
CI001171,M0069,2025-04-13,18,HIIT,42,Sunday,2025-04,Evening
CI001172,M0069,2025-06-30,10,Gym Floor,70,Monday,2025-06,Morning
CI001173,M0070,2025-07-22,7,Strength Training,46,Tuesday,2025-07,Early Morning
CI001174,M0070,2025-07-12,12,Gym Floor,70,Saturday,2025-07,Morning
CI001175,M0070,2025-08-18,6,Pilates,47,Monday,2025-08,Early Morning
CI001176,M0070,2025-08-19,16,Gym Floor,81,Tuesday,2025-08,Afternoon
CI001177,M0070,2025-04-11,10,Gym Floor,65,Friday,2025-04,Morning
CI001178,M0070,2025-05-15,10,Strength Training,58,Thursday,2025-05,Morning
CI001179,M0070,2025-06-30,18,Cardio,50,Monday,2025-06,Evening
CI001180,M0070,2025-03-17,8,Gym Floor,52,Monday,2025-03,Early Morning
CI001181,M0070,2025-04-28,7,Gym Floor,65,Monday,2025-04,Early Morning
CI001182,M0070,2025-07-12,18,CrossFit,32,Saturday,2025-07,Evening
CI001183,M0071,2025-06-21,10,Strength Training,61,Saturday,2025-06,Morning
CI001184,M0071,2025-04-09,8,Cardio,90,Wednesday,2025-04,Early Morning
CI001185,M0071,2025-07-01,7,Gym Floor,53,Tuesday,2025-07,Early Morning
CI001186,M0071,2025-06-29,17,Gym Floor,45,Sunday,2025-06,Evening
CI001187,M0071,2025-08-11,17,Yoga,48,Monday,2025-08,Evening
CI001188,M0071,2025-04-14,16,Gym Floor,55,Monday,2025-04,Afternoon
CI001189,M0071,2025-04-29,20,Gym Floor,67,Tuesday,2025-04,Night
CI001190,M0071,2025-05-17,18,Gym Floor,52,Saturday,2025-05,Evening
CI001191,M0071,2025-06-22,18,Gym Floor,67,Sunday,2025-06,Evening
CI001192,M0071,2025-07-19,21,Cardio,69,Saturday,2025-07,Night
CI001193,M0071,2025-07-20,6,CrossFit,55,Sunday,2025-07,Early Morning
CI001194,M0071,2025-07-31,16,Cardio,57,Thursday,2025-07,Afternoon
CI001195,M0071,2025-05-18,17,Gym Floor,36,Sunday,2025-05,Evening
CI001196,M0071,2025-07-25,21,Gym Floor,65,Friday,2025-07,Night
CI001197,M0071,2025-08-19,11,HIIT,71,Tuesday,2025-08,Morning
CI001198,M0071,2025-03-05,21,Pilates,51,Wednesday,2025-03,Night
CI001199,M0071,2025-03-13,19,Pilates,47,Thursday,2025-03,Evening
CI001200,M0071,2025-06-14,18,Yoga,79,Saturday,2025-06,Evening
CI001201,M0071,2025-06-25,19,Strength Training,56,Wednesday,2025-06,Evening
CI001202,M0071,2025-07-18,17,Gym Floor,71,Friday,2025-07,Evening
CI001203,M0071,2025-08-13,19,Zumba,38,Wednesday,2025-08,Evening
CI001204,M0071,2025-06-09,10,Gym Floor,46,Monday,2025-06,Morning
CI001205,M0072,2025-07-04,18,Gym Floor,51,Friday,2025-07,Evening
CI001206,M0072,2025-07-19,7,HIIT,53,Saturday,2025-07,Early Morning
CI001207,M0072,2025-04-26,8,HIIT,54,Saturday,2025-04,Early Morning
CI001208,M0072,2025-04-02,18,Gym Floor,24,Wednesday,2025-04,Evening
CI001209,M0072,2025-06-12,17,Spin,67,Thursday,2025-06,Evening
CI001210,M0072,2025-07-19,19,Gym Floor,38,Saturday,2025-07,Evening
CI001211,M0072,2025-05-02,17,Cardio,72,Friday,2025-05,Evening
CI001212,M0072,2025-03-16,20,Gym Floor,71,Sunday,2025-03,Night
CI001213,M0072,2025-03-26,19,Cardio,41,Wednesday,2025-03,Evening
CI001214,M0072,2025-05-15,17,Gym Floor,20,Thursday,2025-05,Evening
CI001215,M0073,2025-04-26,6,Cardio,53,Saturday,2025-04,Early Morning
CI001216,M0073,2025-08-13,18,HIIT,54,Wednesday,2025-08,Evening
CI001217,M0073,2025-05-17,7,Strength Training,50,Saturday,2025-05,Early Morning
CI001218,M0073,2025-06-21,17,Gym Floor,65,Saturday,2025-06,Evening
CI001219,M0073,2025-05-30,7,Zumba,73,Friday,2025-05,Early Morning
CI001220,M0073,2025-08-11,19,CrossFit,67,Monday,2025-08,Evening
CI001221,M0073,2025-07-29,20,HIIT,91,Tuesday,2025-07,Night
CI001222,M0073,2025-04-08,19,Gym Floor,49,Tuesday,2025-04,Evening
CI001223,M0073,2025-07-18,6,Cardio,35,Friday,2025-07,Early Morning
CI001224,M0073,2025-04-03,16,Zumba,51,Thursday,2025-04,Afternoon
CI001225,M0074,2025-08-01,16,HIIT,46,Friday,2025-08,Afternoon
CI001226,M0074,2025-06-30,18,Gym Floor,36,Monday,2025-06,Evening
CI001227,M0074,2025-04-10,8,Gym Floor,44,Thursday,2025-04,Early Morning
CI001228,M0074,2025-05-05,6,Spin,103,Monday,2025-05,Early Morning
CI001229,M0074,2025-06-22,7,Gym Floor,53,Sunday,2025-06,Early Morning
CI001230,M0074,2025-07-26,16,Pilates,42,Saturday,2025-07,Afternoon
CI001231,M0074,2025-03-31,17,CrossFit,25,Monday,2025-03,Evening
CI001232,M0074,2025-08-14,20,Gym Floor,70,Thursday,2025-08,Night
CI001233,M0074,2025-08-10,9,CrossFit,44,Sunday,2025-08,Early Morning
CI001234,M0074,2025-08-10,9,Spin,50,Sunday,2025-08,Early Morning
CI001235,M0074,2025-07-02,19,Yoga,52,Wednesday,2025-07,Evening
CI001236,M0074,2025-06-12,18,Gym Floor,65,Thursday,2025-06,Evening
CI001237,M0074,2025-06-22,7,Gym Floor,75,Sunday,2025-06,Early Morning
CI001238,M0074,2025-05-12,20,Cardio,53,Monday,2025-05,Night
CI001239,M0074,2025-04-17,18,Gym Floor,50,Thursday,2025-04,Evening
CI001240,M0074,2025-08-09,16,Pilates,100,Saturday,2025-08,Afternoon
CI001241,M0074,2025-04-25,8,Pilates,81,Friday,2025-04,Early Morning
CI001242,M0074,2025-03-08,17,Strength Training,65,Saturday,2025-03,Evening
CI001243,M0074,2025-07-22,19,Gym Floor,78,Tuesday,2025-07,Evening
CI001244,M0074,2025-08-02,19,Gym Floor,76,Saturday,2025-08,Evening
CI001245,M0074,2025-03-26,10,Gym Floor,64,Wednesday,2025-03,Morning
CI001246,M0074,2025-03-08,16,Gym Floor,23,Saturday,2025-03,Afternoon
CI001247,M0074,2025-05-04,8,Gym Floor,65,Sunday,2025-05,Early Morning
CI001248,M0074,2025-07-03,6,Gym Floor,79,Thursday,2025-07,Early Morning
CI001249,M0074,2025-03-04,19,Gym Floor,49,Tuesday,2025-03,Evening
CI001250,M0074,2025-03-20,16,Spin,88,Thursday,2025-03,Afternoon
CI001251,M0074,2025-07-04,18,Yoga,86,Friday,2025-07,Evening
CI001252,M0074,2025-08-30,17,Zumba,60,Saturday,2025-08,Evening
CI001253,M0074,2025-08-20,17,Gym Floor,55,Wednesday,2025-08,Evening
CI001254,M0074,2025-04-16,19,Gym Floor,84,Wednesday,2025-04,Evening
CI001255,M0074,2025-06-30,17,Pilates,56,Monday,2025-06,Evening
CI001256,M0074,2025-08-09,12,Yoga,35,Saturday,2025-08,Morning
CI001257,M0074,2025-03-02,17,Gym Floor,54,Sunday,2025-03,Evening
CI001258,M0074,2025-07-20,11,Yoga,93,Sunday,2025-07,Morning
CI001259,M0074,2025-03-18,6,CrossFit,44,Tuesday,2025-03,Early Morning
CI001260,M0074,2025-07-02,16,Gym Floor,46,Wednesday,2025-07,Afternoon
CI001261,M0074,2025-08-27,11,Gym Floor,38,Wednesday,2025-08,Morning
CI001262,M0074,2025-05-20,16,Gym Floor,69,Tuesday,2025-05,Afternoon
CI001263,M0074,2025-05-11,21,Pilates,20,Sunday,2025-05,Night
CI001264,M0074,2025-03-23,16,Yoga,50,Sunday,2025-03,Afternoon
CI001265,M0074,2025-04-15,8,Zumba,56,Tuesday,2025-04,Early Morning
CI001266,M0075,2025-04-08,18,Gym Floor,50,Tuesday,2025-04,Evening
CI001267,M0076,2025-08-07,20,HIIT,63,Thursday,2025-08,Night
CI001268,M0076,2025-04-25,6,Gym Floor,49,Friday,2025-04,Early Morning
CI001269,M0076,2025-07-04,16,Gym Floor,84,Friday,2025-07,Afternoon
CI001270,M0076,2025-05-10,8,Zumba,71,Saturday,2025-05,Early Morning
CI001271,M0076,2025-06-08,7,Yoga,60,Sunday,2025-06,Early Morning
CI001272,M0076,2025-08-31,6,Spin,39,Sunday,2025-08,Early Morning
CI001273,M0076,2025-08-29,19,Gym Floor,43,Friday,2025-08,Evening
CI001274,M0076,2025-08-07,18,Yoga,51,Thursday,2025-08,Evening
CI001275,M0076,2025-04-21,11,Gym Floor,40,Monday,2025-04,Morning
CI001276,M0076,2025-04-21,16,CrossFit,37,Monday,2025-04,Afternoon
CI001277,M0077,2025-07-22,12,Strength Training,93,Tuesday,2025-07,Morning
CI001278,M0077,2025-07-18,11,CrossFit,72,Friday,2025-07,Morning
CI001279,M0077,2025-07-05,18,HIIT,20,Saturday,2025-07,Evening
CI001280,M0077,2025-06-02,8,HIIT,52,Monday,2025-06,Early Morning
CI001281,M0077,2025-06-30,16,HIIT,49,Monday,2025-06,Afternoon
CI001282,M0077,2025-06-16,8,Gym Floor,90,Monday,2025-06,Early Morning
CI001283,M0077,2025-04-08,16,Gym Floor,53,Tuesday,2025-04,Afternoon
CI001284,M0077,2025-06-13,8,Yoga,56,Friday,2025-06,Early Morning
CI001285,M0077,2025-03-08,7,Cardio,72,Saturday,2025-03,Early Morning
CI001286,M0077,2025-03-19,8,Gym Floor,69,Wednesday,2025-03,Early Morning
CI001287,M0077,2025-04-12,7,HIIT,64,Saturday,2025-04,Early Morning
CI001288,M0077,2025-05-11,18,CrossFit,53,Sunday,2025-05,Evening
CI001289,M0077,2025-08-27,21,CrossFit,32,Wednesday,2025-08,Night
CI001290,M0077,2025-03-29,7,Gym Floor,55,Saturday,2025-03,Early Morning
CI001291,M0077,2025-07-09,8,Gym Floor,60,Wednesday,2025-07,Early Morning
CI001292,M0077,2025-03-02,18,Gym Floor,71,Sunday,2025-03,Evening
CI001293,M0077,2025-05-04,8,Spin,86,Sunday,2025-05,Early Morning
CI001294,M0077,2025-07-12,20,Spin,74,Saturday,2025-07,Night
CI001295,M0077,2025-07-24,11,Zumba,28,Thursday,2025-07,Morning
CI001296,M0077,2025-04-13,10,Gym Floor,59,Sunday,2025-04,Morning
CI001297,M0077,2025-07-31,20,Spin,51,Thursday,2025-07,Night
CI001298,M0077,2025-03-24,6,Cardio,63,Monday,2025-03,Early Morning
CI001299,M0077,2025-03-09,6,Gym Floor,74,Sunday,2025-03,Early Morning
CI001300,M0077,2025-05-20,18,Gym Floor,55,Tuesday,2025-05,Evening
CI001301,M0077,2025-04-14,20,Gym Floor,54,Monday,2025-04,Night
CI001302,M0077,2025-06-13,6,Pilates,44,Friday,2025-06,Early Morning
CI001303,M0078,2025-04-11,18,Gym Floor,44,Friday,2025-04,Evening
CI001304,M0078,2025-06-24,6,Gym Floor,54,Tuesday,2025-06,Early Morning
CI001305,M0078,2025-05-31,17,Gym Floor,84,Saturday,2025-05,Evening
CI001306,M0078,2025-07-31,7,Spin,49,Thursday,2025-07,Early Morning
CI001307,M0078,2025-03-06,7,Gym Floor,56,Thursday,2025-03,Early Morning
CI001308,M0078,2025-07-12,19,Gym Floor,34,Saturday,2025-07,Evening
CI001309,M0078,2025-04-22,21,Gym Floor,47,Tuesday,2025-04,Night
CI001310,M0078,2025-03-07,18,Gym Floor,52,Friday,2025-03,Evening
CI001311,M0078,2025-03-30,21,Pilates,24,Sunday,2025-03,Night
CI001312,M0078,2025-04-17,6,Gym Floor,42,Thursday,2025-04,Early Morning
CI001313,M0078,2025-06-15,12,Gym Floor,79,Sunday,2025-06,Morning
CI001314,M0078,2025-05-17,12,Gym Floor,48,Saturday,2025-05,Morning
CI001315,M0078,2025-06-11,6,Gym Floor,63,Wednesday,2025-06,Early Morning
CI001316,M0078,2025-07-24,18,Gym Floor,22,Thursday,2025-07,Evening
CI001317,M0078,2025-07-30,10,Cardio,42,Wednesday,2025-07,Morning
CI001318,M0078,2025-07-12,18,Pilates,69,Saturday,2025-07,Evening
CI001319,M0078,2025-08-13,18,Gym Floor,77,Wednesday,2025-08,Evening
CI001320,M0078,2025-06-06,19,CrossFit,51,Friday,2025-06,Evening
CI001321,M0078,2025-03-14,16,Yoga,43,Friday,2025-03,Afternoon
CI001322,M0078,2025-08-15,16,Spin,60,Friday,2025-08,Afternoon
CI001323,M0078,2025-06-10,17,Gym Floor,63,Tuesday,2025-06,Evening
CI001324,M0078,2025-08-05,19,Gym Floor,42,Tuesday,2025-08,Evening
CI001325,M0078,2025-08-08,6,Yoga,31,Friday,2025-08,Early Morning
CI001326,M0078,2025-07-22,17,Yoga,32,Tuesday,2025-07,Evening
CI001327,M0078,2025-03-06,16,Strength Training,86,Thursday,2025-03,Afternoon
CI001328,M0078,2025-08-04,8,Gym Floor,76,Monday,2025-08,Early Morning
CI001329,M0078,2025-03-02,18,Gym Floor,65,Sunday,2025-03,Evening
CI001330,M0078,2025-03-21,6,Gym Floor,47,Friday,2025-03,Early Morning
CI001331,M0078,2025-05-24,21,Gym Floor,92,Saturday,2025-05,Night
CI001332,M0078,2025-05-11,20,Gym Floor,65,Sunday,2025-05,Night
CI001333,M0078,2025-04-20,16,Gym Floor,20,Sunday,2025-04,Afternoon
CI001334,M0078,2025-04-07,9,Strength Training,77,Monday,2025-04,Early Morning
CI001335,M0078,2025-08-09,11,Gym Floor,45,Saturday,2025-08,Morning
CI001336,M0078,2025-04-09,7,Gym Floor,56,Wednesday,2025-04,Early Morning
CI001337,M0078,2025-03-20,20,Cardio,45,Thursday,2025-03,Night
CI001338,M0078,2025-08-11,17,Pilates,59,Monday,2025-08,Evening
CI001339,M0078,2025-08-10,17,Yoga,37,Sunday,2025-08,Evening
CI001340,M0078,2025-04-12,19,Cardio,31,Saturday,2025-04,Evening
CI001341,M0078,2025-07-01,7,Gym Floor,71,Tuesday,2025-07,Early Morning
CI001342,M0079,2025-06-28,9,Strength Training,53,Saturday,2025-06,Early Morning
CI001343,M0079,2025-04-05,10,Gym Floor,65,Saturday,2025-04,Morning
CI001344,M0079,2025-06-06,7,Zumba,62,Friday,2025-06,Early Morning
CI001345,M0079,2025-08-02,17,Gym Floor,26,Saturday,2025-08,Evening
CI001346,M0079,2025-08-14,19,Gym Floor,68,Thursday,2025-08,Evening
CI001347,M0080,2025-05-16,7,Gym Floor,50,Friday,2025-05,Early Morning
CI001348,M0080,2025-08-12,16,Gym Floor,33,Tuesday,2025-08,Afternoon
CI001349,M0080,2025-08-14,16,Gym Floor,91,Thursday,2025-08,Afternoon
CI001350,M0080,2025-04-15,19,Strength Training,36,Tuesday,2025-04,Evening
CI001351,M0080,2025-04-23,12,Cardio,65,Wednesday,2025-04,Morning
CI001352,M0080,2025-07-25,18,Zumba,54,Friday,2025-07,Evening
CI001353,M0080,2025-08-18,7,Gym Floor,57,Monday,2025-08,Early Morning
CI001354,M0080,2025-03-18,8,Cardio,79,Tuesday,2025-03,Early Morning
CI001355,M0080,2025-07-22,7,Gym Floor,56,Tuesday,2025-07,Early Morning
CI001356,M0080,2025-08-20,16,Gym Floor,32,Wednesday,2025-08,Afternoon
CI001357,M0080,2025-06-21,8,Yoga,73,Saturday,2025-06,Early Morning
CI001358,M0080,2025-04-24,17,Zumba,43,Thursday,2025-04,Evening
CI001359,M0080,2025-04-24,19,Spin,91,Thursday,2025-04,Evening
CI001360,M0080,2025-05-04,9,Gym Floor,40,Sunday,2025-05,Early Morning
CI001361,M0080,2025-08-03,8,Gym Floor,58,Sunday,2025-08,Early Morning
CI001362,M0080,2025-03-12,18,Gym Floor,58,Wednesday,2025-03,Evening
CI001363,M0080,2025-04-07,18,Gym Floor,29,Monday,2025-04,Evening
CI001364,M0080,2025-07-23,6,Gym Floor,89,Wednesday,2025-07,Early Morning
CI001365,M0080,2025-06-27,16,Strength Training,34,Friday,2025-06,Afternoon
CI001366,M0080,2025-07-27,19,Spin,33,Sunday,2025-07,Evening
CI001367,M0080,2025-04-24,12,Pilates,61,Thursday,2025-04,Morning
CI001368,M0080,2025-06-08,16,HIIT,39,Sunday,2025-06,Afternoon
CI001369,M0080,2025-04-02,9,Gym Floor,52,Wednesday,2025-04,Early Morning
CI001370,M0080,2025-08-20,21,Zumba,50,Wednesday,2025-08,Night
CI001371,M0080,2025-05-18,11,CrossFit,73,Sunday,2025-05,Morning
CI001372,M0080,2025-04-07,8,CrossFit,61,Monday,2025-04,Early Morning
CI001373,M0080,2025-04-15,12,Gym Floor,47,Tuesday,2025-04,Morning
CI001374,M0080,2025-03-31,11,Gym Floor,68,Monday,2025-03,Morning
CI001375,M0080,2025-07-08,17,HIIT,46,Tuesday,2025-07,Evening
CI001376,M0080,2025-06-07,19,Pilates,38,Saturday,2025-06,Evening
CI001377,M0080,2025-05-07,17,Yoga,48,Wednesday,2025-05,Evening
CI001378,M0080,2025-03-30,17,Cardio,54,Sunday,2025-03,Evening
CI001379,M0080,2025-05-11,8,Pilates,32,Sunday,2025-05,Early Morning
CI001380,M0080,2025-04-01,8,Gym Floor,33,Tuesday,2025-04,Early Morning
CI001381,M0080,2025-05-17,6,Zumba,84,Saturday,2025-05,Early Morning
CI001382,M0080,2025-05-30,20,Gym Floor,59,Friday,2025-05,Night
CI001383,M0080,2025-05-31,16,Gym Floor,46,Saturday,2025-05,Afternoon
CI001384,M0080,2025-08-14,7,Gym Floor,35,Thursday,2025-08,Early Morning
CI001385,M0080,2025-03-15,11,Pilates,28,Saturday,2025-03,Morning
CI001386,M0080,2025-04-25,17,Gym Floor,57,Friday,2025-04,Evening
CI001387,M0080,2025-06-09,9,Gym Floor,63,Monday,2025-06,Early Morning
CI001388,M0080,2025-08-29,18,Gym Floor,70,Friday,2025-08,Evening
CI001389,M0080,2025-04-16,7,Yoga,67,Wednesday,2025-04,Early Morning
CI001390,M0080,2025-03-28,9,Gym Floor,54,Friday,2025-03,Early Morning
CI001391,M0080,2025-05-15,19,Gym Floor,62,Thursday,2025-05,Evening
CI001392,M0081,2025-05-13,19,Gym Floor,58,Tuesday,2025-05,Evening
CI001393,M0081,2025-06-09,17,Zumba,20,Monday,2025-06,Evening
CI001394,M0082,2025-05-29,18,Gym Floor,84,Thursday,2025-05,Evening
CI001395,M0082,2025-03-02,18,Zumba,44,Sunday,2025-03,Evening
CI001396,M0082,2025-05-12,8,Cardio,60,Monday,2025-05,Early Morning
CI001397,M0082,2025-04-12,18,Zumba,33,Saturday,2025-04,Evening
CI001398,M0082,2025-07-13,17,Spin,62,Sunday,2025-07,Evening
CI001399,M0082,2025-06-11,7,Gym Floor,50,Wednesday,2025-06,Early Morning
CI001400,M0082,2025-03-08,6,Gym Floor,39,Saturday,2025-03,Early Morning
CI001401,M0082,2025-04-29,18,HIIT,66,Tuesday,2025-04,Evening
CI001402,M0082,2025-04-25,20,Cardio,44,Friday,2025-04,Night
CI001403,M0082,2025-06-18,10,HIIT,51,Wednesday,2025-06,Morning
CI001404,M0082,2025-07-25,17,Yoga,44,Friday,2025-07,Evening
CI001405,M0082,2025-08-22,9,Gym Floor,42,Friday,2025-08,Early Morning
CI001406,M0082,2025-03-25,8,CrossFit,32,Tuesday,2025-03,Early Morning
CI001407,M0082,2025-05-21,18,Spin,50,Wednesday,2025-05,Evening
CI001408,M0082,2025-08-02,12,Cardio,59,Saturday,2025-08,Morning
CI001409,M0082,2025-05-10,10,Gym Floor,65,Saturday,2025-05,Morning
CI001410,M0082,2025-05-28,19,CrossFit,80,Wednesday,2025-05,Evening
CI001411,M0082,2025-07-17,7,Spin,63,Thursday,2025-07,Early Morning
CI001412,M0083,2025-06-04,16,Strength Training,44,Wednesday,2025-06,Afternoon
CI001413,M0084,2025-04-13,19,Spin,54,Sunday,2025-04,Evening
CI001414,M0084,2025-08-04,9,Gym Floor,49,Monday,2025-08,Early Morning
CI001415,M0084,2025-03-26,8,Gym Floor,77,Wednesday,2025-03,Early Morning
CI001416,M0084,2025-06-12,20,Gym Floor,37,Thursday,2025-06,Night
CI001417,M0084,2025-08-20,8,Yoga,22,Wednesday,2025-08,Early Morning
CI001418,M0085,2025-07-08,17,Pilates,74,Tuesday,2025-07,Evening
CI001419,M0085,2025-07-11,12,Pilates,70,Friday,2025-07,Morning
CI001420,M0085,2025-03-16,7,Pilates,33,Sunday,2025-03,Early Morning
CI001421,M0085,2025-06-03,9,Yoga,73,Tuesday,2025-06,Early Morning
CI001422,M0085,2025-04-11,17,Strength Training,72,Friday,2025-04,Evening
CI001423,M0085,2025-03-21,19,Yoga,73,Friday,2025-03,Evening
CI001424,M0085,2025-07-07,7,Pilates,45,Monday,2025-07,Early Morning
CI001425,M0085,2025-08-29,10,Gym Floor,50,Friday,2025-08,Morning
CI001426,M0085,2025-05-09,16,Gym Floor,41,Friday,2025-05,Afternoon
CI001427,M0085,2025-08-14,17,Strength Training,78,Thursday,2025-08,Evening
CI001428,M0085,2025-04-21,17,Gym Floor,44,Monday,2025-04,Evening
CI001429,M0085,2025-04-04,8,Zumba,71,Friday,2025-04,Early Morning
CI001430,M0085,2025-06-25,8,HIIT,58,Wednesday,2025-06,Early Morning
CI001431,M0085,2025-03-04,6,Gym Floor,62,Tuesday,2025-03,Early Morning
CI001432,M0085,2025-06-10,16,Spin,41,Tuesday,2025-06,Afternoon
CI001433,M0085,2025-04-10,7,Gym Floor,56,Thursday,2025-04,Early Morning
CI001434,M0085,2025-03-16,20,Gym Floor,64,Sunday,2025-03,Night
CI001435,M0085,2025-07-20,11,Gym Floor,53,Sunday,2025-07,Morning
CI001436,M0085,2025-06-04,19,Pilates,46,Wednesday,2025-06,Evening
CI001437,M0085,2025-07-26,7,Gym Floor,53,Saturday,2025-07,Early Morning
CI001438,M0085,2025-03-14,17,Gym Floor,88,Friday,2025-03,Evening
CI001439,M0085,2025-08-04,17,Gym Floor,59,Monday,2025-08,Evening
CI001440,M0085,2025-03-22,20,Yoga,49,Saturday,2025-03,Night
CI001441,M0085,2025-08-31,16,Yoga,44,Sunday,2025-08,Afternoon
CI001442,M0085,2025-05-17,19,HIIT,44,Saturday,2025-05,Evening
CI001443,M0085,2025-07-13,9,Gym Floor,46,Sunday,2025-07,Early Morning
CI001444,M0085,2025-04-13,11,Gym Floor,21,Sunday,2025-04,Morning
CI001445,M0085,2025-03-18,7,CrossFit,62,Tuesday,2025-03,Early Morning
CI001446,M0085,2025-04-20,6,HIIT,30,Sunday,2025-04,Early Morning
CI001447,M0085,2025-07-19,6,Gym Floor,77,Saturday,2025-07,Early Morning
CI001448,M0085,2025-04-02,9,HIIT,26,Wednesday,2025-04,Early Morning
CI001449,M0085,2025-03-19,20,Gym Floor,63,Wednesday,2025-03,Night
CI001450,M0085,2025-08-27,17,Gym Floor,91,Wednesday,2025-08,Evening
CI001451,M0085,2025-03-05,7,Gym Floor,50,Wednesday,2025-03,Early Morning
CI001452,M0085,2025-03-25,19,Gym Floor,32,Tuesday,2025-03,Evening
CI001453,M0085,2025-08-19,16,Cardio,28,Tuesday,2025-08,Afternoon
CI001454,M0085,2025-03-16,21,Gym Floor,68,Sunday,2025-03,Night
CI001455,M0086,2025-05-16,11,Zumba,85,Friday,2025-05,Morning
CI001456,M0086,2025-06-23,8,Strength Training,23,Monday,2025-06,Early Morning
CI001457,M0086,2025-03-08,17,Spin,55,Saturday,2025-03,Evening
CI001458,M0086,2025-06-18,9,Gym Floor,51,Wednesday,2025-06,Early Morning
CI001459,M0086,2025-05-14,10,Gym Floor,64,Wednesday,2025-05,Morning
CI001460,M0086,2025-07-31,8,Strength Training,43,Thursday,2025-07,Early Morning
CI001461,M0086,2025-05-31,20,HIIT,75,Saturday,2025-05,Night
CI001462,M0086,2025-03-18,11,Gym Floor,58,Tuesday,2025-03,Morning
CI001463,M0086,2025-07-05,20,CrossFit,59,Saturday,2025-07,Night
CI001464,M0086,2025-08-30,18,Yoga,34,Saturday,2025-08,Evening
CI001465,M0086,2025-03-22,11,Cardio,48,Saturday,2025-03,Morning
CI001466,M0086,2025-07-01,18,HIIT,84,Tuesday,2025-07,Evening
CI001467,M0086,2025-08-11,18,Gym Floor,49,Monday,2025-08,Evening
CI001468,M0086,2025-06-03,8,Strength Training,70,Tuesday,2025-06,Early Morning
CI001469,M0086,2025-07-31,18,Gym Floor,73,Thursday,2025-07,Evening
CI001470,M0086,2025-06-13,19,Gym Floor,61,Friday,2025-06,Evening
CI001471,M0087,2025-08-12,8,Gym Floor,34,Tuesday,2025-08,Early Morning
CI001472,M0087,2025-07-25,9,Zumba,56,Friday,2025-07,Early Morning
CI001473,M0087,2025-03-10,17,Gym Floor,34,Monday,2025-03,Evening
CI001474,M0087,2025-07-26,8,Gym Floor,79,Saturday,2025-07,Early Morning
CI001475,M0087,2025-06-29,8,Gym Floor,59,Sunday,2025-06,Early Morning
CI001476,M0087,2025-06-04,19,Zumba,65,Wednesday,2025-06,Evening
CI001477,M0087,2025-04-19,6,Gym Floor,58,Saturday,2025-04,Early Morning
CI001478,M0087,2025-04-22,17,Yoga,47,Tuesday,2025-04,Evening
CI001479,M0087,2025-06-05,19,Zumba,40,Thursday,2025-06,Evening
CI001480,M0087,2025-05-16,20,Gym Floor,52,Friday,2025-05,Night
CI001481,M0087,2025-08-19,20,Gym Floor,86,Tuesday,2025-08,Night
CI001482,M0087,2025-05-02,7,Gym Floor,66,Friday,2025-05,Early Morning
CI001483,M0087,2025-04-08,18,Yoga,44,Tuesday,2025-04,Evening
CI001484,M0087,2025-06-05,6,Yoga,63,Thursday,2025-06,Early Morning
CI001485,M0087,2025-03-05,19,Gym Floor,74,Wednesday,2025-03,Evening
CI001486,M0087,2025-07-29,8,Yoga,24,Tuesday,2025-07,Early Morning
CI001487,M0087,2025-06-03,8,Spin,57,Tuesday,2025-06,Early Morning
CI001488,M0087,2025-06-21,8,Gym Floor,20,Saturday,2025-06,Early Morning
CI001489,M0087,2025-05-22,20,Zumba,20,Thursday,2025-05,Night
CI001490,M0087,2025-03-09,18,Zumba,69,Sunday,2025-03,Evening
CI001491,M0087,2025-08-10,9,Yoga,36,Sunday,2025-08,Early Morning
CI001492,M0087,2025-06-25,19,Gym Floor,20,Wednesday,2025-06,Evening
CI001493,M0087,2025-08-03,18,Gym Floor,70,Sunday,2025-08,Evening
CI001494,M0087,2025-07-20,10,Strength Training,71,Sunday,2025-07,Morning
CI001495,M0087,2025-06-18,19,Gym Floor,61,Wednesday,2025-06,Evening
CI001496,M0087,2025-04-26,20,Spin,63,Saturday,2025-04,Night
CI001497,M0088,2025-07-09,6,Gym Floor,20,Wednesday,2025-07,Early Morning
CI001498,M0088,2025-04-02,6,Yoga,84,Wednesday,2025-04,Early Morning
CI001499,M0088,2025-04-13,19,Gym Floor,84,Sunday,2025-04,Evening
CI001500,M0088,2025-06-28,18,Strength Training,58,Saturday,2025-06,Evening
CI001501,M0088,2025-03-21,17,Pilates,79,Friday,2025-03,Evening
CI001502,M0088,2025-05-15,12,Gym Floor,79,Thursday,2025-05,Morning
CI001503,M0088,2025-05-25,19,Gym Floor,37,Sunday,2025-05,Evening
CI001504,M0089,2025-05-29,18,Gym Floor,20,Thursday,2025-05,Evening
CI001505,M0089,2025-05-09,20,CrossFit,58,Friday,2025-05,Night
CI001506,M0089,2025-04-18,16,Pilates,41,Friday,2025-04,Afternoon
CI001507,M0089,2025-03-31,19,Cardio,46,Monday,2025-03,Evening
CI001508,M0089,2025-03-19,19,Strength Training,84,Wednesday,2025-03,Evening
CI001509,M0089,2025-08-04,6,Gym Floor,57,Monday,2025-08,Early Morning
CI001510,M0089,2025-06-18,19,Gym Floor,41,Wednesday,2025-06,Evening
CI001511,M0089,2025-08-15,10,Gym Floor,33,Friday,2025-08,Morning
CI001512,M0089,2025-05-04,18,Gym Floor,87,Sunday,2025-05,Evening
CI001513,M0090,2025-04-11,17,Gym Floor,55,Friday,2025-04,Evening
CI001514,M0091,2025-05-17,18,Gym Floor,57,Saturday,2025-05,Evening
CI001515,M0091,2025-08-28,17,CrossFit,32,Thursday,2025-08,Evening
CI001516,M0091,2025-06-30,17,CrossFit,72,Monday,2025-06,Evening
CI001517,M0091,2025-07-10,17,Pilates,83,Thursday,2025-07,Evening
CI001518,M0091,2025-03-05,16,Gym Floor,63,Wednesday,2025-03,Afternoon
CI001519,M0091,2025-05-23,17,Gym Floor,54,Friday,2025-05,Evening
CI001520,M0091,2025-08-31,8,CrossFit,51,Sunday,2025-08,Early Morning
CI001521,M0091,2025-04-23,7,Gym Floor,48,Wednesday,2025-04,Early Morning
CI001522,M0091,2025-07-29,9,CrossFit,57,Tuesday,2025-07,Early Morning
CI001523,M0091,2025-07-27,12,Gym Floor,44,Sunday,2025-07,Morning
CI001524,M0091,2025-06-30,18,Gym Floor,24,Monday,2025-06,Evening
CI001525,M0091,2025-04-24,12,Gym Floor,80,Thursday,2025-04,Morning
CI001526,M0091,2025-08-24,17,Gym Floor,49,Sunday,2025-08,Evening
CI001527,M0091,2025-04-14,8,Zumba,95,Monday,2025-04,Early Morning
CI001528,M0091,2025-07-06,9,Spin,20,Sunday,2025-07,Early Morning
CI001529,M0091,2025-07-15,7,Strength Training,41,Tuesday,2025-07,Early Morning
CI001530,M0091,2025-06-25,10,Pilates,35,Wednesday,2025-06,Morning
CI001531,M0091,2025-08-13,17,Gym Floor,61,Wednesday,2025-08,Evening
CI001532,M0091,2025-03-01,10,Gym Floor,52,Saturday,2025-03,Morning
CI001533,M0092,2025-05-08,6,Gym Floor,20,Thursday,2025-05,Early Morning
CI001534,M0092,2025-08-05,18,Gym Floor,65,Tuesday,2025-08,Evening
CI001535,M0092,2025-08-02,9,Gym Floor,56,Saturday,2025-08,Early Morning
CI001536,M0092,2025-03-13,7,Gym Floor,73,Thursday,2025-03,Early Morning
CI001537,M0092,2025-06-20,8,Gym Floor,44,Friday,2025-06,Early Morning
CI001538,M0092,2025-08-03,19,Gym Floor,53,Sunday,2025-08,Evening
CI001539,M0092,2025-06-18,7,Gym Floor,60,Wednesday,2025-06,Early Morning
CI001540,M0092,2025-04-01,8,Gym Floor,69,Tuesday,2025-04,Early Morning
CI001541,M0092,2025-05-21,6,Gym Floor,59,Wednesday,2025-05,Early Morning
CI001542,M0092,2025-05-05,17,Gym Floor,51,Monday,2025-05,Evening
CI001543,M0092,2025-07-29,8,Yoga,61,Tuesday,2025-07,Early Morning
CI001544,M0092,2025-05-04,10,Cardio,39,Sunday,2025-05,Morning
CI001545,M0092,2025-07-08,18,Gym Floor,37,Tuesday,2025-07,Evening
CI001546,M0092,2025-04-18,7,Gym Floor,36,Friday,2025-04,Early Morning
CI001547,M0092,2025-07-27,19,Gym Floor,49,Sunday,2025-07,Evening
CI001548,M0092,2025-03-27,20,Gym Floor,52,Thursday,2025-03,Night
CI001549,M0092,2025-06-21,18,Strength Training,57,Saturday,2025-06,Evening
CI001550,M0092,2025-03-31,8,Yoga,65,Monday,2025-03,Early Morning
CI001551,M0092,2025-06-06,9,Strength Training,45,Friday,2025-06,Early Morning
CI001552,M0093,2025-07-10,18,HIIT,68,Thursday,2025-07,Evening
CI001553,M0093,2025-05-29,9,Zumba,60,Thursday,2025-05,Early Morning
CI001554,M0093,2025-03-10,7,Cardio,58,Monday,2025-03,Early Morning
CI001555,M0093,2025-05-14,10,Gym Floor,59,Wednesday,2025-05,Morning
CI001556,M0093,2025-08-17,6,Strength Training,50,Sunday,2025-08,Early Morning
CI001557,M0093,2025-05-30,18,Zumba,52,Friday,2025-05,Evening
CI001558,M0093,2025-05-21,6,Strength Training,53,Wednesday,2025-05,Early Morning
CI001559,M0093,2025-05-18,20,Pilates,68,Sunday,2025-05,Night
CI001560,M0093,2025-08-01,7,Pilates,43,Friday,2025-08,Early Morning
CI001561,M0093,2025-04-15,19,Gym Floor,49,Tuesday,2025-04,Evening
CI001562,M0093,2025-03-17,11,HIIT,72,Monday,2025-03,Morning
CI001563,M0093,2025-04-22,10,Yoga,52,Tuesday,2025-04,Morning
CI001564,M0093,2025-06-03,21,Zumba,54,Tuesday,2025-06,Night
CI001565,M0093,2025-07-21,18,Spin,34,Monday,2025-07,Evening
CI001566,M0093,2025-06-28,12,Gym Floor,57,Saturday,2025-06,Morning
CI001567,M0093,2025-08-02,19,Gym Floor,61,Saturday,2025-08,Evening
CI001568,M0093,2025-07-13,19,HIIT,31,Sunday,2025-07,Evening
CI001569,M0093,2025-05-07,7,Gym Floor,44,Wednesday,2025-05,Early Morning
CI001570,M0093,2025-08-02,20,HIIT,59,Saturday,2025-08,Night
CI001571,M0093,2025-03-12,16,Gym Floor,77,Wednesday,2025-03,Afternoon
CI001572,M0093,2025-06-27,17,Gym Floor,57,Friday,2025-06,Evening
CI001573,M0093,2025-05-07,10,Cardio,58,Wednesday,2025-05,Morning
CI001574,M0093,2025-06-21,19,Zumba,55,Saturday,2025-06,Evening
CI001575,M0093,2025-05-02,20,Gym Floor,42,Friday,2025-05,Night
CI001576,M0093,2025-07-11,8,Pilates,72,Friday,2025-07,Early Morning
CI001577,M0093,2025-05-27,19,Gym Floor,49,Tuesday,2025-05,Evening
CI001578,M0093,2025-08-25,7,Gym Floor,54,Monday,2025-08,Early Morning
CI001579,M0093,2025-04-08,16,Pilates,51,Tuesday,2025-04,Afternoon
CI001580,M0093,2025-03-14,16,Gym Floor,38,Friday,2025-03,Afternoon
CI001581,M0093,2025-06-24,17,CrossFit,77,Tuesday,2025-06,Evening
CI001582,M0093,2025-03-17,18,HIIT,33,Monday,2025-03,Evening
CI001583,M0093,2025-05-19,19,Cardio,86,Monday,2025-05,Evening
CI001584,M0093,2025-06-24,11,Gym Floor,44,Tuesday,2025-06,Morning
CI001585,M0093,2025-08-03,9,Gym Floor,26,Sunday,2025-08,Early Morning
CI001586,M0093,2025-06-25,17,Strength Training,81,Wednesday,2025-06,Evening
CI001587,M0093,2025-04-21,8,Gym Floor,56,Monday,2025-04,Early Morning
CI001588,M0093,2025-08-04,9,CrossFit,57,Monday,2025-08,Early Morning
CI001589,M0093,2025-08-18,17,Spin,36,Monday,2025-08,Evening
CI001590,M0093,2025-03-22,21,Strength Training,54,Saturday,2025-03,Night
CI001591,M0093,2025-06-24,18,Pilates,40,Tuesday,2025-06,Evening
CI001592,M0094,2025-08-08,16,Zumba,49,Friday,2025-08,Afternoon
CI001593,M0094,2025-08-18,6,Gym Floor,32,Monday,2025-08,Early Morning
CI001594,M0094,2025-06-18,17,Cardio,25,Wednesday,2025-06,Evening
CI001595,M0094,2025-03-29,18,Gym Floor,82,Saturday,2025-03,Evening
CI001596,M0094,2025-08-18,19,Gym Floor,62,Monday,2025-08,Evening
CI001597,M0095,2025-08-19,7,Spin,50,Tuesday,2025-08,Early Morning
CI001598,M0095,2025-03-04,17,CrossFit,37,Tuesday,2025-03,Evening
CI001599,M0095,2025-04-24,19,HIIT,53,Thursday,2025-04,Evening
CI001600,M0095,2025-06-24,12,Strength Training,40,Tuesday,2025-06,Morning
CI001601,M0095,2025-03-06,19,Gym Floor,69,Thursday,2025-03,Evening
CI001602,M0095,2025-03-14,18,Spin,63,Friday,2025-03,Evening
CI001603,M0095,2025-08-25,10,CrossFit,50,Monday,2025-08,Morning
CI001604,M0095,2025-07-25,7,Pilates,75,Friday,2025-07,Early Morning
CI001605,M0095,2025-03-04,7,Yoga,37,Tuesday,2025-03,Early Morning
CI001606,M0095,2025-05-24,19,Yoga,54,Saturday,2025-05,Evening
CI001607,M0095,2025-04-08,6,Gym Floor,23,Tuesday,2025-04,Early Morning
CI001608,M0095,2025-08-10,7,Zumba,66,Sunday,2025-08,Early Morning
CI001609,M0095,2025-08-14,18,Gym Floor,38,Thursday,2025-08,Evening
CI001610,M0095,2025-05-02,19,CrossFit,86,Friday,2025-05,Evening
CI001611,M0095,2025-08-04,20,Zumba,67,Monday,2025-08,Night
CI001612,M0095,2025-03-04,8,Pilates,48,Tuesday,2025-03,Early Morning
CI001613,M0095,2025-07-21,8,Gym Floor,48,Monday,2025-07,Early Morning
CI001614,M0095,2025-07-01,19,Strength Training,40,Tuesday,2025-07,Evening
CI001615,M0095,2025-05-12,10,Strength Training,59,Monday,2025-05,Morning
CI001616,M0095,2025-08-07,6,Gym Floor,59,Thursday,2025-08,Early Morning
CI001617,M0095,2025-05-03,9,CrossFit,57,Saturday,2025-05,Early Morning
CI001618,M0096,2025-08-11,18,Gym Floor,34,Monday,2025-08,Evening
CI001619,M0096,2025-04-15,6,Gym Floor,20,Tuesday,2025-04,Early Morning
CI001620,M0096,2025-07-22,17,CrossFit,51,Tuesday,2025-07,Evening
CI001621,M0096,2025-05-14,18,Spin,82,Wednesday,2025-05,Evening
CI001622,M0096,2025-04-14,19,CrossFit,80,Monday,2025-04,Evening
CI001623,M0096,2025-06-26,16,Gym Floor,64,Thursday,2025-06,Afternoon
CI001624,M0096,2025-06-22,19,Pilates,20,Sunday,2025-06,Evening
CI001625,M0096,2025-08-20,6,Cardio,43,Wednesday,2025-08,Early Morning
CI001626,M0096,2025-05-20,21,Zumba,53,Tuesday,2025-05,Night
CI001627,M0096,2025-04-29,19,Gym Floor,76,Tuesday,2025-04,Evening
CI001628,M0096,2025-04-14,6,Cardio,64,Monday,2025-04,Early Morning
CI001629,M0096,2025-04-21,20,Pilates,38,Monday,2025-04,Night
CI001630,M0096,2025-03-01,21,HIIT,47,Saturday,2025-03,Night
CI001631,M0096,2025-03-14,7,Strength Training,28,Friday,2025-03,Early Morning
CI001632,M0096,2025-08-09,8,Cardio,58,Saturday,2025-08,Early Morning
CI001633,M0096,2025-03-21,20,HIIT,48,Friday,2025-03,Night
CI001634,M0096,2025-08-01,9,Gym Floor,59,Friday,2025-08,Early Morning
CI001635,M0096,2025-05-15,19,Gym Floor,53,Thursday,2025-05,Evening
CI001636,M0096,2025-03-27,7,Yoga,53,Thursday,2025-03,Early Morning
CI001637,M0096,2025-07-28,17,Gym Floor,35,Monday,2025-07,Evening
CI001638,M0096,2025-07-10,21,HIIT,27,Thursday,2025-07,Night
CI001639,M0096,2025-04-03,19,Pilates,20,Thursday,2025-04,Evening
CI001640,M0096,2025-06-05,17,Spin,74,Thursday,2025-06,Evening
CI001641,M0096,2025-06-01,18,HIIT,54,Sunday,2025-06,Evening
CI001642,M0096,2025-08-27,17,Spin,75,Wednesday,2025-08,Evening
CI001643,M0096,2025-03-27,18,Pilates,54,Thursday,2025-03,Evening
CI001644,M0096,2025-08-28,18,Gym Floor,35,Thursday,2025-08,Evening
CI001645,M0096,2025-03-19,18,Gym Floor,79,Wednesday,2025-03,Evening
CI001646,M0096,2025-08-02,18,Gym Floor,71,Saturday,2025-08,Evening
CI001647,M0096,2025-08-13,21,Gym Floor,56,Wednesday,2025-08,Night
CI001648,M0096,2025-04-14,12,Gym Floor,36,Monday,2025-04,Morning
CI001649,M0096,2025-06-05,11,HIIT,43,Thursday,2025-06,Morning
CI001650,M0096,2025-05-05,16,Gym Floor,50,Monday,2025-05,Afternoon
CI001651,M0096,2025-06-15,17,Zumba,90,Sunday,2025-06,Evening
CI001652,M0096,2025-03-18,6,Yoga,43,Tuesday,2025-03,Early Morning
CI001653,M0096,2025-06-15,6,Pilates,50,Sunday,2025-06,Early Morning
CI001654,M0097,2025-08-23,7,Zumba,60,Saturday,2025-08,Early Morning
CI001655,M0097,2025-05-01,9,Gym Floor,73,Thursday,2025-05,Early Morning
CI001656,M0097,2025-07-30,18,Gym Floor,73,Wednesday,2025-07,Evening
CI001657,M0098,2025-05-03,8,Yoga,52,Saturday,2025-05,Early Morning
CI001658,M0098,2025-04-13,18,HIIT,30,Sunday,2025-04,Evening
CI001659,M0098,2025-07-03,11,Pilates,71,Thursday,2025-07,Morning
CI001660,M0098,2025-06-01,21,Strength Training,32,Sunday,2025-06,Night
CI001661,M0098,2025-05-30,6,Cardio,47,Friday,2025-05,Early Morning
CI001662,M0098,2025-08-27,8,CrossFit,82,Wednesday,2025-08,Early Morning
CI001663,M0098,2025-08-06,18,CrossFit,89,Wednesday,2025-08,Evening
CI001664,M0098,2025-06-20,18,Gym Floor,27,Friday,2025-06,Evening
CI001665,M0098,2025-08-12,7,Pilates,80,Tuesday,2025-08,Early Morning
CI001666,M0098,2025-06-14,21,Gym Floor,51,Saturday,2025-06,Night
CI001667,M0098,2025-06-02,7,Gym Floor,51,Monday,2025-06,Early Morning
CI001668,M0098,2025-07-31,7,Gym Floor,57,Thursday,2025-07,Early Morning
CI001669,M0098,2025-07-23,19,Gym Floor,65,Wednesday,2025-07,Evening
CI001670,M0098,2025-04-01,20,Gym Floor,49,Tuesday,2025-04,Night
CI001671,M0098,2025-05-21,7,Cardio,42,Wednesday,2025-05,Early Morning
CI001672,M0098,2025-05-28,19,Pilates,70,Wednesday,2025-05,Evening
CI001673,M0098,2025-04-01,20,Gym Floor,55,Tuesday,2025-04,Night
CI001674,M0098,2025-03-30,18,Yoga,51,Sunday,2025-03,Evening
CI001675,M0098,2025-06-09,16,Zumba,89,Monday,2025-06,Afternoon
CI001676,M0098,2025-08-27,16,Spin,36,Wednesday,2025-08,Afternoon
CI001677,M0099,2025-07-13,7,Gym Floor,91,Sunday,2025-07,Early Morning
CI001678,M0099,2025-05-24,10,Yoga,40,Saturday,2025-05,Morning
CI001679,M0099,2025-04-24,18,Spin,41,Thursday,2025-04,Evening
CI001680,M0099,2025-03-24,18,Spin,61,Monday,2025-03,Evening
CI001681,M0099,2025-08-19,11,Gym Floor,49,Tuesday,2025-08,Morning
CI001682,M0099,2025-04-15,20,Gym Floor,51,Tuesday,2025-04,Night
CI001683,M0099,2025-07-02,19,Gym Floor,56,Wednesday,2025-07,Evening
CI001684,M0099,2025-04-03,18,Gym Floor,44,Thursday,2025-04,Evening
CI001685,M0100,2025-07-10,7,Gym Floor,20,Thursday,2025-07,Early Morning
CI001686,M0100,2025-08-22,16,Strength Training,45,Friday,2025-08,Afternoon
CI001687,M0100,2025-08-07,6,Pilates,78,Thursday,2025-08,Early Morning
CI001688,M0100,2025-05-29,11,Pilates,44,Thursday,2025-05,Morning
CI001689,M0100,2025-03-26,7,Yoga,70,Wednesday,2025-03,Early Morning
CI001690,M0100,2025-07-26,19,Spin,39,Saturday,2025-07,Evening
CI001691,M0100,2025-03-14,17,Gym Floor,56,Friday,2025-03,Evening
CI001692,M0100,2025-08-09,19,HIIT,50,Saturday,2025-08,Evening
CI001693,M0100,2025-04-21,18,Cardio,37,Monday,2025-04,Evening
CI001694,M0100,2025-05-27,17,CrossFit,43,Tuesday,2025-05,Evening
CI001695,M0100,2025-08-24,12,HIIT,37,Sunday,2025-08,Morning
CI001696,M0100,2025-07-10,19,HIIT,26,Thursday,2025-07,Evening
CI001697,M0100,2025-05-08,18,Gym Floor,38,Thursday,2025-05,Evening
CI001698,M0100,2025-03-20,17,Spin,62,Thursday,2025-03,Evening
CI001699,M0100,2025-08-03,20,Gym Floor,49,Sunday,2025-08,Night
CI001700,M0100,2025-07-11,18,Gym Floor,54,Friday,2025-07,Evening
CI001701,M0100,2025-03-13,11,Pilates,48,Thursday,2025-03,Morning
CI001702,M0100,2025-03-30,6,Cardio,68,Sunday,2025-03,Early Morning
CI001703,M0100,2025-08-14,18,Gym Floor,81,Thursday,2025-08,Evening
CI001704,M0100,2025-05-16,20,Zumba,57,Friday,2025-05,Night
CI001705,M0100,2025-08-01,19,Strength Training,43,Friday,2025-08,Evening
CI001706,M0100,2025-08-20,7,CrossFit,40,Wednesday,2025-08,Early Morning
CI001707,M0100,2025-05-21,18,Gym Floor,56,Wednesday,2025-05,Evening
CI001708,M0100,2025-03-14,18,Gym Floor,20,Friday,2025-03,Evening
CI001709,M0100,2025-05-25,9,Pilates,72,Sunday,2025-05,Early Morning
CI001710,M0100,2025-03-30,17,HIIT,42,Sunday,2025-03,Evening
CI001711,M0100,2025-04-01,10,Gym Floor,85,Tuesday,2025-04,Morning
CI001712,M0100,2025-08-07,18,Gym Floor,48,Thursday,2025-08,Evening
CI001713,M0100,2025-03-03,19,Zumba,61,Monday,2025-03,Evening
CI001714,M0100,2025-07-16,18,Pilates,94,Wednesday,2025-07,Evening
CI001715,M0100,2025-05-14,11,Strength Training,65,Wednesday,2025-05,Morning
CI001716,M0100,2025-08-10,17,Gym Floor,56,Sunday,2025-08,Evening
CI001717,M0100,2025-04-20,6,Gym Floor,78,Sunday,2025-04,Early Morning
CI001718,M0100,2025-07-13,9,Zumba,20,Sunday,2025-07,Early Morning
CI001719,M0100,2025-05-25,7,Gym Floor,72,Sunday,2025-05,Early Morning
CI001720,M0100,2025-05-27,18,Spin,50,Tuesday,2025-05,Evening
CI001721,M0101,2025-08-29,17,Gym Floor,51,Friday,2025-08,Evening
CI001722,M0101,2025-08-08,17,Gym Floor,47,Friday,2025-08,Evening
CI001723,M0101,2025-04-15,18,Gym Floor,42,Tuesday,2025-04,Evening
CI001724,M0101,2025-04-04,17,Yoga,74,Friday,2025-04,Evening
CI001725,M0101,2025-07-17,19,Gym Floor,36,Thursday,2025-07,Evening
CI001726,M0101,2025-07-24,21,Gym Floor,86,Thursday,2025-07,Night
CI001727,M0101,2025-04-20,18,Pilates,43,Sunday,2025-04,Evening
CI001728,M0101,2025-03-01,20,Gym Floor,23,Saturday,2025-03,Night
CI001729,M0101,2025-06-08,8,Gym Floor,80,Sunday,2025-06,Early Morning
CI001730,M0101,2025-07-20,19,Gym Floor,52,Sunday,2025-07,Evening
CI001731,M0101,2025-05-14,12,Gym Floor,51,Wednesday,2025-05,Morning
CI001732,M0101,2025-05-22,18,HIIT,61,Thursday,2025-05,Evening
CI001733,M0102,2025-05-07,9,Yoga,49,Wednesday,2025-05,Early Morning
CI001734,M0102,2025-05-01,6,Gym Floor,40,Thursday,2025-05,Early Morning
CI001735,M0102,2025-05-06,7,Gym Floor,82,Tuesday,2025-05,Early Morning
CI001736,M0102,2025-07-27,16,Gym Floor,50,Sunday,2025-07,Afternoon
CI001737,M0102,2025-05-03,6,CrossFit,42,Saturday,2025-05,Early Morning
CI001738,M0102,2025-07-13,7,Gym Floor,86,Sunday,2025-07,Early Morning
CI001739,M0102,2025-03-27,8,HIIT,51,Thursday,2025-03,Early Morning
CI001740,M0102,2025-03-10,10,Gym Floor,42,Monday,2025-03,Morning
CI001741,M0102,2025-07-09,8,Gym Floor,27,Wednesday,2025-07,Early Morning
CI001742,M0102,2025-07-11,12,HIIT,80,Friday,2025-07,Morning
CI001743,M0102,2025-04-07,6,CrossFit,52,Monday,2025-04,Early Morning
CI001744,M0102,2025-07-05,16,Gym Floor,56,Saturday,2025-07,Afternoon
CI001745,M0102,2025-07-05,9,Gym Floor,20,Saturday,2025-07,Early Morning
CI001746,M0102,2025-04-18,19,Gym Floor,77,Friday,2025-04,Evening
CI001747,M0102,2025-05-26,17,Zumba,69,Monday,2025-05,Evening
CI001748,M0102,2025-07-14,16,Spin,54,Monday,2025-07,Afternoon
CI001749,M0102,2025-08-03,21,Gym Floor,59,Sunday,2025-08,Night
CI001750,M0102,2025-06-21,17,Strength Training,60,Saturday,2025-06,Evening
CI001751,M0102,2025-04-20,21,Gym Floor,46,Sunday,2025-04,Night
CI001752,M0102,2025-08-22,18,Pilates,20,Friday,2025-08,Evening
CI001753,M0102,2025-05-18,6,Pilates,34,Sunday,2025-05,Early Morning
CI001754,M0102,2025-06-20,10,Yoga,27,Friday,2025-06,Morning
CI001755,M0102,2025-05-28,9,Gym Floor,52,Wednesday,2025-05,Early Morning
CI001756,M0102,2025-04-29,17,Gym Floor,28,Tuesday,2025-04,Evening
CI001757,M0102,2025-03-17,18,Zumba,52,Monday,2025-03,Evening
CI001758,M0102,2025-04-26,17,Spin,51,Saturday,2025-04,Evening
CI001759,M0103,2025-08-05,18,Gym Floor,65,Tuesday,2025-08,Evening
CI001760,M0103,2025-08-30,19,Gym Floor,21,Saturday,2025-08,Evening
CI001761,M0103,2025-05-13,12,Gym Floor,41,Tuesday,2025-05,Morning
CI001762,M0103,2025-03-10,10,Gym Floor,53,Monday,2025-03,Morning
CI001763,M0103,2025-03-22,20,Spin,62,Saturday,2025-03,Night
CI001764,M0103,2025-06-28,11,Zumba,76,Saturday,2025-06,Morning
CI001765,M0103,2025-08-10,8,Zumba,63,Sunday,2025-08,Early Morning
CI001766,M0103,2025-03-06,9,Strength Training,30,Thursday,2025-03,Early Morning
CI001767,M0103,2025-06-30,17,Gym Floor,54,Monday,2025-06,Evening
CI001768,M0103,2025-06-23,7,CrossFit,89,Monday,2025-06,Early Morning
CI001769,M0103,2025-05-30,17,Strength Training,60,Friday,2025-05,Evening
CI001770,M0103,2025-08-02,16,Gym Floor,54,Saturday,2025-08,Afternoon
CI001771,M0103,2025-05-07,18,Pilates,34,Wednesday,2025-05,Evening
CI001772,M0103,2025-03-30,10,Spin,79,Sunday,2025-03,Morning
CI001773,M0103,2025-05-06,11,Zumba,53,Tuesday,2025-05,Morning
CI001774,M0103,2025-07-27,7,Gym Floor,63,Sunday,2025-07,Early Morning
CI001775,M0103,2025-05-11,18,Gym Floor,63,Sunday,2025-05,Evening
CI001776,M0104,2025-08-22,19,Gym Floor,32,Friday,2025-08,Evening
CI001777,M0104,2025-07-13,18,Gym Floor,85,Sunday,2025-07,Evening
CI001778,M0104,2025-03-19,7,Gym Floor,40,Wednesday,2025-03,Early Morning
CI001779,M0104,2025-05-08,19,Gym Floor,39,Thursday,2025-05,Evening
CI001780,M0104,2025-06-09,6,Zumba,60,Monday,2025-06,Early Morning
CI001781,M0104,2025-07-17,19,HIIT,54,Thursday,2025-07,Evening
CI001782,M0104,2025-03-02,19,Gym Floor,66,Sunday,2025-03,Evening
CI001783,M0104,2025-06-13,16,Gym Floor,26,Friday,2025-06,Afternoon
CI001784,M0104,2025-07-26,6,Gym Floor,47,Saturday,2025-07,Early Morning
CI001785,M0104,2025-03-15,7,Gym Floor,81,Saturday,2025-03,Early Morning
CI001786,M0104,2025-03-21,19,Gym Floor,47,Friday,2025-03,Evening
CI001787,M0104,2025-06-21,7,Gym Floor,72,Saturday,2025-06,Early Morning
CI001788,M0104,2025-04-08,18,Zumba,81,Tuesday,2025-04,Evening
CI001789,M0104,2025-03-06,17,Cardio,49,Thursday,2025-03,Evening
CI001790,M0104,2025-07-26,18,Strength Training,83,Saturday,2025-07,Evening
CI001791,M0104,2025-08-18,7,Gym Floor,49,Monday,2025-08,Early Morning
CI001792,M0104,2025-03-12,17,Zumba,37,Wednesday,2025-03,Evening
CI001793,M0104,2025-03-14,8,Gym Floor,20,Friday,2025-03,Early Morning
CI001794,M0104,2025-04-05,8,HIIT,69,Saturday,2025-04,Early Morning
CI001795,M0104,2025-05-08,18,Cardio,69,Thursday,2025-05,Evening
CI001796,M0104,2025-04-05,11,Yoga,61,Saturday,2025-04,Morning
CI001797,M0104,2025-04-20,6,Gym Floor,72,Sunday,2025-04,Early Morning
CI001798,M0104,2025-04-26,18,Gym Floor,75,Saturday,2025-04,Evening
CI001799,M0104,2025-03-24,16,Gym Floor,52,Monday,2025-03,Afternoon
CI001800,M0106,2025-07-04,17,Gym Floor,77,Friday,2025-07,Evening
CI001801,M0106,2025-06-22,6,Yoga,20,Sunday,2025-06,Early Morning
CI001802,M0106,2025-07-12,8,Cardio,51,Saturday,2025-07,Early Morning
CI001803,M0106,2025-03-23,7,Gym Floor,59,Sunday,2025-03,Early Morning
CI001804,M0106,2025-06-19,21,Gym Floor,34,Thursday,2025-06,Night
CI001805,M0106,2025-08-25,16,Gym Floor,99,Monday,2025-08,Afternoon
CI001806,M0106,2025-08-25,9,Pilates,33,Monday,2025-08,Early Morning
CI001807,M0106,2025-06-05,16,Strength Training,65,Thursday,2025-06,Afternoon
CI001808,M0106,2025-08-10,9,Pilates,75,Sunday,2025-08,Early Morning
CI001809,M0106,2025-03-01,7,Gym Floor,83,Saturday,2025-03,Early Morning
CI001810,M0106,2025-04-30,9,Strength Training,69,Wednesday,2025-04,Early Morning
CI001811,M0106,2025-07-10,11,Pilates,47,Thursday,2025-07,Morning
CI001812,M0106,2025-08-25,11,HIIT,50,Monday,2025-08,Morning
CI001813,M0106,2025-04-05,12,Pilates,43,Saturday,2025-04,Morning
CI001814,M0106,2025-07-08,19,HIIT,52,Tuesday,2025-07,Evening
CI001815,M0106,2025-04-25,6,Gym Floor,65,Friday,2025-04,Early Morning
CI001816,M0106,2025-06-19,19,Gym Floor,91,Thursday,2025-06,Evening
CI001817,M0106,2025-06-20,18,Gym Floor,25,Friday,2025-06,Evening
CI001818,M0106,2025-07-04,19,Pilates,51,Friday,2025-07,Evening
CI001819,M0106,2025-08-12,7,Zumba,69,Tuesday,2025-08,Early Morning
CI001820,M0106,2025-04-30,19,Gym Floor,60,Wednesday,2025-04,Evening
CI001821,M0106,2025-07-11,9,Gym Floor,34,Friday,2025-07,Early Morning
CI001822,M0106,2025-06-13,8,Gym Floor,41,Friday,2025-06,Early Morning
CI001823,M0106,2025-05-13,17,Cardio,87,Tuesday,2025-05,Evening
CI001824,M0106,2025-08-20,8,Zumba,71,Wednesday,2025-08,Early Morning
CI001825,M0106,2025-07-11,17,Gym Floor,42,Friday,2025-07,Evening
CI001826,M0106,2025-03-13,17,Gym Floor,24,Thursday,2025-03,Evening
CI001827,M0107,2025-03-20,18,Spin,72,Thursday,2025-03,Evening
CI001828,M0107,2025-03-26,16,Gym Floor,32,Wednesday,2025-03,Afternoon
CI001829,M0107,2025-07-03,19,Gym Floor,42,Thursday,2025-07,Evening
CI001830,M0107,2025-08-28,18,Gym Floor,69,Thursday,2025-08,Evening
CI001831,M0107,2025-07-20,18,Gym Floor,57,Sunday,2025-07,Evening
CI001832,M0107,2025-07-20,20,Gym Floor,43,Sunday,2025-07,Night
CI001833,M0107,2025-05-11,7,Gym Floor,50,Sunday,2025-05,Early Morning
CI001834,M0107,2025-08-02,17,Strength Training,53,Saturday,2025-08,Evening
CI001835,M0107,2025-08-12,7,CrossFit,45,Tuesday,2025-08,Early Morning
CI001836,M0107,2025-06-04,17,Gym Floor,65,Wednesday,2025-06,Evening
CI001837,M0107,2025-07-09,20,Gym Floor,60,Wednesday,2025-07,Night
CI001838,M0107,2025-08-01,17,Zumba,70,Friday,2025-08,Evening
CI001839,M0107,2025-06-20,16,Gym Floor,65,Friday,2025-06,Afternoon
CI001840,M0107,2025-06-23,16,Cardio,75,Monday,2025-06,Afternoon
CI001841,M0107,2025-03-04,19,Yoga,66,Tuesday,2025-03,Evening
CI001842,M0107,2025-03-22,19,CrossFit,57,Saturday,2025-03,Evening
CI001843,M0107,2025-06-02,8,HIIT,55,Monday,2025-06,Early Morning
CI001844,M0107,2025-03-21,7,Gym Floor,60,Friday,2025-03,Early Morning
CI001845,M0107,2025-08-01,17,Gym Floor,39,Friday,2025-08,Evening
CI001846,M0107,2025-05-12,16,Gym Floor,51,Monday,2025-05,Afternoon
CI001847,M0107,2025-04-06,18,Strength Training,24,Sunday,2025-04,Evening
CI001848,M0107,2025-04-12,18,Zumba,63,Saturday,2025-04,Evening
CI001849,M0107,2025-03-25,19,Yoga,61,Tuesday,2025-03,Evening
CI001850,M0107,2025-07-14,7,Spin,55,Monday,2025-07,Early Morning
CI001851,M0107,2025-03-21,7,CrossFit,59,Friday,2025-03,Early Morning
CI001852,M0107,2025-04-26,6,Cardio,74,Saturday,2025-04,Early Morning
CI001853,M0107,2025-06-03,19,Gym Floor,55,Tuesday,2025-06,Evening
CI001854,M0107,2025-04-21,11,Gym Floor,69,Monday,2025-04,Morning
CI001855,M0108,2025-07-14,12,Pilates,73,Monday,2025-07,Morning
CI001856,M0108,2025-08-24,7,Zumba,46,Sunday,2025-08,Early Morning
CI001857,M0108,2025-08-28,17,Gym Floor,72,Thursday,2025-08,Evening
CI001858,M0108,2025-07-08,18,Pilates,49,Tuesday,2025-07,Evening
CI001859,M0108,2025-05-11,18,Spin,51,Sunday,2025-05,Evening
CI001860,M0108,2025-07-21,8,Cardio,36,Monday,2025-07,Early Morning
CI001861,M0109,2025-04-01,17,Gym Floor,67,Tuesday,2025-04,Evening
CI001862,M0109,2025-03-09,18,Gym Floor,38,Sunday,2025-03,Evening
CI001863,M0109,2025-04-14,19,Gym Floor,54,Monday,2025-04,Evening
CI001864,M0109,2025-05-14,18,Pilates,34,Wednesday,2025-05,Evening
CI001865,M0109,2025-03-18,18,Gym Floor,43,Tuesday,2025-03,Evening
CI001866,M0109,2025-03-28,9,Pilates,54,Friday,2025-03,Early Morning
CI001867,M0109,2025-07-13,18,Gym Floor,57,Sunday,2025-07,Evening
CI001868,M0109,2025-07-21,7,Gym Floor,51,Monday,2025-07,Early Morning
CI001869,M0109,2025-04-10,7,Yoga,63,Thursday,2025-04,Early Morning
CI001870,M0109,2025-05-29,19,Gym Floor,58,Thursday,2025-05,Evening
CI001871,M0109,2025-05-05,8,Zumba,35,Monday,2025-05,Early Morning
CI001872,M0109,2025-03-19,20,Gym Floor,62,Wednesday,2025-03,Night
CI001873,M0109,2025-03-15,17,Gym Floor,69,Saturday,2025-03,Evening
CI001874,M0109,2025-03-06,17,Gym Floor,76,Thursday,2025-03,Evening
CI001875,M0109,2025-08-24,19,CrossFit,49,Sunday,2025-08,Evening
CI001876,M0109,2025-07-07,7,Gym Floor,43,Monday,2025-07,Early Morning
CI001877,M0109,2025-06-05,7,Spin,66,Thursday,2025-06,Early Morning
CI001878,M0109,2025-07-20,19,CrossFit,74,Sunday,2025-07,Evening
CI001879,M0109,2025-03-01,7,Gym Floor,88,Saturday,2025-03,Early Morning
CI001880,M0109,2025-07-02,9,Gym Floor,31,Wednesday,2025-07,Early Morning
CI001881,M0109,2025-04-21,20,HIIT,60,Monday,2025-04,Night
CI001882,M0109,2025-03-03,7,Strength Training,77,Monday,2025-03,Early Morning
CI001883,M0109,2025-08-25,7,Gym Floor,52,Monday,2025-08,Early Morning
CI001884,M0109,2025-04-16,17,Spin,83,Wednesday,2025-04,Evening
CI001885,M0109,2025-03-21,11,Gym Floor,43,Friday,2025-03,Morning
CI001886,M0109,2025-04-19,10,Yoga,86,Saturday,2025-04,Morning
CI001887,M0110,2025-06-25,17,Spin,91,Wednesday,2025-06,Evening
CI001888,M0110,2025-07-09,8,Yoga,51,Wednesday,2025-07,Early Morning
CI001889,M0110,2025-08-20,18,Gym Floor,60,Wednesday,2025-08,Evening
CI001890,M0110,2025-03-29,9,Pilates,34,Saturday,2025-03,Early Morning
CI001891,M0110,2025-06-25,9,Gym Floor,49,Wednesday,2025-06,Early Morning
CI001892,M0111,2025-04-05,7,Gym Floor,52,Saturday,2025-04,Early Morning
CI001893,M0111,2025-04-21,12,Pilates,31,Monday,2025-04,Morning
CI001894,M0111,2025-06-18,17,Gym Floor,64,Wednesday,2025-06,Evening
CI001895,M0111,2025-08-19,9,Cardio,39,Tuesday,2025-08,Early Morning
CI001896,M0111,2025-07-29,20,Spin,50,Tuesday,2025-07,Night
CI001897,M0111,2025-06-03,12,Gym Floor,67,Tuesday,2025-06,Morning
CI001898,M0111,2025-08-02,8,HIIT,36,Saturday,2025-08,Early Morning
CI001899,M0111,2025-04-18,17,Zumba,58,Friday,2025-04,Evening
CI001900,M0111,2025-07-07,7,Cardio,81,Monday,2025-07,Early Morning
CI001901,M0112,2025-06-05,19,Gym Floor,48,Thursday,2025-06,Evening
CI001902,M0112,2025-07-12,8,Gym Floor,39,Saturday,2025-07,Early Morning
CI001903,M0112,2025-08-18,7,Gym Floor,82,Monday,2025-08,Early Morning
CI001904,M0112,2025-03-21,17,Gym Floor,43,Friday,2025-03,Evening
CI001905,M0112,2025-03-27,19,HIIT,55,Thursday,2025-03,Evening
CI001906,M0112,2025-06-25,17,Gym Floor,64,Wednesday,2025-06,Evening
CI001907,M0112,2025-07-21,9,CrossFit,59,Monday,2025-07,Early Morning
CI001908,M0112,2025-03-28,20,Zumba,79,Friday,2025-03,Night
CI001909,M0112,2025-03-09,9,Gym Floor,66,Sunday,2025-03,Early Morning
CI001910,M0112,2025-04-24,18,Strength Training,75,Thursday,2025-04,Evening
CI001911,M0112,2025-08-25,19,Cardio,81,Monday,2025-08,Evening
CI001912,M0112,2025-06-29,17,Gym Floor,88,Sunday,2025-06,Evening
CI001913,M0112,2025-08-27,17,Gym Floor,54,Wednesday,2025-08,Evening
CI001914,M0112,2025-04-29,10,Pilates,76,Tuesday,2025-04,Morning
CI001915,M0112,2025-07-21,18,Gym Floor,63,Monday,2025-07,Evening
CI001916,M0112,2025-05-01,12,Strength Training,59,Thursday,2025-05,Morning
CI001917,M0112,2025-05-23,7,Yoga,78,Friday,2025-05,Early Morning
CI001918,M0112,2025-08-03,10,Gym Floor,51,Sunday,2025-08,Morning
CI001919,M0112,2025-05-25,10,Gym Floor,55,Sunday,2025-05,Morning
CI001920,M0112,2025-04-16,18,Gym Floor,41,Wednesday,2025-04,Evening
CI001921,M0112,2025-04-13,8,Spin,67,Sunday,2025-04,Early Morning
CI001922,M0112,2025-07-14,7,Pilates,86,Monday,2025-07,Early Morning
CI001923,M0112,2025-03-21,9,Zumba,49,Friday,2025-03,Early Morning
CI001924,M0112,2025-06-13,12,Gym Floor,68,Friday,2025-06,Morning
CI001925,M0112,2025-03-16,19,Pilates,59,Sunday,2025-03,Evening
CI001926,M0112,2025-03-03,21,Gym Floor,36,Monday,2025-03,Night
CI001927,M0112,2025-08-24,16,Gym Floor,44,Sunday,2025-08,Afternoon
CI001928,M0112,2025-08-20,18,Spin,72,Wednesday,2025-08,Evening
CI001929,M0112,2025-03-04,7,Gym Floor,55,Tuesday,2025-03,Early Morning
CI001930,M0112,2025-04-23,12,Gym Floor,30,Wednesday,2025-04,Morning
CI001931,M0112,2025-03-15,19,Gym Floor,54,Saturday,2025-03,Evening
CI001932,M0112,2025-08-10,19,Pilates,51,Sunday,2025-08,Evening
CI001933,M0112,2025-03-14,7,HIIT,54,Friday,2025-03,Early Morning
CI001934,M0112,2025-07-15,21,Cardio,60,Tuesday,2025-07,Night
CI001935,M0112,2025-07-26,10,HIIT,57,Saturday,2025-07,Morning
CI001936,M0112,2025-08-23,8,Gym Floor,58,Saturday,2025-08,Early Morning
CI001937,M0112,2025-08-28,19,Cardio,57,Thursday,2025-08,Evening
CI001938,M0112,2025-03-19,20,Cardio,62,Wednesday,2025-03,Night
CI001939,M0112,2025-04-06,17,Gym Floor,57,Sunday,2025-04,Evening
CI001940,M0112,2025-07-17,6,CrossFit,60,Thursday,2025-07,Early Morning
CI001941,M0112,2025-06-30,8,HIIT,51,Monday,2025-06,Early Morning
CI001942,M0113,2025-07-15,6,Gym Floor,24,Tuesday,2025-07,Early Morning
CI001943,M0113,2025-06-20,10,Gym Floor,92,Friday,2025-06,Morning
CI001944,M0113,2025-05-14,17,Gym Floor,20,Wednesday,2025-05,Evening
CI001945,M0113,2025-07-14,8,Gym Floor,61,Monday,2025-07,Early Morning
CI001946,M0113,2025-08-13,21,HIIT,48,Wednesday,2025-08,Night
CI001947,M0113,2025-04-30,11,Gym Floor,45,Wednesday,2025-04,Morning
CI001948,M0113,2025-06-16,9,Cardio,56,Monday,2025-06,Early Morning
CI001949,M0113,2025-03-21,9,Gym Floor,38,Friday,2025-03,Early Morning
CI001950,M0113,2025-07-06,21,Zumba,43,Sunday,2025-07,Night
CI001951,M0113,2025-05-18,7,CrossFit,38,Sunday,2025-05,Early Morning
CI001952,M0113,2025-05-27,20,Spin,85,Tuesday,2025-05,Night
CI001953,M0114,2025-04-03,9,Gym Floor,41,Thursday,2025-04,Early Morning
CI001954,M0114,2025-07-25,19,Gym Floor,31,Friday,2025-07,Evening
CI001955,M0114,2025-05-17,8,Strength Training,59,Saturday,2025-05,Early Morning
CI001956,M0114,2025-07-12,11,Pilates,48,Saturday,2025-07,Morning
CI001957,M0114,2025-03-20,7,Spin,61,Thursday,2025-03,Early Morning
CI001958,M0114,2025-08-20,6,Strength Training,45,Wednesday,2025-08,Early Morning
CI001959,M0114,2025-06-17,8,Pilates,43,Tuesday,2025-06,Early Morning
CI001960,M0114,2025-04-30,17,Strength Training,78,Wednesday,2025-04,Evening
CI001961,M0114,2025-04-20,20,Yoga,52,Sunday,2025-04,Night
CI001962,M0114,2025-03-24,16,Gym Floor,48,Monday,2025-03,Afternoon
CI001963,M0114,2025-07-20,17,Gym Floor,65,Sunday,2025-07,Evening
CI001964,M0114,2025-08-17,18,Gym Floor,34,Sunday,2025-08,Evening
CI001965,M0114,2025-04-16,7,HIIT,49,Wednesday,2025-04,Early Morning
CI001966,M0114,2025-07-18,8,Gym Floor,72,Friday,2025-07,Early Morning
CI001967,M0114,2025-05-11,17,Zumba,72,Sunday,2025-05,Evening
CI001968,M0114,2025-07-25,19,Zumba,76,Friday,2025-07,Evening
CI001969,M0114,2025-07-19,9,Pilates,61,Saturday,2025-07,Early Morning
CI001970,M0114,2025-06-29,10,Gym Floor,88,Sunday,2025-06,Morning
CI001971,M0114,2025-05-27,8,Spin,40,Tuesday,2025-05,Early Morning
CI001972,M0115,2025-07-12,7,Gym Floor,52,Saturday,2025-07,Early Morning
CI001973,M0115,2025-05-07,18,CrossFit,38,Wednesday,2025-05,Evening
CI001974,M0115,2025-06-17,16,Gym Floor,56,Tuesday,2025-06,Afternoon
CI001975,M0115,2025-05-31,17,Gym Floor,72,Saturday,2025-05,Evening
CI001976,M0115,2025-07-30,18,Pilates,63,Wednesday,2025-07,Evening
CI001977,M0116,2025-08-10,11,Cardio,45,Sunday,2025-08,Morning
CI001978,M0116,2025-05-12,7,Spin,35,Monday,2025-05,Early Morning
CI001979,M0116,2025-03-05,19,Strength Training,57,Wednesday,2025-03,Evening
CI001980,M0116,2025-07-20,19,CrossFit,54,Sunday,2025-07,Evening
CI001981,M0117,2025-05-04,19,Gym Floor,20,Sunday,2025-05,Evening
CI001982,M0117,2025-04-06,10,Gym Floor,57,Sunday,2025-04,Morning
CI001983,M0117,2025-08-13,9,Zumba,58,Wednesday,2025-08,Early Morning
CI001984,M0117,2025-08-05,17,Gym Floor,67,Tuesday,2025-08,Evening
CI001985,M0117,2025-05-23,18,Yoga,42,Friday,2025-05,Evening
CI001986,M0117,2025-08-09,8,Pilates,58,Saturday,2025-08,Early Morning
CI001987,M0117,2025-07-08,18,Gym Floor,46,Tuesday,2025-07,Evening
CI001988,M0117,2025-07-16,6,Yoga,49,Wednesday,2025-07,Early Morning
CI001989,M0117,2025-05-07,17,HIIT,77,Wednesday,2025-05,Evening
CI001990,M0117,2025-03-09,8,CrossFit,50,Sunday,2025-03,Early Morning
CI001991,M0117,2025-07-23,18,Gym Floor,73,Wednesday,2025-07,Evening
CI001992,M0117,2025-07-01,12,Gym Floor,71,Tuesday,2025-07,Morning
CI001993,M0117,2025-03-16,17,Cardio,73,Sunday,2025-03,Evening
CI001994,M0117,2025-04-23,8,Pilates,51,Wednesday,2025-04,Early Morning
CI001995,M0117,2025-08-25,6,CrossFit,31,Monday,2025-08,Early Morning
CI001996,M0117,2025-03-31,8,Gym Floor,48,Monday,2025-03,Early Morning
CI001997,M0117,2025-04-12,18,Gym Floor,51,Saturday,2025-04,Evening
CI001998,M0118,2025-04-01,7,Gym Floor,58,Tuesday,2025-04,Early Morning
CI001999,M0118,2025-08-01,19,Gym Floor,36,Friday,2025-08,Evening
CI002000,M0118,2025-07-04,19,Gym Floor,60,Friday,2025-07,Evening
CI002001,M0118,2025-06-29,17,Pilates,66,Sunday,2025-06,Evening
CI002002,M0118,2025-07-19,11,Pilates,70,Saturday,2025-07,Morning
CI002003,M0118,2025-08-09,16,CrossFit,44,Saturday,2025-08,Afternoon
CI002004,M0118,2025-07-03,19,CrossFit,58,Thursday,2025-07,Evening
CI002005,M0119,2025-04-11,7,CrossFit,68,Friday,2025-04,Early Morning
CI002006,M0119,2025-06-20,17,Gym Floor,61,Friday,2025-06,Evening
CI002007,M0119,2025-03-04,7,Pilates,20,Tuesday,2025-03,Early Morning
CI002008,M0119,2025-07-06,18,Yoga,57,Sunday,2025-07,Evening
CI002009,M0119,2025-05-01,7,Yoga,73,Thursday,2025-05,Early Morning
CI002010,M0119,2025-06-20,18,Strength Training,54,Friday,2025-06,Evening
CI002011,M0119,2025-05-28,20,HIIT,54,Wednesday,2025-05,Night
CI002012,M0119,2025-04-10,17,Gym Floor,43,Thursday,2025-04,Evening
CI002013,M0119,2025-05-18,18,Gym Floor,35,Sunday,2025-05,Evening
CI002014,M0119,2025-05-12,6,CrossFit,40,Monday,2025-05,Early Morning
CI002015,M0119,2025-08-19,17,Strength Training,38,Tuesday,2025-08,Evening
CI002016,M0119,2025-06-08,16,Gym Floor,43,Sunday,2025-06,Afternoon
CI002017,M0119,2025-05-30,19,Gym Floor,48,Friday,2025-05,Evening
CI002018,M0119,2025-06-09,11,Gym Floor,67,Monday,2025-06,Morning
CI002019,M0119,2025-05-07,19,Gym Floor,77,Wednesday,2025-05,Evening
CI002020,M0119,2025-04-05,18,Gym Floor,86,Saturday,2025-04,Evening
CI002021,M0119,2025-08-24,12,Gym Floor,78,Sunday,2025-08,Morning
CI002022,M0119,2025-05-03,16,Gym Floor,66,Saturday,2025-05,Afternoon
CI002023,M0119,2025-05-13,12,Strength Training,73,Tuesday,2025-05,Morning
CI002024,M0119,2025-04-03,10,CrossFit,78,Thursday,2025-04,Morning
CI002025,M0121,2025-05-15,7,HIIT,80,Thursday,2025-05,Early Morning
CI002026,M0121,2025-03-12,21,Gym Floor,40,Wednesday,2025-03,Night
CI002027,M0121,2025-07-10,18,Cardio,77,Thursday,2025-07,Evening
CI002028,M0121,2025-04-08,19,Cardio,31,Tuesday,2025-04,Evening
CI002029,M0121,2025-03-26,8,Yoga,56,Wednesday,2025-03,Early Morning
CI002030,M0121,2025-05-08,19,Gym Floor,86,Thursday,2025-05,Evening
CI002031,M0121,2025-08-22,9,Gym Floor,72,Friday,2025-08,Early Morning
CI002032,M0121,2025-06-25,18,HIIT,37,Wednesday,2025-06,Evening
CI002033,M0121,2025-03-15,18,Gym Floor,55,Saturday,2025-03,Evening
CI002034,M0121,2025-07-14,16,Yoga,54,Monday,2025-07,Afternoon
CI002035,M0121,2025-04-14,10,Gym Floor,51,Monday,2025-04,Morning
CI002036,M0121,2025-04-04,18,Yoga,75,Friday,2025-04,Evening
CI002037,M0121,2025-04-01,18,Gym Floor,51,Tuesday,2025-04,Evening
CI002038,M0121,2025-08-01,8,Gym Floor,78,Friday,2025-08,Early Morning
CI002039,M0121,2025-03-28,8,Spin,76,Friday,2025-03,Early Morning
CI002040,M0121,2025-06-27,17,Yoga,49,Friday,2025-06,Evening
CI002041,M0122,2025-04-04,8,Pilates,34,Friday,2025-04,Early Morning
CI002042,M0122,2025-07-24,16,Gym Floor,31,Thursday,2025-07,Afternoon
CI002043,M0122,2025-08-09,12,Spin,56,Saturday,2025-08,Morning
CI002044,M0122,2025-06-25,7,Gym Floor,20,Wednesday,2025-06,Early Morning
CI002045,M0122,2025-03-06,8,Gym Floor,59,Thursday,2025-03,Early Morning
CI002046,M0122,2025-05-04,21,Pilates,73,Sunday,2025-05,Night
CI002047,M0122,2025-07-25,8,Zumba,90,Friday,2025-07,Early Morning
CI002048,M0122,2025-04-10,12,Gym Floor,42,Thursday,2025-04,Morning
CI002049,M0122,2025-05-28,11,Gym Floor,36,Wednesday,2025-05,Morning
CI002050,M0122,2025-06-13,7,HIIT,69,Friday,2025-06,Early Morning
CI002051,M0122,2025-06-18,20,Gym Floor,44,Wednesday,2025-06,Night
CI002052,M0122,2025-04-13,8,Gym Floor,74,Sunday,2025-04,Early Morning
CI002053,M0122,2025-05-30,18,Gym Floor,56,Friday,2025-05,Evening
CI002054,M0122,2025-06-06,20,Gym Floor,44,Friday,2025-06,Night
CI002055,M0122,2025-03-28,8,Strength Training,76,Friday,2025-03,Early Morning
CI002056,M0122,2025-06-30,19,Strength Training,73,Monday,2025-06,Evening
CI002057,M0122,2025-05-15,21,Yoga,26,Thursday,2025-05,Night
CI002058,M0122,2025-04-08,8,Gym Floor,39,Tuesday,2025-04,Early Morning
CI002059,M0122,2025-06-15,18,Gym Floor,49,Sunday,2025-06,Evening
CI002060,M0123,2025-06-23,19,Strength Training,20,Monday,2025-06,Evening
CI002061,M0124,2025-08-12,7,Gym Floor,49,Tuesday,2025-08,Early Morning
CI002062,M0124,2025-07-23,18,Gym Floor,68,Wednesday,2025-07,Evening
CI002063,M0124,2025-07-28,19,CrossFit,85,Monday,2025-07,Evening
CI002064,M0125,2025-06-28,11,Gym Floor,79,Saturday,2025-06,Morning
CI002065,M0125,2025-05-25,9,Zumba,28,Sunday,2025-05,Early Morning
CI002066,M0125,2025-08-31,8,Gym Floor,48,Sunday,2025-08,Early Morning
CI002067,M0126,2025-04-27,18,Gym Floor,71,Sunday,2025-04,Evening
CI002068,M0126,2025-07-01,17,HIIT,31,Tuesday,2025-07,Evening
CI002069,M0126,2025-06-10,18,Zumba,81,Tuesday,2025-06,Evening
CI002070,M0126,2025-05-17,9,HIIT,47,Saturday,2025-05,Early Morning
CI002071,M0126,2025-04-10,7,Zumba,71,Thursday,2025-04,Early Morning
CI002072,M0126,2025-06-01,6,Gym Floor,83,Sunday,2025-06,Early Morning
CI002073,M0126,2025-04-07,17,Pilates,48,Monday,2025-04,Evening
CI002074,M0126,2025-07-21,19,Gym Floor,54,Monday,2025-07,Evening
CI002075,M0126,2025-07-04,8,CrossFit,73,Friday,2025-07,Early Morning
CI002076,M0126,2025-08-25,7,Cardio,39,Monday,2025-08,Early Morning
CI002077,M0126,2025-04-02,7,Cardio,46,Wednesday,2025-04,Early Morning
CI002078,M0126,2025-08-24,9,Gym Floor,49,Sunday,2025-08,Early Morning
CI002079,M0126,2025-08-01,12,HIIT,45,Friday,2025-08,Morning
CI002080,M0126,2025-05-15,21,Strength Training,57,Thursday,2025-05,Night
CI002081,M0126,2025-08-29,7,Gym Floor,71,Friday,2025-08,Early Morning
CI002082,M0126,2025-03-16,12,Gym Floor,62,Sunday,2025-03,Morning
CI002083,M0127,2025-07-17,16,CrossFit,20,Thursday,2025-07,Afternoon
CI002084,M0127,2025-04-29,17,Gym Floor,52,Tuesday,2025-04,Evening
CI002085,M0127,2025-05-19,16,Gym Floor,48,Monday,2025-05,Afternoon
CI002086,M0127,2025-08-23,17,Gym Floor,67,Saturday,2025-08,Evening
CI002087,M0127,2025-03-29,18,Zumba,66,Saturday,2025-03,Evening
CI002088,M0127,2025-08-17,16,HIIT,29,Sunday,2025-08,Afternoon
CI002089,M0127,2025-07-29,6,Gym Floor,63,Tuesday,2025-07,Early Morning
CI002090,M0127,2025-05-29,10,Gym Floor,77,Thursday,2025-05,Morning
CI002091,M0127,2025-03-09,19,Yoga,58,Sunday,2025-03,Evening
CI002092,M0127,2025-03-13,18,CrossFit,58,Thursday,2025-03,Evening
CI002093,M0127,2025-05-27,21,HIIT,52,Tuesday,2025-05,Night
CI002094,M0127,2025-06-21,18,HIIT,74,Saturday,2025-06,Evening
CI002095,M0127,2025-08-06,20,Zumba,80,Wednesday,2025-08,Night
CI002096,M0127,2025-07-17,16,Zumba,44,Thursday,2025-07,Afternoon
CI002097,M0127,2025-07-08,17,Yoga,68,Tuesday,2025-07,Evening
CI002098,M0127,2025-04-28,7,Gym Floor,54,Monday,2025-04,Early Morning
CI002099,M0128,2025-03-09,8,CrossFit,57,Sunday,2025-03,Early Morning
CI002100,M0128,2025-05-30,7,CrossFit,53,Friday,2025-05,Early Morning
CI002101,M0128,2025-04-17,11,Spin,45,Thursday,2025-04,Morning
CI002102,M0128,2025-06-29,10,Strength Training,64,Sunday,2025-06,Morning
CI002103,M0129,2025-05-20,18,Cardio,50,Tuesday,2025-05,Evening
CI002104,M0129,2025-07-30,19,Spin,36,Wednesday,2025-07,Evening
CI002105,M0129,2025-08-12,18,Gym Floor,30,Tuesday,2025-08,Evening
CI002106,M0129,2025-08-19,18,Gym Floor,80,Tuesday,2025-08,Evening
CI002107,M0129,2025-06-04,9,Gym Floor,75,Wednesday,2025-06,Early Morning
CI002108,M0129,2025-04-12,8,Gym Floor,68,Saturday,2025-04,Early Morning
CI002109,M0129,2025-07-07,7,Zumba,54,Monday,2025-07,Early Morning
CI002110,M0129,2025-07-23,10,Zumba,49,Wednesday,2025-07,Morning
CI002111,M0129,2025-04-09,6,Gym Floor,66,Wednesday,2025-04,Early Morning
CI002112,M0129,2025-08-25,18,Gym Floor,20,Monday,2025-08,Evening
CI002113,M0129,2025-03-27,8,CrossFit,80,Thursday,2025-03,Early Morning
CI002114,M0129,2025-04-03,20,CrossFit,60,Thursday,2025-04,Night
CI002115,M0129,2025-08-29,9,Gym Floor,77,Friday,2025-08,Early Morning
CI002116,M0129,2025-05-28,7,Gym Floor,49,Wednesday,2025-05,Early Morning
CI002117,M0129,2025-04-28,6,Gym Floor,60,Monday,2025-04,Early Morning
CI002118,M0129,2025-03-13,20,Gym Floor,37,Thursday,2025-03,Night
CI002119,M0129,2025-07-20,21,Gym Floor,56,Sunday,2025-07,Night
CI002120,M0129,2025-07-15,7,Spin,46,Tuesday,2025-07,Early Morning
CI002121,M0129,2025-06-20,9,CrossFit,53,Friday,2025-06,Early Morning
CI002122,M0129,2025-05-22,7,Gym Floor,70,Thursday,2025-05,Early Morning
CI002123,M0129,2025-06-26,19,Strength Training,39,Thursday,2025-06,Evening
CI002124,M0129,2025-08-05,11,Gym Floor,61,Tuesday,2025-08,Morning
CI002125,M0129,2025-07-22,11,Gym Floor,53,Tuesday,2025-07,Morning
CI002126,M0129,2025-06-18,8,Gym Floor,25,Wednesday,2025-06,Early Morning
CI002127,M0129,2025-06-08,11,Cardio,89,Sunday,2025-06,Morning
CI002128,M0129,2025-04-11,7,CrossFit,66,Friday,2025-04,Early Morning
CI002129,M0129,2025-05-27,18,Strength Training,54,Tuesday,2025-05,Evening
CI002130,M0129,2025-03-07,12,HIIT,58,Friday,2025-03,Morning
CI002131,M0129,2025-08-15,12,Yoga,47,Friday,2025-08,Morning
CI002132,M0129,2025-04-24,9,Gym Floor,31,Thursday,2025-04,Early Morning
CI002133,M0129,2025-04-02,9,Cardio,24,Wednesday,2025-04,Early Morning
CI002134,M0129,2025-03-10,19,Gym Floor,40,Monday,2025-03,Evening
CI002135,M0129,2025-07-19,16,Strength Training,41,Saturday,2025-07,Afternoon
CI002136,M0129,2025-05-25,17,Pilates,95,Sunday,2025-05,Evening
CI002137,M0129,2025-04-07,16,Cardio,20,Monday,2025-04,Afternoon
CI002138,M0129,2025-07-06,9,Strength Training,59,Sunday,2025-07,Early Morning
CI002139,M0129,2025-04-13,16,Gym Floor,67,Sunday,2025-04,Afternoon
CI002140,M0129,2025-06-20,18,HIIT,71,Friday,2025-06,Evening
CI002141,M0129,2025-05-17,12,Pilates,61,Saturday,2025-05,Morning
CI002142,M0129,2025-06-06,18,Strength Training,51,Friday,2025-06,Evening
CI002143,M0129,2025-06-20,9,Yoga,68,Friday,2025-06,Early Morning
CI002144,M0129,2025-08-04,18,Strength Training,44,Monday,2025-08,Evening
CI002145,M0129,2025-03-02,16,Gym Floor,55,Sunday,2025-03,Afternoon
CI002146,M0129,2025-05-30,7,Gym Floor,53,Friday,2025-05,Early Morning
CI002147,M0129,2025-06-24,7,Pilates,66,Tuesday,2025-06,Early Morning
CI002148,M0129,2025-04-22,12,Strength Training,69,Tuesday,2025-04,Morning
CI002149,M0130,2025-06-21,18,Gym Floor,63,Saturday,2025-06,Evening
CI002150,M0131,2025-04-06,6,Gym Floor,53,Sunday,2025-04,Early Morning
CI002151,M0131,2025-03-14,10,Gym Floor,33,Friday,2025-03,Morning
CI002152,M0131,2025-05-03,18,HIIT,62,Saturday,2025-05,Evening
CI002153,M0131,2025-05-16,7,Strength Training,79,Friday,2025-05,Early Morning
CI002154,M0131,2025-03-18,19,CrossFit,31,Tuesday,2025-03,Evening
CI002155,M0131,2025-04-19,16,Gym Floor,51,Saturday,2025-04,Afternoon
CI002156,M0131,2025-05-24,10,Strength Training,41,Saturday,2025-05,Morning
CI002157,M0131,2025-04-02,18,Gym Floor,30,Wednesday,2025-04,Evening
CI002158,M0131,2025-07-21,20,Gym Floor,93,Monday,2025-07,Night
CI002159,M0131,2025-05-08,6,Gym Floor,76,Thursday,2025-05,Early Morning
CI002160,M0131,2025-07-24,18,Pilates,40,Thursday,2025-07,Evening
CI002161,M0131,2025-06-19,10,Zumba,51,Thursday,2025-06,Morning
CI002162,M0131,2025-04-17,19,Gym Floor,39,Thursday,2025-04,Evening
CI002163,M0131,2025-05-26,10,Zumba,61,Monday,2025-05,Morning
CI002164,M0131,2025-05-16,6,Gym Floor,39,Friday,2025-05,Early Morning
CI002165,M0131,2025-08-26,8,Strength Training,69,Tuesday,2025-08,Early Morning
CI002166,M0131,2025-05-29,8,CrossFit,52,Thursday,2025-05,Early Morning
CI002167,M0131,2025-06-26,16,HIIT,81,Thursday,2025-06,Afternoon
CI002168,M0131,2025-07-05,11,Gym Floor,53,Saturday,2025-07,Morning
CI002169,M0131,2025-06-29,18,Gym Floor,57,Sunday,2025-06,Evening
CI002170,M0131,2025-08-13,10,Zumba,58,Wednesday,2025-08,Morning
CI002171,M0131,2025-05-17,17,Gym Floor,88,Saturday,2025-05,Evening
CI002172,M0131,2025-06-10,9,Strength Training,45,Tuesday,2025-06,Early Morning
CI002173,M0131,2025-08-13,17,Zumba,52,Wednesday,2025-08,Evening
CI002174,M0131,2025-08-08,16,Strength Training,32,Friday,2025-08,Afternoon
CI002175,M0131,2025-08-17,8,Yoga,41,Sunday,2025-08,Early Morning
CI002176,M0131,2025-04-28,7,Yoga,72,Monday,2025-04,Early Morning
CI002177,M0131,2025-07-31,12,Gym Floor,62,Thursday,2025-07,Morning
CI002178,M0131,2025-07-21,20,Yoga,63,Monday,2025-07,Night
CI002179,M0131,2025-03-23,18,Gym Floor,39,Sunday,2025-03,Evening
CI002180,M0131,2025-06-05,17,Spin,33,Thursday,2025-06,Evening
CI002181,M0131,2025-03-15,16,Gym Floor,58,Saturday,2025-03,Afternoon
CI002182,M0131,2025-06-30,20,Cardio,51,Monday,2025-06,Night
CI002183,M0131,2025-07-13,18,Gym Floor,53,Sunday,2025-07,Evening
CI002184,M0131,2025-05-03,8,Spin,57,Saturday,2025-05,Early Morning
CI002185,M0131,2025-04-13,19,Gym Floor,33,Sunday,2025-04,Evening
CI002186,M0131,2025-07-26,9,Gym Floor,34,Saturday,2025-07,Early Morning
CI002187,M0131,2025-05-04,19,Gym Floor,44,Sunday,2025-05,Evening
CI002188,M0131,2025-08-04,17,Pilates,45,Monday,2025-08,Evening
CI002189,M0131,2025-06-05,6,Gym Floor,20,Thursday,2025-06,Early Morning
CI002190,M0131,2025-08-15,18,Gym Floor,64,Friday,2025-08,Evening
CI002191,M0131,2025-03-12,18,Gym Floor,20,Wednesday,2025-03,Evening
CI002192,M0132,2025-03-02,9,Strength Training,30,Sunday,2025-03,Early Morning
CI002193,M0132,2025-07-12,6,HIIT,61,Saturday,2025-07,Early Morning
CI002194,M0132,2025-08-11,7,Gym Floor,75,Monday,2025-08,Early Morning
CI002195,M0132,2025-07-28,9,Spin,31,Monday,2025-07,Early Morning
CI002196,M0132,2025-04-02,18,Spin,52,Wednesday,2025-04,Evening
CI002197,M0132,2025-08-22,10,Gym Floor,71,Friday,2025-08,Morning
CI002198,M0132,2025-03-15,17,Yoga,74,Saturday,2025-03,Evening
CI002199,M0132,2025-03-22,11,CrossFit,46,Saturday,2025-03,Morning
CI002200,M0132,2025-05-19,7,CrossFit,60,Monday,2025-05,Early Morning
CI002201,M0132,2025-07-12,18,Gym Floor,56,Saturday,2025-07,Evening
CI002202,M0132,2025-04-07,17,Gym Floor,27,Monday,2025-04,Evening
CI002203,M0132,2025-08-28,21,CrossFit,71,Thursday,2025-08,Night
CI002204,M0132,2025-07-30,7,Gym Floor,61,Wednesday,2025-07,Early Morning
CI002205,M0132,2025-03-10,19,Gym Floor,73,Monday,2025-03,Evening
CI002206,M0132,2025-03-19,18,Gym Floor,60,Wednesday,2025-03,Evening
CI002207,M0132,2025-03-21,18,Yoga,62,Friday,2025-03,Evening
CI002208,M0132,2025-04-26,19,Spin,52,Saturday,2025-04,Evening
CI002209,M0132,2025-04-25,18,Zumba,46,Friday,2025-04,Evening
CI002210,M0132,2025-04-22,6,Cardio,48,Tuesday,2025-04,Early Morning
CI002211,M0132,2025-03-04,9,Gym Floor,69,Tuesday,2025-03,Early Morning
CI002212,M0132,2025-03-07,18,Cardio,20,Friday,2025-03,Evening
CI002213,M0132,2025-06-17,19,Zumba,54,Tuesday,2025-06,Evening
CI002214,M0132,2025-08-18,18,Cardio,42,Monday,2025-08,Evening
CI002215,M0132,2025-04-02,17,Spin,33,Wednesday,2025-04,Evening
CI002216,M0134,2025-03-22,19,Gym Floor,99,Saturday,2025-03,Evening
CI002217,M0134,2025-07-18,8,Strength Training,66,Friday,2025-07,Early Morning
CI002218,M0134,2025-08-21,16,Strength Training,48,Thursday,2025-08,Afternoon
CI002219,M0134,2025-07-26,8,Yoga,75,Saturday,2025-07,Early Morning
CI002220,M0134,2025-04-24,16,Yoga,49,Thursday,2025-04,Afternoon
CI002221,M0134,2025-05-22,16,Yoga,36,Thursday,2025-05,Afternoon
CI002222,M0134,2025-07-27,18,HIIT,76,Sunday,2025-07,Evening
CI002223,M0134,2025-08-29,20,Gym Floor,53,Friday,2025-08,Night
CI002224,M0134,2025-04-09,19,Cardio,58,Wednesday,2025-04,Evening
CI002225,M0134,2025-07-21,20,Gym Floor,48,Monday,2025-07,Night
CI002226,M0134,2025-04-27,18,HIIT,50,Sunday,2025-04,Evening
CI002227,M0134,2025-03-25,12,Gym Floor,76,Tuesday,2025-03,Morning
CI002228,M0134,2025-06-19,19,Cardio,20,Thursday,2025-06,Evening
CI002229,M0134,2025-07-16,7,Zumba,86,Wednesday,2025-07,Early Morning
CI002230,M0134,2025-06-23,8,Gym Floor,60,Monday,2025-06,Early Morning
CI002231,M0134,2025-05-16,19,Yoga,79,Friday,2025-05,Evening
CI002232,M0135,2025-05-10,18,Gym Floor,44,Saturday,2025-05,Evening
CI002233,M0135,2025-07-20,8,CrossFit,40,Sunday,2025-07,Early Morning
CI002234,M0135,2025-06-23,6,CrossFit,41,Monday,2025-06,Early Morning
CI002235,M0135,2025-06-06,18,Yoga,43,Friday,2025-06,Evening
CI002236,M0135,2025-03-01,18,Gym Floor,31,Saturday,2025-03,Evening
CI002237,M0135,2025-05-13,16,Gym Floor,36,Tuesday,2025-05,Afternoon
CI002238,M0135,2025-03-18,8,Spin,51,Tuesday,2025-03,Early Morning
CI002239,M0135,2025-05-19,7,HIIT,61,Monday,2025-05,Early Morning
CI002240,M0135,2025-07-15,11,Gym Floor,68,Tuesday,2025-07,Morning
CI002241,M0135,2025-03-11,18,Gym Floor,76,Tuesday,2025-03,Evening
CI002242,M0135,2025-08-28,17,Gym Floor,46,Thursday,2025-08,Evening
CI002243,M0135,2025-07-04,7,Gym Floor,71,Friday,2025-07,Early Morning
CI002244,M0135,2025-05-30,18,Gym Floor,24,Friday,2025-05,Evening
CI002245,M0135,2025-07-05,8,Pilates,51,Saturday,2025-07,Early Morning
CI002246,M0135,2025-06-24,10,Pilates,81,Tuesday,2025-06,Morning
CI002247,M0135,2025-06-20,8,Strength Training,72,Friday,2025-06,Early Morning
CI002248,M0136,2025-04-21,18,Spin,76,Monday,2025-04,Evening
CI002249,M0136,2025-07-22,7,Pilates,43,Tuesday,2025-07,Early Morning
CI002250,M0136,2025-04-19,9,Gym Floor,69,Saturday,2025-04,Early Morning
CI002251,M0136,2025-04-27,6,Gym Floor,64,Sunday,2025-04,Early Morning
CI002252,M0136,2025-04-23,7,Zumba,98,Wednesday,2025-04,Early Morning
CI002253,M0136,2025-07-02,11,Gym Floor,62,Wednesday,2025-07,Morning
CI002254,M0136,2025-04-01,7,Gym Floor,47,Tuesday,2025-04,Early Morning
CI002255,M0136,2025-07-26,16,Strength Training,24,Saturday,2025-07,Afternoon
CI002256,M0136,2025-04-11,19,Gym Floor,67,Friday,2025-04,Evening
CI002257,M0137,2025-08-24,9,Gym Floor,66,Sunday,2025-08,Early Morning
CI002258,M0137,2025-04-17,7,Gym Floor,65,Thursday,2025-04,Early Morning
CI002259,M0137,2025-05-28,7,CrossFit,42,Wednesday,2025-05,Early Morning
CI002260,M0137,2025-07-12,8,Strength Training,53,Saturday,2025-07,Early Morning
CI002261,M0137,2025-04-09,17,Gym Floor,86,Wednesday,2025-04,Evening
CI002262,M0137,2025-07-18,7,Gym Floor,20,Friday,2025-07,Early Morning
CI002263,M0137,2025-05-19,6,Spin,61,Monday,2025-05,Early Morning
CI002264,M0137,2025-07-16,17,Zumba,56,Wednesday,2025-07,Evening
CI002265,M0137,2025-05-16,16,Gym Floor,50,Friday,2025-05,Afternoon
CI002266,M0137,2025-05-16,16,Zumba,20,Friday,2025-05,Afternoon
CI002267,M0138,2025-08-14,19,Gym Floor,78,Thursday,2025-08,Evening
CI002268,M0138,2025-03-31,10,Cardio,39,Monday,2025-03,Morning
CI002269,M0138,2025-08-26,12,Pilates,23,Tuesday,2025-08,Morning
CI002270,M0139,2025-05-19,19,Gym Floor,49,Monday,2025-05,Evening
CI002271,M0139,2025-03-19,20,Gym Floor,53,Wednesday,2025-03,Night
CI002272,M0140,2025-04-16,10,HIIT,32,Wednesday,2025-04,Morning
CI002273,M0140,2025-07-11,7,Gym Floor,41,Friday,2025-07,Early Morning
CI002274,M0140,2025-07-03,21,Gym Floor,69,Thursday,2025-07,Night
CI002275,M0140,2025-07-11,9,Gym Floor,30,Friday,2025-07,Early Morning
CI002276,M0140,2025-05-22,21,Pilates,62,Thursday,2025-05,Night
CI002277,M0140,2025-04-27,18,HIIT,50,Sunday,2025-04,Evening
CI002278,M0140,2025-08-27,18,Gym Floor,55,Wednesday,2025-08,Evening
CI002279,M0140,2025-04-10,6,Gym Floor,43,Thursday,2025-04,Early Morning
CI002280,M0140,2025-04-15,10,HIIT,35,Tuesday,2025-04,Morning
CI002281,M0140,2025-03-19,17,Yoga,49,Wednesday,2025-03,Evening
CI002282,M0140,2025-04-17,18,Gym Floor,82,Thursday,2025-04,Evening
CI002283,M0140,2025-03-18,19,Strength Training,72,Tuesday,2025-03,Evening
CI002284,M0140,2025-05-01,20,Yoga,34,Thursday,2025-05,Night
CI002285,M0140,2025-07-17,9,Gym Floor,72,Thursday,2025-07,Early Morning
CI002286,M0140,2025-05-31,16,Spin,48,Saturday,2025-05,Afternoon
CI002287,M0140,2025-06-24,6,Gym Floor,37,Tuesday,2025-06,Early Morning
CI002288,M0140,2025-08-28,12,Strength Training,28,Thursday,2025-08,Morning
CI002289,M0140,2025-03-13,16,Gym Floor,46,Thursday,2025-03,Afternoon
CI002290,M0140,2025-03-17,6,Yoga,85,Monday,2025-03,Early Morning
CI002291,M0140,2025-05-14,7,Gym Floor,64,Wednesday,2025-05,Early Morning
CI002292,M0140,2025-08-16,19,Gym Floor,48,Saturday,2025-08,Evening
CI002293,M0140,2025-07-13,8,Pilates,60,Sunday,2025-07,Early Morning
CI002294,M0140,2025-04-15,18,Strength Training,20,Tuesday,2025-04,Evening
CI002295,M0140,2025-03-04,19,Gym Floor,25,Tuesday,2025-03,Evening
CI002296,M0140,2025-08-23,7,CrossFit,91,Saturday,2025-08,Early Morning
CI002297,M0140,2025-06-03,16,Gym Floor,34,Tuesday,2025-06,Afternoon
CI002298,M0140,2025-07-18,18,Yoga,52,Friday,2025-07,Evening
CI002299,M0140,2025-03-06,11,Gym Floor,61,Thursday,2025-03,Morning
CI002300,M0140,2025-07-28,7,Yoga,67,Monday,2025-07,Early Morning
CI002301,M0140,2025-07-19,7,Pilates,54,Saturday,2025-07,Early Morning
CI002302,M0140,2025-06-25,18,CrossFit,44,Wednesday,2025-06,Evening
CI002303,M0140,2025-03-14,8,Gym Floor,59,Friday,2025-03,Early Morning
CI002304,M0140,2025-06-17,20,Gym Floor,47,Tuesday,2025-06,Night
CI002305,M0140,2025-03-11,16,Gym Floor,46,Tuesday,2025-03,Afternoon
CI002306,M0141,2025-05-12,9,Gym Floor,43,Monday,2025-05,Early Morning
CI002307,M0141,2025-05-03,16,Pilates,88,Saturday,2025-05,Afternoon
CI002308,M0141,2025-06-14,19,Gym Floor,57,Saturday,2025-06,Evening
CI002309,M0141,2025-04-29,8,Zumba,42,Tuesday,2025-04,Early Morning
CI002310,M0141,2025-05-11,19,Strength Training,29,Sunday,2025-05,Evening
CI002311,M0141,2025-04-29,18,Strength Training,78,Tuesday,2025-04,Evening
CI002312,M0141,2025-06-29,6,Gym Floor,20,Sunday,2025-06,Early Morning
CI002313,M0141,2025-04-01,8,Gym Floor,22,Tuesday,2025-04,Early Morning
CI002314,M0141,2025-05-15,8,HIIT,67,Thursday,2025-05,Early Morning
CI002315,M0141,2025-06-18,18,Gym Floor,83,Wednesday,2025-06,Evening
CI002316,M0141,2025-04-03,10,Gym Floor,58,Thursday,2025-04,Morning
CI002317,M0141,2025-06-26,10,Gym Floor,75,Thursday,2025-06,Morning
CI002318,M0141,2025-08-06,9,Gym Floor,62,Wednesday,2025-08,Early Morning
CI002319,M0141,2025-07-28,10,Gym Floor,55,Monday,2025-07,Morning
CI002320,M0141,2025-03-15,21,Gym Floor,47,Saturday,2025-03,Night
CI002321,M0141,2025-05-04,21,Zumba,57,Sunday,2025-05,Night
CI002322,M0141,2025-07-01,8,Gym Floor,34,Tuesday,2025-07,Early Morning
CI002323,M0141,2025-05-22,11,Cardio,64,Thursday,2025-05,Morning
CI002324,M0141,2025-06-22,6,HIIT,32,Sunday,2025-06,Early Morning
CI002325,M0141,2025-08-27,11,Gym Floor,47,Wednesday,2025-08,Morning
CI002326,M0141,2025-03-01,9,Gym Floor,55,Saturday,2025-03,Early Morning
CI002327,M0141,2025-07-29,10,Gym Floor,52,Tuesday,2025-07,Morning
CI002328,M0141,2025-08-26,7,Cardio,63,Tuesday,2025-08,Early Morning
CI002329,M0141,2025-06-19,17,Cardio,32,Thursday,2025-06,Evening
CI002330,M0141,2025-05-11,21,Pilates,46,Sunday,2025-05,Night
CI002331,M0141,2025-05-12,17,Gym Floor,110,Monday,2025-05,Evening
CI002332,M0141,2025-08-01,19,Gym Floor,62,Friday,2025-08,Evening
CI002333,M0142,2025-07-03,18,HIIT,35,Thursday,2025-07,Evening
CI002334,M0142,2025-06-20,6,Gym Floor,56,Friday,2025-06,Early Morning
CI002335,M0142,2025-03-05,17,HIIT,79,Wednesday,2025-03,Evening
CI002336,M0142,2025-05-11,19,Gym Floor,26,Sunday,2025-05,Evening
CI002337,M0142,2025-03-23,20,Gym Floor,63,Sunday,2025-03,Night
CI002338,M0142,2025-04-08,9,Gym Floor,38,Tuesday,2025-04,Early Morning
CI002339,M0142,2025-06-04,19,Gym Floor,69,Wednesday,2025-06,Evening
CI002340,M0142,2025-03-16,19,Cardio,49,Sunday,2025-03,Evening
CI002341,M0142,2025-07-01,12,Zumba,25,Tuesday,2025-07,Morning
CI002342,M0142,2025-04-25,16,Zumba,85,Friday,2025-04,Afternoon
CI002343,M0142,2025-05-09,7,Gym Floor,54,Friday,2025-05,Early Morning
CI002344,M0142,2025-05-16,17,Gym Floor,83,Friday,2025-05,Evening
CI002345,M0142,2025-08-29,17,Strength Training,44,Friday,2025-08,Evening
CI002346,M0142,2025-06-03,8,Zumba,20,Tuesday,2025-06,Early Morning
CI002347,M0142,2025-06-09,19,Zumba,63,Monday,2025-06,Evening
CI002348,M0143,2025-04-28,20,Gym Floor,73,Monday,2025-04,Night
CI002349,M0143,2025-07-09,20,Gym Floor,28,Wednesday,2025-07,Night
CI002350,M0143,2025-04-02,20,Gym Floor,92,Wednesday,2025-04,Night
CI002351,M0143,2025-05-20,7,Gym Floor,20,Tuesday,2025-05,Early Morning
CI002352,M0143,2025-05-02,11,Zumba,42,Friday,2025-05,Morning
CI002353,M0143,2025-03-21,9,Zumba,52,Friday,2025-03,Early Morning
CI002354,M0143,2025-05-08,19,Gym Floor,58,Thursday,2025-05,Evening
CI002355,M0143,2025-08-03,6,Gym Floor,70,Sunday,2025-08,Early Morning
CI002356,M0143,2025-08-20,10,Gym Floor,45,Wednesday,2025-08,Morning
CI002357,M0143,2025-06-26,16,HIIT,50,Thursday,2025-06,Afternoon
CI002358,M0143,2025-04-19,6,Cardio,64,Saturday,2025-04,Early Morning
CI002359,M0143,2025-06-29,6,Pilates,45,Sunday,2025-06,Early Morning
CI002360,M0143,2025-08-01,16,Gym Floor,65,Friday,2025-08,Afternoon
CI002361,M0143,2025-06-28,9,Gym Floor,90,Saturday,2025-06,Early Morning
CI002362,M0143,2025-03-07,12,Gym Floor,44,Friday,2025-03,Morning
CI002363,M0143,2025-08-05,11,Gym Floor,45,Tuesday,2025-08,Morning
CI002364,M0143,2025-08-31,18,Gym Floor,36,Sunday,2025-08,Evening
CI002365,M0143,2025-03-07,17,Gym Floor,44,Friday,2025-03,Evening
CI002366,M0143,2025-04-16,6,Gym Floor,76,Wednesday,2025-04,Early Morning
CI002367,M0143,2025-05-03,18,Pilates,94,Saturday,2025-05,Evening
CI002368,M0143,2025-06-09,18,Gym Floor,55,Monday,2025-06,Evening
CI002369,M0143,2025-08-10,11,Spin,74,Sunday,2025-08,Morning
CI002370,M0143,2025-04-18,11,Cardio,71,Friday,2025-04,Morning
CI002371,M0143,2025-03-21,8,Zumba,64,Friday,2025-03,Early Morning
CI002372,M0143,2025-03-20,11,Cardio,79,Thursday,2025-03,Morning
CI002373,M0143,2025-06-28,17,Spin,36,Saturday,2025-06,Evening
CI002374,M0143,2025-03-26,19,CrossFit,99,Wednesday,2025-03,Evening
CI002375,M0143,2025-05-15,20,Gym Floor,48,Thursday,2025-05,Night
CI002376,M0144,2025-06-04,6,HIIT,90,Wednesday,2025-06,Early Morning
CI002377,M0144,2025-03-18,17,Gym Floor,42,Tuesday,2025-03,Evening
CI002378,M0144,2025-06-08,8,Gym Floor,52,Sunday,2025-06,Early Morning
CI002379,M0144,2025-04-03,9,Pilates,60,Thursday,2025-04,Early Morning
CI002380,M0144,2025-05-10,20,Cardio,25,Saturday,2025-05,Night
CI002381,M0144,2025-07-21,8,Gym Floor,56,Monday,2025-07,Early Morning
CI002382,M0144,2025-06-16,18,Gym Floor,20,Monday,2025-06,Evening
CI002383,M0144,2025-04-06,6,Cardio,58,Sunday,2025-04,Early Morning
CI002384,M0144,2025-06-02,7,Pilates,53,Monday,2025-06,Early Morning
CI002385,M0144,2025-08-04,16,Gym Floor,45,Monday,2025-08,Afternoon
CI002386,M0144,2025-08-05,19,Gym Floor,51,Tuesday,2025-08,Evening
CI002387,M0144,2025-04-22,10,Gym Floor,29,Tuesday,2025-04,Morning
CI002388,M0144,2025-06-20,10,CrossFit,53,Friday,2025-06,Morning
CI002389,M0144,2025-04-02,6,HIIT,24,Wednesday,2025-04,Early Morning
CI002390,M0144,2025-06-02,7,Gym Floor,24,Monday,2025-06,Early Morning
CI002391,M0144,2025-05-02,12,Gym Floor,39,Friday,2025-05,Morning
CI002392,M0144,2025-06-10,17,Cardio,48,Tuesday,2025-06,Evening
CI002393,M0144,2025-07-18,18,Gym Floor,50,Friday,2025-07,Evening
CI002394,M0144,2025-03-06,12,Strength Training,39,Thursday,2025-03,Morning
CI002395,M0144,2025-06-30,17,Gym Floor,28,Monday,2025-06,Evening
CI002396,M0144,2025-05-03,10,Gym Floor,54,Saturday,2025-05,Morning
CI002397,M0144,2025-07-19,19,Yoga,39,Saturday,2025-07,Evening
CI002398,M0144,2025-03-21,16,Cardio,70,Friday,2025-03,Afternoon
CI002399,M0144,2025-06-19,12,Gym Floor,67,Thursday,2025-06,Morning
CI002400,M0144,2025-07-07,16,Yoga,75,Monday,2025-07,Afternoon
CI002401,M0144,2025-04-15,17,Gym Floor,44,Tuesday,2025-04,Evening
CI002402,M0144,2025-04-23,11,Pilates,56,Wednesday,2025-04,Morning
CI002403,M0144,2025-03-16,17,Strength Training,60,Sunday,2025-03,Evening
CI002404,M0144,2025-05-30,17,Spin,84,Friday,2025-05,Evening
CI002405,M0144,2025-08-24,6,Strength Training,52,Sunday,2025-08,Early Morning
CI002406,M0144,2025-06-28,19,Strength Training,53,Saturday,2025-06,Evening
CI002407,M0144,2025-03-23,19,Gym Floor,34,Sunday,2025-03,Evening
CI002408,M0144,2025-06-06,18,CrossFit,46,Friday,2025-06,Evening
CI002409,M0144,2025-04-11,17,Strength Training,51,Friday,2025-04,Evening
CI002410,M0144,2025-07-17,6,Gym Floor,68,Thursday,2025-07,Early Morning
CI002411,M0144,2025-06-11,19,Yoga,74,Wednesday,2025-06,Evening
CI002412,M0144,2025-03-19,16,Yoga,53,Wednesday,2025-03,Afternoon
CI002413,M0144,2025-08-17,17,Gym Floor,35,Sunday,2025-08,Evening
CI002414,M0144,2025-03-01,18,Gym Floor,59,Saturday,2025-03,Evening
CI002415,M0144,2025-07-12,19,Gym Floor,85,Saturday,2025-07,Evening
CI002416,M0144,2025-06-15,12,Gym Floor,51,Sunday,2025-06,Morning
CI002417,M0144,2025-03-02,12,Strength Training,74,Sunday,2025-03,Morning
CI002418,M0144,2025-05-31,7,Gym Floor,21,Saturday,2025-05,Early Morning
CI002419,M0144,2025-08-20,18,Yoga,64,Wednesday,2025-08,Evening
CI002420,M0145,2025-08-30,8,HIIT,31,Saturday,2025-08,Early Morning
CI002421,M0145,2025-05-27,19,Yoga,48,Tuesday,2025-05,Evening
CI002422,M0145,2025-06-20,20,Cardio,91,Friday,2025-06,Night
CI002423,M0145,2025-08-23,7,Zumba,33,Saturday,2025-08,Early Morning
CI002424,M0145,2025-04-04,6,Gym Floor,42,Friday,2025-04,Early Morning
CI002425,M0145,2025-04-30,7,Gym Floor,62,Wednesday,2025-04,Early Morning
CI002426,M0145,2025-07-09,16,Zumba,47,Wednesday,2025-07,Afternoon
CI002427,M0145,2025-08-11,17,Pilates,62,Monday,2025-08,Evening
CI002428,M0145,2025-08-21,8,Gym Floor,59,Thursday,2025-08,Early Morning
CI002429,M0145,2025-04-23,18,Gym Floor,57,Wednesday,2025-04,Evening
CI002430,M0145,2025-05-16,11,HIIT,43,Friday,2025-05,Morning
CI002431,M0145,2025-06-21,17,Gym Floor,67,Saturday,2025-06,Evening
CI002432,M0145,2025-08-07,8,Gym Floor,38,Thursday,2025-08,Early Morning
CI002433,M0145,2025-07-20,20,Zumba,38,Sunday,2025-07,Night
CI002434,M0145,2025-03-02,18,Gym Floor,38,Sunday,2025-03,Evening
CI002435,M0145,2025-07-23,20,CrossFit,61,Wednesday,2025-07,Night
CI002436,M0145,2025-05-18,17,Strength Training,43,Sunday,2025-05,Evening
CI002437,M0145,2025-04-10,18,Yoga,63,Thursday,2025-04,Evening
CI002438,M0145,2025-06-17,12,Spin,53,Tuesday,2025-06,Morning
CI002439,M0145,2025-05-19,16,Spin,42,Monday,2025-05,Afternoon
CI002440,M0146,2025-04-19,11,Zumba,79,Saturday,2025-04,Morning
CI002441,M0146,2025-08-11,16,Gym Floor,50,Monday,2025-08,Afternoon
CI002442,M0147,2025-04-05,17,Cardio,47,Saturday,2025-04,Evening
CI002443,M0147,2025-03-19,16,Yoga,40,Wednesday,2025-03,Afternoon
CI002444,M0147,2025-07-03,18,Gym Floor,87,Thursday,2025-07,Evening
CI002445,M0147,2025-07-09,21,Pilates,72,Wednesday,2025-07,Night
CI002446,M0148,2025-05-28,19,Gym Floor,45,Wednesday,2025-05,Evening
CI002447,M0148,2025-04-14,8,CrossFit,29,Monday,2025-04,Early Morning
CI002448,M0148,2025-08-11,11,Gym Floor,46,Monday,2025-08,Morning
CI002449,M0148,2025-05-24,7,Cardio,56,Saturday,2025-05,Early Morning
CI002450,M0148,2025-07-17,19,Pilates,71,Thursday,2025-07,Evening
CI002451,M0148,2025-05-03,8,Zumba,45,Saturday,2025-05,Early Morning
CI002452,M0148,2025-07-03,17,Yoga,28,Thursday,2025-07,Evening
CI002453,M0148,2025-05-10,16,Gym Floor,55,Saturday,2025-05,Afternoon
CI002454,M0148,2025-06-27,8,Gym Floor,49,Friday,2025-06,Early Morning
CI002455,M0148,2025-04-22,11,Gym Floor,79,Tuesday,2025-04,Morning
CI002456,M0148,2025-04-02,20,Zumba,47,Wednesday,2025-04,Night
CI002457,M0148,2025-03-05,19,Yoga,36,Wednesday,2025-03,Evening
CI002458,M0148,2025-06-07,16,Yoga,47,Saturday,2025-06,Afternoon
CI002459,M0148,2025-06-01,17,Gym Floor,44,Sunday,2025-06,Evening
CI002460,M0148,2025-07-15,17,Spin,64,Tuesday,2025-07,Evening
CI002461,M0148,2025-05-01,17,Gym Floor,51,Thursday,2025-05,Evening
CI002462,M0148,2025-07-31,8,Gym Floor,62,Thursday,2025-07,Early Morning
CI002463,M0148,2025-08-03,18,Cardio,26,Sunday,2025-08,Evening
CI002464,M0148,2025-08-29,8,Gym Floor,77,Friday,2025-08,Early Morning
CI002465,M0148,2025-03-17,11,Gym Floor,60,Monday,2025-03,Morning
CI002466,M0148,2025-04-27,17,Strength Training,53,Sunday,2025-04,Evening
CI002467,M0148,2025-07-17,16,Pilates,66,Thursday,2025-07,Afternoon
CI002468,M0148,2025-05-26,21,Spin,60,Monday,2025-05,Night
CI002469,M0148,2025-03-22,11,Gym Floor,46,Saturday,2025-03,Morning
CI002470,M0148,2025-04-05,19,Spin,65,Saturday,2025-04,Evening
CI002471,M0148,2025-06-19,11,Gym Floor,27,Thursday,2025-06,Morning
CI002472,M0148,2025-07-26,6,Gym Floor,52,Saturday,2025-07,Early Morning
CI002473,M0148,2025-04-17,10,Yoga,39,Thursday,2025-04,Morning
CI002474,M0148,2025-06-15,9,Cardio,64,Sunday,2025-06,Early Morning
CI002475,M0149,2025-05-28,8,Gym Floor,79,Wednesday,2025-05,Early Morning
CI002476,M0149,2025-04-05,10,Strength Training,62,Saturday,2025-04,Morning
CI002477,M0149,2025-03-18,21,Pilates,42,Tuesday,2025-03,Night
CI002478,M0149,2025-08-28,17,Gym Floor,54,Thursday,2025-08,Evening
CI002479,M0149,2025-07-15,6,Zumba,30,Tuesday,2025-07,Early Morning
CI002480,M0149,2025-03-26,11,Strength Training,33,Wednesday,2025-03,Morning
CI002481,M0149,2025-07-20,21,Zumba,28,Sunday,2025-07,Night
CI002482,M0149,2025-05-05,12,Pilates,61,Monday,2025-05,Morning
CI002483,M0149,2025-07-19,7,Gym Floor,55,Saturday,2025-07,Early Morning
CI002484,M0149,2025-06-16,20,Pilates,62,Monday,2025-06,Night
CI002485,M0149,2025-05-18,19,Yoga,59,Sunday,2025-05,Evening
CI002486,M0149,2025-03-03,6,Gym Floor,55,Monday,2025-03,Early Morning
CI002487,M0149,2025-05-09,8,Gym Floor,53,Friday,2025-05,Early Morning
CI002488,M0149,2025-04-17,9,Gym Floor,33,Thursday,2025-04,Early Morning
CI002489,M0149,2025-07-22,17,Gym Floor,69,Tuesday,2025-07,Evening
CI002490,M0149,2025-07-10,18,Gym Floor,64,Thursday,2025-07,Evening
CI002491,M0149,2025-06-29,18,Gym Floor,81,Sunday,2025-06,Evening
CI002492,M0149,2025-08-31,9,HIIT,30,Sunday,2025-08,Early Morning
CI002493,M0149,2025-08-22,9,HIIT,57,Friday,2025-08,Early Morning
CI002494,M0149,2025-07-28,8,HIIT,80,Monday,2025-07,Early Morning
CI002495,M0149,2025-05-14,18,Gym Floor,48,Wednesday,2025-05,Evening
CI002496,M0149,2025-07-21,9,Strength Training,27,Monday,2025-07,Early Morning
CI002497,M0149,2025-07-13,17,Gym Floor,74,Sunday,2025-07,Evening
CI002498,M0150,2025-03-03,7,Yoga,35,Monday,2025-03,Early Morning
CI002499,M0150,2025-04-11,10,Strength Training,38,Friday,2025-04,Morning
CI002500,M0150,2025-04-08,20,Gym Floor,92,Tuesday,2025-04,Night
CI002501,M0150,2025-05-15,6,Gym Floor,53,Thursday,2025-05,Early Morning
CI002502,M0150,2025-04-18,21,Gym Floor,70,Friday,2025-04,Night
CI002503,M0150,2025-07-15,19,CrossFit,53,Tuesday,2025-07,Evening
CI002504,M0150,2025-08-13,17,Yoga,56,Wednesday,2025-08,Evening
CI002505,M0150,2025-06-06,16,HIIT,54,Friday,2025-06,Afternoon
CI002506,M0150,2025-06-26,7,Gym Floor,59,Thursday,2025-06,Early Morning
CI002507,M0150,2025-03-18,19,HIIT,59,Tuesday,2025-03,Evening
CI002508,M0150,2025-08-15,19,Zumba,63,Friday,2025-08,Evening
CI002509,M0150,2025-04-16,18,Gym Floor,78,Wednesday,2025-04,Evening
CI002510,M0150,2025-03-16,19,HIIT,26,Sunday,2025-03,Evening
CI002511,M0150,2025-06-30,17,Pilates,57,Monday,2025-06,Evening
CI002512,M0150,2025-05-31,11,Gym Floor,52,Saturday,2025-05,Morning
CI002513,M0150,2025-03-12,17,Yoga,63,Wednesday,2025-03,Evening
CI002514,M0150,2025-05-11,18,Yoga,20,Sunday,2025-05,Evening
CI002515,M0150,2025-04-21,11,CrossFit,44,Monday,2025-04,Morning
CI002516,M0150,2025-08-20,6,Gym Floor,37,Wednesday,2025-08,Early Morning
CI002517,M0150,2025-05-20,8,Strength Training,58,Tuesday,2025-05,Early Morning
CI002518,M0150,2025-06-01,17,Zumba,63,Sunday,2025-06,Evening
CI002519,M0150,2025-05-01,18,Gym Floor,49,Thursday,2025-05,Evening
CI002520,M0150,2025-03-09,6,Gym Floor,40,Sunday,2025-03,Early Morning
CI002521,M0151,2025-03-08,9,Gym Floor,65,Saturday,2025-03,Early Morning
CI002522,M0151,2025-04-22,19,Cardio,70,Tuesday,2025-04,Evening
CI002523,M0151,2025-04-22,18,Gym Floor,83,Tuesday,2025-04,Evening
CI002524,M0151,2025-04-16,20,Gym Floor,108,Wednesday,2025-04,Night
CI002525,M0151,2025-03-20,7,Pilates,57,Thursday,2025-03,Early Morning
CI002526,M0151,2025-03-07,16,Gym Floor,33,Friday,2025-03,Afternoon
CI002527,M0151,2025-04-15,18,Gym Floor,92,Tuesday,2025-04,Evening
CI002528,M0151,2025-07-07,18,Gym Floor,52,Monday,2025-07,Evening
CI002529,M0151,2025-05-09,11,Gym Floor,52,Friday,2025-05,Morning
CI002530,M0151,2025-07-18,16,Spin,67,Friday,2025-07,Afternoon
CI002531,M0151,2025-08-30,18,Cardio,66,Saturday,2025-08,Evening
CI002532,M0152,2025-04-15,7,Zumba,43,Tuesday,2025-04,Early Morning
CI002533,M0152,2025-05-30,18,Gym Floor,90,Friday,2025-05,Evening
CI002534,M0152,2025-05-27,17,Yoga,42,Tuesday,2025-05,Evening
CI002535,M0152,2025-08-03,18,Gym Floor,52,Sunday,2025-08,Evening
CI002536,M0152,2025-05-28,19,Gym Floor,65,Wednesday,2025-05,Evening
CI002537,M0152,2025-06-05,8,Yoga,55,Thursday,2025-06,Early Morning
CI002538,M0152,2025-07-08,17,Gym Floor,53,Tuesday,2025-07,Evening
CI002539,M0152,2025-08-16,7,Cardio,65,Saturday,2025-08,Early Morning
CI002540,M0152,2025-03-27,8,HIIT,23,Thursday,2025-03,Early Morning
CI002541,M0152,2025-03-19,17,Gym Floor,39,Wednesday,2025-03,Evening
CI002542,M0152,2025-08-31,7,Gym Floor,42,Sunday,2025-08,Early Morning
CI002543,M0152,2025-08-14,21,Gym Floor,70,Thursday,2025-08,Night
CI002544,M0152,2025-05-09,21,Strength Training,88,Friday,2025-05,Night
CI002545,M0152,2025-03-05,16,Yoga,76,Wednesday,2025-03,Afternoon
CI002546,M0152,2025-08-25,16,Gym Floor,50,Monday,2025-08,Afternoon
CI002547,M0152,2025-06-20,9,Gym Floor,51,Friday,2025-06,Early Morning
CI002548,M0152,2025-04-23,21,Gym Floor,38,Wednesday,2025-04,Night
CI002549,M0152,2025-03-14,19,Cardio,50,Friday,2025-03,Evening
CI002550,M0152,2025-07-10,19,Spin,84,Thursday,2025-07,Evening
CI002551,M0152,2025-04-18,20,Gym Floor,46,Friday,2025-04,Night
CI002552,M0152,2025-03-25,6,CrossFit,64,Tuesday,2025-03,Early Morning
CI002553,M0152,2025-04-08,8,Gym Floor,43,Tuesday,2025-04,Early Morning
CI002554,M0152,2025-03-04,19,CrossFit,28,Tuesday,2025-03,Evening
CI002555,M0152,2025-08-20,9,Gym Floor,47,Wednesday,2025-08,Early Morning
CI002556,M0152,2025-06-24,19,HIIT,86,Tuesday,2025-06,Evening
CI002557,M0152,2025-03-10,16,Gym Floor,28,Monday,2025-03,Afternoon
CI002558,M0152,2025-05-20,16,Zumba,25,Tuesday,2025-05,Afternoon
CI002559,M0152,2025-07-14,17,Gym Floor,72,Monday,2025-07,Evening
CI002560,M0152,2025-05-22,17,Pilates,45,Thursday,2025-05,Evening
CI002561,M0152,2025-08-07,16,Gym Floor,46,Thursday,2025-08,Afternoon
CI002562,M0152,2025-08-31,19,Strength Training,40,Sunday,2025-08,Evening
CI002563,M0152,2025-04-03,16,Strength Training,86,Thursday,2025-04,Afternoon
CI002564,M0152,2025-03-18,18,Gym Floor,81,Tuesday,2025-03,Evening
CI002565,M0152,2025-03-21,9,Yoga,53,Friday,2025-03,Early Morning
CI002566,M0152,2025-07-24,12,Strength Training,67,Thursday,2025-07,Morning
CI002567,M0152,2025-05-25,17,Spin,62,Sunday,2025-05,Evening
CI002568,M0152,2025-07-14,6,Gym Floor,78,Monday,2025-07,Early Morning
CI002569,M0152,2025-03-20,10,Gym Floor,42,Thursday,2025-03,Morning
CI002570,M0152,2025-07-31,19,Strength Training,52,Thursday,2025-07,Evening
CI002571,M0153,2025-05-10,16,Gym Floor,31,Saturday,2025-05,Afternoon
CI002572,M0153,2025-03-26,8,Zumba,45,Wednesday,2025-03,Early Morning
CI002573,M0153,2025-05-30,16,Gym Floor,45,Friday,2025-05,Afternoon
CI002574,M0153,2025-05-03,10,Pilates,56,Saturday,2025-05,Morning
CI002575,M0153,2025-07-20,18,Gym Floor,48,Sunday,2025-07,Evening
CI002576,M0153,2025-08-04,7,Gym Floor,91,Monday,2025-08,Early Morning
CI002577,M0153,2025-05-18,6,Cardio,82,Sunday,2025-05,Early Morning
CI002578,M0153,2025-03-19,19,Gym Floor,74,Wednesday,2025-03,Evening
CI002579,M0153,2025-08-11,12,Gym Floor,36,Monday,2025-08,Morning
CI002580,M0153,2025-08-17,17,Pilates,78,Sunday,2025-08,Evening
CI002581,M0153,2025-03-07,12,Gym Floor,49,Friday,2025-03,Morning
CI002582,M0153,2025-04-23,10,Yoga,84,Wednesday,2025-04,Morning
CI002583,M0153,2025-07-05,19,Strength Training,59,Saturday,2025-07,Evening
CI002584,M0154,2025-03-14,21,CrossFit,67,Friday,2025-03,Night
CI002585,M0154,2025-07-16,18,CrossFit,26,Wednesday,2025-07,Evening
CI002586,M0154,2025-05-19,10,Gym Floor,47,Monday,2025-05,Morning
CI002587,M0154,2025-03-08,17,HIIT,47,Saturday,2025-03,Evening
CI002588,M0154,2025-03-03,17,Gym Floor,61,Monday,2025-03,Evening
CI002589,M0154,2025-06-23,8,Gym Floor,75,Monday,2025-06,Early Morning
CI002590,M0154,2025-03-06,12,Pilates,62,Thursday,2025-03,Morning
CI002591,M0154,2025-06-27,7,Gym Floor,49,Friday,2025-06,Early Morning
CI002592,M0154,2025-05-15,18,CrossFit,62,Thursday,2025-05,Evening
CI002593,M0154,2025-05-07,19,Gym Floor,40,Wednesday,2025-05,Evening
CI002594,M0154,2025-06-05,6,Pilates,81,Thursday,2025-06,Early Morning
CI002595,M0154,2025-07-31,19,Gym Floor,40,Thursday,2025-07,Evening
CI002596,M0154,2025-07-01,19,Gym Floor,57,Tuesday,2025-07,Evening
CI002597,M0154,2025-04-08,8,Cardio,47,Tuesday,2025-04,Early Morning
CI002598,M0154,2025-08-15,18,Gym Floor,22,Friday,2025-08,Evening
CI002599,M0154,2025-08-06,19,Spin,51,Wednesday,2025-08,Evening
CI002600,M0154,2025-04-13,10,Strength Training,28,Sunday,2025-04,Morning
CI002601,M0154,2025-07-09,18,Gym Floor,51,Wednesday,2025-07,Evening
CI002602,M0154,2025-05-17,16,Yoga,34,Saturday,2025-05,Afternoon
CI002603,M0154,2025-06-28,11,HIIT,52,Saturday,2025-06,Morning
CI002604,M0154,2025-04-13,9,Gym Floor,76,Sunday,2025-04,Early Morning
CI002605,M0154,2025-08-26,21,Gym Floor,62,Tuesday,2025-08,Night
CI002606,M0154,2025-06-16,18,Gym Floor,26,Monday,2025-06,Evening
CI002607,M0154,2025-06-14,6,Gym Floor,52,Saturday,2025-06,Early Morning
CI002608,M0154,2025-05-01,16,CrossFit,74,Thursday,2025-05,Afternoon
CI002609,M0154,2025-05-13,7,Yoga,70,Tuesday,2025-05,Early Morning
CI002610,M0154,2025-07-25,16,Strength Training,60,Friday,2025-07,Afternoon
CI002611,M0154,2025-06-24,18,Spin,36,Tuesday,2025-06,Evening
CI002612,M0154,2025-04-02,20,Pilates,50,Wednesday,2025-04,Night
CI002613,M0154,2025-03-24,19,Gym Floor,42,Monday,2025-03,Evening
CI002614,M0154,2025-06-22,7,CrossFit,27,Sunday,2025-06,Early Morning
CI002615,M0154,2025-05-12,7,Gym Floor,80,Monday,2025-05,Early Morning
CI002616,M0154,2025-04-27,7,CrossFit,28,Sunday,2025-04,Early Morning
CI002617,M0155,2025-05-10,8,Cardio,46,Saturday,2025-05,Early Morning
CI002618,M0155,2025-08-11,7,Gym Floor,54,Monday,2025-08,Early Morning
CI002619,M0155,2025-07-09,6,CrossFit,64,Wednesday,2025-07,Early Morning
CI002620,M0155,2025-03-24,6,CrossFit,65,Monday,2025-03,Early Morning
CI002621,M0155,2025-06-10,17,Spin,55,Tuesday,2025-06,Evening
CI002622,M0155,2025-04-24,21,Strength Training,54,Thursday,2025-04,Night
CI002623,M0155,2025-03-12,16,Yoga,47,Wednesday,2025-03,Afternoon
CI002624,M0155,2025-06-13,11,Gym Floor,53,Friday,2025-06,Morning
CI002625,M0155,2025-06-23,18,Gym Floor,41,Monday,2025-06,Evening
CI002626,M0155,2025-04-23,8,HIIT,49,Wednesday,2025-04,Early Morning
CI002627,M0155,2025-08-13,20,Gym Floor,47,Wednesday,2025-08,Night
CI002628,M0155,2025-08-03,7,Gym Floor,42,Sunday,2025-08,Early Morning
CI002629,M0155,2025-04-23,8,Cardio,56,Wednesday,2025-04,Early Morning
CI002630,M0155,2025-08-22,12,Spin,42,Friday,2025-08,Morning
CI002631,M0155,2025-07-27,12,Gym Floor,38,Sunday,2025-07,Morning
CI002632,M0155,2025-04-28,8,Gym Floor,35,Monday,2025-04,Early Morning
CI002633,M0155,2025-08-01,20,Zumba,50,Friday,2025-08,Night
CI002634,M0155,2025-08-12,19,CrossFit,63,Tuesday,2025-08,Evening
CI002635,M0155,2025-07-23,17,Gym Floor,60,Wednesday,2025-07,Evening
CI002636,M0155,2025-05-16,17,Zumba,69,Friday,2025-05,Evening
CI002637,M0155,2025-07-28,18,CrossFit,27,Monday,2025-07,Evening
CI002638,M0155,2025-06-02,17,Gym Floor,83,Monday,2025-06,Evening
CI002639,M0155,2025-03-23,17,Gym Floor,62,Sunday,2025-03,Evening
CI002640,M0155,2025-08-24,20,HIIT,59,Sunday,2025-08,Night
CI002641,M0155,2025-06-09,21,HIIT,70,Monday,2025-06,Night
CI002642,M0155,2025-05-22,10,Spin,47,Thursday,2025-05,Morning
CI002643,M0155,2025-04-15,11,Yoga,54,Tuesday,2025-04,Morning
CI002644,M0155,2025-04-01,11,Gym Floor,64,Tuesday,2025-04,Morning
CI002645,M0155,2025-07-12,19,Pilates,36,Saturday,2025-07,Evening
CI002646,M0156,2025-07-11,8,Gym Floor,63,Friday,2025-07,Early Morning
CI002647,M0156,2025-04-08,12,Gym Floor,66,Tuesday,2025-04,Morning
CI002648,M0156,2025-06-08,19,Gym Floor,64,Sunday,2025-06,Evening
CI002649,M0156,2025-04-03,7,Gym Floor,63,Thursday,2025-04,Early Morning
CI002650,M0156,2025-06-11,17,Gym Floor,42,Wednesday,2025-06,Evening
CI002651,M0156,2025-03-11,17,Gym Floor,57,Tuesday,2025-03,Evening
CI002652,M0156,2025-03-01,6,Gym Floor,84,Saturday,2025-03,Early Morning
CI002653,M0157,2025-07-03,7,Gym Floor,74,Thursday,2025-07,Early Morning
CI002654,M0157,2025-04-01,7,HIIT,46,Tuesday,2025-04,Early Morning
CI002655,M0157,2025-08-25,6,Gym Floor,64,Monday,2025-08,Early Morning
CI002656,M0157,2025-04-17,19,Gym Floor,25,Thursday,2025-04,Evening
CI002657,M0158,2025-07-31,18,Yoga,41,Thursday,2025-07,Evening
CI002658,M0158,2025-07-24,19,Gym Floor,47,Thursday,2025-07,Evening
CI002659,M0158,2025-08-07,20,Gym Floor,57,Thursday,2025-08,Night
CI002660,M0158,2025-08-01,19,Gym Floor,74,Friday,2025-08,Evening
CI002661,M0158,2025-06-17,9,Strength Training,62,Tuesday,2025-06,Early Morning
CI002662,M0158,2025-03-30,17,Spin,72,Sunday,2025-03,Evening
CI002663,M0158,2025-03-30,16,Gym Floor,30,Sunday,2025-03,Afternoon
CI002664,M0158,2025-04-05,17,Cardio,45,Saturday,2025-04,Evening
CI002665,M0158,2025-05-01,20,Zumba,57,Thursday,2025-05,Night
CI002666,M0158,2025-04-26,18,CrossFit,54,Saturday,2025-04,Evening
CI002667,M0158,2025-08-27,16,Cardio,87,Wednesday,2025-08,Afternoon
CI002668,M0158,2025-05-29,12,Gym Floor,60,Thursday,2025-05,Morning
CI002669,M0158,2025-08-26,9,Gym Floor,37,Tuesday,2025-08,Early Morning
CI002670,M0158,2025-04-12,12,Gym Floor,52,Saturday,2025-04,Morning
CI002671,M0158,2025-03-14,20,Spin,37,Friday,2025-03,Night
CI002672,M0158,2025-05-03,21,Strength Training,54,Saturday,2025-05,Night
CI002673,M0158,2025-08-09,21,Gym Floor,23,Saturday,2025-08,Night
CI002674,M0158,2025-03-04,7,Spin,65,Tuesday,2025-03,Early Morning
CI002675,M0158,2025-07-12,12,Gym Floor,91,Saturday,2025-07,Morning
CI002676,M0158,2025-06-04,7,Strength Training,68,Wednesday,2025-06,Early Morning
CI002677,M0158,2025-05-12,17,Pilates,90,Monday,2025-05,Evening
CI002678,M0158,2025-03-21,17,Gym Floor,40,Friday,2025-03,Evening
CI002679,M0158,2025-03-13,21,Zumba,42,Thursday,2025-03,Night
CI002680,M0158,2025-08-27,6,Gym Floor,44,Wednesday,2025-08,Early Morning
CI002681,M0158,2025-06-16,7,Gym Floor,65,Monday,2025-06,Early Morning
CI002682,M0158,2025-04-16,19,Spin,50,Wednesday,2025-04,Evening
CI002683,M0158,2025-07-15,9,Gym Floor,66,Tuesday,2025-07,Early Morning
CI002684,M0158,2025-03-01,6,Gym Floor,60,Saturday,2025-03,Early Morning
CI002685,M0158,2025-07-03,19,CrossFit,73,Thursday,2025-07,Evening
CI002686,M0158,2025-04-10,20,CrossFit,34,Thursday,2025-04,Night
CI002687,M0158,2025-06-04,7,Zumba,62,Wednesday,2025-06,Early Morning
CI002688,M0158,2025-05-26,18,Gym Floor,42,Monday,2025-05,Evening
CI002689,M0158,2025-06-21,9,Pilates,61,Saturday,2025-06,Early Morning
CI002690,M0158,2025-03-26,7,Gym Floor,52,Wednesday,2025-03,Early Morning
CI002691,M0158,2025-03-02,20,Gym Floor,72,Sunday,2025-03,Night
CI002692,M0158,2025-04-21,7,Gym Floor,45,Monday,2025-04,Early Morning
CI002693,M0158,2025-04-05,12,Gym Floor,100,Saturday,2025-04,Morning
CI002694,M0158,2025-06-05,8,Pilates,55,Thursday,2025-06,Early Morning
CI002695,M0158,2025-07-28,11,Gym Floor,50,Monday,2025-07,Morning
CI002696,M0158,2025-08-03,11,Yoga,56,Sunday,2025-08,Morning
CI002697,M0158,2025-05-21,6,Gym Floor,48,Wednesday,2025-05,Early Morning
CI002698,M0158,2025-04-12,18,Zumba,59,Saturday,2025-04,Evening
CI002699,M0158,2025-06-03,18,Gym Floor,28,Tuesday,2025-06,Evening
CI002700,M0158,2025-04-04,20,Gym Floor,86,Friday,2025-04,Night
CI002701,M0158,2025-06-12,19,Gym Floor,70,Thursday,2025-06,Evening
CI002702,M0158,2025-06-23,17,Gym Floor,20,Monday,2025-06,Evening
CI002703,M0158,2025-06-30,8,CrossFit,93,Monday,2025-06,Early Morning
CI002704,M0158,2025-06-19,18,Gym Floor,72,Thursday,2025-06,Evening
CI002705,M0158,2025-05-08,17,Gym Floor,66,Thursday,2025-05,Evening
CI002706,M0159,2025-04-03,8,Gym Floor,71,Thursday,2025-04,Early Morning
CI002707,M0159,2025-04-29,8,Gym Floor,50,Tuesday,2025-04,Early Morning
CI002708,M0159,2025-06-20,16,Gym Floor,47,Friday,2025-06,Afternoon
CI002709,M0159,2025-08-26,18,Zumba,76,Tuesday,2025-08,Evening
CI002710,M0159,2025-04-04,8,Zumba,29,Friday,2025-04,Early Morning
CI002711,M0160,2025-04-27,11,Gym Floor,41,Sunday,2025-04,Morning
CI002712,M0160,2025-05-24,6,Zumba,44,Saturday,2025-05,Early Morning
CI002713,M0160,2025-06-23,20,Gym Floor,43,Monday,2025-06,Night
CI002714,M0160,2025-07-14,19,Zumba,39,Monday,2025-07,Evening
CI002715,M0160,2025-08-18,6,Gym Floor,78,Monday,2025-08,Early Morning
CI002716,M0160,2025-06-16,7,Gym Floor,68,Monday,2025-06,Early Morning
CI002717,M0160,2025-05-07,10,Spin,35,Wednesday,2025-05,Morning
CI002718,M0160,2025-05-04,17,Zumba,47,Sunday,2025-05,Evening
CI002719,M0160,2025-05-01,21,Spin,55,Thursday,2025-05,Night
CI002720,M0160,2025-07-05,11,Gym Floor,49,Saturday,2025-07,Morning
CI002721,M0160,2025-08-04,19,Pilates,22,Monday,2025-08,Evening
CI002722,M0160,2025-06-10,10,Cardio,73,Tuesday,2025-06,Morning
CI002723,M0160,2025-08-24,10,HIIT,71,Sunday,2025-08,Morning
CI002724,M0160,2025-05-19,12,Spin,49,Monday,2025-05,Morning
CI002725,M0160,2025-05-23,18,Pilates,45,Friday,2025-05,Evening
CI002726,M0160,2025-06-03,7,Spin,32,Tuesday,2025-06,Early Morning
CI002727,M0160,2025-05-05,20,Yoga,35,Monday,2025-05,Night
CI002728,M0160,2025-08-31,19,Cardio,52,Sunday,2025-08,Evening
CI002729,M0160,2025-05-07,10,Gym Floor,36,Wednesday,2025-05,Morning
CI002730,M0160,2025-08-28,16,Cardio,59,Thursday,2025-08,Afternoon
CI002731,M0160,2025-08-29,20,CrossFit,79,Friday,2025-08,Night
CI002732,M0160,2025-04-29,9,Gym Floor,61,Tuesday,2025-04,Early Morning
CI002733,M0160,2025-05-16,8,Pilates,46,Friday,2025-05,Early Morning
CI002734,M0160,2025-08-25,18,Gym Floor,43,Monday,2025-08,Evening
CI002735,M0160,2025-06-09,17,Gym Floor,45,Monday,2025-06,Evening
CI002736,M0160,2025-07-21,18,Yoga,80,Monday,2025-07,Evening
CI002737,M0160,2025-08-27,18,Yoga,76,Wednesday,2025-08,Evening
CI002738,M0160,2025-04-26,9,Gym Floor,57,Saturday,2025-04,Early Morning
CI002739,M0160,2025-03-09,12,Gym Floor,67,Sunday,2025-03,Morning
CI002740,M0160,2025-07-28,18,Gym Floor,55,Monday,2025-07,Evening
CI002741,M0160,2025-08-12,11,HIIT,48,Tuesday,2025-08,Morning
CI002742,M0160,2025-08-03,20,Gym Floor,69,Sunday,2025-08,Night
CI002743,M0160,2025-03-06,7,Strength Training,50,Thursday,2025-03,Early Morning
CI002744,M0160,2025-03-15,16,Gym Floor,59,Saturday,2025-03,Afternoon
CI002745,M0161,2025-03-17,18,Gym Floor,69,Monday,2025-03,Evening
CI002746,M0161,2025-04-29,18,Gym Floor,34,Tuesday,2025-04,Evening
CI002747,M0161,2025-03-28,18,Strength Training,58,Friday,2025-03,Evening
CI002748,M0161,2025-03-15,18,Cardio,73,Saturday,2025-03,Evening
CI002749,M0161,2025-03-07,17,CrossFit,59,Friday,2025-03,Evening
CI002750,M0161,2025-08-26,12,HIIT,75,Tuesday,2025-08,Morning
CI002751,M0161,2025-06-16,18,Spin,42,Monday,2025-06,Evening
CI002752,M0161,2025-03-12,8,CrossFit,63,Wednesday,2025-03,Early Morning
CI002753,M0161,2025-08-14,20,Yoga,52,Thursday,2025-08,Night
CI002754,M0161,2025-05-06,18,HIIT,39,Tuesday,2025-05,Evening
CI002755,M0161,2025-04-08,10,Pilates,32,Tuesday,2025-04,Morning
CI002756,M0161,2025-08-20,19,Strength Training,89,Wednesday,2025-08,Evening
CI002757,M0161,2025-06-22,17,Cardio,52,Sunday,2025-06,Evening
CI002758,M0161,2025-03-18,16,Zumba,73,Tuesday,2025-03,Afternoon
CI002759,M0161,2025-04-07,8,Gym Floor,49,Monday,2025-04,Early Morning
CI002760,M0161,2025-03-13,7,Gym Floor,26,Thursday,2025-03,Early Morning
CI002761,M0161,2025-04-12,9,Strength Training,38,Saturday,2025-04,Early Morning
CI002762,M0161,2025-07-12,20,Gym Floor,91,Saturday,2025-07,Night
CI002763,M0161,2025-04-27,18,Gym Floor,38,Sunday,2025-04,Evening
CI002764,M0161,2025-05-20,17,Zumba,46,Tuesday,2025-05,Evening
CI002765,M0161,2025-05-10,16,Cardio,54,Saturday,2025-05,Afternoon
CI002766,M0162,2025-03-20,16,Gym Floor,47,Thursday,2025-03,Afternoon
CI002767,M0162,2025-05-28,16,Pilates,48,Wednesday,2025-05,Afternoon
CI002768,M0162,2025-08-12,19,Gym Floor,35,Tuesday,2025-08,Evening
CI002769,M0162,2025-06-14,17,Pilates,29,Saturday,2025-06,Evening
CI002770,M0162,2025-07-17,7,Zumba,55,Thursday,2025-07,Early Morning
CI002771,M0162,2025-08-13,7,Gym Floor,46,Wednesday,2025-08,Early Morning
CI002772,M0162,2025-07-31,21,Gym Floor,44,Thursday,2025-07,Night
CI002773,M0162,2025-04-10,7,CrossFit,62,Thursday,2025-04,Early Morning
CI002774,M0162,2025-07-16,8,Gym Floor,88,Wednesday,2025-07,Early Morning
CI002775,M0162,2025-08-11,12,Gym Floor,81,Monday,2025-08,Morning
CI002776,M0162,2025-04-05,17,CrossFit,78,Saturday,2025-04,Evening
CI002777,M0162,2025-04-04,6,Strength Training,36,Friday,2025-04,Early Morning
CI002778,M0162,2025-08-08,11,Gym Floor,73,Friday,2025-08,Morning
CI002779,M0162,2025-07-28,20,Strength Training,32,Monday,2025-07,Night
CI002780,M0162,2025-05-31,8,Pilates,65,Saturday,2025-05,Early Morning
CI002781,M0162,2025-05-27,16,Cardio,40,Tuesday,2025-05,Afternoon
CI002782,M0162,2025-05-19,8,HIIT,31,Monday,2025-05,Early Morning
CI002783,M0162,2025-07-17,20,Gym Floor,49,Thursday,2025-07,Night
CI002784,M0162,2025-05-15,10,Gym Floor,78,Thursday,2025-05,Morning
CI002785,M0162,2025-04-10,16,Gym Floor,25,Thursday,2025-04,Afternoon
CI002786,M0162,2025-04-26,8,HIIT,63,Saturday,2025-04,Early Morning
CI002787,M0162,2025-04-30,11,Yoga,60,Wednesday,2025-04,Morning
CI002788,M0162,2025-04-23,19,Gym Floor,48,Wednesday,2025-04,Evening
CI002789,M0162,2025-06-27,7,Yoga,62,Friday,2025-06,Early Morning
CI002790,M0162,2025-04-13,8,Spin,54,Sunday,2025-04,Early Morning
CI002791,M0162,2025-03-16,19,Gym Floor,55,Sunday,2025-03,Evening
CI002792,M0162,2025-03-21,19,HIIT,105,Friday,2025-03,Evening
CI002793,M0162,2025-07-10,12,Zumba,44,Thursday,2025-07,Morning
CI002794,M0162,2025-04-20,17,CrossFit,62,Sunday,2025-04,Evening
CI002795,M0162,2025-04-03,17,Gym Floor,38,Thursday,2025-04,Evening
CI002796,M0162,2025-07-06,17,Gym Floor,78,Sunday,2025-07,Evening
CI002797,M0162,2025-05-20,18,Gym Floor,88,Tuesday,2025-05,Evening
CI002798,M0162,2025-06-06,18,Zumba,32,Friday,2025-06,Evening
CI002799,M0162,2025-08-08,17,Gym Floor,47,Friday,2025-08,Evening
CI002800,M0162,2025-07-03,8,Cardio,59,Thursday,2025-07,Early Morning
CI002801,M0162,2025-07-17,17,HIIT,36,Thursday,2025-07,Evening
CI002802,M0162,2025-03-28,7,Gym Floor,58,Friday,2025-03,Early Morning
CI002803,M0162,2025-07-28,7,Zumba,44,Monday,2025-07,Early Morning
CI002804,M0162,2025-03-14,8,Strength Training,59,Friday,2025-03,Early Morning
CI002805,M0162,2025-07-11,8,Gym Floor,40,Friday,2025-07,Early Morning
CI002806,M0162,2025-07-16,17,Spin,80,Wednesday,2025-07,Evening
CI002807,M0163,2025-04-17,19,Gym Floor,64,Thursday,2025-04,Evening
CI002808,M0163,2025-03-19,8,Yoga,51,Wednesday,2025-03,Early Morning
CI002809,M0163,2025-06-04,12,HIIT,66,Wednesday,2025-06,Morning
CI002810,M0163,2025-06-01,19,Yoga,31,Sunday,2025-06,Evening
CI002811,M0163,2025-06-06,16,Cardio,72,Friday,2025-06,Afternoon
CI002812,M0163,2025-07-11,8,Gym Floor,61,Friday,2025-07,Early Morning
CI002813,M0163,2025-04-11,19,HIIT,50,Friday,2025-04,Evening
CI002814,M0163,2025-03-12,19,Gym Floor,76,Wednesday,2025-03,Evening
CI002815,M0163,2025-08-20,19,Gym Floor,52,Wednesday,2025-08,Evening
CI002816,M0163,2025-05-18,7,HIIT,30,Sunday,2025-05,Early Morning
CI002817,M0163,2025-07-22,7,Gym Floor,84,Tuesday,2025-07,Early Morning
CI002818,M0163,2025-08-31,7,Zumba,52,Sunday,2025-08,Early Morning
CI002819,M0163,2025-04-10,8,HIIT,68,Thursday,2025-04,Early Morning
CI002820,M0163,2025-03-19,19,Gym Floor,86,Wednesday,2025-03,Evening
CI002821,M0163,2025-08-16,18,Zumba,63,Saturday,2025-08,Evening
CI002822,M0163,2025-06-29,11,Zumba,53,Sunday,2025-06,Morning
CI002823,M0163,2025-08-01,16,Pilates,34,Friday,2025-08,Afternoon
CI002824,M0163,2025-06-26,19,Gym Floor,61,Thursday,2025-06,Evening
CI002825,M0163,2025-05-02,18,CrossFit,37,Friday,2025-05,Evening
CI002826,M0163,2025-08-04,9,Zumba,77,Monday,2025-08,Early Morning
CI002827,M0163,2025-03-28,9,Yoga,70,Friday,2025-03,Early Morning
CI002828,M0163,2025-06-08,16,Cardio,64,Sunday,2025-06,Afternoon
CI002829,M0163,2025-08-03,10,CrossFit,58,Sunday,2025-08,Morning
CI002830,M0163,2025-04-27,19,Yoga,46,Sunday,2025-04,Evening
CI002831,M0163,2025-06-13,6,CrossFit,88,Friday,2025-06,Early Morning
CI002832,M0163,2025-04-18,8,Cardio,56,Friday,2025-04,Early Morning
CI002833,M0164,2025-07-04,20,CrossFit,47,Friday,2025-07,Night
CI002834,M0164,2025-04-21,6,Gym Floor,56,Monday,2025-04,Early Morning
CI002835,M0164,2025-05-01,18,Gym Floor,63,Thursday,2025-05,Evening
CI002836,M0164,2025-03-28,18,HIIT,30,Friday,2025-03,Evening
CI002837,M0164,2025-06-25,19,Gym Floor,68,Wednesday,2025-06,Evening
CI002838,M0164,2025-07-19,19,Gym Floor,79,Saturday,2025-07,Evening
CI002839,M0164,2025-08-05,20,HIIT,57,Tuesday,2025-08,Night
CI002840,M0165,2025-03-14,19,Yoga,56,Friday,2025-03,Evening
CI002841,M0166,2025-07-16,7,Spin,46,Wednesday,2025-07,Early Morning
CI002842,M0166,2025-05-02,17,Gym Floor,25,Friday,2025-05,Evening
CI002843,M0166,2025-08-02,6,Gym Floor,52,Saturday,2025-08,Early Morning
CI002844,M0166,2025-06-16,6,Gym Floor,50,Monday,2025-06,Early Morning
CI002845,M0166,2025-08-26,17,HIIT,83,Tuesday,2025-08,Evening
CI002846,M0166,2025-07-18,21,Gym Floor,36,Friday,2025-07,Night
CI002847,M0166,2025-08-04,17,Spin,71,Monday,2025-08,Evening
CI002848,M0166,2025-03-26,20,Zumba,31,Wednesday,2025-03,Night
CI002849,M0166,2025-05-15,19,Gym Floor,76,Thursday,2025-05,Evening
CI002850,M0166,2025-07-14,6,Pilates,27,Monday,2025-07,Early Morning
CI002851,M0166,2025-04-22,19,CrossFit,25,Tuesday,2025-04,Evening
CI002852,M0166,2025-04-19,18,Gym Floor,66,Saturday,2025-04,Evening
CI002853,M0166,2025-07-05,7,Gym Floor,46,Saturday,2025-07,Early Morning
CI002854,M0166,2025-08-07,20,CrossFit,56,Thursday,2025-08,Night
CI002855,M0166,2025-05-14,6,Gym Floor,42,Wednesday,2025-05,Early Morning
CI002856,M0166,2025-04-04,18,Zumba,66,Friday,2025-04,Evening
CI002857,M0166,2025-06-06,18,Cardio,43,Friday,2025-06,Evening
CI002858,M0166,2025-08-13,17,Cardio,45,Wednesday,2025-08,Evening
CI002859,M0166,2025-05-25,6,Cardio,33,Sunday,2025-05,Early Morning
CI002860,M0166,2025-07-08,19,Zumba,45,Tuesday,2025-07,Evening
CI002861,M0166,2025-07-28,6,Cardio,61,Monday,2025-07,Early Morning
CI002862,M0166,2025-06-20,19,Gym Floor,45,Friday,2025-06,Evening
CI002863,M0166,2025-04-30,10,Gym Floor,59,Wednesday,2025-04,Morning
CI002864,M0166,2025-07-18,21,Cardio,42,Friday,2025-07,Night
CI002865,M0166,2025-04-04,8,Gym Floor,58,Friday,2025-04,Early Morning
CI002866,M0166,2025-07-21,18,Gym Floor,68,Monday,2025-07,Evening
CI002867,M0166,2025-04-24,9,Gym Floor,65,Thursday,2025-04,Early Morning
CI002868,M0166,2025-06-03,16,CrossFit,31,Tuesday,2025-06,Afternoon
CI002869,M0166,2025-05-09,18,Gym Floor,63,Friday,2025-05,Evening
CI002870,M0166,2025-05-16,16,Strength Training,36,Friday,2025-05,Afternoon
CI002871,M0166,2025-05-17,19,Cardio,36,Saturday,2025-05,Evening
CI002872,M0166,2025-06-06,17,Yoga,37,Friday,2025-06,Evening
CI002873,M0166,2025-04-04,7,Yoga,27,Friday,2025-04,Early Morning
CI002874,M0166,2025-04-25,20,HIIT,36,Friday,2025-04,Night
CI002875,M0166,2025-07-21,17,Pilates,52,Monday,2025-07,Evening
CI002876,M0166,2025-08-14,6,Gym Floor,72,Thursday,2025-08,Early Morning
CI002877,M0166,2025-05-13,11,Gym Floor,61,Tuesday,2025-05,Morning
CI002878,M0166,2025-03-03,7,Gym Floor,58,Monday,2025-03,Early Morning
CI002879,M0166,2025-08-14,9,Gym Floor,43,Thursday,2025-08,Early Morning
CI002880,M0166,2025-06-28,19,Pilates,50,Saturday,2025-06,Evening
CI002881,M0166,2025-03-17,18,Pilates,43,Monday,2025-03,Evening
CI002882,M0166,2025-08-28,19,Gym Floor,73,Thursday,2025-08,Evening
CI002883,M0167,2025-04-09,16,Yoga,63,Wednesday,2025-04,Afternoon
CI002884,M0167,2025-04-18,19,CrossFit,64,Friday,2025-04,Evening
CI002885,M0167,2025-07-12,21,Gym Floor,112,Saturday,2025-07,Night
CI002886,M0167,2025-08-22,18,Strength Training,79,Friday,2025-08,Evening
CI002887,M0167,2025-06-17,17,Gym Floor,34,Tuesday,2025-06,Evening
CI002888,M0167,2025-04-10,7,Gym Floor,56,Thursday,2025-04,Early Morning
CI002889,M0167,2025-06-13,16,Spin,68,Friday,2025-06,Afternoon
CI002890,M0167,2025-08-15,17,Cardio,54,Friday,2025-08,Evening
CI002891,M0167,2025-06-29,6,Gym Floor,55,Sunday,2025-06,Early Morning
CI002892,M0167,2025-03-25,20,Gym Floor,51,Tuesday,2025-03,Night
CI002893,M0167,2025-04-03,6,Pilates,67,Thursday,2025-04,Early Morning
CI002894,M0167,2025-06-24,10,Gym Floor,22,Tuesday,2025-06,Morning
CI002895,M0167,2025-08-10,18,Gym Floor,92,Sunday,2025-08,Evening
CI002896,M0167,2025-04-30,17,Gym Floor,43,Wednesday,2025-04,Evening
CI002897,M0167,2025-05-23,18,Gym Floor,58,Friday,2025-05,Evening
CI002898,M0167,2025-05-16,6,Gym Floor,24,Friday,2025-05,Early Morning
CI002899,M0167,2025-07-25,20,HIIT,52,Friday,2025-07,Night
CI002900,M0167,2025-05-12,8,HIIT,80,Monday,2025-05,Early Morning
CI002901,M0167,2025-07-02,19,Gym Floor,29,Wednesday,2025-07,Evening
CI002902,M0167,2025-04-21,17,CrossFit,78,Monday,2025-04,Evening
CI002903,M0167,2025-08-26,6,HIIT,67,Tuesday,2025-08,Early Morning
CI002904,M0168,2025-08-18,17,HIIT,79,Monday,2025-08,Evening
CI002905,M0168,2025-06-02,9,Strength Training,61,Monday,2025-06,Early Morning
CI002906,M0168,2025-08-04,7,Gym Floor,45,Monday,2025-08,Early Morning
CI002907,M0168,2025-03-24,18,Gym Floor,34,Monday,2025-03,Evening
CI002908,M0168,2025-07-26,19,Gym Floor,33,Saturday,2025-07,Evening
CI002909,M0168,2025-05-27,6,CrossFit,87,Tuesday,2025-05,Early Morning
CI002910,M0168,2025-03-21,18,Gym Floor,65,Friday,2025-03,Evening
CI002911,M0168,2025-08-10,7,CrossFit,62,Sunday,2025-08,Early Morning
CI002912,M0168,2025-07-09,8,Pilates,71,Wednesday,2025-07,Early Morning
CI002913,M0168,2025-03-30,16,Zumba,81,Sunday,2025-03,Afternoon
CI002914,M0168,2025-05-30,10,Gym Floor,40,Friday,2025-05,Morning
CI002915,M0168,2025-05-18,18,Yoga,92,Sunday,2025-05,Evening
CI002916,M0168,2025-07-25,20,Gym Floor,68,Friday,2025-07,Night
CI002917,M0168,2025-05-27,21,Gym Floor,45,Tuesday,2025-05,Night
CI002918,M0168,2025-06-05,20,Pilates,25,Thursday,2025-06,Night
CI002919,M0168,2025-05-16,18,Gym Floor,81,Friday,2025-05,Evening
CI002920,M0168,2025-06-29,19,Gym Floor,71,Sunday,2025-06,Evening
CI002921,M0168,2025-08-01,18,Zumba,42,Friday,2025-08,Evening
CI002922,M0168,2025-07-14,8,Strength Training,43,Monday,2025-07,Early Morning
CI002923,M0168,2025-07-27,6,Spin,49,Sunday,2025-07,Early Morning
CI002924,M0168,2025-07-12,9,Yoga,35,Saturday,2025-07,Early Morning
CI002925,M0168,2025-06-22,17,Gym Floor,21,Sunday,2025-06,Evening
CI002926,M0168,2025-08-10,20,Spin,32,Sunday,2025-08,Night
CI002927,M0168,2025-03-21,19,Yoga,44,Friday,2025-03,Evening
CI002928,M0168,2025-03-07,18,HIIT,62,Friday,2025-03,Evening
CI002929,M0168,2025-08-01,19,Strength Training,50,Friday,2025-08,Evening
CI002930,M0168,2025-05-20,8,Gym Floor,53,Tuesday,2025-05,Early Morning
CI002931,M0168,2025-07-14,21,Zumba,57,Monday,2025-07,Night
CI002932,M0168,2025-06-15,17,Gym Floor,64,Sunday,2025-06,Evening
CI002933,M0169,2025-03-17,18,Gym Floor,34,Monday,2025-03,Evening
CI002934,M0169,2025-07-29,18,Gym Floor,66,Tuesday,2025-07,Evening
CI002935,M0169,2025-05-13,6,Yoga,46,Tuesday,2025-05,Early Morning
CI002936,M0169,2025-06-07,17,Spin,31,Saturday,2025-06,Evening
CI002937,M0169,2025-07-09,19,HIIT,28,Wednesday,2025-07,Evening
CI002938,M0169,2025-04-08,16,Gym Floor,89,Tuesday,2025-04,Afternoon
CI002939,M0169,2025-08-28,6,Gym Floor,65,Thursday,2025-08,Early Morning
CI002940,M0169,2025-05-04,19,HIIT,68,Sunday,2025-05,Evening
CI002941,M0169,2025-05-14,17,Gym Floor,44,Wednesday,2025-05,Evening
CI002942,M0169,2025-03-22,9,CrossFit,58,Saturday,2025-03,Early Morning
CI002943,M0169,2025-06-12,19,HIIT,42,Thursday,2025-06,Evening
CI002944,M0169,2025-04-17,16,Gym Floor,51,Thursday,2025-04,Afternoon
CI002945,M0169,2025-06-17,18,Gym Floor,37,Tuesday,2025-06,Evening
CI002946,M0169,2025-03-30,18,Pilates,52,Sunday,2025-03,Evening
CI002947,M0169,2025-06-18,17,CrossFit,30,Wednesday,2025-06,Evening
CI002948,M0170,2025-03-16,8,Gym Floor,65,Sunday,2025-03,Early Morning
CI002949,M0170,2025-05-23,6,Gym Floor,49,Friday,2025-05,Early Morning
CI002950,M0170,2025-07-02,6,HIIT,38,Wednesday,2025-07,Early Morning
CI002951,M0170,2025-04-14,6,CrossFit,69,Monday,2025-04,Early Morning
CI002952,M0170,2025-06-09,17,Gym Floor,49,Monday,2025-06,Evening
CI002953,M0170,2025-03-07,11,Gym Floor,96,Friday,2025-03,Morning
CI002954,M0170,2025-07-13,19,HIIT,76,Sunday,2025-07,Evening
CI002955,M0170,2025-04-28,17,HIIT,80,Monday,2025-04,Evening
CI002956,M0170,2025-07-12,18,Strength Training,55,Saturday,2025-07,Evening
CI002957,M0170,2025-06-22,16,Zumba,71,Sunday,2025-06,Afternoon
CI002958,M0170,2025-05-08,8,Gym Floor,74,Thursday,2025-05,Early Morning
CI002959,M0170,2025-05-08,17,Yoga,50,Thursday,2025-05,Evening
CI002960,M0170,2025-03-10,18,Gym Floor,105,Monday,2025-03,Evening
CI002961,M0170,2025-04-06,12,Spin,27,Sunday,2025-04,Morning
CI002962,M0170,2025-07-06,17,Gym Floor,41,Sunday,2025-07,Evening
CI002963,M0170,2025-03-05,17,Pilates,40,Wednesday,2025-03,Evening
CI002964,M0170,2025-03-03,20,Gym Floor,47,Monday,2025-03,Night
CI002965,M0170,2025-04-18,6,Gym Floor,42,Friday,2025-04,Early Morning
CI002966,M0170,2025-07-10,18,HIIT,30,Thursday,2025-07,Evening
CI002967,M0170,2025-03-01,10,Pilates,39,Saturday,2025-03,Morning
CI002968,M0170,2025-06-27,18,HIIT,47,Friday,2025-06,Evening
CI002969,M0170,2025-05-10,18,Cardio,82,Saturday,2025-05,Evening
CI002970,M0171,2025-03-09,17,Cardio,52,Sunday,2025-03,Evening
CI002971,M0171,2025-04-29,7,Yoga,82,Tuesday,2025-04,Early Morning
CI002972,M0172,2025-03-20,21,Gym Floor,31,Thursday,2025-03,Night
CI002973,M0172,2025-06-06,18,Gym Floor,33,Friday,2025-06,Evening
CI002974,M0172,2025-07-09,19,CrossFit,72,Wednesday,2025-07,Evening
CI002975,M0172,2025-06-16,16,Strength Training,56,Monday,2025-06,Afternoon
CI002976,M0172,2025-08-30,21,Cardio,69,Saturday,2025-08,Night
CI002977,M0172,2025-08-11,7,Cardio,53,Monday,2025-08,Early Morning
CI002978,M0172,2025-08-30,16,Spin,59,Saturday,2025-08,Afternoon
CI002979,M0173,2025-07-11,9,Gym Floor,20,Friday,2025-07,Early Morning
CI002980,M0173,2025-07-25,18,Gym Floor,46,Friday,2025-07,Evening
CI002981,M0173,2025-03-24,16,Gym Floor,48,Monday,2025-03,Afternoon
CI002982,M0174,2025-07-29,9,Spin,50,Tuesday,2025-07,Early Morning
CI002983,M0174,2025-04-24,7,CrossFit,58,Thursday,2025-04,Early Morning
CI002984,M0174,2025-07-07,20,Spin,80,Monday,2025-07,Night
CI002985,M0174,2025-08-21,11,Yoga,38,Thursday,2025-08,Morning
CI002986,M0174,2025-08-23,16,Gym Floor,48,Saturday,2025-08,Afternoon
CI002987,M0174,2025-05-14,20,Pilates,77,Wednesday,2025-05,Night
CI002988,M0174,2025-07-16,9,Gym Floor,44,Wednesday,2025-07,Early Morning
CI002989,M0174,2025-04-04,6,Spin,23,Friday,2025-04,Early Morning
CI002990,M0174,2025-08-29,17,Gym Floor,71,Friday,2025-08,Evening
CI002991,M0174,2025-05-23,16,Yoga,47,Friday,2025-05,Afternoon
CI002992,M0174,2025-08-29,19,Pilates,21,Friday,2025-08,Evening
CI002993,M0174,2025-04-21,7,Cardio,20,Monday,2025-04,Early Morning
CI002994,M0174,2025-03-23,16,Gym Floor,92,Sunday,2025-03,Afternoon
CI002995,M0174,2025-03-17,9,Gym Floor,58,Monday,2025-03,Early Morning
CI002996,M0174,2025-05-17,17,Cardio,42,Saturday,2025-05,Evening
CI002997,M0174,2025-03-08,7,CrossFit,42,Saturday,2025-03,Early Morning
CI002998,M0174,2025-03-05,9,Gym Floor,51,Wednesday,2025-03,Early Morning
CI002999,M0174,2025-03-05,12,Yoga,103,Wednesday,2025-03,Morning
CI003000,M0174,2025-05-21,11,Gym Floor,37,Wednesday,2025-05,Morning
CI003001,M0174,2025-08-22,18,Strength Training,95,Friday,2025-08,Evening
CI003002,M0174,2025-04-29,16,Gym Floor,57,Tuesday,2025-04,Afternoon
CI003003,M0174,2025-05-23,19,Yoga,53,Friday,2025-05,Evening
CI003004,M0174,2025-04-29,18,Gym Floor,57,Tuesday,2025-04,Evening
CI003005,M0174,2025-08-18,7,Cardio,54,Monday,2025-08,Early Morning
CI003006,M0174,2025-06-05,10,CrossFit,81,Thursday,2025-06,Morning
CI003007,M0174,2025-03-18,16,Spin,52,Tuesday,2025-03,Afternoon
CI003008,M0174,2025-03-26,6,Gym Floor,59,Wednesday,2025-03,Early Morning
CI003009,M0175,2025-08-26,16,Gym Floor,33,Tuesday,2025-08,Afternoon
CI003010,M0175,2025-08-22,6,Gym Floor,57,Friday,2025-08,Early Morning
CI003011,M0175,2025-07-15,18,Gym Floor,55,Tuesday,2025-07,Evening
CI003012,M0175,2025-06-24,7,HIIT,57,Tuesday,2025-06,Early Morning
CI003013,M0175,2025-03-10,6,Pilates,27,Monday,2025-03,Early Morning
CI003014,M0175,2025-07-22,18,Spin,62,Tuesday,2025-07,Evening
CI003015,M0175,2025-06-26,17,Gym Floor,79,Thursday,2025-06,Evening
CI003016,M0175,2025-03-13,8,Gym Floor,30,Thursday,2025-03,Early Morning
CI003017,M0175,2025-05-12,17,Gym Floor,53,Monday,2025-05,Evening
CI003018,M0175,2025-07-28,19,Gym Floor,50,Monday,2025-07,Evening
CI003019,M0175,2025-08-10,17,HIIT,42,Sunday,2025-08,Evening
CI003020,M0175,2025-06-29,6,Cardio,68,Sunday,2025-06,Early Morning
CI003021,M0175,2025-03-11,12,CrossFit,54,Tuesday,2025-03,Morning
CI003022,M0175,2025-05-20,17,Gym Floor,86,Tuesday,2025-05,Evening
CI003023,M0175,2025-06-10,17,Gym Floor,64,Tuesday,2025-06,Evening
CI003024,M0175,2025-03-06,16,Cardio,57,Thursday,2025-03,Afternoon
CI003025,M0175,2025-06-02,18,CrossFit,54,Monday,2025-06,Evening
CI003026,M0175,2025-08-12,16,Strength Training,85,Tuesday,2025-08,Afternoon
CI003027,M0175,2025-08-19,7,Pilates,44,Tuesday,2025-08,Early Morning
CI003028,M0175,2025-06-20,8,HIIT,69,Friday,2025-06,Early Morning
CI003029,M0175,2025-04-13,6,Gym Floor,43,Sunday,2025-04,Early Morning
CI003030,M0175,2025-05-28,17,Gym Floor,70,Wednesday,2025-05,Evening
CI003031,M0175,2025-08-08,17,Gym Floor,52,Friday,2025-08,Evening
CI003032,M0175,2025-05-21,8,Gym Floor,42,Wednesday,2025-05,Early Morning
CI003033,M0175,2025-03-23,19,Yoga,55,Sunday,2025-03,Evening
CI003034,M0175,2025-07-26,18,Yoga,35,Saturday,2025-07,Evening
CI003035,M0176,2025-05-04,19,Spin,44,Sunday,2025-05,Evening
CI003036,M0176,2025-05-09,16,Gym Floor,59,Friday,2025-05,Afternoon
CI003037,M0176,2025-08-08,18,Gym Floor,59,Friday,2025-08,Evening
CI003038,M0176,2025-05-23,20,Gym Floor,37,Friday,2025-05,Night
CI003039,M0176,2025-08-15,18,Yoga,60,Friday,2025-08,Evening
CI003040,M0176,2025-06-10,18,Gym Floor,78,Tuesday,2025-06,Evening
CI003041,M0176,2025-08-06,7,Cardio,78,Wednesday,2025-08,Early Morning
CI003042,M0176,2025-03-31,10,Zumba,44,Monday,2025-03,Morning
CI003043,M0176,2025-07-04,17,HIIT,62,Friday,2025-07,Evening
CI003044,M0176,2025-05-28,19,Cardio,43,Wednesday,2025-05,Evening
CI003045,M0176,2025-04-05,10,Strength Training,47,Saturday,2025-04,Morning
CI003046,M0176,2025-04-29,8,Gym Floor,50,Tuesday,2025-04,Early Morning
CI003047,M0176,2025-05-02,10,Pilates,57,Friday,2025-05,Morning
CI003048,M0176,2025-04-14,7,Yoga,34,Monday,2025-04,Early Morning
CI003049,M0176,2025-05-06,18,Spin,88,Tuesday,2025-05,Evening
CI003050,M0176,2025-07-14,17,Gym Floor,42,Monday,2025-07,Evening
CI003051,M0176,2025-08-27,11,Pilates,71,Wednesday,2025-08,Morning
CI003052,M0176,2025-08-23,17,Gym Floor,72,Saturday,2025-08,Evening
CI003053,M0176,2025-03-05,17,Zumba,20,Wednesday,2025-03,Evening
CI003054,M0176,2025-07-28,17,Cardio,47,Monday,2025-07,Evening
CI003055,M0176,2025-03-13,19,Gym Floor,81,Thursday,2025-03,Evening
CI003056,M0176,2025-06-12,6,Gym Floor,61,Thursday,2025-06,Early Morning
CI003057,M0176,2025-06-03,19,Spin,45,Tuesday,2025-06,Evening
CI003058,M0176,2025-04-16,8,Gym Floor,69,Wednesday,2025-04,Early Morning
CI003059,M0176,2025-05-27,19,HIIT,61,Tuesday,2025-05,Evening
CI003060,M0177,2025-04-18,12,Spin,20,Friday,2025-04,Morning
CI003061,M0177,2025-08-27,9,Zumba,45,Wednesday,2025-08,Early Morning
CI003062,M0177,2025-07-22,19,Spin,44,Tuesday,2025-07,Evening
CI003063,M0177,2025-04-05,18,Gym Floor,54,Saturday,2025-04,Evening
CI003064,M0177,2025-08-28,19,HIIT,47,Thursday,2025-08,Evening
CI003065,M0178,2025-05-30,20,Pilates,93,Friday,2025-05,Night
CI003066,M0178,2025-04-27,8,Gym Floor,52,Sunday,2025-04,Early Morning
CI003067,M0178,2025-04-02,18,Gym Floor,53,Wednesday,2025-04,Evening
CI003068,M0178,2025-06-19,7,Cardio,61,Thursday,2025-06,Early Morning
CI003069,M0178,2025-04-15,19,Yoga,93,Tuesday,2025-04,Evening
CI003070,M0178,2025-06-08,12,Yoga,58,Sunday,2025-06,Morning
CI003071,M0178,2025-04-20,8,HIIT,30,Sunday,2025-04,Early Morning
CI003072,M0178,2025-05-30,12,Pilates,28,Friday,2025-05,Morning
CI003073,M0178,2025-06-04,12,Yoga,80,Wednesday,2025-06,Morning
CI003074,M0178,2025-05-15,19,HIIT,48,Thursday,2025-05,Evening
CI003075,M0178,2025-08-29,10,Gym Floor,51,Friday,2025-08,Morning
CI003076,M0178,2025-03-04,17,Gym Floor,25,Tuesday,2025-03,Evening
CI003077,M0178,2025-03-16,18,Gym Floor,41,Sunday,2025-03,Evening
CI003078,M0178,2025-08-11,8,Pilates,95,Monday,2025-08,Early Morning
CI003079,M0178,2025-05-28,11,Zumba,72,Wednesday,2025-05,Morning
CI003080,M0178,2025-05-22,18,Gym Floor,61,Thursday,2025-05,Evening
CI003081,M0178,2025-03-29,9,Spin,37,Saturday,2025-03,Early Morning
CI003082,M0178,2025-07-08,20,Pilates,84,Tuesday,2025-07,Night
CI003083,M0178,2025-05-30,17,Yoga,67,Friday,2025-05,Evening
CI003084,M0179,2025-06-03,20,HIIT,68,Tuesday,2025-06,Night
CI003085,M0179,2025-05-19,10,Gym Floor,42,Monday,2025-05,Morning
CI003086,M0179,2025-03-09,10,Gym Floor,74,Sunday,2025-03,Morning
CI003087,M0179,2025-05-18,17,HIIT,51,Sunday,2025-05,Evening
CI003088,M0179,2025-04-11,16,Pilates,67,Friday,2025-04,Afternoon
CI003089,M0179,2025-08-20,19,HIIT,36,Wednesday,2025-08,Evening
CI003090,M0179,2025-07-31,12,Gym Floor,25,Thursday,2025-07,Morning
CI003091,M0179,2025-05-08,7,Spin,72,Thursday,2025-05,Early Morning
CI003092,M0179,2025-08-25,19,Strength Training,35,Monday,2025-08,Evening
CI003093,M0179,2025-05-27,6,Gym Floor,89,Tuesday,2025-05,Early Morning
CI003094,M0179,2025-07-25,9,HIIT,68,Friday,2025-07,Early Morning
CI003095,M0179,2025-05-26,6,HIIT,56,Monday,2025-05,Early Morning
CI003096,M0179,2025-08-01,16,Strength Training,84,Friday,2025-08,Afternoon
CI003097,M0179,2025-07-07,18,Gym Floor,73,Monday,2025-07,Evening
CI003098,M0179,2025-08-07,18,Strength Training,71,Thursday,2025-08,Evening
CI003099,M0179,2025-08-13,18,Gym Floor,70,Wednesday,2025-08,Evening
CI003100,M0179,2025-03-13,12,Cardio,66,Thursday,2025-03,Morning
CI003101,M0179,2025-06-17,16,CrossFit,86,Tuesday,2025-06,Afternoon
CI003102,M0179,2025-03-23,20,Strength Training,65,Sunday,2025-03,Night
CI003103,M0179,2025-05-26,6,Cardio,20,Monday,2025-05,Early Morning
CI003104,M0179,2025-08-11,16,Yoga,38,Monday,2025-08,Afternoon
CI003105,M0179,2025-05-29,20,HIIT,57,Thursday,2025-05,Night
CI003106,M0179,2025-05-20,18,Zumba,47,Tuesday,2025-05,Evening
CI003107,M0179,2025-06-11,16,Yoga,59,Wednesday,2025-06,Afternoon
CI003108,M0179,2025-03-25,16,Yoga,43,Tuesday,2025-03,Afternoon
CI003109,M0179,2025-08-02,6,Yoga,85,Saturday,2025-08,Early Morning
CI003110,M0180,2025-08-30,18,Gym Floor,61,Saturday,2025-08,Evening
CI003111,M0180,2025-06-19,17,Gym Floor,51,Thursday,2025-06,Evening
CI003112,M0180,2025-08-26,18,Gym Floor,55,Tuesday,2025-08,Evening
CI003113,M0180,2025-07-14,20,Yoga,32,Monday,2025-07,Night
CI003114,M0180,2025-05-14,21,Gym Floor,60,Wednesday,2025-05,Night
CI003115,M0180,2025-04-22,6,Spin,72,Tuesday,2025-04,Early Morning
CI003116,M0181,2025-03-11,6,HIIT,56,Tuesday,2025-03,Early Morning
CI003117,M0181,2025-08-02,18,Gym Floor,67,Saturday,2025-08,Evening
CI003118,M0181,2025-08-14,19,Gym Floor,61,Thursday,2025-08,Evening
CI003119,M0181,2025-03-11,18,Cardio,44,Tuesday,2025-03,Evening
CI003120,M0181,2025-06-15,19,Gym Floor,27,Sunday,2025-06,Evening
CI003121,M0181,2025-07-04,19,Pilates,65,Friday,2025-07,Evening
CI003122,M0181,2025-04-27,10,Gym Floor,91,Sunday,2025-04,Morning
CI003123,M0181,2025-06-12,7,Cardio,61,Thursday,2025-06,Early Morning
CI003124,M0181,2025-03-24,7,Gym Floor,48,Monday,2025-03,Early Morning
CI003125,M0181,2025-08-27,18,Gym Floor,21,Wednesday,2025-08,Evening
CI003126,M0181,2025-07-16,7,HIIT,26,Wednesday,2025-07,Early Morning
CI003127,M0181,2025-08-10,8,Gym Floor,72,Sunday,2025-08,Early Morning
CI003128,M0181,2025-04-17,10,Gym Floor,71,Thursday,2025-04,Morning
CI003129,M0181,2025-03-22,20,Gym Floor,61,Saturday,2025-03,Night
CI003130,M0181,2025-08-12,20,Yoga,74,Tuesday,2025-08,Night
CI003131,M0181,2025-08-25,9,Yoga,20,Monday,2025-08,Early Morning
CI003132,M0181,2025-06-24,18,Spin,37,Tuesday,2025-06,Evening
CI003133,M0181,2025-05-24,17,Spin,44,Saturday,2025-05,Evening
CI003134,M0181,2025-07-30,9,Strength Training,20,Wednesday,2025-07,Early Morning
CI003135,M0181,2025-08-15,17,Zumba,56,Friday,2025-08,Evening
CI003136,M0181,2025-03-01,11,Spin,20,Saturday,2025-03,Morning
CI003137,M0181,2025-04-28,7,CrossFit,53,Monday,2025-04,Early Morning
CI003138,M0181,2025-03-27,12,Gym Floor,70,Thursday,2025-03,Morning
CI003139,M0181,2025-03-06,19,CrossFit,26,Thursday,2025-03,Evening
CI003140,M0181,2025-08-11,18,Gym Floor,78,Monday,2025-08,Evening
CI003141,M0181,2025-07-26,19,Gym Floor,67,Saturday,2025-07,Evening
CI003142,M0182,2025-05-04,12,Yoga,70,Sunday,2025-05,Morning
CI003143,M0182,2025-08-25,6,Gym Floor,41,Monday,2025-08,Early Morning
CI003144,M0182,2025-04-06,9,Spin,49,Sunday,2025-04,Early Morning
CI003145,M0182,2025-04-10,18,HIIT,70,Thursday,2025-04,Evening
CI003146,M0182,2025-08-06,20,Yoga,52,Wednesday,2025-08,Night
CI003147,M0182,2025-08-24,19,Gym Floor,82,Sunday,2025-08,Evening
CI003148,M0182,2025-04-14,19,Gym Floor,46,Monday,2025-04,Evening
CI003149,M0182,2025-05-21,17,Gym Floor,53,Wednesday,2025-05,Evening
CI003150,M0182,2025-04-04,9,Gym Floor,61,Friday,2025-04,Early Morning
CI003151,M0182,2025-06-21,12,Gym Floor,21,Saturday,2025-06,Morning
CI003152,M0182,2025-05-12,10,Gym Floor,86,Monday,2025-05,Morning
CI003153,M0182,2025-04-07,18,Gym Floor,52,Monday,2025-04,Evening
CI003154,M0182,2025-07-21,9,Yoga,43,Monday,2025-07,Early Morning
CI003155,M0182,2025-06-01,18,Zumba,53,Sunday,2025-06,Evening
CI003156,M0182,2025-06-05,8,Gym Floor,35,Thursday,2025-06,Early Morning
CI003157,M0182,2025-06-18,17,Strength Training,44,Wednesday,2025-06,Evening
CI003158,M0182,2025-04-05,7,Pilates,90,Saturday,2025-04,Early Morning
CI003159,M0182,2025-06-09,10,Spin,84,Monday,2025-06,Morning
CI003160,M0183,2025-05-15,9,HIIT,64,Thursday,2025-05,Early Morning
CI003161,M0183,2025-08-05,8,Zumba,45,Tuesday,2025-08,Early Morning
CI003162,M0183,2025-05-24,18,Cardio,57,Saturday,2025-05,Evening
CI003163,M0184,2025-03-21,7,HIIT,37,Friday,2025-03,Early Morning
CI003164,M0184,2025-08-12,8,Gym Floor,48,Tuesday,2025-08,Early Morning
CI003165,M0184,2025-08-05,6,Gym Floor,51,Tuesday,2025-08,Early Morning
CI003166,M0184,2025-03-04,7,Cardio,53,Tuesday,2025-03,Early Morning
CI003167,M0184,2025-06-01,10,Pilates,40,Sunday,2025-06,Morning
CI003168,M0184,2025-04-12,8,Cardio,76,Saturday,2025-04,Early Morning
CI003169,M0184,2025-05-07,18,Gym Floor,71,Wednesday,2025-05,Evening
CI003170,M0184,2025-03-22,7,Yoga,34,Saturday,2025-03,Early Morning
CI003171,M0184,2025-05-29,11,Yoga,52,Thursday,2025-05,Morning
CI003172,M0184,2025-07-17,17,HIIT,31,Thursday,2025-07,Evening
CI003173,M0184,2025-06-19,19,Zumba,87,Thursday,2025-06,Evening
CI003174,M0184,2025-05-06,18,Gym Floor,33,Tuesday,2025-05,Evening
CI003175,M0184,2025-05-12,18,HIIT,47,Monday,2025-05,Evening
CI003176,M0184,2025-05-05,19,Gym Floor,50,Monday,2025-05,Evening
CI003177,M0184,2025-05-16,19,Gym Floor,35,Friday,2025-05,Evening
CI003178,M0184,2025-06-03,16,Gym Floor,57,Tuesday,2025-06,Afternoon
CI003179,M0184,2025-08-17,6,Gym Floor,63,Sunday,2025-08,Early Morning
CI003180,M0184,2025-08-09,8,Pilates,43,Saturday,2025-08,Early Morning
CI003181,M0184,2025-06-17,7,HIIT,52,Tuesday,2025-06,Early Morning
CI003182,M0184,2025-06-06,10,Gym Floor,86,Friday,2025-06,Morning
CI003183,M0184,2025-04-22,7,Cardio,46,Tuesday,2025-04,Early Morning
CI003184,M0184,2025-06-09,8,Spin,43,Monday,2025-06,Early Morning
CI003185,M0184,2025-04-28,19,HIIT,60,Monday,2025-04,Evening
CI003186,M0184,2025-06-25,10,Pilates,42,Wednesday,2025-06,Morning
CI003187,M0184,2025-07-23,11,Gym Floor,42,Wednesday,2025-07,Morning
CI003188,M0184,2025-06-23,7,Gym Floor,66,Monday,2025-06,Early Morning
CI003189,M0184,2025-05-27,19,Yoga,76,Tuesday,2025-05,Evening
CI003190,M0184,2025-05-17,9,Gym Floor,55,Saturday,2025-05,Early Morning
CI003191,M0184,2025-07-28,8,HIIT,51,Monday,2025-07,Early Morning
CI003192,M0184,2025-03-26,6,Gym Floor,46,Wednesday,2025-03,Early Morning
CI003193,M0184,2025-03-13,16,Spin,92,Thursday,2025-03,Afternoon
CI003194,M0184,2025-03-31,10,CrossFit,51,Monday,2025-03,Morning
CI003195,M0185,2025-07-19,7,Gym Floor,41,Saturday,2025-07,Early Morning
CI003196,M0185,2025-05-10,17,Gym Floor,63,Saturday,2025-05,Evening
CI003197,M0185,2025-08-17,7,Strength Training,86,Sunday,2025-08,Early Morning
CI003198,M0185,2025-07-13,6,Pilates,72,Sunday,2025-07,Early Morning
CI003199,M0185,2025-06-14,17,Pilates,49,Saturday,2025-06,Evening
CI003200,M0185,2025-04-06,16,Yoga,55,Sunday,2025-04,Afternoon
CI003201,M0185,2025-07-27,8,Cardio,74,Sunday,2025-07,Early Morning
CI003202,M0185,2025-06-06,6,Gym Floor,34,Friday,2025-06,Early Morning
CI003203,M0186,2025-05-20,17,Cardio,30,Tuesday,2025-05,Evening
CI003204,M0186,2025-08-18,10,Gym Floor,73,Monday,2025-08,Morning
CI003205,M0187,2025-07-08,20,Gym Floor,53,Tuesday,2025-07,Night
CI003206,M0187,2025-06-26,7,Yoga,57,Thursday,2025-06,Early Morning
CI003207,M0187,2025-03-17,18,Gym Floor,49,Monday,2025-03,Evening
CI003208,M0188,2025-06-03,19,Cardio,63,Tuesday,2025-06,Evening
CI003209,M0188,2025-07-23,7,Gym Floor,68,Wednesday,2025-07,Early Morning
CI003210,M0188,2025-06-11,10,Yoga,70,Wednesday,2025-06,Morning
CI003211,M0188,2025-07-02,19,CrossFit,69,Wednesday,2025-07,Evening
CI003212,M0188,2025-05-14,19,Spin,37,Wednesday,2025-05,Evening
CI003213,M0188,2025-05-31,12,Cardio,78,Saturday,2025-05,Morning
CI003214,M0188,2025-08-15,19,Zumba,62,Friday,2025-08,Evening
CI003215,M0189,2025-03-19,20,HIIT,59,Wednesday,2025-03,Night
CI003216,M0189,2025-05-31,20,CrossFit,49,Saturday,2025-05,Night
CI003217,M0189,2025-07-01,20,Gym Floor,42,Tuesday,2025-07,Night
CI003218,M0189,2025-07-15,16,Gym Floor,47,Tuesday,2025-07,Afternoon
CI003219,M0189,2025-07-15,12,Gym Floor,84,Tuesday,2025-07,Morning
CI003220,M0189,2025-05-30,17,Gym Floor,89,Friday,2025-05,Evening
CI003221,M0189,2025-03-07,21,Gym Floor,59,Friday,2025-03,Night
CI003222,M0189,2025-03-02,19,Spin,84,Sunday,2025-03,Evening
CI003223,M0189,2025-07-30,7,Gym Floor,40,Wednesday,2025-07,Early Morning
CI003224,M0189,2025-08-30,6,Cardio,43,Saturday,2025-08,Early Morning
CI003225,M0189,2025-06-06,20,Zumba,80,Friday,2025-06,Night
CI003226,M0189,2025-06-11,19,Yoga,41,Wednesday,2025-06,Evening
CI003227,M0189,2025-05-17,7,Gym Floor,55,Saturday,2025-05,Early Morning
CI003228,M0189,2025-04-16,19,Gym Floor,26,Wednesday,2025-04,Evening
CI003229,M0189,2025-07-02,12,Gym Floor,34,Wednesday,2025-07,Morning
CI003230,M0189,2025-08-20,10,Zumba,51,Wednesday,2025-08,Morning
CI003231,M0189,2025-06-26,16,Gym Floor,66,Thursday,2025-06,Afternoon
CI003232,M0189,2025-08-22,19,Gym Floor,49,Friday,2025-08,Evening
CI003233,M0189,2025-05-06,18,Pilates,49,Tuesday,2025-05,Evening
CI003234,M0190,2025-08-07,16,CrossFit,35,Thursday,2025-08,Afternoon
CI003235,M0190,2025-07-20,9,Gym Floor,60,Sunday,2025-07,Early Morning
CI003236,M0190,2025-04-18,10,Gym Floor,27,Friday,2025-04,Morning
CI003237,M0190,2025-07-12,12,Gym Floor,55,Saturday,2025-07,Morning
CI003238,M0191,2025-05-06,19,Gym Floor,76,Tuesday,2025-05,Evening
CI003239,M0191,2025-05-01,17,Gym Floor,39,Thursday,2025-05,Evening
CI003240,M0191,2025-04-10,19,Gym Floor,60,Thursday,2025-04,Evening
CI003241,M0191,2025-07-10,18,Gym Floor,33,Thursday,2025-07,Evening
CI003242,M0191,2025-06-01,17,Gym Floor,55,Sunday,2025-06,Evening
CI003243,M0191,2025-04-16,7,Gym Floor,47,Wednesday,2025-04,Early Morning
CI003244,M0191,2025-06-03,18,Gym Floor,89,Tuesday,2025-06,Evening
CI003245,M0191,2025-08-18,18,Spin,54,Monday,2025-08,Evening
CI003246,M0191,2025-04-21,11,Strength Training,43,Monday,2025-04,Morning
CI003247,M0191,2025-04-17,16,Gym Floor,73,Thursday,2025-04,Afternoon
CI003248,M0191,2025-04-16,18,Gym Floor,38,Wednesday,2025-04,Evening
CI003249,M0191,2025-04-13,18,Zumba,65,Sunday,2025-04,Evening
CI003250,M0191,2025-03-14,18,CrossFit,20,Friday,2025-03,Evening
CI003251,M0191,2025-05-08,12,Zumba,55,Thursday,2025-05,Morning
CI003252,M0191,2025-06-23,18,Gym Floor,68,Monday,2025-06,Evening
CI003253,M0191,2025-06-09,11,Gym Floor,52,Monday,2025-06,Morning
CI003254,M0191,2025-05-30,20,HIIT,99,Friday,2025-05,Night
CI003255,M0191,2025-06-08,17,Zumba,32,Sunday,2025-06,Evening
CI003256,M0191,2025-05-20,7,Pilates,54,Tuesday,2025-05,Early Morning
CI003257,M0191,2025-03-30,18,Gym Floor,74,Sunday,2025-03,Evening
CI003258,M0191,2025-08-21,9,Pilates,39,Thursday,2025-08,Early Morning
CI003259,M0191,2025-04-05,16,Gym Floor,59,Saturday,2025-04,Afternoon
CI003260,M0191,2025-04-15,16,Cardio,59,Tuesday,2025-04,Afternoon
CI003261,M0191,2025-08-11,16,Strength Training,66,Monday,2025-08,Afternoon
CI003262,M0191,2025-06-03,10,Spin,45,Tuesday,2025-06,Morning
CI003263,M0191,2025-03-03,18,Gym Floor,74,Monday,2025-03,Evening
CI003264,M0191,2025-07-19,17,Gym Floor,62,Saturday,2025-07,Evening
CI003265,M0191,2025-05-06,20,HIIT,56,Tuesday,2025-05,Night
CI003266,M0191,2025-06-21,17,Gym Floor,48,Saturday,2025-06,Evening
CI003267,M0191,2025-08-10,18,Gym Floor,48,Sunday,2025-08,Evening
CI003268,M0191,2025-07-04,8,Spin,66,Friday,2025-07,Early Morning
CI003269,M0191,2025-05-25,12,Gym Floor,41,Sunday,2025-05,Morning
CI003270,M0191,2025-03-19,17,Spin,80,Wednesday,2025-03,Evening
CI003271,M0192,2025-06-08,7,Zumba,62,Sunday,2025-06,Early Morning
CI003272,M0192,2025-07-05,19,CrossFit,65,Saturday,2025-07,Evening
CI003273,M0192,2025-05-30,18,Pilates,70,Friday,2025-05,Evening
CI003274,M0192,2025-08-01,10,Gym Floor,62,Friday,2025-08,Morning
CI003275,M0192,2025-08-03,19,Gym Floor,78,Sunday,2025-08,Evening
CI003276,M0192,2025-04-27,6,Spin,52,Sunday,2025-04,Early Morning
CI003277,M0192,2025-05-03,21,Zumba,52,Saturday,2025-05,Night
CI003278,M0192,2025-08-05,6,Gym Floor,51,Tuesday,2025-08,Early Morning
CI003279,M0192,2025-08-02,17,Gym Floor,73,Saturday,2025-08,Evening
CI003280,M0192,2025-06-26,9,Gym Floor,55,Thursday,2025-06,Early Morning
CI003281,M0192,2025-07-15,16,Gym Floor,57,Tuesday,2025-07,Afternoon
CI003282,M0192,2025-05-24,17,Gym Floor,59,Saturday,2025-05,Evening
CI003283,M0192,2025-08-05,10,Yoga,57,Tuesday,2025-08,Morning
CI003284,M0192,2025-04-05,18,HIIT,64,Saturday,2025-04,Evening
CI003285,M0192,2025-08-22,7,Gym Floor,82,Friday,2025-08,Early Morning
CI003286,M0192,2025-06-22,10,Gym Floor,65,Sunday,2025-06,Morning
CI003287,M0192,2025-07-11,8,Gym Floor,74,Friday,2025-07,Early Morning
CI003288,M0192,2025-08-23,18,Gym Floor,44,Saturday,2025-08,Evening
CI003289,M0192,2025-05-17,7,Gym Floor,74,Saturday,2025-05,Early Morning
CI003290,M0192,2025-08-27,19,Strength Training,52,Wednesday,2025-08,Evening
CI003291,M0192,2025-04-26,7,Gym Floor,60,Saturday,2025-04,Early Morning
CI003292,M0192,2025-07-06,18,HIIT,69,Sunday,2025-07,Evening
CI003293,M0192,2025-07-22,11,Gym Floor,56,Tuesday,2025-07,Morning
CI003294,M0192,2025-06-02,7,Gym Floor,39,Monday,2025-06,Early Morning
CI003295,M0192,2025-03-18,19,Gym Floor,55,Tuesday,2025-03,Evening
CI003296,M0192,2025-07-16,6,Pilates,62,Wednesday,2025-07,Early Morning
CI003297,M0192,2025-04-25,19,Gym Floor,40,Friday,2025-04,Evening
CI003298,M0192,2025-08-12,6,Spin,80,Tuesday,2025-08,Early Morning
CI003299,M0192,2025-05-07,19,Cardio,44,Wednesday,2025-05,Evening
CI003300,M0192,2025-07-18,20,CrossFit,48,Friday,2025-07,Night
CI003301,M0192,2025-06-24,19,Gym Floor,81,Tuesday,2025-06,Evening
CI003302,M0192,2025-03-26,8,Yoga,70,Wednesday,2025-03,Early Morning
CI003303,M0192,2025-05-07,9,Gym Floor,38,Wednesday,2025-05,Early Morning
CI003304,M0192,2025-04-23,19,Pilates,76,Wednesday,2025-04,Evening
CI003305,M0192,2025-08-23,20,CrossFit,45,Saturday,2025-08,Night
CI003306,M0192,2025-04-19,18,Gym Floor,34,Saturday,2025-04,Evening
CI003307,M0192,2025-08-04,21,Gym Floor,52,Monday,2025-08,Night
CI003308,M0192,2025-08-07,18,Strength Training,34,Thursday,2025-08,Evening
CI003309,M0192,2025-04-03,20,Spin,43,Thursday,2025-04,Night
CI003310,M0192,2025-06-13,18,Zumba,57,Friday,2025-06,Evening
CI003311,M0192,2025-05-27,6,CrossFit,45,Tuesday,2025-05,Early Morning
CI003312,M0192,2025-05-16,19,CrossFit,59,Friday,2025-05,Evening
CI003313,M0192,2025-07-24,18,Zumba,86,Thursday,2025-07,Evening
CI003314,M0192,2025-03-18,8,Gym Floor,32,Tuesday,2025-03,Early Morning
CI003315,M0192,2025-05-17,10,Gym Floor,48,Saturday,2025-05,Morning
CI003316,M0192,2025-06-27,17,Zumba,20,Friday,2025-06,Evening
CI003317,M0193,2025-06-06,17,Zumba,53,Friday,2025-06,Evening
CI003318,M0193,2025-05-18,16,HIIT,92,Sunday,2025-05,Afternoon
CI003319,M0193,2025-08-10,20,Zumba,25,Sunday,2025-08,Night
CI003320,M0193,2025-03-22,18,Gym Floor,56,Saturday,2025-03,Evening
CI003321,M0193,2025-05-29,17,Zumba,58,Thursday,2025-05,Evening
CI003322,M0193,2025-07-29,19,Gym Floor,54,Tuesday,2025-07,Evening
CI003323,M0193,2025-03-09,6,Zumba,81,Sunday,2025-03,Early Morning
CI003324,M0193,2025-08-25,6,Gym Floor,64,Monday,2025-08,Early Morning
CI003325,M0193,2025-08-12,6,CrossFit,37,Tuesday,2025-08,Early Morning
CI003326,M0193,2025-07-12,19,HIIT,67,Saturday,2025-07,Evening
CI003327,M0193,2025-03-03,18,Pilates,55,Monday,2025-03,Evening
CI003328,M0194,2025-04-10,6,Gym Floor,54,Thursday,2025-04,Early Morning
CI003329,M0194,2025-07-04,16,Gym Floor,35,Friday,2025-07,Afternoon
CI003330,M0194,2025-03-20,7,HIIT,70,Thursday,2025-03,Early Morning
CI003331,M0194,2025-04-19,19,CrossFit,61,Saturday,2025-04,Evening
CI003332,M0194,2025-06-12,9,Spin,38,Thursday,2025-06,Early Morning
CI003333,M0194,2025-04-14,6,Gym Floor,51,Monday,2025-04,Early Morning
CI003334,M0194,2025-05-26,18,Zumba,57,Monday,2025-05,Evening
CI003335,M0194,2025-05-25,17,Gym Floor,58,Sunday,2025-05,Evening
CI003336,M0194,2025-03-02,10,Gym Floor,59,Sunday,2025-03,Morning
CI003337,M0194,2025-08-16,18,Zumba,39,Saturday,2025-08,Evening
CI003338,M0194,2025-08-24,7,Spin,52,Sunday,2025-08,Early Morning
CI003339,M0194,2025-08-23,19,Spin,64,Saturday,2025-08,Evening
CI003340,M0194,2025-04-09,19,HIIT,75,Wednesday,2025-04,Evening
CI003341,M0194,2025-07-08,6,Strength Training,35,Tuesday,2025-07,Early Morning
CI003342,M0194,2025-04-08,7,Gym Floor,33,Tuesday,2025-04,Early Morning
CI003343,M0194,2025-05-20,10,Spin,46,Tuesday,2025-05,Morning
CI003344,M0194,2025-07-24,7,Gym Floor,98,Thursday,2025-07,Early Morning
CI003345,M0194,2025-07-10,17,Gym Floor,78,Thursday,2025-07,Evening
CI003346,M0194,2025-07-03,16,Yoga,34,Thursday,2025-07,Afternoon
CI003347,M0194,2025-05-07,18,Gym Floor,84,Wednesday,2025-05,Evening
CI003348,M0194,2025-06-03,9,Cardio,49,Tuesday,2025-06,Early Morning
CI003349,M0194,2025-08-12,17,Gym Floor,36,Tuesday,2025-08,Evening
CI003350,M0194,2025-08-07,19,Gym Floor,45,Thursday,2025-08,Evening
CI003351,M0195,2025-08-21,20,Gym Floor,39,Thursday,2025-08,Night
CI003352,M0195,2025-05-21,21,Yoga,71,Wednesday,2025-05,Night
CI003353,M0195,2025-04-08,18,Zumba,58,Tuesday,2025-04,Evening
CI003354,M0195,2025-03-15,19,Pilates,67,Saturday,2025-03,Evening
CI003355,M0195,2025-03-04,17,Cardio,37,Tuesday,2025-03,Evening
CI003356,M0195,2025-08-14,18,Gym Floor,50,Thursday,2025-08,Evening
CI003357,M0195,2025-05-30,19,Zumba,83,Friday,2025-05,Evening
CI003358,M0195,2025-06-22,11,Gym Floor,55,Sunday,2025-06,Morning
CI003359,M0195,2025-04-30,18,Gym Floor,43,Wednesday,2025-04,Evening
CI003360,M0195,2025-06-15,18,HIIT,45,Sunday,2025-06,Evening
CI003361,M0195,2025-03-16,17,Cardio,61,Sunday,2025-03,Evening
CI003362,M0195,2025-07-02,17,Gym Floor,57,Wednesday,2025-07,Evening
CI003363,M0195,2025-08-29,12,Gym Floor,20,Friday,2025-08,Morning
CI003364,M0195,2025-06-18,10,Cardio,55,Wednesday,2025-06,Morning
CI003365,M0195,2025-04-05,21,Gym Floor,76,Saturday,2025-04,Night
CI003366,M0195,2025-08-06,10,Spin,48,Wednesday,2025-08,Morning
CI003367,M0195,2025-04-11,8,Gym Floor,50,Friday,2025-04,Early Morning
CI003368,M0195,2025-03-14,19,Gym Floor,58,Friday,2025-03,Evening
CI003369,M0195,2025-08-25,19,Gym Floor,53,Monday,2025-08,Evening
CI003370,M0195,2025-03-11,16,Strength Training,68,Tuesday,2025-03,Afternoon
CI003371,M0195,2025-07-06,19,Cardio,71,Sunday,2025-07,Evening
CI003372,M0196,2025-06-20,8,CrossFit,27,Friday,2025-06,Early Morning
CI003373,M0196,2025-04-19,20,Gym Floor,54,Saturday,2025-04,Night
CI003374,M0196,2025-07-21,17,Gym Floor,61,Monday,2025-07,Evening
CI003375,M0196,2025-08-28,16,Gym Floor,49,Thursday,2025-08,Afternoon
CI003376,M0196,2025-08-18,19,Strength Training,45,Monday,2025-08,Evening
CI003377,M0196,2025-03-15,6,CrossFit,43,Saturday,2025-03,Early Morning
CI003378,M0196,2025-05-20,8,CrossFit,92,Tuesday,2025-05,Early Morning
CI003379,M0196,2025-04-20,8,Gym Floor,63,Sunday,2025-04,Early Morning
CI003380,M0196,2025-08-21,18,Gym Floor,57,Thursday,2025-08,Evening
CI003381,M0197,2025-07-18,18,Gym Floor,89,Friday,2025-07,Evening
CI003382,M0197,2025-06-04,10,Strength Training,47,Wednesday,2025-06,Morning
CI003383,M0197,2025-04-27,11,Cardio,60,Sunday,2025-04,Morning
CI003384,M0197,2025-06-10,12,Zumba,78,Tuesday,2025-06,Morning
CI003385,M0197,2025-05-22,18,Gym Floor,70,Thursday,2025-05,Evening
CI003386,M0197,2025-07-16,7,Pilates,90,Wednesday,2025-07,Early Morning
CI003387,M0197,2025-08-11,17,Gym Floor,66,Monday,2025-08,Evening
CI003388,M0197,2025-08-02,20,Gym Floor,67,Saturday,2025-08,Night
CI003389,M0197,2025-06-11,17,Gym Floor,61,Wednesday,2025-06,Evening
CI003390,M0197,2025-03-06,19,Spin,42,Thursday,2025-03,Evening
CI003391,M0197,2025-08-16,10,Gym Floor,20,Saturday,2025-08,Morning
CI003392,M0197,2025-05-28,21,Gym Floor,34,Wednesday,2025-05,Night
CI003393,M0197,2025-05-28,9,Strength Training,81,Wednesday,2025-05,Early Morning
CI003394,M0197,2025-04-29,10,Gym Floor,65,Tuesday,2025-04,Morning
CI003395,M0197,2025-07-29,16,Cardio,64,Tuesday,2025-07,Afternoon
CI003396,M0197,2025-04-13,18,HIIT,67,Sunday,2025-04,Evening
CI003397,M0197,2025-05-30,17,Gym Floor,77,Friday,2025-05,Evening
CI003398,M0197,2025-06-11,7,Spin,63,Wednesday,2025-06,Early Morning
CI003399,M0198,2025-04-27,10,Gym Floor,50,Sunday,2025-04,Morning
CI003400,M0198,2025-07-31,18,Zumba,37,Thursday,2025-07,Evening
CI003401,M0198,2025-08-11,6,Cardio,68,Monday,2025-08,Early Morning
CI003402,M0198,2025-06-20,8,Gym Floor,77,Friday,2025-06,Early Morning
CI003403,M0198,2025-07-25,8,CrossFit,28,Friday,2025-07,Early Morning
CI003404,M0200,2025-04-03,11,Pilates,20,Thursday,2025-04,Morning
CI003405,M0200,2025-03-27,17,Gym Floor,72,Thursday,2025-03,Evening
CI003406,M0200,2025-08-19,8,Gym Floor,68,Tuesday,2025-08,Early Morning
CI003407,M0200,2025-03-22,8,Gym Floor,35,Saturday,2025-03,Early Morning
CI003408,M0200,2025-03-27,20,Zumba,47,Thursday,2025-03,Night
CI003409,M0200,2025-07-23,17,Yoga,39,Wednesday,2025-07,Evening
CI003410,M0200,2025-08-08,21,Yoga,84,Friday,2025-08,Night
CI003411,M0201,2025-04-24,9,Strength Training,85,Thursday,2025-04,Early Morning
CI003412,M0201,2025-04-26,10,CrossFit,46,Saturday,2025-04,Morning
CI003413,M0201,2025-07-11,6,Gym Floor,64,Friday,2025-07,Early Morning
CI003414,M0201,2025-07-13,7,Gym Floor,54,Sunday,2025-07,Early Morning
CI003415,M0201,2025-05-16,6,Spin,41,Friday,2025-05,Early Morning
CI003416,M0202,2025-05-12,18,Gym Floor,54,Monday,2025-05,Evening
CI003417,M0202,2025-05-10,16,Gym Floor,37,Saturday,2025-05,Afternoon
CI003418,M0202,2025-03-31,6,CrossFit,49,Monday,2025-03,Early Morning
CI003419,M0202,2025-08-05,20,CrossFit,61,Tuesday,2025-08,Night
CI003420,M0202,2025-03-02,8,Gym Floor,31,Sunday,2025-03,Early Morning
CI003421,M0202,2025-05-07,19,Zumba,61,Wednesday,2025-05,Evening
CI003422,M0202,2025-04-06,9,Zumba,61,Sunday,2025-04,Early Morning
CI003423,M0202,2025-08-30,17,Gym Floor,51,Saturday,2025-08,Evening
CI003424,M0203,2025-08-07,6,Gym Floor,37,Thursday,2025-08,Early Morning
CI003425,M0203,2025-04-06,8,Strength Training,76,Sunday,2025-04,Early Morning
CI003426,M0203,2025-06-15,16,Yoga,38,Sunday,2025-06,Afternoon
CI003427,M0203,2025-06-09,18,Pilates,51,Monday,2025-06,Evening
CI003428,M0203,2025-04-24,6,Gym Floor,55,Thursday,2025-04,Early Morning
CI003429,M0204,2025-06-26,12,HIIT,69,Thursday,2025-06,Morning
CI003430,M0204,2025-05-12,19,Gym Floor,47,Monday,2025-05,Evening
CI003431,M0204,2025-03-08,21,Gym Floor,67,Saturday,2025-03,Night
CI003432,M0204,2025-07-18,10,Gym Floor,67,Friday,2025-07,Morning
CI003433,M0204,2025-04-27,17,Gym Floor,41,Sunday,2025-04,Evening
CI003434,M0204,2025-07-23,19,HIIT,70,Wednesday,2025-07,Evening
CI003435,M0204,2025-03-04,17,Strength Training,54,Tuesday,2025-03,Evening
CI003436,M0204,2025-05-21,7,Cardio,65,Wednesday,2025-05,Early Morning
CI003437,M0204,2025-08-23,12,Pilates,50,Saturday,2025-08,Morning
CI003438,M0204,2025-04-04,20,Zumba,23,Friday,2025-04,Night
CI003439,M0204,2025-03-15,7,Yoga,47,Saturday,2025-03,Early Morning
CI003440,M0205,2025-07-03,19,Yoga,54,Thursday,2025-07,Evening
CI003441,M0205,2025-05-11,7,Pilates,44,Sunday,2025-05,Early Morning
CI003442,M0205,2025-06-24,16,Strength Training,43,Tuesday,2025-06,Afternoon
CI003443,M0205,2025-05-05,11,Gym Floor,20,Monday,2025-05,Morning
CI003444,M0205,2025-08-12,18,Gym Floor,34,Tuesday,2025-08,Evening
CI003445,M0205,2025-07-15,6,Zumba,38,Tuesday,2025-07,Early Morning
CI003446,M0205,2025-08-26,17,HIIT,77,Tuesday,2025-08,Evening
CI003447,M0205,2025-06-29,18,Gym Floor,38,Sunday,2025-06,Evening
CI003448,M0205,2025-04-06,7,Gym Floor,31,Sunday,2025-04,Early Morning
CI003449,M0206,2025-08-03,10,Spin,66,Sunday,2025-08,Morning
CI003450,M0206,2025-04-18,9,Gym Floor,70,Friday,2025-04,Early Morning
CI003451,M0207,2025-03-25,7,Gym Floor,55,Tuesday,2025-03,Early Morning
CI003452,M0207,2025-08-02,19,HIIT,31,Saturday,2025-08,Evening
CI003453,M0207,2025-08-23,19,Gym Floor,44,Saturday,2025-08,Evening
CI003454,M0207,2025-06-19,19,Strength Training,34,Thursday,2025-06,Evening
CI003455,M0207,2025-07-13,7,HIIT,64,Sunday,2025-07,Early Morning
CI003456,M0207,2025-07-30,6,Gym Floor,51,Wednesday,2025-07,Early Morning
CI003457,M0207,2025-04-25,18,HIIT,24,Friday,2025-04,Evening
CI003458,M0207,2025-04-21,8,Yoga,61,Monday,2025-04,Early Morning
CI003459,M0207,2025-07-22,17,Gym Floor,48,Tuesday,2025-07,Evening
CI003460,M0207,2025-08-27,18,Cardio,53,Wednesday,2025-08,Evening
CI003461,M0207,2025-08-19,17,Yoga,45,Tuesday,2025-08,Evening
CI003462,M0207,2025-07-15,18,Strength Training,60,Tuesday,2025-07,Evening
CI003463,M0207,2025-07-16,20,Gym Floor,30,Wednesday,2025-07,Night
CI003464,M0207,2025-05-15,12,Gym Floor,88,Thursday,2025-05,Morning
CI003465,M0208,2025-05-01,18,Gym Floor,48,Thursday,2025-05,Evening
CI003466,M0208,2025-03-12,18,Strength Training,57,Wednesday,2025-03,Evening
CI003467,M0209,2025-06-19,11,Gym Floor,24,Thursday,2025-06,Morning
CI003468,M0209,2025-06-19,10,Gym Floor,52,Thursday,2025-06,Morning
CI003469,M0209,2025-08-17,20,Gym Floor,66,Sunday,2025-08,Night
CI003470,M0209,2025-04-19,12,Gym Floor,39,Saturday,2025-04,Morning
CI003471,M0209,2025-08-21,9,HIIT,33,Thursday,2025-08,Early Morning
CI003472,M0209,2025-05-27,6,Pilates,43,Tuesday,2025-05,Early Morning
CI003473,M0209,2025-07-14,7,Gym Floor,82,Monday,2025-07,Early Morning
CI003474,M0209,2025-05-15,8,Gym Floor,62,Thursday,2025-05,Early Morning
CI003475,M0210,2025-06-28,16,CrossFit,71,Saturday,2025-06,Afternoon
CI003476,M0210,2025-05-26,6,CrossFit,74,Monday,2025-05,Early Morning
CI003477,M0210,2025-08-07,21,Spin,54,Thursday,2025-08,Night
CI003478,M0210,2025-05-18,17,Spin,61,Sunday,2025-05,Evening
CI003479,M0210,2025-07-08,20,CrossFit,61,Tuesday,2025-07,Night
CI003480,M0210,2025-03-12,11,Cardio,34,Wednesday,2025-03,Morning
CI003481,M0210,2025-07-07,16,Strength Training,99,Monday,2025-07,Afternoon
CI003482,M0210,2025-06-15,8,Gym Floor,60,Sunday,2025-06,Early Morning
CI003483,M0210,2025-03-16,17,Gym Floor,20,Sunday,2025-03,Evening
CI003484,M0211,2025-06-15,10,HIIT,31,Sunday,2025-06,Morning
CI003485,M0211,2025-04-02,19,Pilates,56,Wednesday,2025-04,Evening
CI003486,M0211,2025-05-26,18,Gym Floor,72,Monday,2025-05,Evening
CI003487,M0211,2025-07-22,11,Gym Floor,86,Tuesday,2025-07,Morning
CI003488,M0211,2025-08-22,11,Gym Floor,44,Friday,2025-08,Morning
CI003489,M0211,2025-08-04,16,Gym Floor,74,Monday,2025-08,Afternoon
CI003490,M0211,2025-04-30,10,Gym Floor,52,Wednesday,2025-04,Morning
CI003491,M0211,2025-07-04,10,Gym Floor,73,Friday,2025-07,Morning
CI003492,M0211,2025-03-06,16,Pilates,54,Thursday,2025-03,Afternoon
CI003493,M0211,2025-04-03,19,Gym Floor,73,Thursday,2025-04,Evening
CI003494,M0211,2025-06-10,10,Pilates,85,Tuesday,2025-06,Morning
CI003495,M0211,2025-06-26,9,Pilates,46,Thursday,2025-06,Early Morning
CI003496,M0211,2025-08-14,18,Pilates,67,Thursday,2025-08,Evening
CI003497,M0211,2025-05-21,6,Strength Training,47,Wednesday,2025-05,Early Morning
CI003498,M0211,2025-07-03,20,Spin,74,Thursday,2025-07,Night
CI003499,M0211,2025-03-25,20,Yoga,79,Tuesday,2025-03,Night
CI003500,M0211,2025-05-02,8,CrossFit,74,Friday,2025-05,Early Morning
CI003501,M0211,2025-07-25,9,Gym Floor,20,Friday,2025-07,Early Morning
CI003502,M0211,2025-05-17,17,Gym Floor,70,Saturday,2025-05,Evening
CI003503,M0211,2025-07-20,17,Strength Training,39,Sunday,2025-07,Evening
CI003504,M0211,2025-07-02,7,Zumba,20,Wednesday,2025-07,Early Morning
CI003505,M0211,2025-03-07,19,HIIT,34,Friday,2025-03,Evening
CI003506,M0211,2025-08-22,9,Gym Floor,76,Friday,2025-08,Early Morning
CI003507,M0211,2025-08-07,8,Zumba,20,Thursday,2025-08,Early Morning
CI003508,M0211,2025-05-03,8,Gym Floor,52,Saturday,2025-05,Early Morning
CI003509,M0211,2025-08-23,16,Cardio,28,Saturday,2025-08,Afternoon
CI003510,M0211,2025-06-21,11,CrossFit,65,Saturday,2025-06,Morning
CI003511,M0211,2025-03-28,12,Gym Floor,66,Friday,2025-03,Morning
CI003512,M0211,2025-06-09,19,Spin,60,Monday,2025-06,Evening
CI003513,M0211,2025-07-13,7,CrossFit,85,Sunday,2025-07,Early Morning
CI003514,M0211,2025-03-17,8,Strength Training,85,Monday,2025-03,Early Morning
CI003515,M0211,2025-03-21,12,Yoga,49,Friday,2025-03,Morning
CI003516,M0211,2025-07-29,10,CrossFit,65,Tuesday,2025-07,Morning
CI003517,M0211,2025-03-26,18,CrossFit,41,Wednesday,2025-03,Evening
CI003518,M0211,2025-08-04,7,Gym Floor,22,Monday,2025-08,Early Morning
CI003519,M0211,2025-03-02,11,Spin,58,Sunday,2025-03,Morning
CI003520,M0212,2025-04-01,17,Strength Training,69,Tuesday,2025-04,Evening
CI003521,M0212,2025-03-17,8,Gym Floor,68,Monday,2025-03,Early Morning
CI003522,M0212,2025-08-14,18,Cardio,60,Thursday,2025-08,Evening
CI003523,M0212,2025-03-25,16,Gym Floor,79,Tuesday,2025-03,Afternoon
CI003524,M0212,2025-05-08,8,Gym Floor,68,Thursday,2025-05,Early Morning
CI003525,M0212,2025-07-22,6,Gym Floor,26,Tuesday,2025-07,Early Morning
CI003526,M0212,2025-06-25,18,Gym Floor,55,Wednesday,2025-06,Evening
CI003527,M0212,2025-03-31,17,Spin,58,Monday,2025-03,Evening
CI003528,M0212,2025-08-20,9,Strength Training,46,Wednesday,2025-08,Early Morning
CI003529,M0212,2025-03-23,18,Gym Floor,75,Sunday,2025-03,Evening
CI003530,M0212,2025-03-30,6,Yoga,45,Sunday,2025-03,Early Morning
CI003531,M0212,2025-08-08,18,Pilates,39,Friday,2025-08,Evening
CI003532,M0212,2025-06-02,16,Strength Training,33,Monday,2025-06,Afternoon
CI003533,M0213,2025-06-24,19,Gym Floor,41,Tuesday,2025-06,Evening
CI003534,M0213,2025-03-07,19,Gym Floor,26,Friday,2025-03,Evening
CI003535,M0213,2025-03-18,16,Gym Floor,42,Tuesday,2025-03,Afternoon
CI003536,M0213,2025-04-28,7,Strength Training,42,Monday,2025-04,Early Morning
CI003537,M0213,2025-08-04,9,Zumba,47,Monday,2025-08,Early Morning
CI003538,M0213,2025-08-16,6,Gym Floor,48,Saturday,2025-08,Early Morning
CI003539,M0213,2025-08-31,17,Strength Training,40,Sunday,2025-08,Evening
CI003540,M0213,2025-03-11,17,Gym Floor,79,Tuesday,2025-03,Evening
CI003541,M0213,2025-07-21,12,Gym Floor,34,Monday,2025-07,Morning
CI003542,M0213,2025-07-21,7,Strength Training,62,Monday,2025-07,Early Morning
CI003543,M0213,2025-08-13,16,Yoga,69,Wednesday,2025-08,Afternoon
CI003544,M0213,2025-06-02,21,Gym Floor,55,Monday,2025-06,Night
CI003545,M0213,2025-06-15,19,Zumba,39,Sunday,2025-06,Evening
CI003546,M0214,2025-04-22,9,Strength Training,71,Tuesday,2025-04,Early Morning
CI003547,M0214,2025-04-12,7,Zumba,53,Saturday,2025-04,Early Morning
CI003548,M0214,2025-07-03,8,Pilates,63,Thursday,2025-07,Early Morning
CI003549,M0214,2025-08-02,7,Strength Training,34,Saturday,2025-08,Early Morning
CI003550,M0214,2025-07-17,7,CrossFit,43,Thursday,2025-07,Early Morning
CI003551,M0214,2025-03-01,11,HIIT,57,Saturday,2025-03,Morning
CI003552,M0214,2025-07-10,8,Gym Floor,43,Thursday,2025-07,Early Morning
CI003553,M0214,2025-07-04,19,Zumba,69,Friday,2025-07,Evening
CI003554,M0214,2025-03-26,19,Gym Floor,39,Wednesday,2025-03,Evening
CI003555,M0214,2025-04-27,19,HIIT,24,Sunday,2025-04,Evening
CI003556,M0214,2025-06-23,10,CrossFit,65,Monday,2025-06,Morning
CI003557,M0214,2025-06-29,9,Zumba,45,Sunday,2025-06,Early Morning
CI003558,M0214,2025-07-13,20,Gym Floor,61,Sunday,2025-07,Night
CI003559,M0214,2025-03-17,18,Gym Floor,77,Monday,2025-03,Evening
CI003560,M0214,2025-03-11,16,HIIT,55,Tuesday,2025-03,Afternoon
CI003561,M0214,2025-05-02,18,Gym Floor,38,Friday,2025-05,Evening
CI003562,M0214,2025-07-11,20,Cardio,71,Friday,2025-07,Night
CI003563,M0214,2025-06-25,18,Gym Floor,52,Wednesday,2025-06,Evening
CI003564,M0214,2025-04-27,16,Gym Floor,39,Sunday,2025-04,Afternoon
CI003565,M0214,2025-05-18,9,Yoga,21,Sunday,2025-05,Early Morning
CI003566,M0214,2025-05-27,17,Gym Floor,39,Tuesday,2025-05,Evening
CI003567,M0214,2025-04-20,19,Yoga,45,Sunday,2025-04,Evening
CI003568,M0214,2025-05-25,18,Gym Floor,22,Sunday,2025-05,Evening
CI003569,M0214,2025-04-24,18,Strength Training,66,Thursday,2025-04,Evening
CI003570,M0214,2025-08-26,18,HIIT,77,Tuesday,2025-08,Evening
CI003571,M0215,2025-03-19,11,Spin,68,Wednesday,2025-03,Morning
CI003572,M0215,2025-06-12,9,Yoga,49,Thursday,2025-06,Early Morning
CI003573,M0215,2025-06-07,20,Gym Floor,40,Saturday,2025-06,Night
CI003574,M0215,2025-08-29,7,Yoga,49,Friday,2025-08,Early Morning
CI003575,M0215,2025-08-15,18,HIIT,36,Friday,2025-08,Evening
CI003576,M0215,2025-06-13,19,Gym Floor,58,Friday,2025-06,Evening
CI003577,M0216,2025-03-16,19,CrossFit,55,Sunday,2025-03,Evening
CI003578,M0216,2025-04-19,9,Yoga,38,Saturday,2025-04,Early Morning
CI003579,M0216,2025-08-16,9,Gym Floor,69,Saturday,2025-08,Early Morning
CI003580,M0216,2025-05-30,12,Gym Floor,67,Friday,2025-05,Morning
CI003581,M0216,2025-08-01,8,Cardio,43,Friday,2025-08,Early Morning
CI003582,M0216,2025-03-16,17,Gym Floor,65,Sunday,2025-03,Evening
CI003583,M0216,2025-04-25,7,Gym Floor,77,Friday,2025-04,Early Morning
CI003584,M0216,2025-04-29,17,HIIT,37,Tuesday,2025-04,Evening
CI003585,M0216,2025-07-04,16,Gym Floor,54,Friday,2025-07,Afternoon
CI003586,M0216,2025-06-02,11,Gym Floor,80,Monday,2025-06,Morning
CI003587,M0216,2025-04-28,9,Gym Floor,48,Monday,2025-04,Early Morning
CI003588,M0216,2025-06-06,8,Zumba,20,Friday,2025-06,Early Morning
CI003589,M0216,2025-03-10,16,Gym Floor,70,Monday,2025-03,Afternoon
CI003590,M0216,2025-05-31,17,Strength Training,71,Saturday,2025-05,Evening
CI003591,M0216,2025-08-22,7,Gym Floor,65,Friday,2025-08,Early Morning
CI003592,M0216,2025-03-26,17,Gym Floor,77,Wednesday,2025-03,Evening
CI003593,M0216,2025-03-26,19,Gym Floor,44,Wednesday,2025-03,Evening
CI003594,M0216,2025-03-27,9,Pilates,92,Thursday,2025-03,Early Morning
CI003595,M0216,2025-03-30,17,Gym Floor,46,Sunday,2025-03,Evening
CI003596,M0216,2025-03-24,20,Yoga,20,Monday,2025-03,Night
CI003597,M0216,2025-04-16,19,Spin,33,Wednesday,2025-04,Evening
CI003598,M0216,2025-06-01,16,Gym Floor,62,Sunday,2025-06,Afternoon
CI003599,M0216,2025-05-11,18,Zumba,44,Sunday,2025-05,Evening
CI003600,M0217,2025-04-26,16,Gym Floor,36,Saturday,2025-04,Afternoon
CI003601,M0217,2025-05-26,17,Gym Floor,72,Monday,2025-05,Evening
CI003602,M0217,2025-05-21,20,Yoga,62,Wednesday,2025-05,Night
CI003603,M0217,2025-06-17,6,Spin,80,Tuesday,2025-06,Early Morning
CI003604,M0217,2025-08-23,17,Gym Floor,37,Saturday,2025-08,Evening
CI003605,M0217,2025-08-26,17,Spin,48,Tuesday,2025-08,Evening
CI003606,M0217,2025-04-26,12,Gym Floor,24,Saturday,2025-04,Morning
CI003607,M0217,2025-03-23,18,Zumba,48,Sunday,2025-03,Evening
CI003608,M0217,2025-06-11,17,CrossFit,36,Wednesday,2025-06,Evening
CI003609,M0217,2025-08-06,19,Pilates,66,Wednesday,2025-08,Evening
CI003610,M0217,2025-05-16,16,Yoga,59,Friday,2025-05,Afternoon
CI003611,M0217,2025-04-11,8,Gym Floor,84,Friday,2025-04,Early Morning
CI003612,M0217,2025-07-30,11,Gym Floor,77,Wednesday,2025-07,Morning
CI003613,M0217,2025-08-25,8,Gym Floor,56,Monday,2025-08,Early Morning
CI003614,M0217,2025-06-23,16,CrossFit,71,Monday,2025-06,Afternoon
CI003615,M0217,2025-06-28,9,Gym Floor,72,Saturday,2025-06,Early Morning
CI003616,M0217,2025-03-23,17,HIIT,85,Sunday,2025-03,Evening
CI003617,M0217,2025-06-11,12,CrossFit,78,Wednesday,2025-06,Morning
CI003618,M0217,2025-03-23,17,Gym Floor,42,Sunday,2025-03,Evening
CI003619,M0217,2025-06-25,8,Gym Floor,75,Wednesday,2025-06,Early Morning
CI003620,M0217,2025-06-12,11,Gym Floor,63,Thursday,2025-06,Morning
CI003621,M0217,2025-03-22,19,Cardio,39,Saturday,2025-03,Evening
CI003622,M0217,2025-07-29,19,HIIT,76,Tuesday,2025-07,Evening
CI003623,M0217,2025-07-06,7,Gym Floor,45,Sunday,2025-07,Early Morning
CI003624,M0217,2025-05-28,7,Zumba,70,Wednesday,2025-05,Early Morning
CI003625,M0217,2025-03-24,11,Zumba,26,Monday,2025-03,Morning
CI003626,M0218,2025-07-27,11,Gym Floor,57,Sunday,2025-07,Morning
CI003627,M0218,2025-05-31,8,Gym Floor,61,Saturday,2025-05,Early Morning
CI003628,M0218,2025-04-06,6,Gym Floor,72,Sunday,2025-04,Early Morning
CI003629,M0218,2025-04-06,11,Gym Floor,68,Sunday,2025-04,Morning
CI003630,M0218,2025-07-17,20,HIIT,84,Thursday,2025-07,Night
CI003631,M0218,2025-07-01,17,HIIT,52,Tuesday,2025-07,Evening
CI003632,M0218,2025-03-07,19,Gym Floor,51,Friday,2025-03,Evening
CI003633,M0218,2025-05-01,18,Spin,60,Thursday,2025-05,Evening
CI003634,M0218,2025-04-04,6,Spin,41,Friday,2025-04,Early Morning
CI003635,M0218,2025-06-30,17,Spin,70,Monday,2025-06,Evening
CI003636,M0219,2025-08-16,7,Gym Floor,70,Saturday,2025-08,Early Morning
CI003637,M0219,2025-07-26,18,Gym Floor,70,Saturday,2025-07,Evening
CI003638,M0219,2025-06-27,18,Gym Floor,55,Friday,2025-06,Evening
CI003639,M0219,2025-07-30,9,Strength Training,46,Wednesday,2025-07,Early Morning
CI003640,M0219,2025-05-23,6,Gym Floor,69,Friday,2025-05,Early Morning
CI003641,M0219,2025-03-21,16,Gym Floor,69,Friday,2025-03,Afternoon
CI003642,M0219,2025-07-24,8,Cardio,53,Thursday,2025-07,Early Morning
CI003643,M0219,2025-05-06,10,Pilates,40,Tuesday,2025-05,Morning
CI003644,M0220,2025-05-14,17,CrossFit,71,Wednesday,2025-05,Evening
CI003645,M0220,2025-05-01,18,Spin,43,Thursday,2025-05,Evening
CI003646,M0220,2025-03-09,9,Zumba,48,Sunday,2025-03,Early Morning
CI003647,M0220,2025-08-06,19,Gym Floor,48,Wednesday,2025-08,Evening
CI003648,M0220,2025-06-06,10,Gym Floor,91,Friday,2025-06,Morning
CI003649,M0221,2025-04-13,17,Gym Floor,42,Sunday,2025-04,Evening
CI003650,M0221,2025-08-25,11,HIIT,53,Monday,2025-08,Morning
CI003651,M0221,2025-03-19,16,Cardio,58,Wednesday,2025-03,Afternoon
CI003652,M0221,2025-06-26,19,Strength Training,41,Thursday,2025-06,Evening
CI003653,M0221,2025-03-06,11,CrossFit,35,Thursday,2025-03,Morning
CI003654,M0221,2025-03-11,7,Gym Floor,33,Tuesday,2025-03,Early Morning
CI003655,M0221,2025-04-27,20,Cardio,48,Sunday,2025-04,Night
CI003656,M0221,2025-07-09,11,Gym Floor,39,Wednesday,2025-07,Morning
CI003657,M0221,2025-06-25,10,Spin,74,Wednesday,2025-06,Morning
CI003658,M0221,2025-06-03,8,Gym Floor,59,Tuesday,2025-06,Early Morning
CI003659,M0222,2025-04-21,6,Zumba,57,Monday,2025-04,Early Morning
CI003660,M0222,2025-06-21,9,Gym Floor,69,Saturday,2025-06,Early Morning
CI003661,M0222,2025-06-23,6,Cardio,62,Monday,2025-06,Early Morning
CI003662,M0222,2025-08-07,7,Cardio,49,Thursday,2025-08,Early Morning
CI003663,M0222,2025-03-19,17,Gym Floor,63,Wednesday,2025-03,Evening
CI003664,M0222,2025-05-11,18,Cardio,52,Sunday,2025-05,Evening
CI003665,M0222,2025-03-16,10,Gym Floor,76,Sunday,2025-03,Morning
CI003666,M0222,2025-08-20,18,Strength Training,31,Wednesday,2025-08,Evening
CI003667,M0223,2025-04-09,18,Gym Floor,49,Wednesday,2025-04,Evening
CI003668,M0223,2025-07-18,12,Gym Floor,67,Friday,2025-07,Morning
CI003669,M0223,2025-06-16,17,Gym Floor,77,Monday,2025-06,Evening
CI003670,M0223,2025-06-26,6,Yoga,108,Thursday,2025-06,Early Morning
CI003671,M0223,2025-04-22,17,Strength Training,82,Tuesday,2025-04,Evening
CI003672,M0223,2025-04-27,11,Strength Training,82,Sunday,2025-04,Morning
CI003673,M0223,2025-04-05,16,CrossFit,72,Saturday,2025-04,Afternoon
CI003674,M0223,2025-04-05,8,Pilates,33,Saturday,2025-04,Early Morning
CI003675,M0223,2025-06-18,19,Gym Floor,50,Wednesday,2025-06,Evening
CI003676,M0223,2025-03-14,19,Gym Floor,81,Friday,2025-03,Evening
CI003677,M0223,2025-05-05,16,Gym Floor,59,Monday,2025-05,Afternoon
CI003678,M0223,2025-06-09,6,Gym Floor,67,Monday,2025-06,Early Morning
CI003679,M0223,2025-04-06,7,Pilates,63,Sunday,2025-04,Early Morning
CI003680,M0223,2025-04-18,17,Gym Floor,71,Friday,2025-04,Evening
CI003681,M0223,2025-07-16,18,Zumba,77,Wednesday,2025-07,Evening
CI003682,M0223,2025-07-02,7,Pilates,53,Wednesday,2025-07,Early Morning
CI003683,M0223,2025-05-15,19,Gym Floor,59,Thursday,2025-05,Evening
CI003684,M0223,2025-04-15,18,Gym Floor,59,Tuesday,2025-04,Evening
CI003685,M0223,2025-07-03,12,Gym Floor,59,Thursday,2025-07,Morning
CI003686,M0223,2025-04-01,6,Gym Floor,56,Tuesday,2025-04,Early Morning
CI003687,M0223,2025-04-17,18,Gym Floor,45,Thursday,2025-04,Evening
CI003688,M0223,2025-04-06,16,Cardio,44,Sunday,2025-04,Afternoon
CI003689,M0224,2025-07-06,19,CrossFit,54,Sunday,2025-07,Evening
CI003690,M0224,2025-07-02,7,Gym Floor,64,Wednesday,2025-07,Early Morning
CI003691,M0224,2025-05-02,19,Zumba,54,Friday,2025-05,Evening
CI003692,M0224,2025-03-29,9,Cardio,68,Saturday,2025-03,Early Morning
CI003693,M0224,2025-08-09,7,Zumba,68,Saturday,2025-08,Early Morning
CI003694,M0224,2025-07-25,20,Zumba,78,Friday,2025-07,Night
CI003695,M0224,2025-08-01,19,CrossFit,40,Friday,2025-08,Evening
CI003696,M0224,2025-03-18,20,Spin,104,Tuesday,2025-03,Night
CI003697,M0224,2025-03-07,8,Gym Floor,39,Friday,2025-03,Early Morning
CI003698,M0224,2025-06-03,17,Gym Floor,80,Tuesday,2025-06,Evening
CI003699,M0224,2025-07-25,19,Cardio,33,Friday,2025-07,Evening
CI003700,M0224,2025-05-23,17,Spin,29,Friday,2025-05,Evening
CI003701,M0224,2025-05-06,17,Gym Floor,78,Tuesday,2025-05,Evening
CI003702,M0224,2025-03-22,12,CrossFit,64,Saturday,2025-03,Morning
CI003703,M0224,2025-03-14,8,Zumba,83,Friday,2025-03,Early Morning
CI003704,M0224,2025-03-10,18,Strength Training,56,Monday,2025-03,Evening
CI003705,M0224,2025-06-09,18,Strength Training,91,Monday,2025-06,Evening
CI003706,M0224,2025-03-05,16,Gym Floor,53,Wednesday,2025-03,Afternoon
CI003707,M0224,2025-05-28,16,Gym Floor,56,Wednesday,2025-05,Afternoon
CI003708,M0224,2025-07-15,18,CrossFit,54,Tuesday,2025-07,Evening
CI003709,M0224,2025-06-20,8,Pilates,31,Friday,2025-06,Early Morning
CI003710,M0224,2025-05-21,20,Gym Floor,80,Wednesday,2025-05,Night
CI003711,M0224,2025-06-04,11,Spin,34,Wednesday,2025-06,Morning
CI003712,M0224,2025-03-31,16,Strength Training,39,Monday,2025-03,Afternoon
CI003713,M0224,2025-03-10,17,Gym Floor,48,Monday,2025-03,Evening
CI003714,M0224,2025-08-15,10,Gym Floor,53,Friday,2025-08,Morning
CI003715,M0224,2025-03-09,18,Strength Training,60,Sunday,2025-03,Evening
CI003716,M0225,2025-07-19,11,Gym Floor,74,Saturday,2025-07,Morning
CI003717,M0225,2025-05-31,19,Strength Training,51,Saturday,2025-05,Evening
CI003718,M0225,2025-07-25,19,Zumba,39,Friday,2025-07,Evening
CI003719,M0225,2025-04-23,18,CrossFit,31,Wednesday,2025-04,Evening
CI003720,M0225,2025-04-21,18,Spin,81,Monday,2025-04,Evening
CI003721,M0225,2025-05-17,7,Gym Floor,50,Saturday,2025-05,Early Morning
CI003722,M0225,2025-08-13,9,Gym Floor,51,Wednesday,2025-08,Early Morning
CI003723,M0225,2025-05-08,21,Gym Floor,91,Thursday,2025-05,Night
CI003724,M0225,2025-04-27,6,Yoga,59,Sunday,2025-04,Early Morning
CI003725,M0225,2025-06-14,17,Gym Floor,53,Saturday,2025-06,Evening
CI003726,M0225,2025-03-27,11,Yoga,51,Thursday,2025-03,Morning
CI003727,M0225,2025-05-11,11,HIIT,57,Sunday,2025-05,Morning
CI003728,M0225,2025-04-28,16,Yoga,61,Monday,2025-04,Afternoon
CI003729,M0225,2025-04-19,17,Cardio,69,Saturday,2025-04,Evening
CI003730,M0225,2025-08-21,9,Gym Floor,59,Thursday,2025-08,Early Morning
CI003731,M0225,2025-08-20,9,Zumba,38,Wednesday,2025-08,Early Morning
CI003732,M0225,2025-06-28,17,Spin,24,Saturday,2025-06,Evening
CI003733,M0225,2025-06-20,20,Pilates,57,Friday,2025-06,Night
CI003734,M0225,2025-05-16,12,Spin,71,Friday,2025-05,Morning
CI003735,M0225,2025-03-08,9,Zumba,52,Saturday,2025-03,Early Morning
CI003736,M0225,2025-05-01,21,HIIT,80,Thursday,2025-05,Night
CI003737,M0225,2025-04-08,6,Gym Floor,80,Tuesday,2025-04,Early Morning
CI003738,M0225,2025-03-29,21,Spin,20,Saturday,2025-03,Night
CI003739,M0225,2025-06-04,6,Gym Floor,62,Wednesday,2025-06,Early Morning
CI003740,M0225,2025-03-31,8,Pilates,20,Monday,2025-03,Early Morning
CI003741,M0225,2025-08-12,17,Gym Floor,57,Tuesday,2025-08,Evening
CI003742,M0225,2025-03-23,17,Gym Floor,62,Sunday,2025-03,Evening
CI003743,M0225,2025-07-29,11,CrossFit,55,Tuesday,2025-07,Morning
CI003744,M0225,2025-05-04,18,Cardio,48,Sunday,2025-05,Evening
CI003745,M0225,2025-03-31,17,Gym Floor,60,Monday,2025-03,Evening
CI003746,M0225,2025-06-28,7,CrossFit,75,Saturday,2025-06,Early Morning
CI003747,M0225,2025-08-22,10,CrossFit,57,Friday,2025-08,Morning
CI003748,M0225,2025-03-12,7,CrossFit,78,Wednesday,2025-03,Early Morning
CI003749,M0225,2025-08-01,17,CrossFit,57,Friday,2025-08,Evening
CI003750,M0225,2025-05-31,12,Gym Floor,30,Saturday,2025-05,Morning
CI003751,M0225,2025-06-13,9,Gym Floor,31,Friday,2025-06,Early Morning
CI003752,M0225,2025-06-13,18,Strength Training,47,Friday,2025-06,Evening
CI003753,M0225,2025-08-19,18,Zumba,27,Tuesday,2025-08,Evening
CI003754,M0226,2025-04-26,18,Gym Floor,72,Saturday,2025-04,Evening
CI003755,M0226,2025-03-25,19,Gym Floor,20,Tuesday,2025-03,Evening
CI003756,M0226,2025-07-21,9,Spin,69,Monday,2025-07,Early Morning
CI003757,M0226,2025-04-05,17,Pilates,53,Saturday,2025-04,Evening
CI003758,M0226,2025-03-14,6,Pilates,52,Friday,2025-03,Early Morning
CI003759,M0226,2025-05-05,18,Cardio,70,Monday,2025-05,Evening
CI003760,M0226,2025-05-13,6,Pilates,75,Tuesday,2025-05,Early Morning
CI003761,M0227,2025-03-15,16,Gym Floor,42,Saturday,2025-03,Afternoon
CI003762,M0227,2025-06-28,21,Gym Floor,71,Saturday,2025-06,Night
CI003763,M0227,2025-05-22,17,HIIT,47,Thursday,2025-05,Evening
CI003764,M0227,2025-03-30,10,Gym Floor,31,Sunday,2025-03,Morning
CI003765,M0227,2025-05-12,17,Spin,44,Monday,2025-05,Evening
CI003766,M0227,2025-07-22,18,Gym Floor,66,Tuesday,2025-07,Evening
CI003767,M0227,2025-04-21,6,Gym Floor,51,Monday,2025-04,Early Morning
CI003768,M0227,2025-08-31,20,Cardio,67,Sunday,2025-08,Night
CI003769,M0227,2025-06-22,10,Gym Floor,57,Sunday,2025-06,Morning
CI003770,M0227,2025-04-03,7,Zumba,62,Thursday,2025-04,Early Morning
CI003771,M0228,2025-05-22,19,Zumba,41,Thursday,2025-05,Evening
CI003772,M0228,2025-07-10,17,Strength Training,38,Thursday,2025-07,Evening
CI003773,M0228,2025-04-06,20,CrossFit,42,Sunday,2025-04,Night
CI003774,M0228,2025-04-25,17,Gym Floor,86,Friday,2025-04,Evening
CI003775,M0228,2025-05-04,19,Spin,33,Sunday,2025-05,Evening
CI003776,M0228,2025-07-06,18,Cardio,46,Sunday,2025-07,Evening
CI003777,M0228,2025-05-10,8,Cardio,71,Saturday,2025-05,Early Morning
CI003778,M0228,2025-06-17,17,Gym Floor,65,Tuesday,2025-06,Evening
CI003779,M0228,2025-05-28,7,Yoga,39,Wednesday,2025-05,Early Morning
CI003780,M0228,2025-05-06,8,Spin,89,Tuesday,2025-05,Early Morning
CI003781,M0228,2025-08-30,7,Yoga,82,Saturday,2025-08,Early Morning
CI003782,M0228,2025-05-01,17,Pilates,71,Thursday,2025-05,Evening
CI003783,M0228,2025-05-23,18,Cardio,40,Friday,2025-05,Evening
CI003784,M0228,2025-06-28,20,Gym Floor,20,Saturday,2025-06,Night
CI003785,M0228,2025-08-25,16,Gym Floor,61,Monday,2025-08,Afternoon
CI003786,M0228,2025-07-02,7,Spin,61,Wednesday,2025-07,Early Morning
CI003787,M0228,2025-04-04,17,Gym Floor,56,Friday,2025-04,Evening
CI003788,M0228,2025-06-18,9,Gym Floor,83,Wednesday,2025-06,Early Morning
CI003789,M0228,2025-08-13,21,Strength Training,64,Wednesday,2025-08,Night
CI003790,M0228,2025-04-25,8,Gym Floor,76,Friday,2025-04,Early Morning
CI003791,M0228,2025-06-29,11,Zumba,53,Sunday,2025-06,Morning
CI003792,M0229,2025-07-07,20,HIIT,56,Monday,2025-07,Night
CI003793,M0229,2025-07-13,16,Gym Floor,64,Sunday,2025-07,Afternoon
CI003794,M0229,2025-06-07,8,Gym Floor,55,Saturday,2025-06,Early Morning
CI003795,M0229,2025-06-18,11,CrossFit,49,Wednesday,2025-06,Morning
CI003796,M0229,2025-03-05,20,Gym Floor,64,Wednesday,2025-03,Night
CI003797,M0229,2025-08-03,9,Pilates,90,Sunday,2025-08,Early Morning
CI003798,M0229,2025-08-24,17,Gym Floor,64,Sunday,2025-08,Evening
CI003799,M0229,2025-06-26,18,CrossFit,49,Thursday,2025-06,Evening
CI003800,M0229,2025-07-02,9,Cardio,38,Wednesday,2025-07,Early Morning
CI003801,M0229,2025-04-08,18,Cardio,58,Tuesday,2025-04,Evening
CI003802,M0229,2025-05-03,19,Zumba,52,Saturday,2025-05,Evening
CI003803,M0229,2025-04-09,17,Gym Floor,70,Wednesday,2025-04,Evening
CI003804,M0229,2025-03-16,6,Pilates,40,Sunday,2025-03,Early Morning
CI003805,M0229,2025-03-17,9,Gym Floor,58,Monday,2025-03,Early Morning
CI003806,M0229,2025-06-20,6,Zumba,61,Friday,2025-06,Early Morning
CI003807,M0229,2025-05-15,19,Pilates,27,Thursday,2025-05,Evening
CI003808,M0229,2025-07-11,9,Gym Floor,65,Friday,2025-07,Early Morning
CI003809,M0229,2025-07-13,6,Cardio,41,Sunday,2025-07,Early Morning
CI003810,M0229,2025-05-10,18,CrossFit,60,Saturday,2025-05,Evening
CI003811,M0230,2025-08-15,10,CrossFit,80,Friday,2025-08,Morning
CI003812,M0230,2025-04-24,6,Yoga,43,Thursday,2025-04,Early Morning
CI003813,M0230,2025-08-22,7,Gym Floor,72,Friday,2025-08,Early Morning
CI003814,M0230,2025-07-14,20,Gym Floor,60,Monday,2025-07,Night
CI003815,M0230,2025-08-02,8,Yoga,22,Saturday,2025-08,Early Morning
CI003816,M0230,2025-05-23,6,Gym Floor,50,Friday,2025-05,Early Morning
CI003817,M0230,2025-04-21,20,Strength Training,37,Monday,2025-04,Night
CI003818,M0230,2025-08-31,6,Cardio,60,Sunday,2025-08,Early Morning
CI003819,M0230,2025-06-25,8,Gym Floor,53,Wednesday,2025-06,Early Morning
CI003820,M0230,2025-05-30,18,Gym Floor,42,Friday,2025-05,Evening
CI003821,M0230,2025-03-24,20,Strength Training,57,Monday,2025-03,Night
CI003822,M0230,2025-06-01,18,Spin,70,Sunday,2025-06,Evening
CI003823,M0230,2025-03-11,19,Strength Training,31,Tuesday,2025-03,Evening
CI003824,M0230,2025-03-02,17,Gym Floor,63,Sunday,2025-03,Evening
CI003825,M0230,2025-05-02,19,Strength Training,59,Friday,2025-05,Evening
CI003826,M0230,2025-06-20,8,Gym Floor,92,Friday,2025-06,Early Morning
CI003827,M0230,2025-06-18,6,Gym Floor,50,Wednesday,2025-06,Early Morning
CI003828,M0230,2025-08-02,17,Zumba,34,Saturday,2025-08,Evening
CI003829,M0230,2025-08-22,18,Gym Floor,48,Friday,2025-08,Evening
CI003830,M0230,2025-03-28,19,Pilates,52,Friday,2025-03,Evening
CI003831,M0230,2025-07-05,11,Gym Floor,39,Saturday,2025-07,Morning
CI003832,M0230,2025-08-29,18,Strength Training,32,Friday,2025-08,Evening
CI003833,M0231,2025-07-10,7,Strength Training,48,Thursday,2025-07,Early Morning
CI003834,M0231,2025-08-05,18,Cardio,47,Tuesday,2025-08,Evening
CI003835,M0231,2025-06-03,21,Zumba,47,Tuesday,2025-06,Night
CI003836,M0231,2025-04-22,12,Gym Floor,57,Tuesday,2025-04,Morning
CI003837,M0231,2025-03-19,17,Gym Floor,44,Wednesday,2025-03,Evening
CI003838,M0231,2025-07-29,11,Cardio,62,Tuesday,2025-07,Morning
CI003839,M0231,2025-06-22,9,Gym Floor,43,Sunday,2025-06,Early Morning
CI003840,M0231,2025-08-09,7,Pilates,65,Saturday,2025-08,Early Morning
CI003841,M0231,2025-03-16,9,Gym Floor,73,Sunday,2025-03,Early Morning
CI003842,M0231,2025-04-21,7,Gym Floor,55,Monday,2025-04,Early Morning
CI003843,M0231,2025-08-02,19,Zumba,55,Saturday,2025-08,Evening
CI003844,M0231,2025-06-07,21,Gym Floor,32,Saturday,2025-06,Night
CI003845,M0231,2025-05-11,9,Yoga,66,Sunday,2025-05,Early Morning
CI003846,M0231,2025-05-10,7,Strength Training,81,Saturday,2025-05,Early Morning
CI003847,M0231,2025-05-15,7,Strength Training,50,Thursday,2025-05,Early Morning
CI003848,M0231,2025-07-19,8,Zumba,37,Saturday,2025-07,Early Morning
CI003849,M0231,2025-03-01,18,CrossFit,56,Saturday,2025-03,Evening
CI003850,M0231,2025-06-01,19,Gym Floor,38,Sunday,2025-06,Evening
CI003851,M0231,2025-08-02,18,Gym Floor,73,Saturday,2025-08,Evening
CI003852,M0231,2025-05-13,19,CrossFit,40,Tuesday,2025-05,Evening
CI003853,M0231,2025-08-07,17,Pilates,60,Thursday,2025-08,Evening
CI003854,M0231,2025-05-29,8,Zumba,40,Thursday,2025-05,Early Morning
CI003855,M0231,2025-08-19,18,CrossFit,26,Tuesday,2025-08,Evening
CI003856,M0231,2025-05-07,11,Gym Floor,58,Wednesday,2025-05,Morning
CI003857,M0231,2025-08-14,18,Strength Training,66,Thursday,2025-08,Evening
CI003858,M0231,2025-03-22,8,HIIT,54,Saturday,2025-03,Early Morning
CI003859,M0231,2025-05-07,18,Spin,62,Wednesday,2025-05,Evening
CI003860,M0231,2025-08-17,7,HIIT,100,Sunday,2025-08,Early Morning
CI003861,M0231,2025-05-12,16,Gym Floor,49,Monday,2025-05,Afternoon
CI003862,M0232,2025-04-30,19,Zumba,38,Wednesday,2025-04,Evening
CI003863,M0232,2025-07-17,7,Gym Floor,55,Thursday,2025-07,Early Morning
CI003864,M0232,2025-04-28,18,Strength Training,63,Monday,2025-04,Evening
CI003865,M0232,2025-03-21,17,Spin,69,Friday,2025-03,Evening
CI003866,M0232,2025-05-22,18,Gym Floor,43,Thursday,2025-05,Evening
CI003867,M0232,2025-08-04,18,Gym Floor,44,Monday,2025-08,Evening
CI003868,M0233,2025-05-22,6,Strength Training,77,Thursday,2025-05,Early Morning
CI003869,M0233,2025-06-21,7,Spin,43,Saturday,2025-06,Early Morning
CI003870,M0233,2025-07-25,11,Zumba,70,Friday,2025-07,Morning
CI003871,M0233,2025-07-27,16,Gym Floor,64,Sunday,2025-07,Afternoon
CI003872,M0233,2025-05-14,7,Cardio,64,Wednesday,2025-05,Early Morning
CI003873,M0233,2025-05-29,20,Gym Floor,73,Thursday,2025-05,Night
CI003874,M0233,2025-05-13,16,Gym Floor,57,Tuesday,2025-05,Afternoon
CI003875,M0233,2025-03-21,18,CrossFit,54,Friday,2025-03,Evening
CI003876,M0233,2025-06-02,7,Spin,28,Monday,2025-06,Early Morning
CI003877,M0233,2025-07-06,18,Zumba,47,Sunday,2025-07,Evening
CI003878,M0233,2025-05-10,19,Cardio,53,Saturday,2025-05,Evening
CI003879,M0233,2025-06-08,8,Gym Floor,93,Sunday,2025-06,Early Morning
CI003880,M0233,2025-08-21,7,Zumba,55,Thursday,2025-08,Early Morning
CI003881,M0233,2025-06-03,8,Gym Floor,33,Tuesday,2025-06,Early Morning
CI003882,M0233,2025-04-29,9,Gym Floor,31,Tuesday,2025-04,Early Morning
CI003883,M0233,2025-05-03,6,HIIT,30,Saturday,2025-05,Early Morning
CI003884,M0233,2025-08-19,8,Gym Floor,59,Tuesday,2025-08,Early Morning
CI003885,M0233,2025-08-07,7,HIIT,20,Thursday,2025-08,Early Morning
CI003886,M0233,2025-08-09,16,Cardio,66,Saturday,2025-08,Afternoon
CI003887,M0233,2025-04-10,18,Gym Floor,47,Thursday,2025-04,Evening
CI003888,M0234,2025-08-18,19,Strength Training,43,Monday,2025-08,Evening
CI003889,M0234,2025-07-11,16,Gym Floor,42,Friday,2025-07,Afternoon
CI003890,M0234,2025-04-08,7,Gym Floor,46,Tuesday,2025-04,Early Morning
CI003891,M0234,2025-04-21,17,Gym Floor,74,Monday,2025-04,Evening
CI003892,M0234,2025-05-05,6,Strength Training,48,Monday,2025-05,Early Morning
CI003893,M0234,2025-07-16,7,Gym Floor,70,Wednesday,2025-07,Early Morning
CI003894,M0234,2025-05-06,17,Zumba,55,Tuesday,2025-05,Evening
CI003895,M0234,2025-08-04,18,Cardio,59,Monday,2025-08,Evening
CI003896,M0234,2025-07-07,19,Gym Floor,57,Monday,2025-07,Evening
CI003897,M0234,2025-06-17,10,Gym Floor,76,Tuesday,2025-06,Morning
CI003898,M0234,2025-07-12,18,Gym Floor,39,Saturday,2025-07,Evening
CI003899,M0234,2025-04-10,7,Spin,80,Thursday,2025-04,Early Morning
CI003900,M0234,2025-08-04,16,Gym Floor,58,Monday,2025-08,Afternoon
CI003901,M0234,2025-04-30,18,Pilates,59,Wednesday,2025-04,Evening
CI003902,M0234,2025-06-26,19,Gym Floor,72,Thursday,2025-06,Evening
CI003903,M0234,2025-03-31,8,Cardio,69,Monday,2025-03,Early Morning
CI003904,M0235,2025-07-22,7,Gym Floor,52,Tuesday,2025-07,Early Morning
CI003905,M0235,2025-08-05,18,Gym Floor,43,Tuesday,2025-08,Evening
CI003906,M0235,2025-05-18,8,HIIT,31,Sunday,2025-05,Early Morning
CI003907,M0235,2025-06-23,8,Zumba,61,Monday,2025-06,Early Morning
CI003908,M0235,2025-05-28,18,Gym Floor,38,Wednesday,2025-05,Evening
CI003909,M0235,2025-08-30,19,Spin,61,Saturday,2025-08,Evening
CI003910,M0235,2025-05-24,10,Gym Floor,51,Saturday,2025-05,Morning
CI003911,M0235,2025-04-19,10,Gym Floor,30,Saturday,2025-04,Morning
CI003912,M0235,2025-03-05,9,HIIT,29,Wednesday,2025-03,Early Morning
CI003913,M0236,2025-08-27,12,Spin,89,Wednesday,2025-08,Morning
CI003914,M0236,2025-03-22,20,Gym Floor,67,Saturday,2025-03,Night
CI003915,M0236,2025-07-27,17,Gym Floor,70,Sunday,2025-07,Evening
CI003916,M0236,2025-06-07,18,Gym Floor,74,Saturday,2025-06,Evening
CI003917,M0236,2025-08-20,8,Spin,49,Wednesday,2025-08,Early Morning
CI003918,M0236,2025-08-31,19,Gym Floor,66,Sunday,2025-08,Evening
CI003919,M0236,2025-06-06,19,Zumba,61,Friday,2025-06,Evening
CI003920,M0236,2025-07-01,10,HIIT,47,Tuesday,2025-07,Morning
CI003921,M0236,2025-07-09,7,Yoga,41,Wednesday,2025-07,Early Morning
CI003922,M0236,2025-08-07,21,CrossFit,59,Thursday,2025-08,Night
CI003923,M0236,2025-03-11,17,HIIT,46,Tuesday,2025-03,Evening
CI003924,M0236,2025-05-24,19,Spin,77,Saturday,2025-05,Evening
CI003925,M0236,2025-08-08,17,Cardio,55,Friday,2025-08,Evening
CI003926,M0236,2025-04-19,16,Gym Floor,58,Saturday,2025-04,Afternoon
CI003927,M0236,2025-07-30,19,Gym Floor,49,Wednesday,2025-07,Evening
CI003928,M0236,2025-04-27,18,Yoga,68,Sunday,2025-04,Evening
CI003929,M0236,2025-04-29,19,Gym Floor,61,Tuesday,2025-04,Evening
CI003930,M0236,2025-08-02,18,HIIT,50,Saturday,2025-08,Evening
CI003931,M0236,2025-04-21,20,CrossFit,60,Monday,2025-04,Night
CI003932,M0236,2025-08-15,10,Gym Floor,37,Friday,2025-08,Morning
CI003933,M0236,2025-04-06,19,Zumba,52,Sunday,2025-04,Evening
CI003934,M0236,2025-07-23,21,Gym Floor,38,Wednesday,2025-07,Night
CI003935,M0236,2025-04-05,18,Gym Floor,74,Saturday,2025-04,Evening
CI003936,M0236,2025-03-18,17,Gym Floor,52,Tuesday,2025-03,Evening
CI003937,M0236,2025-05-15,19,Gym Floor,88,Thursday,2025-05,Evening
CI003938,M0236,2025-03-03,19,Gym Floor,71,Monday,2025-03,Evening
CI003939,M0236,2025-08-16,12,Zumba,62,Saturday,2025-08,Morning
CI003940,M0236,2025-06-09,6,Gym Floor,66,Monday,2025-06,Early Morning
CI003941,M0237,2025-05-05,11,Zumba,64,Monday,2025-05,Morning
CI003942,M0237,2025-04-27,18,Zumba,59,Sunday,2025-04,Evening
CI003943,M0237,2025-08-03,6,Gym Floor,33,Sunday,2025-08,Early Morning
CI003944,M0237,2025-04-27,18,Yoga,56,Sunday,2025-04,Evening
CI003945,M0237,2025-04-15,19,Gym Floor,61,Tuesday,2025-04,Evening
CI003946,M0237,2025-03-29,18,Pilates,77,Saturday,2025-03,Evening
CI003947,M0239,2025-08-01,7,Gym Floor,45,Friday,2025-08,Early Morning
CI003948,M0239,2025-04-01,17,Zumba,44,Tuesday,2025-04,Evening
CI003949,M0239,2025-04-25,8,Gym Floor,55,Friday,2025-04,Early Morning
CI003950,M0239,2025-03-02,16,Gym Floor,56,Sunday,2025-03,Afternoon
CI003951,M0239,2025-06-20,8,Gym Floor,54,Friday,2025-06,Early Morning
CI003952,M0239,2025-07-25,20,Gym Floor,39,Friday,2025-07,Night
CI003953,M0239,2025-07-10,18,Yoga,35,Thursday,2025-07,Evening
CI003954,M0239,2025-05-12,16,Gym Floor,66,Monday,2025-05,Afternoon
CI003955,M0239,2025-08-22,18,Gym Floor,69,Friday,2025-08,Evening
CI003956,M0239,2025-04-05,7,Zumba,49,Saturday,2025-04,Early Morning
CI003957,M0239,2025-03-13,18,Gym Floor,45,Thursday,2025-03,Evening
CI003958,M0240,2025-06-17,17,Yoga,36,Tuesday,2025-06,Evening
CI003959,M0240,2025-08-16,18,Cardio,26,Saturday,2025-08,Evening
CI003960,M0240,2025-03-04,11,Gym Floor,46,Tuesday,2025-03,Morning
CI003961,M0240,2025-07-19,7,CrossFit,50,Saturday,2025-07,Early Morning
CI003962,M0240,2025-03-25,19,Gym Floor,67,Tuesday,2025-03,Evening
CI003963,M0240,2025-08-19,9,Spin,42,Tuesday,2025-08,Early Morning
CI003964,M0240,2025-07-31,19,Pilates,82,Thursday,2025-07,Evening
CI003965,M0240,2025-07-03,8,Cardio,59,Thursday,2025-07,Early Morning
CI003966,M0240,2025-07-26,17,Spin,57,Saturday,2025-07,Evening
CI003967,M0240,2025-07-14,18,Spin,71,Monday,2025-07,Evening
CI003968,M0240,2025-03-04,18,Pilates,42,Tuesday,2025-03,Evening
CI003969,M0241,2025-06-07,16,Gym Floor,21,Saturday,2025-06,Afternoon
CI003970,M0241,2025-06-01,17,Cardio,94,Sunday,2025-06,Evening
CI003971,M0242,2025-05-17,9,Spin,50,Saturday,2025-05,Early Morning
CI003972,M0242,2025-08-11,17,Gym Floor,74,Monday,2025-08,Evening
CI003973,M0242,2025-03-07,8,Pilates,21,Friday,2025-03,Early Morning
CI003974,M0242,2025-06-10,10,Yoga,72,Tuesday,2025-06,Morning
CI003975,M0242,2025-08-21,18,Spin,71,Thursday,2025-08,Evening
CI003976,M0242,2025-05-04,10,Gym Floor,56,Sunday,2025-05,Morning
CI003977,M0242,2025-04-09,16,Gym Floor,31,Wednesday,2025-04,Afternoon
CI003978,M0242,2025-03-01,18,Spin,80,Saturday,2025-03,Evening
CI003979,M0242,2025-03-13,16,Gym Floor,30,Thursday,2025-03,Afternoon
CI003980,M0242,2025-07-12,16,HIIT,56,Saturday,2025-07,Afternoon
CI003981,M0242,2025-07-10,8,Gym Floor,61,Thursday,2025-07,Early Morning
CI003982,M0242,2025-06-02,16,Gym Floor,51,Monday,2025-06,Afternoon
CI003983,M0242,2025-07-28,19,Cardio,68,Monday,2025-07,Evening
CI003984,M0242,2025-03-19,7,HIIT,45,Wednesday,2025-03,Early Morning
CI003985,M0242,2025-07-12,18,Strength Training,66,Saturday,2025-07,Evening
CI003986,M0242,2025-08-09,10,Gym Floor,45,Saturday,2025-08,Morning
CI003987,M0242,2025-07-27,6,Zumba,45,Sunday,2025-07,Early Morning
CI003988,M0242,2025-08-19,8,Spin,74,Tuesday,2025-08,Early Morning
CI003989,M0242,2025-08-12,17,Gym Floor,58,Tuesday,2025-08,Evening
CI003990,M0242,2025-07-18,6,Pilates,39,Friday,2025-07,Early Morning
CI003991,M0243,2025-05-26,16,Zumba,76,Monday,2025-05,Afternoon
CI003992,M0243,2025-06-08,18,Gym Floor,69,Sunday,2025-06,Evening
CI003993,M0243,2025-08-29,10,Gym Floor,40,Friday,2025-08,Morning
CI003994,M0243,2025-05-23,19,Spin,84,Friday,2025-05,Evening
CI003995,M0243,2025-06-01,18,Gym Floor,66,Sunday,2025-06,Evening
CI003996,M0243,2025-06-17,9,Spin,66,Tuesday,2025-06,Early Morning
CI003997,M0243,2025-05-03,16,Strength Training,27,Saturday,2025-05,Afternoon
CI003998,M0243,2025-05-20,19,Strength Training,70,Tuesday,2025-05,Evening
CI003999,M0243,2025-04-21,9,Spin,75,Monday,2025-04,Early Morning
CI004000,M0243,2025-08-16,20,Pilates,83,Saturday,2025-08,Night
CI004001,M0243,2025-08-25,16,Spin,27,Monday,2025-08,Afternoon
CI004002,M0243,2025-07-30,18,Spin,44,Wednesday,2025-07,Evening
CI004003,M0243,2025-03-03,16,Cardio,53,Monday,2025-03,Afternoon
CI004004,M0243,2025-08-14,7,Cardio,64,Thursday,2025-08,Early Morning
CI004005,M0244,2025-04-01,16,Yoga,89,Tuesday,2025-04,Afternoon
CI004006,M0244,2025-04-12,12,Spin,40,Saturday,2025-04,Morning
CI004007,M0244,2025-04-04,6,Zumba,62,Friday,2025-04,Early Morning
CI004008,M0244,2025-05-24,7,Gym Floor,71,Saturday,2025-05,Early Morning
CI004009,M0244,2025-06-13,19,Zumba,51,Friday,2025-06,Evening
CI004010,M0244,2025-06-14,20,Cardio,75,Saturday,2025-06,Night
CI004011,M0244,2025-07-22,10,Gym Floor,27,Tuesday,2025-07,Morning
CI004012,M0244,2025-06-17,12,Yoga,64,Tuesday,2025-06,Morning
CI004013,M0244,2025-03-11,16,Yoga,48,Tuesday,2025-03,Afternoon
CI004014,M0244,2025-07-22,20,Gym Floor,83,Tuesday,2025-07,Night
CI004015,M0244,2025-08-22,6,Gym Floor,52,Friday,2025-08,Early Morning
CI004016,M0244,2025-05-06,21,Yoga,53,Tuesday,2025-05,Night
CI004017,M0244,2025-07-21,10,Gym Floor,69,Monday,2025-07,Morning
CI004018,M0244,2025-03-05,7,Gym Floor,54,Wednesday,2025-03,Early Morning
CI004019,M0245,2025-05-08,7,Gym Floor,42,Thursday,2025-05,Early Morning
CI004020,M0245,2025-08-04,10,Pilates,76,Monday,2025-08,Morning
CI004021,M0245,2025-06-22,10,Gym Floor,44,Sunday,2025-06,Morning
CI004022,M0245,2025-05-09,18,Gym Floor,52,Friday,2025-05,Evening
CI004023,M0245,2025-07-22,7,Gym Floor,75,Tuesday,2025-07,Early Morning
CI004024,M0245,2025-04-18,17,Gym Floor,74,Friday,2025-04,Evening
CI004025,M0245,2025-08-27,8,Gym Floor,81,Wednesday,2025-08,Early Morning
CI004026,M0245,2025-06-29,6,Gym Floor,50,Sunday,2025-06,Early Morning
CI004027,M0245,2025-06-17,20,Gym Floor,69,Tuesday,2025-06,Night
CI004028,M0245,2025-07-20,12,CrossFit,60,Sunday,2025-07,Morning
CI004029,M0245,2025-03-12,19,Gym Floor,104,Wednesday,2025-03,Evening
CI004030,M0246,2025-08-02,16,Gym Floor,45,Saturday,2025-08,Afternoon
CI004031,M0246,2025-04-24,11,Yoga,41,Thursday,2025-04,Morning
CI004032,M0246,2025-03-28,8,HIIT,71,Friday,2025-03,Early Morning
CI004033,M0246,2025-08-29,18,Gym Floor,78,Friday,2025-08,Evening
CI004034,M0246,2025-03-26,16,Gym Floor,43,Wednesday,2025-03,Afternoon
CI004035,M0246,2025-05-05,20,Strength Training,57,Monday,2025-05,Night
CI004036,M0246,2025-08-14,16,Strength Training,70,Thursday,2025-08,Afternoon
CI004037,M0246,2025-04-06,12,Gym Floor,54,Sunday,2025-04,Morning
CI004038,M0246,2025-06-15,9,Gym Floor,80,Sunday,2025-06,Early Morning
CI004039,M0246,2025-07-13,18,Gym Floor,42,Sunday,2025-07,Evening
CI004040,M0246,2025-05-01,16,Yoga,85,Thursday,2025-05,Afternoon
CI004041,M0246,2025-06-13,19,CrossFit,57,Friday,2025-06,Evening
CI004042,M0247,2025-03-01,11,Spin,59,Saturday,2025-03,Morning
CI004043,M0247,2025-08-05,21,Gym Floor,60,Tuesday,2025-08,Night
CI004044,M0247,2025-06-30,7,HIIT,46,Monday,2025-06,Early Morning
CI004045,M0247,2025-03-01,6,Gym Floor,51,Saturday,2025-03,Early Morning
CI004046,M0247,2025-07-02,18,HIIT,26,Wednesday,2025-07,Evening
CI004047,M0247,2025-04-14,19,Zumba,67,Monday,2025-04,Evening
CI004048,M0247,2025-07-08,20,Zumba,35,Tuesday,2025-07,Night
CI004049,M0247,2025-04-21,20,Yoga,67,Monday,2025-04,Night
CI004050,M0247,2025-03-02,6,Gym Floor,24,Sunday,2025-03,Early Morning
CI004051,M0247,2025-07-09,7,Gym Floor,63,Wednesday,2025-07,Early Morning
CI004052,M0247,2025-04-24,17,Pilates,57,Thursday,2025-04,Evening
CI004053,M0247,2025-04-30,17,Yoga,53,Wednesday,2025-04,Evening
CI004054,M0247,2025-05-19,11,Gym Floor,32,Monday,2025-05,Morning
CI004055,M0247,2025-05-25,8,Gym Floor,83,Sunday,2025-05,Early Morning
CI004056,M0247,2025-03-13,19,Gym Floor,85,Thursday,2025-03,Evening
CI004057,M0247,2025-05-07,6,Gym Floor,62,Wednesday,2025-05,Early Morning
CI004058,M0247,2025-07-29,9,Gym Floor,43,Tuesday,2025-07,Early Morning
CI004059,M0247,2025-05-06,16,Gym Floor,47,Tuesday,2025-05,Afternoon
CI004060,M0247,2025-03-08,12,Gym Floor,35,Saturday,2025-03,Morning
CI004061,M0247,2025-08-09,19,Gym Floor,34,Saturday,2025-08,Evening
CI004062,M0247,2025-06-10,17,Gym Floor,54,Tuesday,2025-06,Evening
CI004063,M0247,2025-07-15,8,Pilates,53,Tuesday,2025-07,Early Morning
CI004064,M0247,2025-06-08,12,HIIT,52,Sunday,2025-06,Morning
CI004065,M0247,2025-06-18,11,Strength Training,68,Wednesday,2025-06,Morning
CI004066,M0247,2025-05-05,7,Gym Floor,47,Monday,2025-05,Early Morning
CI004067,M0247,2025-06-19,16,HIIT,49,Thursday,2025-06,Afternoon
CI004068,M0249,2025-04-26,6,Gym Floor,38,Saturday,2025-04,Early Morning
CI004069,M0249,2025-05-21,12,Gym Floor,82,Wednesday,2025-05,Morning
CI004070,M0249,2025-08-26,9,Zumba,41,Tuesday,2025-08,Early Morning
CI004071,M0249,2025-04-03,7,Cardio,28,Thursday,2025-04,Early Morning
CI004072,M0249,2025-03-13,16,Gym Floor,37,Thursday,2025-03,Afternoon
CI004073,M0249,2025-03-21,16,Gym Floor,88,Friday,2025-03,Afternoon
CI004074,M0249,2025-07-06,6,Gym Floor,54,Sunday,2025-07,Early Morning
CI004075,M0249,2025-07-06,18,Gym Floor,72,Sunday,2025-07,Evening
CI004076,M0249,2025-08-01,19,CrossFit,47,Friday,2025-08,Evening
CI004077,M0249,2025-08-07,12,Gym Floor,35,Thursday,2025-08,Morning
CI004078,M0249,2025-07-30,8,HIIT,69,Wednesday,2025-07,Early Morning
CI004079,M0249,2025-08-16,17,CrossFit,30,Saturday,2025-08,Evening
CI004080,M0249,2025-06-29,17,CrossFit,20,Sunday,2025-06,Evening
CI004081,M0249,2025-03-26,17,Strength Training,65,Wednesday,2025-03,Evening
CI004082,M0249,2025-07-06,16,Cardio,53,Sunday,2025-07,Afternoon
CI004083,M0249,2025-03-05,7,Gym Floor,70,Wednesday,2025-03,Early Morning
CI004084,M0249,2025-04-01,10,Pilates,39,Tuesday,2025-04,Morning
CI004085,M0249,2025-04-30,19,Spin,55,Wednesday,2025-04,Evening
CI004086,M0250,2025-04-20,6,Gym Floor,26,Sunday,2025-04,Early Morning
CI004087,M0250,2025-08-22,7,Yoga,62,Friday,2025-08,Early Morning
CI004088,M0250,2025-07-29,18,Gym Floor,46,Tuesday,2025-07,Evening
CI004089,M0250,2025-05-12,18,Cardio,95,Monday,2025-05,Evening
CI004090,M0250,2025-03-13,6,Gym Floor,50,Thursday,2025-03,Early Morning
CI004091,M0250,2025-05-04,9,Gym Floor,39,Sunday,2025-05,Early Morning
CI004092,M0250,2025-05-26,18,CrossFit,57,Monday,2025-05,Evening
CI004093,M0252,2025-05-02,21,Gym Floor,56,Friday,2025-05,Night
CI004094,M0252,2025-05-02,8,Gym Floor,38,Friday,2025-05,Early Morning
CI004095,M0252,2025-08-24,12,Spin,39,Sunday,2025-08,Morning
CI004096,M0252,2025-05-16,17,Yoga,79,Friday,2025-05,Evening
CI004097,M0252,2025-05-31,21,Gym Floor,48,Saturday,2025-05,Night
CI004098,M0252,2025-08-08,16,Gym Floor,85,Friday,2025-08,Afternoon
CI004099,M0252,2025-04-04,19,Cardio,49,Friday,2025-04,Evening
CI004100,M0252,2025-06-24,6,Yoga,73,Tuesday,2025-06,Early Morning
CI004101,M0252,2025-04-26,18,Gym Floor,76,Saturday,2025-04,Evening
CI004102,M0253,2025-06-21,19,Strength Training,36,Saturday,2025-06,Evening
CI004103,M0253,2025-08-13,16,Gym Floor,27,Wednesday,2025-08,Afternoon
CI004104,M0253,2025-08-14,19,CrossFit,33,Thursday,2025-08,Evening
CI004105,M0253,2025-06-21,17,Gym Floor,28,Saturday,2025-06,Evening
CI004106,M0253,2025-07-28,17,Zumba,20,Monday,2025-07,Evening
CI004107,M0253,2025-08-05,21,HIIT,42,Tuesday,2025-08,Night
CI004108,M0253,2025-04-06,17,Spin,58,Sunday,2025-04,Evening
CI004109,M0253,2025-08-13,19,Spin,55,Wednesday,2025-08,Evening
CI004110,M0253,2025-07-26,12,Gym Floor,70,Saturday,2025-07,Morning
CI004111,M0253,2025-07-30,19,Pilates,67,Wednesday,2025-07,Evening
CI004112,M0253,2025-06-29,18,Strength Training,26,Sunday,2025-06,Evening
CI004113,M0253,2025-03-22,7,Gym Floor,50,Saturday,2025-03,Early Morning
CI004114,M0253,2025-08-17,7,HIIT,63,Sunday,2025-08,Early Morning
CI004115,M0253,2025-03-21,21,Yoga,65,Friday,2025-03,Night
CI004116,M0253,2025-03-17,18,Gym Floor,54,Monday,2025-03,Evening
CI004117,M0253,2025-03-16,6,Yoga,57,Sunday,2025-03,Early Morning
CI004118,M0253,2025-06-13,9,HIIT,73,Friday,2025-06,Early Morning
CI004119,M0253,2025-05-17,19,Gym Floor,20,Saturday,2025-05,Evening
CI004120,M0253,2025-04-26,20,Gym Floor,26,Saturday,2025-04,Night
CI004121,M0253,2025-05-08,8,Gym Floor,20,Thursday,2025-05,Early Morning
CI004122,M0253,2025-06-16,19,Yoga,81,Monday,2025-06,Evening
CI004123,M0253,2025-05-04,6,Gym Floor,36,Sunday,2025-05,Early Morning
CI004124,M0253,2025-04-28,8,Pilates,61,Monday,2025-04,Early Morning
CI004125,M0253,2025-06-09,17,Gym Floor,55,Monday,2025-06,Evening
CI004126,M0253,2025-07-13,18,Pilates,40,Sunday,2025-07,Evening
CI004127,M0253,2025-07-13,17,Zumba,66,Sunday,2025-07,Evening
CI004128,M0253,2025-08-02,8,CrossFit,104,Saturday,2025-08,Early Morning
CI004129,M0253,2025-05-24,17,Gym Floor,72,Saturday,2025-05,Evening
CI004130,M0253,2025-06-27,16,Pilates,64,Friday,2025-06,Afternoon
CI004131,M0254,2025-03-09,10,Zumba,60,Sunday,2025-03,Morning
CI004132,M0254,2025-05-11,20,Pilates,64,Sunday,2025-05,Night
CI004133,M0254,2025-08-17,18,Gym Floor,72,Sunday,2025-08,Evening
CI004134,M0254,2025-06-07,8,Spin,43,Saturday,2025-06,Early Morning
CI004135,M0254,2025-04-30,21,Gym Floor,43,Wednesday,2025-04,Night
CI004136,M0254,2025-08-29,19,Gym Floor,25,Friday,2025-08,Evening
CI004137,M0254,2025-03-04,18,Zumba,58,Tuesday,2025-03,Evening
CI004138,M0254,2025-06-04,9,Gym Floor,56,Wednesday,2025-06,Early Morning
CI004139,M0254,2025-06-24,20,Spin,32,Tuesday,2025-06,Night
CI004140,M0254,2025-05-29,17,Gym Floor,74,Thursday,2025-05,Evening
CI004141,M0254,2025-07-26,20,Gym Floor,92,Saturday,2025-07,Night
CI004142,M0254,2025-05-22,17,Pilates,51,Thursday,2025-05,Evening
CI004143,M0254,2025-05-10,7,Gym Floor,76,Saturday,2025-05,Early Morning
CI004144,M0254,2025-04-15,18,Gym Floor,64,Tuesday,2025-04,Evening
CI004145,M0254,2025-08-30,9,Gym Floor,46,Saturday,2025-08,Early Morning
CI004146,M0254,2025-06-11,8,Gym Floor,82,Wednesday,2025-06,Early Morning
CI004147,M0254,2025-06-15,20,HIIT,45,Sunday,2025-06,Night
CI004148,M0254,2025-04-14,18,Yoga,42,Monday,2025-04,Evening
CI004149,M0254,2025-03-09,8,Gym Floor,43,Sunday,2025-03,Early Morning
CI004150,M0254,2025-05-13,9,CrossFit,81,Tuesday,2025-05,Early Morning
CI004151,M0254,2025-05-27,10,HIIT,43,Tuesday,2025-05,Morning
CI004152,M0255,2025-08-14,12,Spin,67,Thursday,2025-08,Morning
CI004153,M0255,2025-05-26,6,CrossFit,77,Monday,2025-05,Early Morning
CI004154,M0255,2025-03-05,17,Gym Floor,71,Wednesday,2025-03,Evening
CI004155,M0255,2025-08-07,20,Gym Floor,81,Thursday,2025-08,Night
CI004156,M0255,2025-05-27,21,Gym Floor,67,Tuesday,2025-05,Night
CI004157,M0255,2025-06-26,6,Gym Floor,50,Thursday,2025-06,Early Morning
CI004158,M0255,2025-04-10,9,Gym Floor,28,Thursday,2025-04,Early Morning
CI004159,M0255,2025-08-16,9,Gym Floor,37,Saturday,2025-08,Early Morning
CI004160,M0255,2025-06-19,12,Yoga,51,Thursday,2025-06,Morning
CI004161,M0255,2025-06-07,18,Spin,23,Saturday,2025-06,Evening
CI004162,M0255,2025-06-09,20,Gym Floor,61,Monday,2025-06,Night
CI004163,M0255,2025-06-07,7,Gym Floor,54,Saturday,2025-06,Early Morning
CI004164,M0255,2025-08-11,12,CrossFit,76,Monday,2025-08,Morning
CI004165,M0255,2025-05-26,18,Spin,34,Monday,2025-05,Evening
CI004166,M0255,2025-04-03,7,Gym Floor,68,Thursday,2025-04,Early Morning
CI004167,M0256,2025-06-28,9,Pilates,60,Saturday,2025-06,Early Morning
CI004168,M0256,2025-08-03,21,Zumba,42,Sunday,2025-08,Night
CI004169,M0256,2025-08-10,16,HIIT,42,Sunday,2025-08,Afternoon
CI004170,M0256,2025-05-29,21,Spin,42,Thursday,2025-05,Night
CI004171,M0256,2025-07-05,17,Gym Floor,31,Saturday,2025-07,Evening
CI004172,M0256,2025-04-03,17,Gym Floor,62,Thursday,2025-04,Evening
CI004173,M0257,2025-04-06,17,Yoga,33,Sunday,2025-04,Evening
CI004174,M0257,2025-07-25,11,Pilates,70,Friday,2025-07,Morning
CI004175,M0257,2025-06-04,6,Spin,44,Wednesday,2025-06,Early Morning
CI004176,M0257,2025-07-17,7,Gym Floor,43,Thursday,2025-07,Early Morning
CI004177,M0257,2025-03-08,20,Zumba,68,Saturday,2025-03,Night
CI004178,M0257,2025-06-09,6,Gym Floor,36,Monday,2025-06,Early Morning
CI004179,M0257,2025-03-05,21,HIIT,40,Wednesday,2025-03,Night
CI004180,M0257,2025-05-22,6,Zumba,32,Thursday,2025-05,Early Morning
CI004181,M0257,2025-05-13,12,Gym Floor,85,Tuesday,2025-05,Morning
CI004182,M0257,2025-05-24,19,HIIT,56,Saturday,2025-05,Evening
CI004183,M0257,2025-04-03,19,Strength Training,54,Thursday,2025-04,Evening
CI004184,M0257,2025-08-13,17,Gym Floor,86,Wednesday,2025-08,Evening
CI004185,M0257,2025-07-11,9,Gym Floor,62,Friday,2025-07,Early Morning
CI004186,M0258,2025-08-10,19,Yoga,60,Sunday,2025-08,Evening
CI004187,M0258,2025-08-14,19,Strength Training,65,Thursday,2025-08,Evening
CI004188,M0258,2025-04-27,21,Gym Floor,72,Sunday,2025-04,Night
CI004189,M0258,2025-03-02,17,Pilates,68,Sunday,2025-03,Evening
CI004190,M0258,2025-05-03,10,Gym Floor,51,Saturday,2025-05,Morning
CI004191,M0258,2025-05-09,17,Gym Floor,70,Friday,2025-05,Evening
CI004192,M0258,2025-04-29,8,Gym Floor,99,Tuesday,2025-04,Early Morning
CI004193,M0258,2025-05-19,17,Gym Floor,52,Monday,2025-05,Evening
CI004194,M0258,2025-08-03,8,Pilates,50,Sunday,2025-08,Early Morning
CI004195,M0258,2025-03-22,21,Zumba,70,Saturday,2025-03,Night
CI004196,M0258,2025-04-07,9,Gym Floor,64,Monday,2025-04,Early Morning
CI004197,M0258,2025-05-26,7,Zumba,70,Monday,2025-05,Early Morning
CI004198,M0259,2025-05-16,17,Gym Floor,67,Friday,2025-05,Evening
CI004199,M0259,2025-04-09,7,HIIT,47,Wednesday,2025-04,Early Morning
CI004200,M0259,2025-05-29,16,Spin,80,Thursday,2025-05,Afternoon
CI004201,M0259,2025-03-25,8,Spin,55,Tuesday,2025-03,Early Morning
CI004202,M0259,2025-05-13,18,Gym Floor,34,Tuesday,2025-05,Evening
CI004203,M0259,2025-08-07,16,Spin,56,Thursday,2025-08,Afternoon
CI004204,M0259,2025-03-22,6,Spin,66,Saturday,2025-03,Early Morning
CI004205,M0259,2025-08-27,19,Strength Training,72,Wednesday,2025-08,Evening
CI004206,M0260,2025-03-29,12,Gym Floor,48,Saturday,2025-03,Morning
CI004207,M0260,2025-05-12,9,Pilates,23,Monday,2025-05,Early Morning
CI004208,M0260,2025-05-19,17,Gym Floor,35,Monday,2025-05,Evening
CI004209,M0260,2025-08-24,18,HIIT,44,Sunday,2025-08,Evening
CI004210,M0260,2025-07-18,8,Strength Training,83,Friday,2025-07,Early Morning
CI004211,M0260,2025-04-18,17,Strength Training,56,Friday,2025-04,Evening
CI004212,M0260,2025-08-20,17,Gym Floor,80,Wednesday,2025-08,Evening
CI004213,M0260,2025-08-15,7,CrossFit,50,Friday,2025-08,Early Morning
CI004214,M0260,2025-07-29,8,Gym Floor,80,Tuesday,2025-07,Early Morning
CI004215,M0260,2025-08-12,16,Gym Floor,34,Tuesday,2025-08,Afternoon
CI004216,M0260,2025-08-24,16,Gym Floor,53,Sunday,2025-08,Afternoon
CI004217,M0260,2025-05-13,18,Gym Floor,43,Tuesday,2025-05,Evening
CI004218,M0260,2025-03-17,21,Zumba,63,Monday,2025-03,Night
CI004219,M0260,2025-07-15,18,Gym Floor,25,Tuesday,2025-07,Evening
CI004220,M0260,2025-03-13,7,Gym Floor,29,Thursday,2025-03,Early Morning
CI004221,M0260,2025-06-27,16,Strength Training,60,Friday,2025-06,Afternoon
CI004222,M0260,2025-06-23,19,CrossFit,72,Monday,2025-06,Evening
CI004223,M0260,2025-06-26,8,Pilates,41,Thursday,2025-06,Early Morning
CI004224,M0260,2025-07-28,9,Gym Floor,49,Monday,2025-07,Early Morning
CI004225,M0260,2025-07-11,7,Spin,44,Friday,2025-07,Early Morning
CI004226,M0260,2025-05-26,9,Spin,47,Monday,2025-05,Early Morning
CI004227,M0260,2025-07-17,9,Strength Training,83,Thursday,2025-07,Early Morning
CI004228,M0260,2025-05-27,10,Gym Floor,59,Tuesday,2025-05,Morning
CI004229,M0260,2025-03-21,12,Gym Floor,76,Friday,2025-03,Morning
CI004230,M0260,2025-07-06,11,Yoga,74,Sunday,2025-07,Morning
CI004231,M0260,2025-07-07,9,CrossFit,74,Monday,2025-07,Early Morning
CI004232,M0261,2025-03-20,19,Gym Floor,75,Thursday,2025-03,Evening
CI004233,M0261,2025-03-30,16,Spin,71,Sunday,2025-03,Afternoon
CI004234,M0262,2025-05-17,7,Gym Floor,73,Saturday,2025-05,Early Morning
CI004235,M0262,2025-03-13,18,CrossFit,65,Thursday,2025-03,Evening
CI004236,M0262,2025-06-05,17,Gym Floor,56,Thursday,2025-06,Evening
CI004237,M0262,2025-07-06,7,Gym Floor,76,Sunday,2025-07,Early Morning
CI004238,M0262,2025-08-22,18,HIIT,94,Friday,2025-08,Evening
CI004239,M0262,2025-04-22,10,Gym Floor,85,Tuesday,2025-04,Morning
CI004240,M0262,2025-06-10,9,Spin,40,Tuesday,2025-06,Early Morning
CI004241,M0262,2025-04-07,7,Gym Floor,69,Monday,2025-04,Early Morning
CI004242,M0262,2025-08-17,9,Cardio,28,Sunday,2025-08,Early Morning
CI004243,M0262,2025-05-03,7,HIIT,45,Saturday,2025-05,Early Morning
CI004244,M0262,2025-07-28,19,Zumba,34,Monday,2025-07,Evening
CI004245,M0262,2025-05-21,17,HIIT,49,Wednesday,2025-05,Evening
CI004246,M0263,2025-03-10,9,Gym Floor,59,Monday,2025-03,Early Morning
CI004247,M0263,2025-06-12,19,HIIT,61,Thursday,2025-06,Evening
CI004248,M0263,2025-03-01,9,HIIT,72,Saturday,2025-03,Early Morning
CI004249,M0263,2025-04-22,20,Yoga,31,Tuesday,2025-04,Night
CI004250,M0263,2025-04-28,8,Gym Floor,37,Monday,2025-04,Early Morning
CI004251,M0263,2025-03-16,6,Spin,41,Sunday,2025-03,Early Morning
CI004252,M0263,2025-04-28,18,CrossFit,72,Monday,2025-04,Evening
CI004253,M0263,2025-06-06,19,Gym Floor,48,Friday,2025-06,Evening
CI004254,M0263,2025-04-26,19,Zumba,32,Saturday,2025-04,Evening
CI004255,M0263,2025-07-02,18,Gym Floor,43,Wednesday,2025-07,Evening
CI004256,M0263,2025-06-19,8,HIIT,70,Thursday,2025-06,Early Morning
CI004257,M0263,2025-04-06,12,HIIT,57,Sunday,2025-04,Morning
CI004258,M0263,2025-07-20,11,Gym Floor,51,Sunday,2025-07,Morning
CI004259,M0263,2025-03-13,10,Gym Floor,46,Thursday,2025-03,Morning
CI004260,M0263,2025-05-24,19,Gym Floor,68,Saturday,2025-05,Evening
CI004261,M0263,2025-08-29,8,HIIT,57,Friday,2025-08,Early Morning
CI004262,M0263,2025-06-08,12,Gym Floor,20,Sunday,2025-06,Morning
CI004263,M0263,2025-07-28,7,Gym Floor,27,Monday,2025-07,Early Morning
CI004264,M0263,2025-07-25,9,Gym Floor,57,Friday,2025-07,Early Morning
CI004265,M0263,2025-08-02,20,Gym Floor,66,Saturday,2025-08,Night
CI004266,M0263,2025-06-15,17,Gym Floor,42,Sunday,2025-06,Evening
CI004267,M0263,2025-04-07,17,Cardio,79,Monday,2025-04,Evening
CI004268,M0263,2025-06-21,18,Cardio,43,Saturday,2025-06,Evening
CI004269,M0263,2025-04-21,18,Gym Floor,48,Monday,2025-04,Evening
CI004270,M0264,2025-06-25,18,Gym Floor,58,Wednesday,2025-06,Evening
CI004271,M0264,2025-03-07,18,Gym Floor,38,Friday,2025-03,Evening
CI004272,M0264,2025-04-13,9,Spin,60,Sunday,2025-04,Early Morning
CI004273,M0264,2025-04-20,19,Gym Floor,41,Sunday,2025-04,Evening
CI004274,M0264,2025-03-19,10,Gym Floor,47,Wednesday,2025-03,Morning
CI004275,M0264,2025-08-06,19,Pilates,105,Wednesday,2025-08,Evening
CI004276,M0264,2025-06-12,19,Spin,74,Thursday,2025-06,Evening
CI004277,M0264,2025-07-21,17,CrossFit,38,Monday,2025-07,Evening
CI004278,M0264,2025-03-24,18,Pilates,48,Monday,2025-03,Evening
CI004279,M0264,2025-08-08,16,Gym Floor,65,Friday,2025-08,Afternoon
CI004280,M0264,2025-08-12,9,CrossFit,80,Tuesday,2025-08,Early Morning
CI004281,M0264,2025-05-15,9,Gym Floor,66,Thursday,2025-05,Early Morning
CI004282,M0264,2025-03-02,19,Yoga,33,Sunday,2025-03,Evening
CI004283,M0264,2025-07-03,6,Zumba,41,Thursday,2025-07,Early Morning
CI004284,M0264,2025-07-30,18,HIIT,39,Wednesday,2025-07,Evening
CI004285,M0264,2025-03-15,18,CrossFit,26,Saturday,2025-03,Evening
CI004286,M0264,2025-06-02,17,Gym Floor,59,Monday,2025-06,Evening
CI004287,M0264,2025-05-16,18,CrossFit,43,Friday,2025-05,Evening
CI004288,M0264,2025-07-06,19,Gym Floor,53,Sunday,2025-07,Evening
CI004289,M0264,2025-03-24,8,Gym Floor,104,Monday,2025-03,Early Morning
CI004290,M0264,2025-06-28,9,Pilates,26,Saturday,2025-06,Early Morning
CI004291,M0264,2025-06-29,11,Strength Training,50,Sunday,2025-06,Morning
CI004292,M0264,2025-04-24,8,Strength Training,43,Thursday,2025-04,Early Morning
CI004293,M0264,2025-04-06,20,Cardio,62,Sunday,2025-04,Night
CI004294,M0264,2025-05-14,8,Gym Floor,48,Wednesday,2025-05,Early Morning
CI004295,M0264,2025-07-29,16,Gym Floor,58,Tuesday,2025-07,Afternoon
CI004296,M0264,2025-08-16,6,Zumba,73,Saturday,2025-08,Early Morning
CI004297,M0264,2025-04-22,9,Gym Floor,29,Tuesday,2025-04,Early Morning
CI004298,M0264,2025-08-02,16,Yoga,35,Saturday,2025-08,Afternoon
CI004299,M0264,2025-06-14,20,Cardio,60,Saturday,2025-06,Night
CI004300,M0264,2025-08-10,7,Gym Floor,20,Sunday,2025-08,Early Morning
CI004301,M0264,2025-08-30,9,Gym Floor,65,Saturday,2025-08,Early Morning
CI004302,M0264,2025-04-16,17,Gym Floor,63,Wednesday,2025-04,Evening
CI004303,M0264,2025-06-25,18,Cardio,59,Wednesday,2025-06,Evening
CI004304,M0264,2025-08-28,7,CrossFit,20,Thursday,2025-08,Early Morning
CI004305,M0264,2025-04-16,19,Yoga,20,Wednesday,2025-04,Evening
CI004306,M0264,2025-04-08,18,Gym Floor,48,Tuesday,2025-04,Evening
CI004307,M0264,2025-08-16,11,CrossFit,20,Saturday,2025-08,Morning
CI004308,M0264,2025-08-11,7,Gym Floor,62,Monday,2025-08,Early Morning
CI004309,M0264,2025-04-22,20,Strength Training,77,Tuesday,2025-04,Night
CI004310,M0265,2025-03-11,6,Gym Floor,60,Tuesday,2025-03,Early Morning
CI004311,M0265,2025-04-25,16,HIIT,68,Friday,2025-04,Afternoon
CI004312,M0265,2025-03-17,17,Cardio,43,Monday,2025-03,Evening
CI004313,M0265,2025-06-30,7,Spin,43,Monday,2025-06,Early Morning
CI004314,M0265,2025-03-26,7,Pilates,56,Wednesday,2025-03,Early Morning
CI004315,M0265,2025-03-18,8,Yoga,61,Tuesday,2025-03,Early Morning
CI004316,M0265,2025-08-27,12,Gym Floor,51,Wednesday,2025-08,Morning
CI004317,M0265,2025-03-25,18,Gym Floor,57,Tuesday,2025-03,Evening
CI004318,M0265,2025-05-31,10,Gym Floor,20,Saturday,2025-05,Morning
CI004319,M0265,2025-03-09,7,HIIT,48,Sunday,2025-03,Early Morning
CI004320,M0265,2025-07-29,6,Gym Floor,46,Tuesday,2025-07,Early Morning
CI004321,M0265,2025-05-14,19,Strength Training,53,Wednesday,2025-05,Evening
CI004322,M0265,2025-06-30,16,Gym Floor,37,Monday,2025-06,Afternoon
CI004323,M0265,2025-07-25,8,Spin,64,Friday,2025-07,Early Morning
CI004324,M0265,2025-06-17,6,Gym Floor,57,Tuesday,2025-06,Early Morning
CI004325,M0265,2025-03-10,17,Cardio,65,Monday,2025-03,Evening
CI004326,M0265,2025-04-26,17,Cardio,41,Saturday,2025-04,Evening
CI004327,M0265,2025-03-17,21,Gym Floor,43,Monday,2025-03,Night
CI004328,M0265,2025-04-20,7,Zumba,45,Sunday,2025-04,Early Morning
CI004329,M0265,2025-06-13,11,Gym Floor,63,Friday,2025-06,Morning
CI004330,M0265,2025-05-11,6,Gym Floor,26,Sunday,2025-05,Early Morning
CI004331,M0265,2025-06-19,18,CrossFit,46,Thursday,2025-06,Evening
CI004332,M0266,2025-03-03,18,HIIT,50,Monday,2025-03,Evening
CI004333,M0266,2025-03-19,19,Gym Floor,32,Wednesday,2025-03,Evening
CI004334,M0266,2025-08-10,18,Yoga,73,Sunday,2025-08,Evening
CI004335,M0266,2025-05-03,7,Gym Floor,74,Saturday,2025-05,Early Morning
CI004336,M0266,2025-06-06,6,Gym Floor,78,Friday,2025-06,Early Morning
CI004337,M0266,2025-06-21,11,Strength Training,32,Saturday,2025-06,Morning
CI004338,M0266,2025-07-07,19,Gym Floor,57,Monday,2025-07,Evening
CI004339,M0266,2025-08-31,11,HIIT,64,Sunday,2025-08,Morning
CI004340,M0266,2025-08-26,11,Gym Floor,64,Tuesday,2025-08,Morning
CI004341,M0266,2025-08-01,16,Strength Training,84,Friday,2025-08,Afternoon
CI004342,M0266,2025-07-17,17,Cardio,63,Thursday,2025-07,Evening
CI004343,M0266,2025-05-31,6,Cardio,71,Saturday,2025-05,Early Morning
CI004344,M0266,2025-04-03,8,CrossFit,20,Thursday,2025-04,Early Morning
CI004345,M0266,2025-06-10,16,Zumba,60,Tuesday,2025-06,Afternoon
CI004346,M0266,2025-05-20,9,HIIT,78,Tuesday,2025-05,Early Morning
CI004347,M0266,2025-04-23,7,Gym Floor,54,Wednesday,2025-04,Early Morning
CI004348,M0266,2025-06-05,16,Gym Floor,36,Thursday,2025-06,Afternoon
CI004349,M0266,2025-08-17,18,Gym Floor,69,Sunday,2025-08,Evening
CI004350,M0266,2025-05-29,17,Cardio,56,Thursday,2025-05,Evening
CI004351,M0266,2025-06-05,20,Gym Floor,65,Thursday,2025-06,Night
CI004352,M0266,2025-04-09,20,HIIT,53,Wednesday,2025-04,Night
CI004353,M0266,2025-03-10,17,Strength Training,50,Monday,2025-03,Evening
CI004354,M0266,2025-06-12,19,Yoga,20,Thursday,2025-06,Evening
CI004355,M0266,2025-08-17,16,Gym Floor,67,Sunday,2025-08,Afternoon
CI004356,M0266,2025-03-13,17,Yoga,58,Thursday,2025-03,Evening
CI004357,M0266,2025-03-14,19,Gym Floor,85,Friday,2025-03,Evening
CI004358,M0266,2025-03-04,18,Gym Floor,66,Tuesday,2025-03,Evening
CI004359,M0266,2025-05-20,17,Yoga,54,Tuesday,2025-05,Evening
CI004360,M0266,2025-07-16,19,Gym Floor,43,Wednesday,2025-07,Evening
CI004361,M0266,2025-03-09,8,Spin,55,Sunday,2025-03,Early Morning
CI004362,M0266,2025-05-01,21,Gym Floor,54,Thursday,2025-05,Night
CI004363,M0266,2025-05-26,9,Gym Floor,53,Monday,2025-05,Early Morning
CI004364,M0266,2025-04-18,17,Gym Floor,79,Friday,2025-04,Evening
CI004365,M0266,2025-06-01,21,Gym Floor,59,Sunday,2025-06,Night
CI004366,M0266,2025-05-26,11,Gym Floor,74,Monday,2025-05,Morning
CI004367,M0266,2025-08-23,8,Strength Training,38,Saturday,2025-08,Early Morning
CI004368,M0266,2025-05-01,19,Spin,76,Thursday,2025-05,Evening
CI004369,M0266,2025-06-10,7,Cardio,41,Tuesday,2025-06,Early Morning
CI004370,M0266,2025-03-08,19,Strength Training,81,Saturday,2025-03,Evening
CI004371,M0266,2025-05-23,16,Pilates,108,Friday,2025-05,Afternoon
CI004372,M0266,2025-07-28,6,Gym Floor,76,Monday,2025-07,Early Morning
CI004373,M0266,2025-08-26,20,Cardio,64,Tuesday,2025-08,Night
CI004374,M0266,2025-07-21,18,Gym Floor,60,Monday,2025-07,Evening
CI004375,M0266,2025-08-04,19,Gym Floor,60,Monday,2025-08,Evening
CI004376,M0266,2025-03-20,11,Gym Floor,54,Thursday,2025-03,Morning
CI004377,M0267,2025-08-17,19,Zumba,57,Sunday,2025-08,Evening
CI004378,M0267,2025-06-24,19,Gym Floor,59,Tuesday,2025-06,Evening
CI004379,M0267,2025-08-13,21,Gym Floor,20,Wednesday,2025-08,Night
CI004380,M0267,2025-03-02,10,Spin,71,Sunday,2025-03,Morning
CI004381,M0267,2025-08-15,7,CrossFit,39,Friday,2025-08,Early Morning
CI004382,M0267,2025-05-21,19,Gym Floor,81,Wednesday,2025-05,Evening
CI004383,M0267,2025-07-15,17,HIIT,26,Tuesday,2025-07,Evening
CI004384,M0267,2025-03-30,18,Gym Floor,88,Sunday,2025-03,Evening
CI004385,M0267,2025-04-19,20,Pilates,51,Saturday,2025-04,Night
CI004386,M0267,2025-06-07,8,Gym Floor,45,Saturday,2025-06,Early Morning
CI004387,M0267,2025-05-28,18,Zumba,34,Wednesday,2025-05,Evening
CI004388,M0267,2025-04-17,11,Gym Floor,80,Thursday,2025-04,Morning
CI004389,M0267,2025-04-29,20,Gym Floor,76,Tuesday,2025-04,Night
CI004390,M0267,2025-07-06,20,Yoga,51,Sunday,2025-07,Night
CI004391,M0267,2025-03-19,18,Yoga,45,Wednesday,2025-03,Evening
CI004392,M0267,2025-07-29,7,Zumba,29,Tuesday,2025-07,Early Morning
CI004393,M0267,2025-07-02,19,Pilates,21,Wednesday,2025-07,Evening
CI004394,M0267,2025-06-26,18,Spin,67,Thursday,2025-06,Evening
CI004395,M0267,2025-06-04,17,Gym Floor,67,Wednesday,2025-06,Evening
CI004396,M0267,2025-05-06,8,Yoga,53,Tuesday,2025-05,Early Morning
CI004397,M0267,2025-08-15,7,Gym Floor,63,Friday,2025-08,Early Morning
CI004398,M0267,2025-03-06,20,Gym Floor,26,Thursday,2025-03,Night
CI004399,M0267,2025-06-01,17,HIIT,45,Sunday,2025-06,Evening
CI004400,M0268,2025-08-13,17,CrossFit,51,Wednesday,2025-08,Evening
CI004401,M0268,2025-06-14,10,CrossFit,50,Saturday,2025-06,Morning
CI004402,M0268,2025-04-28,20,Gym Floor,82,Monday,2025-04,Night
CI004403,M0268,2025-06-01,6,CrossFit,78,Sunday,2025-06,Early Morning
CI004404,M0268,2025-05-19,16,Gym Floor,80,Monday,2025-05,Afternoon
CI004405,M0268,2025-06-09,8,Zumba,51,Monday,2025-06,Early Morning
CI004406,M0268,2025-08-01,18,Zumba,59,Friday,2025-08,Evening
CI004407,M0268,2025-06-15,7,Yoga,54,Sunday,2025-06,Early Morning
CI004408,M0268,2025-06-16,6,Gym Floor,64,Monday,2025-06,Early Morning
CI004409,M0268,2025-07-06,16,CrossFit,61,Sunday,2025-07,Afternoon
CI004410,M0268,2025-04-10,8,Spin,61,Thursday,2025-04,Early Morning
CI004411,M0268,2025-04-22,6,CrossFit,60,Tuesday,2025-04,Early Morning
CI004412,M0268,2025-05-01,7,Gym Floor,39,Thursday,2025-05,Early Morning
CI004413,M0268,2025-07-08,19,CrossFit,58,Tuesday,2025-07,Evening
CI004414,M0268,2025-06-21,19,Spin,62,Saturday,2025-06,Evening
CI004415,M0268,2025-05-20,18,Zumba,56,Tuesday,2025-05,Evening
CI004416,M0268,2025-03-13,17,Gym Floor,60,Thursday,2025-03,Evening
CI004417,M0268,2025-05-30,11,Gym Floor,41,Friday,2025-05,Morning
CI004418,M0268,2025-07-21,21,Pilates,29,Monday,2025-07,Night
CI004419,M0268,2025-08-19,9,CrossFit,74,Tuesday,2025-08,Early Morning
CI004420,M0268,2025-03-26,21,Gym Floor,89,Wednesday,2025-03,Night
CI004421,M0268,2025-08-19,18,Gym Floor,55,Tuesday,2025-08,Evening
CI004422,M0268,2025-04-01,6,Gym Floor,87,Tuesday,2025-04,Early Morning
CI004423,M0268,2025-07-26,8,Spin,106,Saturday,2025-07,Early Morning
CI004424,M0268,2025-07-26,19,Pilates,64,Saturday,2025-07,Evening
CI004425,M0269,2025-05-02,18,Gym Floor,25,Friday,2025-05,Evening
CI004426,M0269,2025-06-07,8,Zumba,47,Saturday,2025-06,Early Morning
CI004427,M0269,2025-03-05,16,Gym Floor,42,Wednesday,2025-03,Afternoon
CI004428,M0269,2025-06-02,9,Spin,67,Monday,2025-06,Early Morning
CI004429,M0269,2025-04-13,9,Spin,67,Sunday,2025-04,Early Morning
CI004430,M0269,2025-05-07,10,Zumba,21,Wednesday,2025-05,Morning
CI004431,M0269,2025-03-07,9,Pilates,20,Friday,2025-03,Early Morning
CI004432,M0269,2025-07-05,20,Gym Floor,70,Saturday,2025-07,Night
CI004433,M0269,2025-08-24,19,HIIT,93,Sunday,2025-08,Evening
CI004434,M0269,2025-06-10,7,Cardio,49,Tuesday,2025-06,Early Morning
CI004435,M0269,2025-03-05,16,Gym Floor,57,Wednesday,2025-03,Afternoon
CI004436,M0269,2025-07-05,19,CrossFit,61,Saturday,2025-07,Evening
CI004437,M0270,2025-06-09,16,Gym Floor,23,Monday,2025-06,Afternoon
CI004438,M0270,2025-03-12,19,Pilates,20,Wednesday,2025-03,Evening
CI004439,M0270,2025-06-28,11,Gym Floor,52,Saturday,2025-06,Morning
CI004440,M0270,2025-06-10,19,Strength Training,60,Tuesday,2025-06,Evening
CI004441,M0270,2025-03-30,17,Spin,20,Sunday,2025-03,Evening
CI004442,M0270,2025-03-28,10,Strength Training,80,Friday,2025-03,Morning
CI004443,M0270,2025-03-16,19,HIIT,38,Sunday,2025-03,Evening
CI004444,M0270,2025-08-26,18,Gym Floor,68,Tuesday,2025-08,Evening
CI004445,M0270,2025-07-22,16,Strength Training,36,Tuesday,2025-07,Afternoon
CI004446,M0270,2025-04-19,16,Gym Floor,43,Saturday,2025-04,Afternoon
CI004447,M0270,2025-08-04,12,Gym Floor,28,Monday,2025-08,Morning
CI004448,M0270,2025-06-24,12,CrossFit,72,Tuesday,2025-06,Morning
CI004449,M0270,2025-06-13,7,Pilates,45,Friday,2025-06,Early Morning
CI004450,M0270,2025-07-02,18,Cardio,31,Wednesday,2025-07,Evening
CI004451,M0270,2025-04-10,18,Gym Floor,47,Thursday,2025-04,Evening
CI004452,M0270,2025-03-20,19,Spin,51,Thursday,2025-03,Evening
CI004453,M0270,2025-03-08,8,Gym Floor,55,Saturday,2025-03,Early Morning
CI004454,M0270,2025-08-10,18,Gym Floor,100,Sunday,2025-08,Evening
CI004455,M0270,2025-03-12,9,Gym Floor,83,Wednesday,2025-03,Early Morning
CI004456,M0271,2025-03-29,8,Strength Training,65,Saturday,2025-03,Early Morning
CI004457,M0271,2025-04-04,10,Pilates,45,Friday,2025-04,Morning
CI004458,M0271,2025-04-20,18,Cardio,72,Sunday,2025-04,Evening
CI004459,M0271,2025-04-22,17,Pilates,53,Tuesday,2025-04,Evening
CI004460,M0271,2025-06-14,8,CrossFit,34,Saturday,2025-06,Early Morning
CI004461,M0271,2025-08-04,6,Gym Floor,69,Monday,2025-08,Early Morning
CI004462,M0271,2025-03-03,18,Gym Floor,34,Monday,2025-03,Evening
CI004463,M0271,2025-05-14,17,Gym Floor,57,Wednesday,2025-05,Evening
CI004464,M0271,2025-03-25,7,Spin,43,Tuesday,2025-03,Early Morning
CI004465,M0271,2025-08-15,19,Gym Floor,85,Friday,2025-08,Evening
CI004466,M0272,2025-07-06,11,HIIT,47,Sunday,2025-07,Morning
CI004467,M0272,2025-04-24,12,Cardio,72,Thursday,2025-04,Morning
CI004468,M0272,2025-06-03,18,Cardio,49,Tuesday,2025-06,Evening
CI004469,M0272,2025-05-28,18,Zumba,88,Wednesday,2025-05,Evening
CI004470,M0272,2025-05-30,8,Cardio,41,Friday,2025-05,Early Morning
CI004471,M0272,2025-05-29,18,Gym Floor,74,Thursday,2025-05,Evening
CI004472,M0272,2025-04-20,7,Zumba,76,Sunday,2025-04,Early Morning
CI004473,M0273,2025-03-15,21,Pilates,83,Saturday,2025-03,Night
CI004474,M0273,2025-04-14,16,Cardio,63,Monday,2025-04,Afternoon
CI004475,M0273,2025-05-29,8,Pilates,93,Thursday,2025-05,Early Morning
CI004476,M0273,2025-07-07,16,Pilates,87,Monday,2025-07,Afternoon
CI004477,M0273,2025-08-20,11,Gym Floor,20,Wednesday,2025-08,Morning
CI004478,M0273,2025-08-01,18,Gym Floor,60,Friday,2025-08,Evening
CI004479,M0273,2025-05-24,19,Zumba,73,Saturday,2025-05,Evening
CI004480,M0273,2025-05-05,9,Gym Floor,48,Monday,2025-05,Early Morning
CI004481,M0273,2025-06-16,8,Cardio,49,Monday,2025-06,Early Morning
CI004482,M0273,2025-07-09,18,Gym Floor,53,Wednesday,2025-07,Evening
CI004483,M0273,2025-06-03,7,Zumba,59,Tuesday,2025-06,Early Morning
CI004484,M0274,2025-05-21,10,Spin,60,Wednesday,2025-05,Morning
CI004485,M0274,2025-08-22,17,Gym Floor,66,Friday,2025-08,Evening
CI004486,M0274,2025-06-13,8,Zumba,76,Friday,2025-06,Early Morning
CI004487,M0274,2025-03-22,19,Spin,68,Saturday,2025-03,Evening
CI004488,M0274,2025-08-31,19,HIIT,20,Sunday,2025-08,Evening
CI004489,M0274,2025-07-05,19,Gym Floor,20,Saturday,2025-07,Evening
CI004490,M0274,2025-08-01,19,Strength Training,42,Friday,2025-08,Evening
CI004491,M0274,2025-03-08,18,Gym Floor,45,Saturday,2025-03,Evening
CI004492,M0274,2025-08-27,17,Zumba,34,Wednesday,2025-08,Evening
CI004493,M0274,2025-05-15,8,Cardio,42,Thursday,2025-05,Early Morning
CI004494,M0275,2025-06-07,19,Gym Floor,54,Saturday,2025-06,Evening
CI004495,M0275,2025-06-30,8,Gym Floor,48,Monday,2025-06,Early Morning
CI004496,M0275,2025-07-08,21,Gym Floor,90,Tuesday,2025-07,Night
CI004497,M0275,2025-06-27,19,Spin,45,Friday,2025-06,Evening
CI004498,M0275,2025-08-23,19,Zumba,50,Saturday,2025-08,Evening
CI004499,M0275,2025-04-01,19,Yoga,42,Tuesday,2025-04,Evening
CI004500,M0275,2025-04-18,11,Gym Floor,43,Friday,2025-04,Morning
CI004501,M0275,2025-08-28,18,CrossFit,50,Thursday,2025-08,Evening
CI004502,M0275,2025-08-01,8,Yoga,35,Friday,2025-08,Early Morning
CI004503,M0276,2025-03-04,8,HIIT,20,Tuesday,2025-03,Early Morning
CI004504,M0276,2025-04-02,18,Gym Floor,65,Wednesday,2025-04,Evening
CI004505,M0276,2025-06-08,12,Cardio,72,Sunday,2025-06,Morning
CI004506,M0276,2025-05-23,7,Gym Floor,64,Friday,2025-05,Early Morning
CI004507,M0276,2025-06-25,19,Zumba,55,Wednesday,2025-06,Evening
CI004508,M0276,2025-07-26,17,Gym Floor,53,Saturday,2025-07,Evening
CI004509,M0276,2025-08-14,7,Gym Floor,48,Thursday,2025-08,Early Morning
CI004510,M0277,2025-03-11,16,Gym Floor,39,Tuesday,2025-03,Afternoon
CI004511,M0277,2025-05-29,11,Gym Floor,72,Thursday,2025-05,Morning
CI004512,M0277,2025-07-13,6,Pilates,87,Sunday,2025-07,Early Morning
CI004513,M0277,2025-06-02,19,Cardio,59,Monday,2025-06,Evening
CI004514,M0277,2025-07-02,7,CrossFit,72,Wednesday,2025-07,Early Morning
CI004515,M0277,2025-04-11,10,Pilates,24,Friday,2025-04,Morning
CI004516,M0277,2025-07-03,7,CrossFit,49,Thursday,2025-07,Early Morning
CI004517,M0277,2025-03-25,17,Gym Floor,57,Tuesday,2025-03,Evening
CI004518,M0277,2025-06-02,17,Pilates,70,Monday,2025-06,Evening
CI004519,M0277,2025-06-11,10,Gym Floor,59,Wednesday,2025-06,Morning
CI004520,M0277,2025-08-29,12,HIIT,79,Friday,2025-08,Morning
CI004521,M0277,2025-03-09,9,Gym Floor,38,Sunday,2025-03,Early Morning
CI004522,M0277,2025-05-22,8,Gym Floor,39,Thursday,2025-05,Early Morning
CI004523,M0277,2025-05-22,19,Strength Training,78,Thursday,2025-05,Evening
CI004524,M0277,2025-05-11,17,Spin,81,Sunday,2025-05,Evening
CI004525,M0277,2025-07-05,7,Gym Floor,59,Saturday,2025-07,Early Morning
CI004526,M0277,2025-08-22,18,Zumba,23,Friday,2025-08,Evening
CI004527,M0277,2025-07-17,17,Gym Floor,64,Thursday,2025-07,Evening
CI004528,M0277,2025-03-29,20,HIIT,78,Saturday,2025-03,Night
CI004529,M0277,2025-08-26,6,Spin,28,Tuesday,2025-08,Early Morning
CI004530,M0277,2025-05-09,18,Yoga,63,Friday,2025-05,Evening
CI004531,M0279,2025-08-02,16,Gym Floor,70,Saturday,2025-08,Afternoon
CI004532,M0279,2025-07-04,21,Gym Floor,20,Friday,2025-07,Night
CI004533,M0280,2025-04-14,6,Yoga,63,Monday,2025-04,Early Morning
CI004534,M0280,2025-06-29,19,Gym Floor,98,Sunday,2025-06,Evening
CI004535,M0280,2025-03-14,17,Gym Floor,74,Friday,2025-03,Evening
CI004536,M0280,2025-04-17,19,CrossFit,60,Thursday,2025-04,Evening
CI004537,M0280,2025-03-09,7,Strength Training,56,Sunday,2025-03,Early Morning
CI004538,M0280,2025-07-10,19,Gym Floor,50,Thursday,2025-07,Evening
CI004539,M0280,2025-03-06,18,Zumba,45,Thursday,2025-03,Evening
CI004540,M0280,2025-03-27,18,Pilates,75,Thursday,2025-03,Evening
CI004541,M0280,2025-08-03,7,Gym Floor,71,Sunday,2025-08,Early Morning
CI004542,M0280,2025-08-15,16,Gym Floor,61,Friday,2025-08,Afternoon
CI004543,M0280,2025-05-15,20,Gym Floor,71,Thursday,2025-05,Night
CI004544,M0280,2025-03-28,19,Gym Floor,74,Friday,2025-03,Evening
CI004545,M0280,2025-06-20,7,Zumba,34,Friday,2025-06,Early Morning
CI004546,M0280,2025-04-19,20,Gym Floor,61,Saturday,2025-04,Night
CI004547,M0280,2025-03-13,19,Zumba,32,Thursday,2025-03,Evening
CI004548,M0280,2025-03-06,19,Cardio,54,Thursday,2025-03,Evening
CI004549,M0280,2025-07-21,16,Zumba,47,Monday,2025-07,Afternoon
CI004550,M0280,2025-08-25,18,HIIT,46,Monday,2025-08,Evening
CI004551,M0280,2025-04-20,20,Gym Floor,23,Sunday,2025-04,Night
CI004552,M0280,2025-08-26,8,Gym Floor,20,Tuesday,2025-08,Early Morning
CI004553,M0280,2025-08-31,9,HIIT,79,Sunday,2025-08,Early Morning
CI004554,M0280,2025-08-31,7,Gym Floor,39,Sunday,2025-08,Early Morning
CI004555,M0280,2025-05-23,8,HIIT,43,Friday,2025-05,Early Morning
CI004556,M0280,2025-06-16,17,Strength Training,59,Monday,2025-06,Evening
CI004557,M0281,2025-06-11,19,Spin,60,Wednesday,2025-06,Evening
CI004558,M0281,2025-03-23,17,Strength Training,54,Sunday,2025-03,Evening
CI004559,M0281,2025-08-04,8,Yoga,51,Monday,2025-08,Early Morning
CI004560,M0281,2025-08-07,17,Gym Floor,34,Thursday,2025-08,Evening
CI004561,M0281,2025-08-07,8,Yoga,52,Thursday,2025-08,Early Morning
CI004562,M0281,2025-04-11,11,Yoga,34,Friday,2025-04,Morning
CI004563,M0281,2025-06-17,10,Pilates,20,Tuesday,2025-06,Morning
CI004564,M0282,2025-06-19,19,Spin,73,Thursday,2025-06,Evening
CI004565,M0282,2025-04-23,9,Gym Floor,20,Wednesday,2025-04,Early Morning
CI004566,M0282,2025-08-05,17,Gym Floor,51,Tuesday,2025-08,Evening
CI004567,M0282,2025-04-01,7,Gym Floor,69,Tuesday,2025-04,Early Morning
CI004568,M0282,2025-03-04,18,Cardio,23,Tuesday,2025-03,Evening
CI004569,M0282,2025-06-29,16,HIIT,44,Sunday,2025-06,Afternoon
CI004570,M0282,2025-08-09,17,Pilates,69,Saturday,2025-08,Evening
CI004571,M0282,2025-07-28,18,Pilates,89,Monday,2025-07,Evening
CI004572,M0282,2025-05-04,18,Gym Floor,80,Sunday,2025-05,Evening
CI004573,M0282,2025-07-24,6,Gym Floor,40,Thursday,2025-07,Early Morning
CI004574,M0282,2025-03-05,20,Gym Floor,35,Wednesday,2025-03,Night
CI004575,M0282,2025-06-07,17,Gym Floor,49,Saturday,2025-06,Evening
CI004576,M0282,2025-06-24,18,Spin,27,Tuesday,2025-06,Evening
CI004577,M0282,2025-05-24,7,Cardio,45,Saturday,2025-05,Early Morning
CI004578,M0282,2025-08-13,18,Gym Floor,90,Wednesday,2025-08,Evening
CI004579,M0282,2025-04-15,17,Cardio,28,Tuesday,2025-04,Evening
CI004580,M0282,2025-04-11,21,Gym Floor,47,Friday,2025-04,Night
CI004581,M0282,2025-03-26,17,Spin,75,Wednesday,2025-03,Evening
CI004582,M0282,2025-08-02,8,Gym Floor,40,Saturday,2025-08,Early Morning
CI004583,M0282,2025-07-09,17,Pilates,56,Wednesday,2025-07,Evening
CI004584,M0282,2025-05-25,10,Yoga,48,Sunday,2025-05,Morning
CI004585,M0282,2025-07-15,20,Gym Floor,28,Tuesday,2025-07,Night
CI004586,M0282,2025-04-05,9,Pilates,62,Saturday,2025-04,Early Morning
CI004587,M0282,2025-07-15,18,Pilates,69,Tuesday,2025-07,Evening
CI004588,M0282,2025-05-21,7,Pilates,67,Wednesday,2025-05,Early Morning
CI004589,M0283,2025-07-31,18,Gym Floor,49,Thursday,2025-07,Evening
CI004590,M0283,2025-08-04,12,Gym Floor,45,Monday,2025-08,Morning
CI004591,M0283,2025-06-10,7,Gym Floor,67,Tuesday,2025-06,Early Morning
CI004592,M0283,2025-05-14,17,Gym Floor,44,Wednesday,2025-05,Evening
CI004593,M0283,2025-03-15,21,Yoga,39,Saturday,2025-03,Night
CI004594,M0283,2025-03-31,18,Yoga,66,Monday,2025-03,Evening
CI004595,M0284,2025-03-03,7,Zumba,70,Monday,2025-03,Early Morning
CI004596,M0284,2025-04-09,8,Yoga,67,Wednesday,2025-04,Early Morning
CI004597,M0284,2025-08-25,18,Strength Training,76,Monday,2025-08,Evening
CI004598,M0284,2025-08-26,7,Yoga,51,Tuesday,2025-08,Early Morning
CI004599,M0284,2025-04-22,6,Pilates,93,Tuesday,2025-04,Early Morning
CI004600,M0284,2025-03-01,7,Spin,47,Saturday,2025-03,Early Morning
CI004601,M0284,2025-04-03,12,Pilates,54,Thursday,2025-04,Morning
CI004602,M0284,2025-05-21,10,Strength Training,47,Wednesday,2025-05,Morning
CI004603,M0284,2025-04-02,6,Gym Floor,76,Wednesday,2025-04,Early Morning
CI004604,M0284,2025-03-07,20,Zumba,72,Friday,2025-03,Night
CI004605,M0284,2025-03-06,19,Gym Floor,42,Thursday,2025-03,Evening
CI004606,M0284,2025-07-11,12,Gym Floor,39,Friday,2025-07,Morning
CI004607,M0284,2025-08-21,7,Gym Floor,85,Thursday,2025-08,Early Morning
CI004608,M0284,2025-05-24,17,Zumba,46,Saturday,2025-05,Evening
CI004609,M0284,2025-05-05,18,Yoga,72,Monday,2025-05,Evening
CI004610,M0284,2025-07-03,19,Gym Floor,48,Thursday,2025-07,Evening
CI004611,M0284,2025-03-22,8,Gym Floor,65,Saturday,2025-03,Early Morning
CI004612,M0284,2025-04-18,19,Pilates,42,Friday,2025-04,Evening
CI004613,M0284,2025-06-01,8,Gym Floor,70,Sunday,2025-06,Early Morning
CI004614,M0284,2025-08-01,7,Cardio,62,Friday,2025-08,Early Morning
CI004615,M0284,2025-07-06,17,Gym Floor,29,Sunday,2025-07,Evening
CI004616,M0285,2025-04-24,9,Gym Floor,76,Thursday,2025-04,Early Morning
CI004617,M0285,2025-03-08,10,Gym Floor,36,Saturday,2025-03,Morning
CI004618,M0285,2025-07-30,18,Cardio,66,Wednesday,2025-07,Evening
CI004619,M0285,2025-04-20,19,HIIT,47,Sunday,2025-04,Evening
CI004620,M0285,2025-05-18,10,Zumba,26,Sunday,2025-05,Morning
CI004621,M0285,2025-06-29,18,Gym Floor,70,Sunday,2025-06,Evening
CI004622,M0285,2025-04-12,18,Strength Training,67,Saturday,2025-04,Evening
CI004623,M0285,2025-05-10,20,Cardio,42,Saturday,2025-05,Night
CI004624,M0285,2025-05-18,9,Strength Training,46,Sunday,2025-05,Early Morning
CI004625,M0285,2025-07-23,8,Zumba,45,Wednesday,2025-07,Early Morning
CI004626,M0285,2025-05-13,19,HIIT,99,Tuesday,2025-05,Evening
CI004627,M0285,2025-06-28,19,Zumba,25,Saturday,2025-06,Evening
CI004628,M0285,2025-03-10,8,Strength Training,24,Monday,2025-03,Early Morning
CI004629,M0285,2025-05-29,11,HIIT,76,Thursday,2025-05,Morning
CI004630,M0285,2025-07-18,19,Spin,65,Friday,2025-07,Evening
CI004631,M0285,2025-03-29,6,Yoga,69,Saturday,2025-03,Early Morning
CI004632,M0285,2025-06-30,21,Gym Floor,36,Monday,2025-06,Night
CI004633,M0285,2025-03-10,19,Cardio,51,Monday,2025-03,Evening
CI004634,M0285,2025-04-17,19,Gym Floor,71,Thursday,2025-04,Evening
CI004635,M0285,2025-06-03,7,Gym Floor,34,Tuesday,2025-06,Early Morning
CI004636,M0285,2025-04-06,19,Spin,28,Sunday,2025-04,Evening
CI004637,M0285,2025-06-02,16,Gym Floor,31,Monday,2025-06,Afternoon
CI004638,M0285,2025-08-25,8,Strength Training,70,Monday,2025-08,Early Morning
CI004639,M0285,2025-08-02,17,Gym Floor,71,Saturday,2025-08,Evening
CI004640,M0285,2025-03-07,17,CrossFit,55,Friday,2025-03,Evening
CI004641,M0285,2025-05-28,7,HIIT,66,Wednesday,2025-05,Early Morning
CI004642,M0285,2025-05-14,6,Strength Training,61,Wednesday,2025-05,Early Morning
CI004643,M0286,2025-05-29,9,Strength Training,30,Thursday,2025-05,Early Morning
CI004644,M0286,2025-08-05,6,Gym Floor,54,Tuesday,2025-08,Early Morning
CI004645,M0286,2025-03-17,7,HIIT,53,Monday,2025-03,Early Morning
CI004646,M0286,2025-06-05,18,Strength Training,58,Thursday,2025-06,Evening
CI004647,M0287,2025-04-17,19,Yoga,62,Thursday,2025-04,Evening
CI004648,M0287,2025-08-01,8,Gym Floor,34,Friday,2025-08,Early Morning
CI004649,M0287,2025-04-09,12,Pilates,93,Wednesday,2025-04,Morning
CI004650,M0287,2025-04-27,17,Gym Floor,60,Sunday,2025-04,Evening
CI004651,M0287,2025-05-16,18,Gym Floor,80,Friday,2025-05,Evening
CI004652,M0287,2025-07-14,6,Yoga,50,Monday,2025-07,Early Morning
CI004653,M0287,2025-05-24,17,Spin,64,Saturday,2025-05,Evening
CI004654,M0287,2025-05-12,18,Gym Floor,54,Monday,2025-05,Evening
CI004655,M0288,2025-07-22,21,Gym Floor,40,Tuesday,2025-07,Night
CI004656,M0288,2025-05-18,18,CrossFit,43,Sunday,2025-05,Evening
CI004657,M0288,2025-07-27,19,Spin,57,Sunday,2025-07,Evening
CI004658,M0288,2025-07-18,18,CrossFit,67,Friday,2025-07,Evening
CI004659,M0288,2025-03-25,19,HIIT,63,Tuesday,2025-03,Evening
CI004660,M0288,2025-04-02,16,Gym Floor,66,Wednesday,2025-04,Afternoon
CI004661,M0288,2025-06-28,18,Gym Floor,50,Saturday,2025-06,Evening
CI004662,M0288,2025-06-26,17,Yoga,80,Thursday,2025-06,Evening
CI004663,M0288,2025-06-04,6,Yoga,41,Wednesday,2025-06,Early Morning
CI004664,M0288,2025-03-21,16,Spin,53,Friday,2025-03,Afternoon
CI004665,M0288,2025-07-21,6,Gym Floor,57,Monday,2025-07,Early Morning
CI004666,M0288,2025-07-18,16,Yoga,31,Friday,2025-07,Afternoon
CI004667,M0288,2025-08-29,6,Strength Training,55,Friday,2025-08,Early Morning
CI004668,M0288,2025-03-10,9,Gym Floor,57,Monday,2025-03,Early Morning
CI004669,M0288,2025-04-13,18,Gym Floor,60,Sunday,2025-04,Evening
CI004670,M0288,2025-05-09,9,HIIT,56,Friday,2025-05,Early Morning
CI004671,M0288,2025-08-06,18,Gym Floor,46,Wednesday,2025-08,Evening
CI004672,M0288,2025-06-29,7,Yoga,47,Sunday,2025-06,Early Morning
CI004673,M0288,2025-04-17,9,Pilates,64,Thursday,2025-04,Early Morning
CI004674,M0288,2025-03-12,18,Strength Training,55,Wednesday,2025-03,Evening
CI004675,M0288,2025-05-27,11,Yoga,74,Tuesday,2025-05,Morning
CI004676,M0288,2025-05-01,18,Spin,71,Thursday,2025-05,Evening
CI004677,M0289,2025-06-21,17,Gym Floor,72,Saturday,2025-06,Evening
CI004678,M0289,2025-05-02,10,CrossFit,45,Friday,2025-05,Morning
CI004679,M0289,2025-05-24,19,Spin,43,Saturday,2025-05,Evening
CI004680,M0289,2025-06-23,7,Pilates,84,Monday,2025-06,Early Morning
CI004681,M0289,2025-07-01,16,Gym Floor,78,Tuesday,2025-07,Afternoon
CI004682,M0289,2025-03-11,10,Gym Floor,65,Tuesday,2025-03,Morning
CI004683,M0289,2025-04-28,17,Strength Training,58,Monday,2025-04,Evening
CI004684,M0289,2025-04-29,17,Pilates,72,Tuesday,2025-04,Evening
CI004685,M0289,2025-08-22,11,Yoga,53,Friday,2025-08,Morning
CI004686,M0289,2025-07-11,18,Strength Training,45,Friday,2025-07,Evening
CI004687,M0289,2025-08-13,10,Cardio,41,Wednesday,2025-08,Morning
CI004688,M0289,2025-03-08,10,HIIT,62,Saturday,2025-03,Morning
CI004689,M0289,2025-05-13,9,Yoga,23,Tuesday,2025-05,Early Morning
CI004690,M0289,2025-06-04,19,Cardio,55,Wednesday,2025-06,Evening
CI004691,M0289,2025-05-13,19,Gym Floor,105,Tuesday,2025-05,Evening
CI004692,M0289,2025-03-26,20,HIIT,72,Wednesday,2025-03,Night
CI004693,M0289,2025-03-24,16,Gym Floor,55,Monday,2025-03,Afternoon
CI004694,M0289,2025-06-29,7,CrossFit,37,Sunday,2025-06,Early Morning
CI004695,M0289,2025-08-19,17,Gym Floor,69,Tuesday,2025-08,Evening
CI004696,M0289,2025-03-11,9,Pilates,64,Tuesday,2025-03,Early Morning
CI004697,M0289,2025-07-09,18,Spin,49,Wednesday,2025-07,Evening
CI004698,M0289,2025-08-27,18,Yoga,50,Wednesday,2025-08,Evening
CI004699,M0289,2025-07-06,12,Gym Floor,57,Sunday,2025-07,Morning
CI004700,M0289,2025-08-04,7,Gym Floor,41,Monday,2025-08,Early Morning
CI004701,M0289,2025-03-16,11,Gym Floor,36,Sunday,2025-03,Morning
CI004702,M0289,2025-08-13,17,HIIT,57,Wednesday,2025-08,Evening
CI004703,M0290,2025-05-05,7,Gym Floor,53,Monday,2025-05,Early Morning
CI004704,M0290,2025-07-01,6,Gym Floor,24,Tuesday,2025-07,Early Morning
CI004705,M0290,2025-08-18,7,Strength Training,59,Monday,2025-08,Early Morning
CI004706,M0290,2025-08-04,19,Gym Floor,49,Monday,2025-08,Evening
CI004707,M0290,2025-04-08,6,CrossFit,55,Tuesday,2025-04,Early Morning
CI004708,M0290,2025-04-25,16,Gym Floor,47,Friday,2025-04,Afternoon
CI004709,M0290,2025-08-23,18,CrossFit,42,Saturday,2025-08,Evening
CI004710,M0290,2025-07-31,19,Gym Floor,29,Thursday,2025-07,Evening
CI004711,M0290,2025-03-30,19,Zumba,61,Sunday,2025-03,Evening
CI004712,M0290,2025-05-12,21,Zumba,71,Monday,2025-05,Night
CI004713,M0290,2025-07-16,6,Gym Floor,43,Wednesday,2025-07,Early Morning
CI004714,M0290,2025-04-02,11,Gym Floor,37,Wednesday,2025-04,Morning
CI004715,M0290,2025-06-30,18,Gym Floor,83,Monday,2025-06,Evening
CI004716,M0290,2025-04-05,12,Gym Floor,48,Saturday,2025-04,Morning
CI004717,M0291,2025-06-30,18,Zumba,58,Monday,2025-06,Evening
CI004718,M0291,2025-05-29,19,Zumba,75,Thursday,2025-05,Evening
CI004719,M0291,2025-06-21,17,CrossFit,62,Saturday,2025-06,Evening
CI004720,M0291,2025-07-23,18,CrossFit,83,Wednesday,2025-07,Evening
CI004721,M0291,2025-03-17,19,Gym Floor,74,Monday,2025-03,Evening
CI004722,M0291,2025-06-14,16,Gym Floor,49,Saturday,2025-06,Afternoon
CI004723,M0291,2025-08-05,8,Zumba,46,Tuesday,2025-08,Early Morning
CI004724,M0291,2025-06-28,17,Gym Floor,50,Saturday,2025-06,Evening
CI004725,M0291,2025-08-01,8,Gym Floor,56,Friday,2025-08,Early Morning
CI004726,M0292,2025-03-25,17,Yoga,57,Tuesday,2025-03,Evening
CI004727,M0292,2025-03-02,8,HIIT,92,Sunday,2025-03,Early Morning
CI004728,M0292,2025-04-06,17,HIIT,58,Sunday,2025-04,Evening
CI004729,M0292,2025-07-19,16,Gym Floor,65,Saturday,2025-07,Afternoon
CI004730,M0292,2025-06-28,20,Strength Training,35,Saturday,2025-06,Night
CI004731,M0292,2025-05-31,7,Cardio,75,Saturday,2025-05,Early Morning
CI004732,M0292,2025-08-03,19,Zumba,43,Sunday,2025-08,Evening
CI004733,M0292,2025-06-03,20,Zumba,56,Tuesday,2025-06,Night
CI004734,M0292,2025-03-12,9,Gym Floor,63,Wednesday,2025-03,Early Morning
CI004735,M0292,2025-04-08,7,Cardio,68,Tuesday,2025-04,Early Morning
CI004736,M0292,2025-05-23,20,HIIT,46,Friday,2025-05,Night
CI004737,M0292,2025-04-13,9,Zumba,68,Sunday,2025-04,Early Morning
CI004738,M0292,2025-05-31,18,Pilates,46,Saturday,2025-05,Evening
CI004739,M0292,2025-06-25,9,Strength Training,42,Wednesday,2025-06,Early Morning
CI004740,M0292,2025-05-13,8,CrossFit,52,Tuesday,2025-05,Early Morning
CI004741,M0292,2025-05-01,6,Cardio,78,Thursday,2025-05,Early Morning
CI004742,M0292,2025-04-16,8,Cardio,29,Wednesday,2025-04,Early Morning
CI004743,M0292,2025-05-11,17,Gym Floor,54,Sunday,2025-05,Evening
CI004744,M0292,2025-03-27,17,HIIT,75,Thursday,2025-03,Evening
CI004745,M0292,2025-03-08,9,Gym Floor,58,Saturday,2025-03,Early Morning
CI004746,M0292,2025-05-16,16,Gym Floor,61,Friday,2025-05,Afternoon
CI004747,M0292,2025-07-15,9,Zumba,58,Tuesday,2025-07,Early Morning
CI004748,M0292,2025-05-15,17,Gym Floor,70,Thursday,2025-05,Evening
CI004749,M0292,2025-06-26,17,Gym Floor,20,Thursday,2025-06,Evening
CI004750,M0292,2025-04-06,19,Pilates,48,Sunday,2025-04,Evening
CI004751,M0292,2025-04-10,8,Zumba,28,Thursday,2025-04,Early Morning
CI004752,M0292,2025-08-28,17,Zumba,37,Thursday,2025-08,Evening
CI004753,M0293,2025-05-31,18,Spin,45,Saturday,2025-05,Evening
CI004754,M0293,2025-08-27,7,Gym Floor,49,Wednesday,2025-08,Early Morning
CI004755,M0293,2025-07-20,18,Pilates,81,Sunday,2025-07,Evening
CI004756,M0293,2025-08-11,17,Gym Floor,40,Monday,2025-08,Evening
CI004757,M0293,2025-03-11,16,Gym Floor,79,Tuesday,2025-03,Afternoon
CI004758,M0293,2025-08-12,16,Gym Floor,33,Tuesday,2025-08,Afternoon
CI004759,M0293,2025-05-26,12,Gym Floor,67,Monday,2025-05,Morning
CI004760,M0293,2025-04-27,20,Gym Floor,38,Sunday,2025-04,Night
CI004761,M0293,2025-06-06,6,Gym Floor,60,Friday,2025-06,Early Morning
CI004762,M0293,2025-05-22,6,HIIT,62,Thursday,2025-05,Early Morning
CI004763,M0293,2025-03-27,7,Strength Training,86,Thursday,2025-03,Early Morning
CI004764,M0293,2025-07-24,8,Gym Floor,50,Thursday,2025-07,Early Morning
CI004765,M0293,2025-08-27,16,Cardio,53,Wednesday,2025-08,Afternoon
CI004766,M0293,2025-08-16,10,Gym Floor,58,Saturday,2025-08,Morning
CI004767,M0293,2025-04-26,16,Zumba,65,Saturday,2025-04,Afternoon
CI004768,M0293,2025-04-01,21,Yoga,36,Tuesday,2025-04,Night
CI004769,M0293,2025-07-15,18,Gym Floor,46,Tuesday,2025-07,Evening
CI004770,M0293,2025-04-07,10,Gym Floor,36,Monday,2025-04,Morning
CI004771,M0293,2025-03-05,11,CrossFit,50,Wednesday,2025-03,Morning
CI004772,M0293,2025-05-26,7,Gym Floor,20,Monday,2025-05,Early Morning
CI004773,M0293,2025-07-15,9,Spin,67,Tuesday,2025-07,Early Morning
CI004774,M0293,2025-07-26,9,Zumba,78,Saturday,2025-07,Early Morning
CI004775,M0293,2025-03-13,8,Gym Floor,33,Thursday,2025-03,Early Morning
CI004776,M0293,2025-05-27,8,Spin,33,Tuesday,2025-05,Early Morning
CI004777,M0293,2025-08-10,20,Pilates,72,Sunday,2025-08,Night
CI004778,M0293,2025-03-13,18,Gym Floor,38,Thursday,2025-03,Evening
CI004779,M0293,2025-07-02,7,Pilates,69,Wednesday,2025-07,Early Morning
CI004780,M0293,2025-07-19,17,Cardio,71,Saturday,2025-07,Evening
CI004781,M0293,2025-07-24,17,Gym Floor,69,Thursday,2025-07,Evening
CI004782,M0293,2025-06-07,10,Gym Floor,28,Saturday,2025-06,Morning
CI004783,M0293,2025-04-15,6,Gym Floor,21,Tuesday,2025-04,Early Morning
CI004784,M0293,2025-07-15,10,Strength Training,59,Tuesday,2025-07,Morning
CI004785,M0293,2025-07-23,7,Zumba,61,Wednesday,2025-07,Early Morning
CI004786,M0293,2025-03-15,19,Yoga,37,Saturday,2025-03,Evening
CI004787,M0293,2025-06-20,19,Gym Floor,29,Friday,2025-06,Evening
CI004788,M0293,2025-03-02,8,Spin,73,Sunday,2025-03,Early Morning
CI004789,M0293,2025-07-12,9,Yoga,39,Saturday,2025-07,Early Morning
CI004790,M0293,2025-08-16,18,Gym Floor,37,Saturday,2025-08,Evening
CI004791,M0293,2025-03-12,8,HIIT,68,Wednesday,2025-03,Early Morning
CI004792,M0293,2025-07-27,11,Gym Floor,42,Sunday,2025-07,Morning
CI004793,M0293,2025-06-14,19,CrossFit,42,Saturday,2025-06,Evening
CI004794,M0293,2025-08-22,16,Gym Floor,64,Friday,2025-08,Afternoon
CI004795,M0293,2025-03-13,18,Spin,63,Thursday,2025-03,Evening
CI004796,M0293,2025-06-09,18,Gym Floor,34,Monday,2025-06,Evening
CI004797,M0293,2025-08-23,18,Strength Training,31,Saturday,2025-08,Evening
CI004798,M0293,2025-05-14,7,Gym Floor,60,Wednesday,2025-05,Early Morning
CI004799,M0294,2025-04-25,19,Zumba,34,Friday,2025-04,Evening
CI004800,M0294,2025-07-27,7,Strength Training,20,Sunday,2025-07,Early Morning
CI004801,M0294,2025-04-14,6,Pilates,20,Monday,2025-04,Early Morning
CI004802,M0294,2025-04-18,20,Cardio,41,Friday,2025-04,Night
CI004803,M0294,2025-05-14,8,Gym Floor,96,Wednesday,2025-05,Early Morning
CI004804,M0295,2025-03-21,9,Gym Floor,69,Friday,2025-03,Early Morning
CI004805,M0295,2025-07-05,8,Pilates,39,Saturday,2025-07,Early Morning
CI004806,M0295,2025-05-16,7,Gym Floor,55,Friday,2025-05,Early Morning
CI004807,M0295,2025-08-22,8,Gym Floor,23,Friday,2025-08,Early Morning
CI004808,M0295,2025-06-21,18,Gym Floor,47,Saturday,2025-06,Evening
CI004809,M0295,2025-04-12,18,Gym Floor,34,Saturday,2025-04,Evening
CI004810,M0295,2025-07-07,18,CrossFit,47,Monday,2025-07,Evening
CI004811,M0295,2025-08-21,6,Gym Floor,61,Thursday,2025-08,Early Morning
CI004812,M0295,2025-03-23,17,Gym Floor,60,Sunday,2025-03,Evening
CI004813,M0295,2025-07-20,19,Cardio,49,Sunday,2025-07,Evening
CI004814,M0295,2025-03-29,17,Strength Training,34,Saturday,2025-03,Evening
CI004815,M0295,2025-07-08,8,Gym Floor,63,Tuesday,2025-07,Early Morning
CI004816,M0296,2025-06-11,20,Spin,81,Wednesday,2025-06,Night
CI004817,M0296,2025-04-29,20,Gym Floor,64,Tuesday,2025-04,Night
CI004818,M0296,2025-08-03,10,Pilates,44,Sunday,2025-08,Morning
CI004819,M0296,2025-05-18,9,HIIT,77,Sunday,2025-05,Early Morning
CI004820,M0296,2025-05-14,8,Yoga,48,Wednesday,2025-05,Early Morning
CI004821,M0296,2025-06-24,20,Gym Floor,52,Tuesday,2025-06,Night
CI004822,M0296,2025-04-11,19,Gym Floor,46,Friday,2025-04,Evening
CI004823,M0296,2025-07-08,16,Yoga,51,Tuesday,2025-07,Afternoon
CI004824,M0296,2025-03-04,17,CrossFit,69,Tuesday,2025-03,Evening
CI004825,M0296,2025-05-21,10,Pilates,41,Wednesday,2025-05,Morning
CI004826,M0296,2025-05-19,18,Cardio,30,Monday,2025-05,Evening
CI004827,M0296,2025-04-05,18,Gym Floor,77,Saturday,2025-04,Evening
CI004828,M0296,2025-07-12,8,HIIT,20,Saturday,2025-07,Early Morning
CI004829,M0296,2025-05-25,7,Gym Floor,41,Sunday,2025-05,Early Morning
CI004830,M0296,2025-03-18,12,Gym Floor,65,Tuesday,2025-03,Morning
CI004831,M0296,2025-03-30,17,Gym Floor,46,Sunday,2025-03,Evening
CI004832,M0296,2025-05-05,10,Yoga,62,Monday,2025-05,Morning
CI004833,M0296,2025-03-19,9,Gym Floor,62,Wednesday,2025-03,Early Morning
CI004834,M0296,2025-05-07,6,Zumba,31,Wednesday,2025-05,Early Morning
CI004835,M0296,2025-07-26,9,Yoga,55,Saturday,2025-07,Early Morning
CI004836,M0296,2025-06-07,7,Yoga,68,Saturday,2025-06,Early Morning
CI004837,M0296,2025-08-28,19,Spin,29,Thursday,2025-08,Evening
CI004838,M0296,2025-08-27,18,Gym Floor,61,Wednesday,2025-08,Evening
CI004839,M0296,2025-04-23,6,Cardio,23,Wednesday,2025-04,Early Morning
CI004840,M0296,2025-05-02,18,Yoga,67,Friday,2025-05,Evening
CI004841,M0296,2025-08-23,6,Gym Floor,45,Saturday,2025-08,Early Morning
CI004842,M0296,2025-08-13,8,Yoga,62,Wednesday,2025-08,Early Morning
CI004843,M0296,2025-05-29,17,Pilates,28,Thursday,2025-05,Evening
CI004844,M0296,2025-08-17,6,Gym Floor,40,Sunday,2025-08,Early Morning
CI004845,M0296,2025-05-03,8,Gym Floor,60,Saturday,2025-05,Early Morning
CI004846,M0296,2025-06-03,18,Gym Floor,38,Tuesday,2025-06,Evening
CI004847,M0296,2025-03-05,7,Gym Floor,75,Wednesday,2025-03,Early Morning
CI004848,M0296,2025-07-11,16,Spin,75,Friday,2025-07,Afternoon
CI004849,M0296,2025-03-04,18,Gym Floor,34,Tuesday,2025-03,Evening
CI004850,M0296,2025-04-27,9,Gym Floor,60,Sunday,2025-04,Early Morning
CI004851,M0296,2025-04-18,18,Gym Floor,46,Friday,2025-04,Evening
CI004852,M0296,2025-08-31,10,CrossFit,49,Sunday,2025-08,Morning
CI004853,M0296,2025-04-26,17,Pilates,67,Saturday,2025-04,Evening
CI004854,M0296,2025-07-25,19,Gym Floor,80,Friday,2025-07,Evening
CI004855,M0296,2025-05-10,19,Gym Floor,65,Saturday,2025-05,Evening
CI004856,M0297,2025-05-02,17,HIIT,55,Friday,2025-05,Evening
CI004857,M0297,2025-04-09,7,CrossFit,51,Wednesday,2025-04,Early Morning
CI004858,M0297,2025-07-28,11,Gym Floor,53,Monday,2025-07,Morning
CI004859,M0297,2025-04-03,17,Yoga,48,Thursday,2025-04,Evening
CI004860,M0297,2025-08-23,8,Pilates,42,Saturday,2025-08,Early Morning
CI004861,M0297,2025-04-20,6,Gym Floor,62,Sunday,2025-04,Early Morning
CI004862,M0297,2025-07-07,6,Pilates,37,Monday,2025-07,Early Morning
CI004863,M0297,2025-04-30,19,Zumba,80,Wednesday,2025-04,Evening
CI004864,M0297,2025-03-12,18,HIIT,62,Wednesday,2025-03,Evening
CI004865,M0297,2025-05-24,9,Strength Training,72,Saturday,2025-05,Early Morning
CI004866,M0297,2025-06-14,18,Gym Floor,40,Saturday,2025-06,Evening
CI004867,M0297,2025-05-05,7,Spin,48,Monday,2025-05,Early Morning
CI004868,M0297,2025-07-22,16,Gym Floor,48,Tuesday,2025-07,Afternoon
CI004869,M0297,2025-04-12,11,Cardio,20,Saturday,2025-04,Morning
CI004870,M0297,2025-08-15,16,Zumba,27,Friday,2025-08,Afternoon
CI004871,M0297,2025-08-21,10,Spin,51,Thursday,2025-08,Morning
CI004872,M0297,2025-07-30,17,Cardio,48,Wednesday,2025-07,Evening
CI004873,M0297,2025-03-27,20,Pilates,76,Thursday,2025-03,Night
CI004874,M0297,2025-03-03,18,Strength Training,40,Monday,2025-03,Evening
CI004875,M0297,2025-04-14,18,Gym Floor,55,Monday,2025-04,Evening
CI004876,M0297,2025-03-28,9,Pilates,58,Friday,2025-03,Early Morning
CI004877,M0297,2025-03-29,17,CrossFit,53,Saturday,2025-03,Evening
CI004878,M0298,2025-06-24,18,Gym Floor,31,Tuesday,2025-06,Evening
CI004879,M0298,2025-06-09,18,CrossFit,40,Monday,2025-06,Evening
CI004880,M0298,2025-07-01,6,Gym Floor,69,Tuesday,2025-07,Early Morning
CI004881,M0298,2025-06-09,21,Spin,46,Monday,2025-06,Night
CI004882,M0298,2025-04-16,7,Cardio,40,Wednesday,2025-04,Early Morning
CI004883,M0298,2025-08-04,18,HIIT,54,Monday,2025-08,Evening
CI004884,M0298,2025-06-19,21,Gym Floor,76,Thursday,2025-06,Night
CI004885,M0298,2025-05-14,8,Gym Floor,96,Wednesday,2025-05,Early Morning
CI004886,M0298,2025-05-06,6,Gym Floor,69,Tuesday,2025-05,Early Morning
CI004887,M0298,2025-03-21,19,Pilates,54,Friday,2025-03,Evening
CI004888,M0298,2025-03-27,10,HIIT,55,Thursday,2025-03,Morning
CI004889,M0298,2025-07-05,7,Cardio,68,Saturday,2025-07,Early Morning
CI004890,M0298,2025-08-19,6,Strength Training,66,Tuesday,2025-08,Early Morning
CI004891,M0298,2025-05-13,21,Gym Floor,47,Tuesday,2025-05,Night
CI004892,M0299,2025-03-17,7,Gym Floor,42,Monday,2025-03,Early Morning
CI004893,M0299,2025-04-13,17,Spin,20,Sunday,2025-04,Evening
CI004894,M0299,2025-03-24,17,Zumba,44,Monday,2025-03,Evening
CI004895,M0299,2025-04-23,19,CrossFit,55,Wednesday,2025-04,Evening
CI004896,M0299,2025-05-15,7,Gym Floor,54,Thursday,2025-05,Early Morning
CI004897,M0299,2025-06-16,21,Pilates,32,Monday,2025-06,Night
CI004898,M0299,2025-06-19,8,Spin,39,Thursday,2025-06,Early Morning
CI004899,M0299,2025-07-05,19,HIIT,25,Saturday,2025-07,Evening
CI004900,M0299,2025-07-21,6,CrossFit,77,Monday,2025-07,Early Morning
CI004901,M0299,2025-06-07,19,HIIT,50,Saturday,2025-06,Evening
CI004902,M0299,2025-04-21,17,Gym Floor,29,Monday,2025-04,Evening
CI004903,M0299,2025-05-20,6,Gym Floor,104,Tuesday,2025-05,Early Morning
CI004904,M0299,2025-07-02,18,Gym Floor,53,Wednesday,2025-07,Evening
CI004905,M0299,2025-04-22,6,Gym Floor,48,Tuesday,2025-04,Early Morning
CI004906,M0300,2025-06-02,8,Gym Floor,34,Monday,2025-06,Early Morning
CI004907,M0300,2025-04-24,19,Gym Floor,70,Thursday,2025-04,Evening
CI004908,M0300,2025-06-26,18,Spin,46,Thursday,2025-06,Evening
CI004909,M0300,2025-06-09,19,Gym Floor,116,Monday,2025-06,Evening
CI004910,M0300,2025-06-12,11,Gym Floor,49,Thursday,2025-06,Morning
CI004911,M0300,2025-05-31,18,Gym Floor,49,Saturday,2025-05,Evening
CI004912,M0300,2025-05-10,10,HIIT,90,Saturday,2025-05,Morning
CI004913,M0300,2025-05-16,21,Pilates,60,Friday,2025-05,Night
CI004914,M0300,2025-08-04,6,Yoga,83,Monday,2025-08,Early Morning
CI004915,M0300,2025-06-27,17,Strength Training,52,Friday,2025-06,Evening
CI004916,M0300,2025-03-27,18,Gym Floor,58,Thursday,2025-03,Evening
CI004917,M0300,2025-03-10,6,HIIT,49,Monday,2025-03,Early Morning
CI004918,M0301,2025-06-06,17,Gym Floor,83,Friday,2025-06,Evening
CI004919,M0301,2025-07-27,20,Zumba,40,Sunday,2025-07,Night
CI004920,M0301,2025-06-16,16,HIIT,41,Monday,2025-06,Afternoon
CI004921,M0301,2025-03-25,19,Cardio,68,Tuesday,2025-03,Evening
CI004922,M0301,2025-04-01,19,Gym Floor,51,Tuesday,2025-04,Evening
CI004923,M0301,2025-04-22,19,Strength Training,50,Tuesday,2025-04,Evening
CI004924,M0301,2025-04-22,19,Gym Floor,76,Tuesday,2025-04,Evening
CI004925,M0301,2025-03-22,17,Gym Floor,62,Saturday,2025-03,Evening
CI004926,M0301,2025-03-04,16,Gym Floor,47,Tuesday,2025-03,Afternoon
CI004927,M0302,2025-08-13,18,Gym Floor,53,Wednesday,2025-08,Evening
CI004928,M0302,2025-06-15,9,Cardio,41,Sunday,2025-06,Early Morning
CI004929,M0302,2025-03-15,9,Gym Floor,23,Saturday,2025-03,Early Morning
CI004930,M0302,2025-03-18,19,HIIT,42,Tuesday,2025-03,Evening
CI004931,M0302,2025-05-04,6,Spin,25,Sunday,2025-05,Early Morning
CI004932,M0302,2025-05-14,6,Gym Floor,67,Wednesday,2025-05,Early Morning
CI004933,M0302,2025-03-15,19,Zumba,28,Saturday,2025-03,Evening
CI004934,M0302,2025-04-04,19,Pilates,54,Friday,2025-04,Evening
CI004935,M0302,2025-08-11,20,Spin,55,Monday,2025-08,Night
CI004936,M0302,2025-04-21,16,Yoga,55,Monday,2025-04,Afternoon
CI004937,M0302,2025-07-09,7,Gym Floor,53,Wednesday,2025-07,Early Morning
CI004938,M0302,2025-07-24,12,Spin,55,Thursday,2025-07,Morning
CI004939,M0302,2025-07-06,8,Pilates,55,Sunday,2025-07,Early Morning
CI004940,M0302,2025-03-13,17,Pilates,54,Thursday,2025-03,Evening
CI004941,M0302,2025-04-17,11,Cardio,77,Thursday,2025-04,Morning
CI004942,M0302,2025-05-22,19,Gym Floor,48,Thursday,2025-05,Evening
CI004943,M0302,2025-03-19,16,Cardio,64,Wednesday,2025-03,Afternoon
CI004944,M0302,2025-07-25,17,Yoga,82,Friday,2025-07,Evening
CI004945,M0302,2025-07-21,19,Strength Training,62,Monday,2025-07,Evening
CI004946,M0302,2025-08-27,17,Spin,66,Wednesday,2025-08,Evening
CI004947,M0302,2025-08-29,18,HIIT,56,Friday,2025-08,Evening
CI004948,M0302,2025-08-27,17,Gym Floor,52,Wednesday,2025-08,Evening
CI004949,M0302,2025-06-08,19,CrossFit,58,Sunday,2025-06,Evening
CI004950,M0303,2025-03-16,8,Gym Floor,72,Sunday,2025-03,Early Morning
CI004951,M0303,2025-04-21,18,Yoga,60,Monday,2025-04,Evening
CI004952,M0303,2025-03-22,19,CrossFit,73,Saturday,2025-03,Evening
CI004953,M0303,2025-05-11,19,Cardio,44,Sunday,2025-05,Evening
CI004954,M0303,2025-04-11,18,Gym Floor,102,Friday,2025-04,Evening
CI004955,M0303,2025-05-18,20,Cardio,33,Sunday,2025-05,Night
CI004956,M0303,2025-06-20,18,Gym Floor,23,Friday,2025-06,Evening
CI004957,M0303,2025-03-03,6,HIIT,81,Monday,2025-03,Early Morning
CI004958,M0303,2025-03-22,17,Gym Floor,38,Saturday,2025-03,Evening
CI004959,M0303,2025-05-19,19,Gym Floor,91,Monday,2025-05,Evening
CI004960,M0303,2025-07-16,7,Spin,56,Wednesday,2025-07,Early Morning
CI004961,M0303,2025-05-01,8,Strength Training,44,Thursday,2025-05,Early Morning
CI004962,M0303,2025-07-16,18,Gym Floor,80,Wednesday,2025-07,Evening
CI004963,M0303,2025-04-07,9,CrossFit,62,Monday,2025-04,Early Morning
CI004964,M0304,2025-05-07,8,Gym Floor,55,Wednesday,2025-05,Early Morning
CI004965,M0304,2025-05-03,16,CrossFit,73,Saturday,2025-05,Afternoon
CI004966,M0304,2025-06-14,8,Yoga,44,Saturday,2025-06,Early Morning
CI004967,M0304,2025-06-09,21,Zumba,20,Monday,2025-06,Night
CI004968,M0304,2025-07-05,8,Gym Floor,66,Saturday,2025-07,Early Morning
CI004969,M0305,2025-04-18,17,Gym Floor,52,Friday,2025-04,Evening
CI004970,M0305,2025-08-04,20,Yoga,38,Monday,2025-08,Night
CI004971,M0305,2025-03-28,9,Gym Floor,39,Friday,2025-03,Early Morning
CI004972,M0306,2025-06-10,19,Gym Floor,57,Tuesday,2025-06,Evening
CI004973,M0306,2025-08-02,7,Gym Floor,44,Saturday,2025-08,Early Morning
CI004974,M0306,2025-06-19,9,Gym Floor,62,Thursday,2025-06,Early Morning
CI004975,M0306,2025-03-23,16,Gym Floor,67,Sunday,2025-03,Afternoon
CI004976,M0306,2025-04-04,9,Gym Floor,55,Friday,2025-04,Early Morning
CI004977,M0306,2025-04-25,10,HIIT,82,Friday,2025-04,Morning
CI004978,M0306,2025-08-23,7,Gym Floor,71,Saturday,2025-08,Early Morning
CI004979,M0306,2025-05-08,20,Cardio,48,Thursday,2025-05,Night
CI004980,M0306,2025-08-02,7,Strength Training,53,Saturday,2025-08,Early Morning
CI004981,M0306,2025-05-08,9,Gym Floor,69,Thursday,2025-05,Early Morning
CI004982,M0306,2025-08-08,17,Gym Floor,20,Friday,2025-08,Evening
CI004983,M0306,2025-04-24,6,Gym Floor,44,Thursday,2025-04,Early Morning
CI004984,M0306,2025-03-03,19,Yoga,74,Monday,2025-03,Evening
CI004985,M0306,2025-07-07,16,Gym Floor,83,Monday,2025-07,Afternoon
CI004986,M0306,2025-05-02,18,Gym Floor,68,Friday,2025-05,Evening
CI004987,M0306,2025-07-25,9,Pilates,46,Friday,2025-07,Early Morning
CI004988,M0306,2025-05-25,16,Gym Floor,50,Sunday,2025-05,Afternoon
CI004989,M0306,2025-03-28,7,Gym Floor,29,Friday,2025-03,Early Morning
CI004990,M0306,2025-06-03,18,Spin,68,Tuesday,2025-06,Evening
CI004991,M0306,2025-06-11,16,HIIT,41,Wednesday,2025-06,Afternoon
CI004992,M0306,2025-05-02,9,Spin,52,Friday,2025-05,Early Morning
CI004993,M0306,2025-07-11,12,Strength Training,59,Friday,2025-07,Morning
CI004994,M0306,2025-08-14,18,Pilates,54,Thursday,2025-08,Evening
CI004995,M0306,2025-07-25,18,Strength Training,52,Friday,2025-07,Evening
CI004996,M0306,2025-07-28,16,Gym Floor,41,Monday,2025-07,Afternoon
CI004997,M0306,2025-04-18,20,Gym Floor,61,Friday,2025-04,Night
CI004998,M0306,2025-08-06,18,Gym Floor,65,Wednesday,2025-08,Evening
CI004999,M0306,2025-08-18,18,Spin,52,Monday,2025-08,Evening
CI005000,M0306,2025-08-02,20,Cardio,34,Saturday,2025-08,Night
CI005001,M0306,2025-08-22,16,Gym Floor,92,Friday,2025-08,Afternoon
CI005002,M0306,2025-03-26,10,Gym Floor,40,Wednesday,2025-03,Morning
CI005003,M0306,2025-07-26,7,Gym Floor,36,Saturday,2025-07,Early Morning
CI005004,M0306,2025-03-07,11,HIIT,72,Friday,2025-03,Morning
CI005005,M0306,2025-04-20,7,Gym Floor,62,Sunday,2025-04,Early Morning
CI005006,M0306,2025-08-17,11,Gym Floor,73,Sunday,2025-08,Morning
CI005007,M0306,2025-05-26,18,Gym Floor,49,Monday,2025-05,Evening
CI005008,M0306,2025-08-22,17,Pilates,40,Friday,2025-08,Evening
CI005009,M0306,2025-03-26,7,Gym Floor,45,Wednesday,2025-03,Early Morning
CI005010,M0306,2025-07-02,19,CrossFit,55,Wednesday,2025-07,Evening
CI005011,M0306,2025-03-30,9,Gym Floor,51,Sunday,2025-03,Early Morning
CI005012,M0306,2025-04-04,8,Zumba,38,Friday,2025-04,Early Morning
CI005013,M0306,2025-07-14,8,Strength Training,56,Monday,2025-07,Early Morning
CI005014,M0306,2025-08-21,20,Spin,58,Thursday,2025-08,Night
CI005015,M0307,2025-06-12,17,Strength Training,35,Thursday,2025-06,Evening
CI005016,M0307,2025-04-24,18,Pilates,82,Thursday,2025-04,Evening
CI005017,M0307,2025-08-02,18,Gym Floor,46,Saturday,2025-08,Evening
CI005018,M0307,2025-07-29,18,Gym Floor,61,Tuesday,2025-07,Evening
CI005019,M0307,2025-06-06,16,Spin,54,Friday,2025-06,Afternoon
CI005020,M0307,2025-04-03,7,Gym Floor,76,Thursday,2025-04,Early Morning
CI005021,M0307,2025-06-04,11,Gym Floor,68,Wednesday,2025-06,Morning
CI005022,M0307,2025-06-03,10,Yoga,70,Tuesday,2025-06,Morning
CI005023,M0307,2025-03-30,18,Gym Floor,91,Sunday,2025-03,Evening
CI005024,M0307,2025-07-07,11,CrossFit,77,Monday,2025-07,Morning
CI005025,M0307,2025-07-30,12,Gym Floor,70,Wednesday,2025-07,Morning
CI005026,M0307,2025-03-18,8,Yoga,32,Tuesday,2025-03,Early Morning
CI005027,M0307,2025-04-29,10,Pilates,24,Tuesday,2025-04,Morning
CI005028,M0307,2025-06-27,12,Gym Floor,69,Friday,2025-06,Morning
CI005029,M0308,2025-08-16,18,Cardio,50,Saturday,2025-08,Evening
CI005030,M0308,2025-03-13,8,Gym Floor,74,Thursday,2025-03,Early Morning
CI005031,M0308,2025-06-22,8,Spin,43,Sunday,2025-06,Early Morning
CI005032,M0308,2025-07-18,16,Gym Floor,78,Friday,2025-07,Afternoon
CI005033,M0308,2025-05-24,7,Cardio,50,Saturday,2025-05,Early Morning
CI005034,M0308,2025-08-27,19,Gym Floor,74,Wednesday,2025-08,Evening
CI005035,M0308,2025-08-03,8,CrossFit,82,Sunday,2025-08,Early Morning
CI005036,M0308,2025-04-05,19,Gym Floor,73,Saturday,2025-04,Evening
CI005037,M0308,2025-03-20,11,Gym Floor,29,Thursday,2025-03,Morning
CI005038,M0308,2025-03-24,16,Gym Floor,33,Monday,2025-03,Afternoon
CI005039,M0308,2025-03-13,11,Pilates,47,Thursday,2025-03,Morning
CI005040,M0308,2025-04-26,7,Gym Floor,65,Saturday,2025-04,Early Morning
CI005041,M0308,2025-08-13,9,Pilates,64,Wednesday,2025-08,Early Morning
CI005042,M0308,2025-04-12,18,Gym Floor,39,Saturday,2025-04,Evening
CI005043,M0308,2025-06-25,7,Gym Floor,41,Wednesday,2025-06,Early Morning
CI005044,M0308,2025-08-24,8,Zumba,51,Sunday,2025-08,Early Morning
CI005045,M0308,2025-05-30,7,Gym Floor,50,Friday,2025-05,Early Morning
CI005046,M0308,2025-06-13,16,Zumba,75,Friday,2025-06,Afternoon
CI005047,M0308,2025-03-08,17,Gym Floor,64,Saturday,2025-03,Evening
CI005048,M0308,2025-06-23,12,Pilates,58,Monday,2025-06,Morning
CI005049,M0308,2025-06-06,17,Gym Floor,80,Friday,2025-06,Evening
CI005050,M0308,2025-08-01,18,Yoga,69,Friday,2025-08,Evening
CI005051,M0308,2025-06-11,17,Gym Floor,20,Wednesday,2025-06,Evening
CI005052,M0308,2025-03-15,12,Gym Floor,62,Saturday,2025-03,Morning
CI005053,M0308,2025-07-09,9,Pilates,76,Wednesday,2025-07,Early Morning
CI005054,M0308,2025-08-18,8,CrossFit,62,Monday,2025-08,Early Morning
CI005055,M0308,2025-08-12,12,Gym Floor,57,Tuesday,2025-08,Morning
CI005056,M0308,2025-03-22,6,Gym Floor,52,Saturday,2025-03,Early Morning
CI005057,M0308,2025-05-03,19,Strength Training,67,Saturday,2025-05,Evening
CI005058,M0308,2025-04-13,7,Strength Training,35,Sunday,2025-04,Early Morning
CI005059,M0308,2025-06-09,20,Gym Floor,34,Monday,2025-06,Night
CI005060,M0308,2025-08-29,8,Spin,64,Friday,2025-08,Early Morning
CI005061,M0308,2025-06-10,18,HIIT,41,Tuesday,2025-06,Evening
CI005062,M0308,2025-03-05,7,Gym Floor,59,Wednesday,2025-03,Early Morning
CI005063,M0308,2025-06-22,7,HIIT,32,Sunday,2025-06,Early Morning
CI005064,M0309,2025-07-05,7,Gym Floor,40,Saturday,2025-07,Early Morning
CI005065,M0309,2025-05-06,9,Zumba,31,Tuesday,2025-05,Early Morning
CI005066,M0309,2025-04-21,18,Zumba,80,Monday,2025-04,Evening
CI005067,M0309,2025-04-24,9,Gym Floor,47,Thursday,2025-04,Early Morning
CI005068,M0309,2025-05-24,8,Gym Floor,35,Saturday,2025-05,Early Morning
CI005069,M0309,2025-06-23,16,CrossFit,88,Monday,2025-06,Afternoon
CI005070,M0309,2025-08-27,11,Pilates,47,Wednesday,2025-08,Morning
CI005071,M0309,2025-07-28,17,Gym Floor,29,Monday,2025-07,Evening
CI005072,M0309,2025-08-13,20,Zumba,54,Wednesday,2025-08,Night
CI005073,M0309,2025-03-08,11,Yoga,77,Saturday,2025-03,Morning
CI005074,M0309,2025-07-23,8,Cardio,33,Wednesday,2025-07,Early Morning
CI005075,M0309,2025-08-11,6,Gym Floor,72,Monday,2025-08,Early Morning
CI005076,M0309,2025-04-24,18,Gym Floor,33,Thursday,2025-04,Evening
CI005077,M0309,2025-03-02,7,Pilates,55,Sunday,2025-03,Early Morning
CI005078,M0309,2025-05-09,6,Pilates,52,Friday,2025-05,Early Morning
CI005079,M0309,2025-05-20,19,Gym Floor,48,Tuesday,2025-05,Evening
CI005080,M0309,2025-07-13,16,Gym Floor,36,Sunday,2025-07,Afternoon
CI005081,M0309,2025-03-19,16,HIIT,37,Wednesday,2025-03,Afternoon
CI005082,M0309,2025-03-09,9,Gym Floor,32,Sunday,2025-03,Early Morning
CI005083,M0309,2025-05-21,18,Gym Floor,57,Wednesday,2025-05,Evening
CI005084,M0309,2025-04-30,20,Gym Floor,74,Wednesday,2025-04,Night
CI005085,M0309,2025-05-08,17,HIIT,48,Thursday,2025-05,Evening
CI005086,M0309,2025-05-12,8,Strength Training,54,Monday,2025-05,Early Morning
CI005087,M0309,2025-06-06,19,Gym Floor,58,Friday,2025-06,Evening
CI005088,M0309,2025-07-15,12,Gym Floor,69,Tuesday,2025-07,Morning
CI005089,M0309,2025-03-26,12,Gym Floor,47,Wednesday,2025-03,Morning
CI005090,M0310,2025-05-07,17,CrossFit,79,Wednesday,2025-05,Evening
CI005091,M0310,2025-06-15,8,Gym Floor,75,Sunday,2025-06,Early Morning
CI005092,M0310,2025-08-28,12,HIIT,41,Thursday,2025-08,Morning
CI005093,M0310,2025-03-28,16,HIIT,73,Friday,2025-03,Afternoon
CI005094,M0310,2025-05-01,17,Gym Floor,35,Thursday,2025-05,Evening
CI005095,M0310,2025-08-03,19,Strength Training,47,Sunday,2025-08,Evening
CI005096,M0310,2025-03-02,8,CrossFit,82,Sunday,2025-03,Early Morning
CI005097,M0310,2025-07-22,19,Pilates,28,Tuesday,2025-07,Evening
CI005098,M0310,2025-07-14,18,Gym Floor,39,Monday,2025-07,Evening
CI005099,M0310,2025-05-03,18,Cardio,71,Saturday,2025-05,Evening
CI005100,M0310,2025-08-06,7,Cardio,28,Wednesday,2025-08,Early Morning
CI005101,M0310,2025-03-14,6,HIIT,74,Friday,2025-03,Early Morning
CI005102,M0310,2025-03-14,8,Gym Floor,61,Friday,2025-03,Early Morning
CI005103,M0310,2025-03-10,10,CrossFit,61,Monday,2025-03,Morning
CI005104,M0310,2025-07-07,9,Strength Training,37,Monday,2025-07,Early Morning
CI005105,M0310,2025-05-11,18,Gym Floor,54,Sunday,2025-05,Evening
CI005106,M0310,2025-04-24,17,Gym Floor,55,Thursday,2025-04,Evening
CI005107,M0310,2025-08-01,7,Cardio,53,Friday,2025-08,Early Morning
CI005108,M0310,2025-08-15,18,Gym Floor,30,Friday,2025-08,Evening
CI005109,M0310,2025-05-18,8,Gym Floor,38,Sunday,2025-05,Early Morning
CI005110,M0310,2025-04-09,11,Zumba,64,Wednesday,2025-04,Morning
CI005111,M0310,2025-06-01,17,Gym Floor,32,Sunday,2025-06,Evening
CI005112,M0311,2025-04-06,18,Gym Floor,73,Sunday,2025-04,Evening
CI005113,M0311,2025-06-06,17,HIIT,34,Friday,2025-06,Evening
CI005114,M0311,2025-07-24,20,Gym Floor,83,Thursday,2025-07,Night
CI005115,M0311,2025-07-19,8,Gym Floor,53,Saturday,2025-07,Early Morning
CI005116,M0311,2025-03-17,11,HIIT,34,Monday,2025-03,Morning
CI005117,M0312,2025-03-20,10,Gym Floor,49,Thursday,2025-03,Morning
CI005118,M0312,2025-03-05,6,Gym Floor,74,Wednesday,2025-03,Early Morning
CI005119,M0312,2025-03-27,17,Yoga,39,Thursday,2025-03,Evening
CI005120,M0312,2025-08-07,7,Pilates,55,Thursday,2025-08,Early Morning
CI005121,M0312,2025-06-10,6,HIIT,67,Tuesday,2025-06,Early Morning
CI005122,M0312,2025-03-05,18,Gym Floor,51,Wednesday,2025-03,Evening
CI005123,M0312,2025-07-05,16,Strength Training,55,Saturday,2025-07,Afternoon
CI005124,M0312,2025-06-23,17,Gym Floor,68,Monday,2025-06,Evening
CI005125,M0312,2025-03-31,7,Yoga,42,Monday,2025-03,Early Morning
CI005126,M0313,2025-08-16,17,CrossFit,41,Saturday,2025-08,Evening
CI005127,M0313,2025-03-08,17,Yoga,68,Saturday,2025-03,Evening
CI005128,M0313,2025-05-27,20,Zumba,83,Tuesday,2025-05,Night
CI005129,M0313,2025-04-30,6,Strength Training,58,Wednesday,2025-04,Early Morning
CI005130,M0313,2025-07-26,20,HIIT,56,Saturday,2025-07,Night
CI005131,M0313,2025-04-04,16,Gym Floor,82,Friday,2025-04,Afternoon
CI005132,M0313,2025-04-18,9,Gym Floor,54,Friday,2025-04,Early Morning
CI005133,M0313,2025-08-04,12,HIIT,76,Monday,2025-08,Morning
CI005134,M0313,2025-05-17,6,Spin,56,Saturday,2025-05,Early Morning
CI005135,M0313,2025-07-04,18,Gym Floor,93,Friday,2025-07,Evening
CI005136,M0313,2025-08-30,7,Zumba,70,Saturday,2025-08,Early Morning
CI005137,M0313,2025-05-14,20,Strength Training,63,Wednesday,2025-05,Night
CI005138,M0313,2025-05-23,7,Gym Floor,58,Friday,2025-05,Early Morning
CI005139,M0314,2025-03-03,19,Yoga,46,Monday,2025-03,Evening
CI005140,M0314,2025-04-24,18,CrossFit,67,Thursday,2025-04,Evening
CI005141,M0314,2025-08-19,6,Gym Floor,48,Tuesday,2025-08,Early Morning
CI005142,M0314,2025-06-30,18,Gym Floor,38,Monday,2025-06,Evening
CI005143,M0314,2025-04-09,17,Gym Floor,34,Wednesday,2025-04,Evening
CI005144,M0314,2025-03-20,7,Gym Floor,36,Thursday,2025-03,Early Morning
CI005145,M0314,2025-03-09,18,Gym Floor,54,Sunday,2025-03,Evening
CI005146,M0314,2025-07-16,17,Gym Floor,56,Wednesday,2025-07,Evening
CI005147,M0314,2025-07-23,6,Gym Floor,30,Wednesday,2025-07,Early Morning
CI005148,M0314,2025-07-10,6,Gym Floor,61,Thursday,2025-07,Early Morning
CI005149,M0314,2025-06-14,6,Zumba,36,Saturday,2025-06,Early Morning
CI005150,M0314,2025-05-05,19,Pilates,57,Monday,2025-05,Evening
CI005151,M0314,2025-04-09,6,Zumba,77,Wednesday,2025-04,Early Morning
CI005152,M0314,2025-08-16,11,Gym Floor,20,Saturday,2025-08,Morning
CI005153,M0314,2025-04-02,21,Gym Floor,60,Wednesday,2025-04,Night
CI005154,M0314,2025-08-18,6,Gym Floor,67,Monday,2025-08,Early Morning
CI005155,M0314,2025-07-10,19,Cardio,47,Thursday,2025-07,Evening
CI005156,M0314,2025-05-28,10,Gym Floor,51,Wednesday,2025-05,Morning
CI005157,M0314,2025-07-08,18,Zumba,47,Tuesday,2025-07,Evening
CI005158,M0314,2025-06-25,7,CrossFit,91,Wednesday,2025-06,Early Morning
CI005159,M0314,2025-08-06,17,Gym Floor,45,Wednesday,2025-08,Evening
CI005160,M0314,2025-06-09,18,HIIT,51,Monday,2025-06,Evening
CI005161,M0314,2025-03-20,19,CrossFit,74,Thursday,2025-03,Evening
CI005162,M0314,2025-03-27,17,Gym Floor,70,Thursday,2025-03,Evening
CI005163,M0314,2025-07-20,17,Gym Floor,48,Sunday,2025-07,Evening
CI005164,M0314,2025-04-14,6,Gym Floor,45,Monday,2025-04,Early Morning
CI005165,M0314,2025-05-05,18,Cardio,52,Monday,2025-05,Evening
CI005166,M0314,2025-08-14,16,Gym Floor,20,Thursday,2025-08,Afternoon
CI005167,M0314,2025-04-23,17,Yoga,74,Wednesday,2025-04,Evening
CI005168,M0314,2025-05-02,10,Spin,52,Friday,2025-05,Morning
CI005169,M0314,2025-07-23,7,Cardio,64,Wednesday,2025-07,Early Morning
CI005170,M0314,2025-03-16,10,Strength Training,29,Sunday,2025-03,Morning
CI005171,M0314,2025-03-19,19,Gym Floor,58,Wednesday,2025-03,Evening
CI005172,M0314,2025-04-06,19,Strength Training,74,Sunday,2025-04,Evening
CI005173,M0314,2025-04-10,9,Gym Floor,77,Thursday,2025-04,Early Morning
CI005174,M0314,2025-04-17,20,Gym Floor,20,Thursday,2025-04,Night
CI005175,M0314,2025-03-01,11,HIIT,47,Saturday,2025-03,Morning
CI005176,M0314,2025-04-15,6,Gym Floor,77,Tuesday,2025-04,Early Morning
CI005177,M0314,2025-06-07,10,Gym Floor,64,Saturday,2025-06,Morning
CI005178,M0314,2025-04-29,16,Gym Floor,42,Tuesday,2025-04,Afternoon
CI005179,M0314,2025-03-29,12,Gym Floor,41,Saturday,2025-03,Morning
CI005180,M0314,2025-08-25,7,Gym Floor,60,Monday,2025-08,Early Morning
CI005181,M0314,2025-04-13,6,Yoga,20,Sunday,2025-04,Early Morning
CI005182,M0314,2025-06-27,19,HIIT,51,Friday,2025-06,Evening
CI005183,M0314,2025-03-06,6,Yoga,35,Thursday,2025-03,Early Morning
CI005184,M0314,2025-05-29,19,Cardio,58,Thursday,2025-05,Evening
CI005185,M0314,2025-05-20,17,Strength Training,77,Tuesday,2025-05,Evening
CI005186,M0314,2025-03-18,6,Gym Floor,42,Tuesday,2025-03,Early Morning
CI005187,M0314,2025-06-26,17,Gym Floor,69,Thursday,2025-06,Evening
CI005188,M0315,2025-04-25,9,CrossFit,48,Friday,2025-04,Early Morning
CI005189,M0315,2025-03-25,19,Gym Floor,62,Tuesday,2025-03,Evening
CI005190,M0315,2025-05-22,19,Gym Floor,70,Thursday,2025-05,Evening
CI005191,M0315,2025-06-12,9,Gym Floor,64,Thursday,2025-06,Early Morning
CI005192,M0315,2025-03-12,7,Gym Floor,56,Wednesday,2025-03,Early Morning
CI005193,M0315,2025-06-20,18,Spin,35,Friday,2025-06,Evening
CI005194,M0315,2025-08-04,6,HIIT,55,Monday,2025-08,Early Morning
CI005195,M0315,2025-05-27,20,Yoga,99,Tuesday,2025-05,Night
CI005196,M0315,2025-03-13,18,Cardio,49,Thursday,2025-03,Evening
CI005197,M0315,2025-03-25,9,Gym Floor,64,Tuesday,2025-03,Early Morning
CI005198,M0316,2025-06-03,21,Gym Floor,59,Tuesday,2025-06,Night
CI005199,M0316,2025-06-20,21,Gym Floor,83,Friday,2025-06,Night
CI005200,M0316,2025-06-11,19,HIIT,36,Wednesday,2025-06,Evening
CI005201,M0316,2025-08-01,7,Strength Training,38,Friday,2025-08,Early Morning
CI005202,M0316,2025-03-05,18,Gym Floor,42,Wednesday,2025-03,Evening
CI005203,M0316,2025-04-26,18,CrossFit,54,Saturday,2025-04,Evening
CI005204,M0316,2025-08-08,17,Zumba,54,Friday,2025-08,Evening
CI005205,M0316,2025-08-20,6,Gym Floor,35,Wednesday,2025-08,Early Morning
CI005206,M0316,2025-05-04,9,Strength Training,20,Sunday,2025-05,Early Morning
CI005207,M0316,2025-06-22,17,Strength Training,70,Sunday,2025-06,Evening
CI005208,M0316,2025-04-23,19,Spin,69,Wednesday,2025-04,Evening
CI005209,M0316,2025-07-31,18,Yoga,37,Thursday,2025-07,Evening
CI005210,M0316,2025-07-02,12,Gym Floor,60,Wednesday,2025-07,Morning
CI005211,M0316,2025-05-27,6,Cardio,42,Tuesday,2025-05,Early Morning
CI005212,M0316,2025-04-22,18,Yoga,55,Tuesday,2025-04,Evening
CI005213,M0316,2025-06-04,20,Gym Floor,63,Wednesday,2025-06,Night
CI005214,M0316,2025-08-05,7,Gym Floor,61,Tuesday,2025-08,Early Morning
CI005215,M0316,2025-08-13,12,CrossFit,47,Wednesday,2025-08,Morning
CI005216,M0316,2025-03-20,17,Gym Floor,63,Thursday,2025-03,Evening
CI005217,M0316,2025-05-11,17,Gym Floor,67,Sunday,2025-05,Evening
CI005218,M0316,2025-03-19,9,Gym Floor,56,Wednesday,2025-03,Early Morning
CI005219,M0316,2025-04-22,11,Gym Floor,49,Tuesday,2025-04,Morning
CI005220,M0316,2025-04-20,8,Pilates,76,Sunday,2025-04,Early Morning
CI005221,M0316,2025-08-01,8,Gym Floor,37,Friday,2025-08,Early Morning
CI005222,M0316,2025-05-21,18,Gym Floor,72,Wednesday,2025-05,Evening
CI005223,M0316,2025-08-13,19,Spin,74,Wednesday,2025-08,Evening
CI005224,M0316,2025-04-22,8,HIIT,76,Tuesday,2025-04,Early Morning
CI005225,M0316,2025-04-11,12,Spin,40,Friday,2025-04,Morning
CI005226,M0317,2025-07-20,6,CrossFit,55,Sunday,2025-07,Early Morning
CI005227,M0317,2025-03-25,19,Strength Training,73,Tuesday,2025-03,Evening
CI005228,M0317,2025-08-01,18,Spin,57,Friday,2025-08,Evening
CI005229,M0318,2025-03-15,9,Strength Training,66,Saturday,2025-03,Early Morning
CI005230,M0318,2025-08-01,7,Gym Floor,72,Friday,2025-08,Early Morning
CI005231,M0318,2025-06-04,16,CrossFit,60,Wednesday,2025-06,Afternoon
CI005232,M0319,2025-04-14,7,Gym Floor,36,Monday,2025-04,Early Morning
CI005233,M0319,2025-05-10,21,Gym Floor,56,Saturday,2025-05,Night
CI005234,M0319,2025-05-28,7,Gym Floor,40,Wednesday,2025-05,Early Morning
CI005235,M0319,2025-05-09,19,HIIT,58,Friday,2025-05,Evening
CI005236,M0319,2025-07-09,17,Strength Training,69,Wednesday,2025-07,Evening
CI005237,M0319,2025-03-30,7,Spin,43,Sunday,2025-03,Early Morning
CI005238,M0319,2025-08-17,18,Strength Training,36,Sunday,2025-08,Evening
CI005239,M0319,2025-05-24,9,Gym Floor,32,Saturday,2025-05,Early Morning
CI005240,M0319,2025-04-15,6,CrossFit,56,Tuesday,2025-04,Early Morning
CI005241,M0319,2025-08-13,18,CrossFit,53,Wednesday,2025-08,Evening
CI005242,M0319,2025-06-13,16,Gym Floor,77,Friday,2025-06,Afternoon
CI005243,M0319,2025-04-30,16,Gym Floor,47,Wednesday,2025-04,Afternoon
CI005244,M0319,2025-03-02,20,Zumba,53,Sunday,2025-03,Night
CI005245,M0319,2025-06-22,19,CrossFit,50,Sunday,2025-06,Evening
CI005246,M0319,2025-06-11,18,Gym Floor,35,Wednesday,2025-06,Evening
CI005247,M0319,2025-05-03,7,Pilates,48,Saturday,2025-05,Early Morning
CI005248,M0319,2025-08-05,6,Gym Floor,74,Tuesday,2025-08,Early Morning
CI005249,M0319,2025-04-24,9,HIIT,65,Thursday,2025-04,Early Morning
CI005250,M0319,2025-03-15,8,Strength Training,81,Saturday,2025-03,Early Morning
CI005251,M0319,2025-08-26,19,Gym Floor,58,Tuesday,2025-08,Evening
CI005252,M0319,2025-07-23,21,Spin,66,Wednesday,2025-07,Night
CI005253,M0319,2025-08-05,6,Pilates,58,Tuesday,2025-08,Early Morning
CI005254,M0319,2025-07-09,11,Gym Floor,59,Wednesday,2025-07,Morning
CI005255,M0319,2025-05-12,19,Pilates,58,Monday,2025-05,Evening
CI005256,M0319,2025-08-08,6,CrossFit,41,Friday,2025-08,Early Morning
CI005257,M0319,2025-05-22,9,Pilates,72,Thursday,2025-05,Early Morning
CI005258,M0319,2025-07-26,9,Gym Floor,35,Saturday,2025-07,Early Morning
CI005259,M0319,2025-03-11,7,Cardio,55,Tuesday,2025-03,Early Morning
CI005260,M0320,2025-03-23,8,Gym Floor,68,Sunday,2025-03,Early Morning
CI005261,M0320,2025-08-22,19,Gym Floor,59,Friday,2025-08,Evening
CI005262,M0320,2025-06-18,16,Cardio,65,Wednesday,2025-06,Afternoon
CI005263,M0320,2025-07-01,19,Cardio,51,Tuesday,2025-07,Evening
CI005264,M0320,2025-08-20,17,Gym Floor,38,Wednesday,2025-08,Evening
CI005265,M0320,2025-04-17,20,HIIT,42,Thursday,2025-04,Night
CI005266,M0320,2025-08-27,16,Gym Floor,42,Wednesday,2025-08,Afternoon
CI005267,M0320,2025-06-16,17,Gym Floor,37,Monday,2025-06,Evening
CI005268,M0320,2025-06-28,17,Gym Floor,39,Saturday,2025-06,Evening
CI005269,M0320,2025-04-13,20,CrossFit,58,Sunday,2025-04,Night
CI005270,M0320,2025-04-02,17,Gym Floor,45,Wednesday,2025-04,Evening
CI005271,M0320,2025-06-06,7,Gym Floor,58,Friday,2025-06,Early Morning
CI005272,M0321,2025-04-07,17,Gym Floor,86,Monday,2025-04,Evening
CI005273,M0321,2025-07-28,19,Gym Floor,69,Monday,2025-07,Evening
CI005274,M0321,2025-04-24,18,Strength Training,69,Thursday,2025-04,Evening
CI005275,M0321,2025-03-10,12,Spin,57,Monday,2025-03,Morning
CI005276,M0321,2025-04-01,19,Gym Floor,93,Tuesday,2025-04,Evening
CI005277,M0321,2025-06-17,18,Gym Floor,27,Tuesday,2025-06,Evening
CI005278,M0321,2025-05-07,19,Gym Floor,48,Wednesday,2025-05,Evening
CI005279,M0321,2025-07-10,17,Gym Floor,80,Thursday,2025-07,Evening
CI005280,M0321,2025-03-11,9,Cardio,76,Tuesday,2025-03,Early Morning
CI005281,M0321,2025-03-05,16,Gym Floor,54,Wednesday,2025-03,Afternoon
CI005282,M0322,2025-03-25,17,CrossFit,31,Tuesday,2025-03,Evening
CI005283,M0322,2025-03-08,10,Gym Floor,57,Saturday,2025-03,Morning
CI005284,M0322,2025-03-01,18,Cardio,46,Saturday,2025-03,Evening
CI005285,M0322,2025-07-09,16,Cardio,67,Wednesday,2025-07,Afternoon
CI005286,M0322,2025-06-11,9,HIIT,64,Wednesday,2025-06,Early Morning
CI005287,M0322,2025-03-17,7,Gym Floor,77,Monday,2025-03,Early Morning
CI005288,M0322,2025-05-03,6,Gym Floor,66,Saturday,2025-05,Early Morning
CI005289,M0322,2025-05-21,7,Gym Floor,51,Wednesday,2025-05,Early Morning
CI005290,M0322,2025-06-29,7,Gym Floor,46,Sunday,2025-06,Early Morning
CI005291,M0322,2025-05-13,18,Gym Floor,64,Tuesday,2025-05,Evening
CI005292,M0322,2025-05-05,20,Gym Floor,41,Monday,2025-05,Night
CI005293,M0322,2025-08-31,7,Zumba,44,Sunday,2025-08,Early Morning
CI005294,M0322,2025-05-12,18,Strength Training,60,Monday,2025-05,Evening
CI005295,M0322,2025-03-15,10,Gym Floor,43,Saturday,2025-03,Morning
CI005296,M0322,2025-08-01,18,Gym Floor,49,Friday,2025-08,Evening
CI005297,M0322,2025-06-23,7,Gym Floor,35,Monday,2025-06,Early Morning
CI005298,M0322,2025-06-09,19,Gym Floor,60,Monday,2025-06,Evening
CI005299,M0322,2025-06-03,18,Gym Floor,55,Tuesday,2025-06,Evening
CI005300,M0322,2025-08-04,19,Spin,45,Monday,2025-08,Evening
CI005301,M0322,2025-04-15,11,Cardio,95,Tuesday,2025-04,Morning
CI005302,M0322,2025-04-24,8,Spin,78,Thursday,2025-04,Early Morning
CI005303,M0322,2025-08-17,19,Spin,61,Sunday,2025-08,Evening
CI005304,M0322,2025-07-05,11,HIIT,39,Saturday,2025-07,Morning
CI005305,M0323,2025-05-26,7,HIIT,49,Monday,2025-05,Early Morning
CI005306,M0323,2025-05-24,20,Gym Floor,68,Saturday,2025-05,Night
CI005307,M0323,2025-08-25,7,CrossFit,93,Monday,2025-08,Early Morning
CI005308,M0323,2025-03-24,10,Gym Floor,34,Monday,2025-03,Morning
CI005309,M0323,2025-04-24,8,Gym Floor,29,Thursday,2025-04,Early Morning
CI005310,M0323,2025-04-28,11,Pilates,61,Monday,2025-04,Morning
CI005311,M0323,2025-03-18,8,Gym Floor,86,Tuesday,2025-03,Early Morning
CI005312,M0323,2025-03-20,12,Yoga,77,Thursday,2025-03,Morning
CI005313,M0323,2025-03-30,6,Gym Floor,42,Sunday,2025-03,Early Morning
CI005314,M0323,2025-05-03,20,Pilates,52,Saturday,2025-05,Night
CI005315,M0323,2025-07-16,16,Gym Floor,51,Wednesday,2025-07,Afternoon
CI005316,M0323,2025-04-26,17,Strength Training,87,Saturday,2025-04,Evening
CI005317,M0323,2025-04-06,17,Gym Floor,58,Sunday,2025-04,Evening
CI005318,M0323,2025-05-01,6,Gym Floor,53,Thursday,2025-05,Early Morning
CI005319,M0323,2025-04-09,18,Yoga,55,Wednesday,2025-04,Evening
CI005320,M0323,2025-05-01,18,Zumba,82,Thursday,2025-05,Evening
CI005321,M0323,2025-03-23,17,Gym Floor,29,Sunday,2025-03,Evening
CI005322,M0323,2025-04-11,19,HIIT,42,Friday,2025-04,Evening
CI005323,M0323,2025-06-20,20,Cardio,50,Friday,2025-06,Night
CI005324,M0323,2025-08-15,20,Gym Floor,28,Friday,2025-08,Night
CI005325,M0323,2025-03-09,9,CrossFit,58,Sunday,2025-03,Early Morning
CI005326,M0323,2025-04-05,19,Gym Floor,20,Saturday,2025-04,Evening
CI005327,M0324,2025-05-07,18,Gym Floor,56,Wednesday,2025-05,Evening
CI005328,M0324,2025-06-20,18,Strength Training,71,Friday,2025-06,Evening
CI005329,M0324,2025-08-05,20,Pilates,64,Tuesday,2025-08,Night
CI005330,M0324,2025-07-17,17,Gym Floor,59,Thursday,2025-07,Evening
CI005331,M0324,2025-08-09,19,Gym Floor,57,Saturday,2025-08,Evening
CI005332,M0324,2025-08-27,18,Yoga,89,Wednesday,2025-08,Evening
CI005333,M0324,2025-04-21,8,Zumba,53,Monday,2025-04,Early Morning
CI005334,M0324,2025-08-17,17,Zumba,20,Sunday,2025-08,Evening
CI005335,M0324,2025-04-12,17,Strength Training,51,Saturday,2025-04,Evening
CI005336,M0324,2025-07-10,9,Zumba,62,Thursday,2025-07,Early Morning
CI005337,M0324,2025-07-04,20,HIIT,43,Friday,2025-07,Night
CI005338,M0324,2025-08-13,8,Gym Floor,21,Wednesday,2025-08,Early Morning
CI005339,M0324,2025-08-26,17,Zumba,40,Tuesday,2025-08,Evening
CI005340,M0324,2025-08-28,16,HIIT,73,Thursday,2025-08,Afternoon
CI005341,M0324,2025-08-30,16,Cardio,40,Saturday,2025-08,Afternoon
CI005342,M0324,2025-06-26,16,Gym Floor,55,Thursday,2025-06,Afternoon
CI005343,M0324,2025-03-18,6,Yoga,34,Tuesday,2025-03,Early Morning
CI005344,M0324,2025-08-19,12,Gym Floor,74,Tuesday,2025-08,Morning
CI005345,M0324,2025-05-24,17,Spin,28,Saturday,2025-05,Evening
CI005346,M0324,2025-08-02,18,Gym Floor,45,Saturday,2025-08,Evening
CI005347,M0324,2025-08-16,18,CrossFit,22,Saturday,2025-08,Evening
CI005348,M0324,2025-03-27,10,Zumba,33,Thursday,2025-03,Morning
CI005349,M0325,2025-08-25,8,Gym Floor,50,Monday,2025-08,Early Morning
CI005350,M0325,2025-05-29,8,Spin,68,Thursday,2025-05,Early Morning
CI005351,M0325,2025-04-01,19,Gym Floor,33,Tuesday,2025-04,Evening
CI005352,M0325,2025-03-23,9,Yoga,35,Sunday,2025-03,Early Morning
CI005353,M0325,2025-03-26,8,Gym Floor,38,Wednesday,2025-03,Early Morning
CI005354,M0325,2025-05-21,7,Gym Floor,62,Wednesday,2025-05,Early Morning
CI005355,M0325,2025-08-20,19,Gym Floor,49,Wednesday,2025-08,Evening
CI005356,M0325,2025-08-30,18,CrossFit,60,Saturday,2025-08,Evening
CI005357,M0325,2025-07-01,19,Gym Floor,48,Tuesday,2025-07,Evening
CI005358,M0325,2025-08-17,7,HIIT,74,Sunday,2025-08,Early Morning
CI005359,M0325,2025-04-12,17,Spin,44,Saturday,2025-04,Evening
CI005360,M0325,2025-03-29,18,Strength Training,79,Saturday,2025-03,Evening
CI005361,M0325,2025-08-10,17,HIIT,48,Sunday,2025-08,Evening
CI005362,M0325,2025-08-08,19,Gym Floor,61,Friday,2025-08,Evening
CI005363,M0325,2025-04-01,17,HIIT,83,Tuesday,2025-04,Evening
CI005364,M0325,2025-05-15,19,Gym Floor,58,Thursday,2025-05,Evening
CI005365,M0325,2025-08-22,8,HIIT,79,Friday,2025-08,Early Morning
CI005366,M0325,2025-08-23,7,Cardio,39,Saturday,2025-08,Early Morning
CI005367,M0325,2025-05-22,20,Zumba,20,Thursday,2025-05,Night
CI005368,M0325,2025-04-12,10,Spin,30,Saturday,2025-04,Morning
CI005369,M0325,2025-03-02,18,Pilates,53,Sunday,2025-03,Evening
CI005370,M0325,2025-08-07,17,Pilates,58,Thursday,2025-08,Evening
CI005371,M0325,2025-08-28,19,Pilates,57,Thursday,2025-08,Evening
CI005372,M0325,2025-05-21,19,Gym Floor,67,Wednesday,2025-05,Evening
CI005373,M0325,2025-05-15,12,Gym Floor,58,Thursday,2025-05,Morning
CI005374,M0325,2025-06-01,11,Gym Floor,68,Sunday,2025-06,Morning
CI005375,M0325,2025-06-04,17,Gym Floor,71,Wednesday,2025-06,Evening
CI005376,M0325,2025-08-04,18,Gym Floor,64,Monday,2025-08,Evening
CI005377,M0325,2025-08-17,18,Spin,45,Sunday,2025-08,Evening
CI005378,M0325,2025-07-18,20,Yoga,42,Friday,2025-07,Night
CI005379,M0325,2025-03-24,8,Zumba,64,Monday,2025-03,Early Morning
CI005380,M0325,2025-04-26,7,Gym Floor,61,Saturday,2025-04,Early Morning
CI005381,M0325,2025-08-12,17,Gym Floor,37,Tuesday,2025-08,Evening
CI005382,M0325,2025-05-08,17,Strength Training,46,Thursday,2025-05,Evening
CI005383,M0325,2025-07-21,7,Gym Floor,58,Monday,2025-07,Early Morning
CI005384,M0325,2025-08-20,7,CrossFit,61,Wednesday,2025-08,Early Morning
CI005385,M0325,2025-05-09,12,Gym Floor,62,Friday,2025-05,Morning
CI005386,M0325,2025-05-14,7,Gym Floor,66,Wednesday,2025-05,Early Morning
CI005387,M0325,2025-08-21,11,CrossFit,79,Thursday,2025-08,Morning
CI005388,M0325,2025-08-29,20,Pilates,37,Friday,2025-08,Night
CI005389,M0325,2025-05-03,7,Gym Floor,86,Saturday,2025-05,Early Morning
CI005390,M0325,2025-03-24,18,Gym Floor,73,Monday,2025-03,Evening
CI005391,M0325,2025-07-31,12,HIIT,66,Thursday,2025-07,Morning
CI005392,M0326,2025-04-25,7,Gym Floor,86,Friday,2025-04,Early Morning
CI005393,M0326,2025-04-05,20,Gym Floor,37,Saturday,2025-04,Night
CI005394,M0326,2025-06-01,12,Pilates,58,Sunday,2025-06,Morning
CI005395,M0326,2025-03-08,17,Cardio,32,Saturday,2025-03,Evening
CI005396,M0326,2025-08-19,8,Gym Floor,55,Tuesday,2025-08,Early Morning
CI005397,M0326,2025-05-22,11,Gym Floor,48,Thursday,2025-05,Morning
CI005398,M0326,2025-06-27,16,Gym Floor,31,Friday,2025-06,Afternoon
CI005399,M0326,2025-07-14,19,Cardio,44,Monday,2025-07,Evening
CI005400,M0326,2025-06-10,19,Gym Floor,49,Tuesday,2025-06,Evening
CI005401,M0326,2025-07-13,18,Pilates,48,Sunday,2025-07,Evening
CI005402,M0326,2025-04-13,19,Cardio,47,Sunday,2025-04,Evening
CI005403,M0326,2025-08-04,19,Cardio,89,Monday,2025-08,Evening
CI005404,M0326,2025-05-26,11,CrossFit,75,Monday,2025-05,Morning
CI005405,M0326,2025-04-11,16,Cardio,66,Friday,2025-04,Afternoon
CI005406,M0326,2025-05-05,18,Gym Floor,37,Monday,2025-05,Evening
CI005407,M0326,2025-05-17,8,Spin,56,Saturday,2025-05,Early Morning
CI005408,M0326,2025-07-14,17,Gym Floor,72,Monday,2025-07,Evening
CI005409,M0326,2025-04-21,19,Spin,65,Monday,2025-04,Evening
CI005410,M0326,2025-05-12,7,Gym Floor,35,Monday,2025-05,Early Morning
CI005411,M0326,2025-07-18,6,Gym Floor,56,Friday,2025-07,Early Morning
CI005412,M0326,2025-08-28,17,Gym Floor,60,Thursday,2025-08,Evening
CI005413,M0326,2025-07-16,10,HIIT,20,Wednesday,2025-07,Morning
CI005414,M0326,2025-06-10,9,Gym Floor,52,Tuesday,2025-06,Early Morning
CI005415,M0326,2025-04-01,8,Gym Floor,87,Tuesday,2025-04,Early Morning
CI005416,M0326,2025-03-30,6,Pilates,59,Sunday,2025-03,Early Morning
CI005417,M0326,2025-04-02,17,Cardio,20,Wednesday,2025-04,Evening
CI005418,M0326,2025-06-04,18,Gym Floor,45,Wednesday,2025-06,Evening
CI005419,M0326,2025-06-10,18,Gym Floor,70,Tuesday,2025-06,Evening
CI005420,M0326,2025-04-30,9,Gym Floor,47,Wednesday,2025-04,Early Morning
CI005421,M0326,2025-06-18,11,Gym Floor,33,Wednesday,2025-06,Morning
CI005422,M0326,2025-03-10,17,Zumba,74,Monday,2025-03,Evening
CI005423,M0326,2025-08-14,8,Gym Floor,69,Thursday,2025-08,Early Morning
CI005424,M0326,2025-03-22,19,Strength Training,62,Saturday,2025-03,Evening
CI005425,M0326,2025-08-07,9,Cardio,37,Thursday,2025-08,Early Morning
CI005426,M0326,2025-05-10,10,Cardio,45,Saturday,2025-05,Morning
CI005427,M0326,2025-03-26,20,Zumba,67,Wednesday,2025-03,Night
CI005428,M0326,2025-03-31,18,Gym Floor,40,Monday,2025-03,Evening
CI005429,M0326,2025-06-19,17,Spin,60,Thursday,2025-06,Evening
CI005430,M0327,2025-05-15,12,Gym Floor,58,Thursday,2025-05,Morning
CI005431,M0327,2025-05-06,21,Strength Training,43,Tuesday,2025-05,Night
CI005432,M0327,2025-08-19,10,Gym Floor,68,Tuesday,2025-08,Morning
CI005433,M0328,2025-06-02,19,Gym Floor,39,Monday,2025-06,Evening
CI005434,M0328,2025-08-05,17,HIIT,71,Tuesday,2025-08,Evening
CI005435,M0328,2025-05-10,6,Gym Floor,84,Saturday,2025-05,Early Morning
CI005436,M0328,2025-04-10,6,Pilates,42,Thursday,2025-04,Early Morning
CI005437,M0328,2025-04-22,7,Gym Floor,52,Tuesday,2025-04,Early Morning
CI005438,M0328,2025-08-31,18,Yoga,26,Sunday,2025-08,Evening
CI005439,M0328,2025-06-10,8,CrossFit,59,Tuesday,2025-06,Early Morning
CI005440,M0328,2025-07-26,8,Spin,45,Saturday,2025-07,Early Morning
CI005441,M0328,2025-08-07,19,Pilates,24,Thursday,2025-08,Evening
CI005442,M0328,2025-04-25,19,Gym Floor,72,Friday,2025-04,Evening
CI005443,M0328,2025-05-07,16,Gym Floor,41,Wednesday,2025-05,Afternoon
CI005444,M0328,2025-06-03,9,Gym Floor,55,Tuesday,2025-06,Early Morning
CI005445,M0328,2025-04-05,17,CrossFit,34,Saturday,2025-04,Evening
CI005446,M0328,2025-07-18,7,Gym Floor,65,Friday,2025-07,Early Morning
CI005447,M0328,2025-07-02,19,Gym Floor,57,Wednesday,2025-07,Evening
CI005448,M0328,2025-04-23,6,Gym Floor,33,Wednesday,2025-04,Early Morning
CI005449,M0328,2025-06-03,10,Spin,20,Tuesday,2025-06,Morning
CI005450,M0328,2025-07-06,7,Gym Floor,35,Sunday,2025-07,Early Morning
CI005451,M0328,2025-06-17,11,HIIT,81,Tuesday,2025-06,Morning
CI005452,M0328,2025-03-21,18,Gym Floor,40,Friday,2025-03,Evening
CI005453,M0329,2025-05-26,20,Gym Floor,69,Monday,2025-05,Night
CI005454,M0329,2025-03-10,12,Gym Floor,63,Monday,2025-03,Morning
CI005455,M0329,2025-06-26,16,CrossFit,52,Thursday,2025-06,Afternoon
CI005456,M0329,2025-04-30,7,Strength Training,54,Wednesday,2025-04,Early Morning
CI005457,M0329,2025-04-17,10,Pilates,59,Thursday,2025-04,Morning
CI005458,M0329,2025-08-27,17,Pilates,58,Wednesday,2025-08,Evening
CI005459,M0329,2025-08-27,6,Yoga,93,Wednesday,2025-08,Early Morning
CI005460,M0329,2025-05-05,18,HIIT,52,Monday,2025-05,Evening
CI005461,M0330,2025-03-08,18,Spin,46,Saturday,2025-03,Evening
CI005462,M0330,2025-05-12,7,Gym Floor,21,Monday,2025-05,Early Morning
CI005463,M0330,2025-05-05,7,Zumba,55,Monday,2025-05,Early Morning
CI005464,M0330,2025-03-01,16,Gym Floor,69,Saturday,2025-03,Afternoon
CI005465,M0330,2025-05-30,18,Gym Floor,36,Friday,2025-05,Evening
CI005466,M0330,2025-08-31,7,Gym Floor,41,Sunday,2025-08,Early Morning
CI005467,M0330,2025-08-06,20,Yoga,46,Wednesday,2025-08,Night
CI005468,M0330,2025-07-18,9,Zumba,65,Friday,2025-07,Early Morning
CI005469,M0330,2025-07-21,18,Gym Floor,77,Monday,2025-07,Evening
CI005470,M0330,2025-08-08,18,Gym Floor,30,Friday,2025-08,Evening
CI005471,M0330,2025-04-28,7,Gym Floor,73,Monday,2025-04,Early Morning
CI005472,M0330,2025-08-14,7,HIIT,45,Thursday,2025-08,Early Morning
CI005473,M0330,2025-06-21,16,Gym Floor,75,Saturday,2025-06,Afternoon
CI005474,M0330,2025-07-31,16,Gym Floor,59,Thursday,2025-07,Afternoon
CI005475,M0331,2025-06-29,8,Gym Floor,42,Sunday,2025-06,Early Morning
CI005476,M0331,2025-03-10,19,Gym Floor,49,Monday,2025-03,Evening
CI005477,M0331,2025-08-04,16,Strength Training,87,Monday,2025-08,Afternoon
CI005478,M0332,2025-05-28,8,Gym Floor,31,Wednesday,2025-05,Early Morning
CI005479,M0332,2025-03-12,9,Pilates,39,Wednesday,2025-03,Early Morning
CI005480,M0332,2025-06-05,16,Cardio,66,Thursday,2025-06,Afternoon
CI005481,M0332,2025-08-05,7,Gym Floor,60,Tuesday,2025-08,Early Morning
CI005482,M0332,2025-06-29,10,Cardio,47,Sunday,2025-06,Morning
CI005483,M0332,2025-03-06,17,Gym Floor,46,Thursday,2025-03,Evening
CI005484,M0332,2025-06-10,17,Gym Floor,67,Tuesday,2025-06,Evening
CI005485,M0332,2025-08-04,16,Strength Training,53,Monday,2025-08,Afternoon
CI005486,M0332,2025-07-27,6,Gym Floor,36,Sunday,2025-07,Early Morning
CI005487,M0332,2025-04-27,19,CrossFit,21,Sunday,2025-04,Evening
CI005488,M0332,2025-08-08,17,Gym Floor,50,Friday,2025-08,Evening
CI005489,M0333,2025-08-03,8,Spin,59,Sunday,2025-08,Early Morning
CI005490,M0333,2025-08-17,10,Spin,40,Sunday,2025-08,Morning
CI005491,M0333,2025-03-25,8,HIIT,20,Tuesday,2025-03,Early Morning
CI005492,M0333,2025-03-14,12,Strength Training,72,Friday,2025-03,Morning
CI005493,M0333,2025-08-18,21,Gym Floor,95,Monday,2025-08,Night
CI005494,M0333,2025-05-21,16,Gym Floor,63,Wednesday,2025-05,Afternoon
CI005495,M0333,2025-06-01,11,HIIT,76,Sunday,2025-06,Morning
CI005496,M0333,2025-07-11,10,Spin,71,Friday,2025-07,Morning
CI005497,M0333,2025-03-11,19,Zumba,78,Tuesday,2025-03,Evening
CI005498,M0333,2025-04-28,6,Gym Floor,47,Monday,2025-04,Early Morning
CI005499,M0333,2025-08-26,20,Zumba,87,Tuesday,2025-08,Night
CI005500,M0333,2025-08-14,18,Gym Floor,41,Thursday,2025-08,Evening
CI005501,M0333,2025-08-03,6,Gym Floor,64,Sunday,2025-08,Early Morning
CI005502,M0333,2025-06-28,17,Gym Floor,57,Saturday,2025-06,Evening
CI005503,M0333,2025-05-04,18,Gym Floor,74,Sunday,2025-05,Evening
CI005504,M0333,2025-08-19,17,Cardio,20,Tuesday,2025-08,Evening
CI005505,M0333,2025-08-26,9,Spin,43,Tuesday,2025-08,Early Morning
CI005506,M0333,2025-08-10,19,Gym Floor,69,Sunday,2025-08,Evening
CI005507,M0333,2025-07-28,19,Gym Floor,44,Monday,2025-07,Evening
CI005508,M0333,2025-07-05,17,Zumba,38,Saturday,2025-07,Evening
CI005509,M0333,2025-04-05,19,Cardio,55,Saturday,2025-04,Evening
CI005510,M0333,2025-04-27,20,Gym Floor,64,Sunday,2025-04,Night
CI005511,M0333,2025-05-15,18,Gym Floor,56,Thursday,2025-05,Evening
CI005512,M0334,2025-07-29,16,Spin,47,Tuesday,2025-07,Afternoon
CI005513,M0334,2025-05-07,9,Strength Training,67,Wednesday,2025-05,Early Morning
CI005514,M0334,2025-08-18,18,Strength Training,53,Monday,2025-08,Evening
CI005515,M0334,2025-03-24,20,Strength Training,56,Monday,2025-03,Night
CI005516,M0334,2025-04-27,18,Pilates,63,Sunday,2025-04,Evening
CI005517,M0334,2025-04-21,10,CrossFit,45,Monday,2025-04,Morning
CI005518,M0334,2025-06-05,20,Gym Floor,50,Thursday,2025-06,Night
CI005519,M0334,2025-08-21,7,HIIT,76,Thursday,2025-08,Early Morning
CI005520,M0334,2025-04-27,6,Zumba,71,Sunday,2025-04,Early Morning
CI005521,M0334,2025-07-09,18,CrossFit,35,Wednesday,2025-07,Evening
CI005522,M0334,2025-04-22,9,Strength Training,71,Tuesday,2025-04,Early Morning
CI005523,M0334,2025-05-21,17,Gym Floor,29,Wednesday,2025-05,Evening
CI005524,M0334,2025-07-27,8,CrossFit,32,Sunday,2025-07,Early Morning
CI005525,M0334,2025-03-13,6,CrossFit,45,Thursday,2025-03,Early Morning
CI005526,M0335,2025-08-30,19,Gym Floor,42,Saturday,2025-08,Evening
CI005527,M0335,2025-04-09,18,Cardio,87,Wednesday,2025-04,Evening
CI005528,M0335,2025-07-29,21,Zumba,28,Tuesday,2025-07,Night
CI005529,M0335,2025-04-11,8,Gym Floor,35,Friday,2025-04,Early Morning
CI005530,M0335,2025-08-16,16,Gym Floor,31,Saturday,2025-08,Afternoon
CI005531,M0335,2025-08-03,17,HIIT,51,Sunday,2025-08,Evening
CI005532,M0335,2025-05-03,7,Pilates,30,Saturday,2025-05,Early Morning
CI005533,M0335,2025-06-05,7,Pilates,51,Thursday,2025-06,Early Morning
CI005534,M0335,2025-05-10,8,Cardio,59,Saturday,2025-05,Early Morning
CI005535,M0335,2025-05-15,7,Yoga,73,Thursday,2025-05,Early Morning
CI005536,M0335,2025-07-30,12,Gym Floor,69,Wednesday,2025-07,Morning
CI005537,M0335,2025-05-09,17,Gym Floor,72,Friday,2025-05,Evening
CI005538,M0335,2025-07-14,8,CrossFit,41,Monday,2025-07,Early Morning
CI005539,M0336,2025-04-10,17,Cardio,41,Thursday,2025-04,Evening
CI005540,M0336,2025-05-31,18,Cardio,60,Saturday,2025-05,Evening
CI005541,M0336,2025-06-02,7,CrossFit,41,Monday,2025-06,Early Morning
CI005542,M0336,2025-03-26,19,Cardio,70,Wednesday,2025-03,Evening
CI005543,M0337,2025-06-26,7,Pilates,27,Thursday,2025-06,Early Morning
CI005544,M0337,2025-03-13,16,Gym Floor,43,Thursday,2025-03,Afternoon
CI005545,M0337,2025-04-02,9,Zumba,31,Wednesday,2025-04,Early Morning
CI005546,M0337,2025-07-05,18,Gym Floor,20,Saturday,2025-07,Evening
CI005547,M0337,2025-06-13,20,Gym Floor,38,Friday,2025-06,Night
CI005548,M0337,2025-08-30,6,Pilates,64,Saturday,2025-08,Early Morning
CI005549,M0337,2025-06-29,10,Zumba,87,Sunday,2025-06,Morning
CI005550,M0337,2025-06-16,7,Zumba,65,Monday,2025-06,Early Morning
CI005551,M0337,2025-05-25,8,Gym Floor,39,Sunday,2025-05,Early Morning
CI005552,M0337,2025-03-16,19,Gym Floor,51,Sunday,2025-03,Evening
CI005553,M0337,2025-07-02,20,Gym Floor,75,Wednesday,2025-07,Night
CI005554,M0337,2025-07-09,7,Gym Floor,53,Wednesday,2025-07,Early Morning
CI005555,M0337,2025-07-03,19,Spin,47,Thursday,2025-07,Evening
CI005556,M0337,2025-03-14,18,Strength Training,56,Friday,2025-03,Evening
CI005557,M0337,2025-07-03,19,Gym Floor,44,Thursday,2025-07,Evening
CI005558,M0337,2025-03-06,19,Spin,66,Thursday,2025-03,Evening
CI005559,M0337,2025-03-30,12,Zumba,69,Sunday,2025-03,Morning
CI005560,M0337,2025-05-07,19,Pilates,44,Wednesday,2025-05,Evening
CI005561,M0337,2025-05-02,8,Gym Floor,39,Friday,2025-05,Early Morning
CI005562,M0337,2025-03-27,17,Yoga,60,Thursday,2025-03,Evening
CI005563,M0337,2025-08-28,18,Cardio,33,Thursday,2025-08,Evening
CI005564,M0337,2025-04-12,6,Gym Floor,68,Saturday,2025-04,Early Morning
CI005565,M0337,2025-07-08,18,HIIT,71,Tuesday,2025-07,Evening
CI005566,M0337,2025-04-30,7,Gym Floor,47,Wednesday,2025-04,Early Morning
CI005567,M0337,2025-06-27,17,CrossFit,29,Friday,2025-06,Evening
CI005568,M0337,2025-07-02,6,Cardio,79,Wednesday,2025-07,Early Morning
CI005569,M0337,2025-03-10,11,Gym Floor,24,Monday,2025-03,Morning
CI005570,M0337,2025-04-28,19,Cardio,104,Monday,2025-04,Evening
CI005571,M0337,2025-04-19,18,Gym Floor,64,Saturday,2025-04,Evening
CI005572,M0337,2025-05-13,11,Yoga,30,Tuesday,2025-05,Morning
CI005573,M0337,2025-06-25,19,Gym Floor,75,Wednesday,2025-06,Evening
CI005574,M0337,2025-08-15,19,Gym Floor,47,Friday,2025-08,Evening
CI005575,M0337,2025-08-11,19,CrossFit,25,Monday,2025-08,Evening
CI005576,M0338,2025-06-08,6,Gym Floor,66,Sunday,2025-06,Early Morning
CI005577,M0338,2025-07-27,6,Gym Floor,89,Sunday,2025-07,Early Morning
CI005578,M0338,2025-06-11,19,Gym Floor,99,Wednesday,2025-06,Evening
CI005579,M0338,2025-05-20,7,Cardio,40,Tuesday,2025-05,Early Morning
CI005580,M0338,2025-03-15,6,Strength Training,57,Saturday,2025-03,Early Morning
CI005581,M0338,2025-06-01,10,Gym Floor,74,Sunday,2025-06,Morning
CI005582,M0338,2025-08-19,7,Cardio,65,Tuesday,2025-08,Early Morning
CI005583,M0338,2025-04-03,11,Gym Floor,38,Thursday,2025-04,Morning
CI005584,M0338,2025-04-09,16,Zumba,62,Wednesday,2025-04,Afternoon
CI005585,M0338,2025-06-29,10,Pilates,49,Sunday,2025-06,Morning
CI005586,M0338,2025-04-27,17,Cardio,38,Sunday,2025-04,Evening
CI005587,M0338,2025-07-25,8,Gym Floor,64,Friday,2025-07,Early Morning
CI005588,M0338,2025-06-27,8,Strength Training,88,Friday,2025-06,Early Morning
CI005589,M0338,2025-08-14,19,Gym Floor,67,Thursday,2025-08,Evening
CI005590,M0338,2025-04-12,18,Gym Floor,65,Saturday,2025-04,Evening
CI005591,M0338,2025-07-31,17,Yoga,24,Thursday,2025-07,Evening
CI005592,M0338,2025-08-21,18,Gym Floor,44,Thursday,2025-08,Evening
CI005593,M0338,2025-07-21,18,HIIT,56,Monday,2025-07,Evening
CI005594,M0338,2025-04-28,18,HIIT,74,Monday,2025-04,Evening
CI005595,M0338,2025-06-02,6,Gym Floor,78,Monday,2025-06,Early Morning
CI005596,M0338,2025-06-25,16,Gym Floor,30,Wednesday,2025-06,Afternoon
CI005597,M0338,2025-04-09,11,Gym Floor,83,Wednesday,2025-04,Morning
CI005598,M0338,2025-04-18,7,Pilates,47,Friday,2025-04,Early Morning
CI005599,M0338,2025-04-11,9,Gym Floor,30,Friday,2025-04,Early Morning
CI005600,M0338,2025-05-22,7,Spin,47,Thursday,2025-05,Early Morning
CI005601,M0338,2025-08-05,12,Gym Floor,58,Tuesday,2025-08,Morning
CI005602,M0338,2025-07-17,11,Gym Floor,52,Thursday,2025-07,Morning
CI005603,M0338,2025-06-18,19,HIIT,49,Wednesday,2025-06,Evening
CI005604,M0338,2025-07-02,8,Gym Floor,45,Wednesday,2025-07,Early Morning
CI005605,M0338,2025-06-07,18,Gym Floor,43,Saturday,2025-06,Evening
CI005606,M0338,2025-03-21,19,Gym Floor,31,Friday,2025-03,Evening
CI005607,M0338,2025-08-30,17,Pilates,58,Saturday,2025-08,Evening
CI005608,M0338,2025-07-31,10,Gym Floor,71,Thursday,2025-07,Morning
CI005609,M0338,2025-08-21,20,Spin,46,Thursday,2025-08,Night
CI005610,M0338,2025-05-03,9,Gym Floor,47,Saturday,2025-05,Early Morning
CI005611,M0340,2025-03-06,7,Yoga,77,Thursday,2025-03,Early Morning
CI005612,M0340,2025-03-02,17,Gym Floor,20,Sunday,2025-03,Evening
CI005613,M0340,2025-08-28,16,Spin,61,Thursday,2025-08,Afternoon
CI005614,M0340,2025-05-03,10,Pilates,61,Saturday,2025-05,Morning
CI005615,M0341,2025-03-18,17,Gym Floor,72,Tuesday,2025-03,Evening
CI005616,M0341,2025-07-08,20,CrossFit,33,Tuesday,2025-07,Night
CI005617,M0341,2025-08-20,18,Yoga,63,Wednesday,2025-08,Evening
CI005618,M0341,2025-04-15,19,Yoga,68,Tuesday,2025-04,Evening
CI005619,M0341,2025-06-30,9,Gym Floor,64,Monday,2025-06,Early Morning
CI005620,M0341,2025-04-17,6,Gym Floor,46,Thursday,2025-04,Early Morning
CI005621,M0341,2025-08-02,11,HIIT,55,Saturday,2025-08,Morning
CI005622,M0341,2025-05-15,10,Spin,66,Thursday,2025-05,Morning
CI005623,M0341,2025-06-14,19,Zumba,25,Saturday,2025-06,Evening
CI005624,M0341,2025-06-02,6,Cardio,32,Monday,2025-06,Early Morning
CI005625,M0341,2025-06-17,8,Gym Floor,73,Tuesday,2025-06,Early Morning
CI005626,M0341,2025-03-06,10,Gym Floor,62,Thursday,2025-03,Morning
CI005627,M0341,2025-06-13,17,Gym Floor,62,Friday,2025-06,Evening
CI005628,M0341,2025-03-31,18,Cardio,43,Monday,2025-03,Evening
CI005629,M0341,2025-07-26,17,Gym Floor,45,Saturday,2025-07,Evening
CI005630,M0342,2025-04-22,10,CrossFit,23,Tuesday,2025-04,Morning
CI005631,M0342,2025-07-21,6,Gym Floor,46,Monday,2025-07,Early Morning
CI005632,M0342,2025-05-10,18,Gym Floor,41,Saturday,2025-05,Evening
CI005633,M0342,2025-04-10,17,Pilates,70,Thursday,2025-04,Evening
CI005634,M0342,2025-07-02,19,Gym Floor,31,Wednesday,2025-07,Evening
CI005635,M0342,2025-06-11,11,Spin,37,Wednesday,2025-06,Morning
CI005636,M0342,2025-08-22,18,Cardio,64,Friday,2025-08,Evening
CI005637,M0342,2025-07-29,6,CrossFit,62,Tuesday,2025-07,Early Morning
CI005638,M0343,2025-06-06,17,Pilates,63,Friday,2025-06,Evening
CI005639,M0343,2025-08-15,8,Pilates,54,Friday,2025-08,Early Morning
CI005640,M0344,2025-08-20,20,Pilates,83,Wednesday,2025-08,Night
CI005641,M0344,2025-07-07,19,HIIT,63,Monday,2025-07,Evening
CI005642,M0344,2025-03-20,12,Pilates,85,Thursday,2025-03,Morning
CI005643,M0344,2025-06-10,7,Zumba,46,Tuesday,2025-06,Early Morning
CI005644,M0344,2025-08-08,17,Gym Floor,46,Friday,2025-08,Evening
CI005645,M0344,2025-06-19,19,Strength Training,48,Thursday,2025-06,Evening
CI005646,M0344,2025-03-31,18,Gym Floor,88,Monday,2025-03,Evening
CI005647,M0344,2025-05-20,19,Spin,55,Tuesday,2025-05,Evening
CI005648,M0344,2025-07-04,19,Cardio,54,Friday,2025-07,Evening
CI005649,M0344,2025-03-04,17,Gym Floor,58,Tuesday,2025-03,Evening
CI005650,M0344,2025-03-08,8,Gym Floor,53,Saturday,2025-03,Early Morning
CI005651,M0344,2025-03-19,19,Pilates,22,Wednesday,2025-03,Evening
CI005652,M0344,2025-03-29,8,Spin,69,Saturday,2025-03,Early Morning
CI005653,M0344,2025-05-15,19,Gym Floor,49,Thursday,2025-05,Evening
CI005654,M0344,2025-08-17,17,Gym Floor,54,Sunday,2025-08,Evening
CI005655,M0344,2025-08-28,19,Gym Floor,48,Thursday,2025-08,Evening
CI005656,M0345,2025-07-09,8,Strength Training,56,Wednesday,2025-07,Early Morning
CI005657,M0345,2025-07-23,8,Cardio,64,Wednesday,2025-07,Early Morning
CI005658,M0345,2025-06-28,10,Yoga,60,Saturday,2025-06,Morning
CI005659,M0345,2025-04-20,19,CrossFit,74,Sunday,2025-04,Evening
CI005660,M0345,2025-05-02,16,Yoga,46,Friday,2025-05,Afternoon
CI005661,M0345,2025-08-04,18,CrossFit,20,Monday,2025-08,Evening
CI005662,M0345,2025-08-31,12,Gym Floor,53,Sunday,2025-08,Morning
CI005663,M0345,2025-05-28,20,Cardio,64,Wednesday,2025-05,Night
CI005664,M0345,2025-03-23,16,Gym Floor,92,Sunday,2025-03,Afternoon
CI005665,M0345,2025-08-31,11,Spin,92,Sunday,2025-08,Morning
CI005666,M0345,2025-06-01,8,Zumba,40,Sunday,2025-06,Early Morning
CI005667,M0345,2025-06-25,17,HIIT,74,Wednesday,2025-06,Evening
CI005668,M0345,2025-04-15,7,CrossFit,20,Tuesday,2025-04,Early Morning
CI005669,M0345,2025-07-31,12,Gym Floor,93,Thursday,2025-07,Morning
CI005670,M0345,2025-04-02,8,Cardio,73,Wednesday,2025-04,Early Morning
CI005671,M0345,2025-05-26,10,Gym Floor,76,Monday,2025-05,Morning
CI005672,M0345,2025-04-05,8,Gym Floor,58,Saturday,2025-04,Early Morning
CI005673,M0345,2025-03-03,9,Pilates,52,Monday,2025-03,Early Morning
CI005674,M0345,2025-03-01,18,Strength Training,36,Saturday,2025-03,Evening
CI005675,M0345,2025-07-11,10,Spin,53,Friday,2025-07,Morning
CI005676,M0345,2025-07-28,16,Gym Floor,65,Monday,2025-07,Afternoon
CI005677,M0345,2025-05-07,12,Zumba,50,Wednesday,2025-05,Morning
CI005678,M0345,2025-03-06,9,Strength Training,50,Thursday,2025-03,Early Morning
CI005679,M0345,2025-05-27,18,Gym Floor,58,Tuesday,2025-05,Evening
CI005680,M0345,2025-07-31,10,Gym Floor,74,Thursday,2025-07,Morning
CI005681,M0345,2025-03-14,6,Zumba,77,Friday,2025-03,Early Morning
CI005682,M0345,2025-05-09,7,Spin,28,Friday,2025-05,Early Morning
CI005683,M0345,2025-04-29,18,Pilates,74,Tuesday,2025-04,Evening
CI005684,M0346,2025-04-11,9,CrossFit,43,Friday,2025-04,Early Morning
CI005685,M0346,2025-08-13,20,Spin,79,Wednesday,2025-08,Night
CI005686,M0346,2025-06-17,19,Gym Floor,90,Tuesday,2025-06,Evening
CI005687,M0346,2025-06-07,16,Pilates,73,Saturday,2025-06,Afternoon
CI005688,M0346,2025-04-18,11,Gym Floor,63,Friday,2025-04,Morning
CI005689,M0346,2025-07-30,18,Gym Floor,53,Wednesday,2025-07,Evening
CI005690,M0346,2025-04-10,20,CrossFit,57,Thursday,2025-04,Night
CI005691,M0346,2025-05-23,11,Pilates,37,Friday,2025-05,Morning
CI005692,M0346,2025-03-17,9,Gym Floor,27,Monday,2025-03,Early Morning
CI005693,M0346,2025-03-26,16,Gym Floor,49,Wednesday,2025-03,Afternoon
CI005694,M0346,2025-03-20,17,Cardio,49,Thursday,2025-03,Evening
CI005695,M0346,2025-05-21,7,Gym Floor,76,Wednesday,2025-05,Early Morning
CI005696,M0346,2025-07-13,16,Gym Floor,32,Sunday,2025-07,Afternoon
CI005697,M0346,2025-03-29,12,Zumba,32,Saturday,2025-03,Morning
CI005698,M0346,2025-06-16,19,Strength Training,62,Monday,2025-06,Evening
CI005699,M0346,2025-07-26,7,Pilates,91,Saturday,2025-07,Early Morning
CI005700,M0346,2025-05-10,18,Yoga,48,Saturday,2025-05,Evening
CI005701,M0346,2025-03-30,8,Gym Floor,39,Sunday,2025-03,Early Morning
CI005702,M0346,2025-04-30,19,CrossFit,30,Wednesday,2025-04,Evening
CI005703,M0346,2025-03-15,18,Gym Floor,45,Saturday,2025-03,Evening
CI005704,M0346,2025-04-15,7,HIIT,64,Tuesday,2025-04,Early Morning
CI005705,M0346,2025-03-03,18,HIIT,83,Monday,2025-03,Evening
CI005706,M0346,2025-04-12,8,HIIT,49,Saturday,2025-04,Early Morning
CI005707,M0346,2025-07-30,12,Cardio,47,Wednesday,2025-07,Morning
CI005708,M0348,2025-07-30,18,Gym Floor,41,Wednesday,2025-07,Evening
CI005709,M0348,2025-03-27,11,Pilates,55,Thursday,2025-03,Morning
CI005710,M0348,2025-06-14,18,Cardio,20,Saturday,2025-06,Evening
CI005711,M0348,2025-03-07,17,Gym Floor,33,Friday,2025-03,Evening
CI005712,M0348,2025-08-03,11,HIIT,59,Sunday,2025-08,Morning
CI005713,M0348,2025-07-05,16,Pilates,79,Saturday,2025-07,Afternoon
CI005714,M0348,2025-05-25,9,Yoga,35,Sunday,2025-05,Early Morning
CI005715,M0348,2025-06-24,10,Gym Floor,67,Tuesday,2025-06,Morning
CI005716,M0348,2025-04-10,7,Pilates,37,Thursday,2025-04,Early Morning
CI005717,M0348,2025-05-25,6,Zumba,64,Sunday,2025-05,Early Morning
CI005718,M0348,2025-03-29,18,Strength Training,84,Saturday,2025-03,Evening
CI005719,M0348,2025-08-27,6,Gym Floor,61,Wednesday,2025-08,Early Morning
CI005720,M0348,2025-06-25,18,HIIT,46,Wednesday,2025-06,Evening
CI005721,M0349,2025-05-12,8,Yoga,39,Monday,2025-05,Early Morning
CI005722,M0349,2025-04-24,17,Gym Floor,56,Thursday,2025-04,Evening
CI005723,M0349,2025-03-15,6,Cardio,58,Saturday,2025-03,Early Morning
CI005724,M0349,2025-05-23,19,Gym Floor,44,Friday,2025-05,Evening
CI005725,M0349,2025-07-07,9,HIIT,38,Monday,2025-07,Early Morning
CI005726,M0349,2025-03-14,8,HIIT,60,Friday,2025-03,Early Morning
CI005727,M0349,2025-07-01,10,Gym Floor,67,Tuesday,2025-07,Morning
CI005728,M0349,2025-06-03,18,Gym Floor,31,Tuesday,2025-06,Evening
CI005729,M0349,2025-06-23,17,Gym Floor,80,Monday,2025-06,Evening
CI005730,M0349,2025-08-15,17,Zumba,31,Friday,2025-08,Evening
CI005731,M0349,2025-06-25,10,HIIT,47,Wednesday,2025-06,Morning
CI005732,M0349,2025-07-01,18,Gym Floor,60,Tuesday,2025-07,Evening
CI005733,M0349,2025-06-22,7,Spin,33,Sunday,2025-06,Early Morning
CI005734,M0349,2025-06-23,9,Gym Floor,79,Monday,2025-06,Early Morning
CI005735,M0349,2025-04-05,10,Zumba,63,Saturday,2025-04,Morning
CI005736,M0349,2025-08-19,19,Gym Floor,66,Tuesday,2025-08,Evening
CI005737,M0349,2025-05-29,6,CrossFit,40,Thursday,2025-05,Early Morning
CI005738,M0349,2025-08-22,17,Gym Floor,66,Friday,2025-08,Evening
CI005739,M0349,2025-07-12,18,Cardio,36,Saturday,2025-07,Evening
CI005740,M0349,2025-07-11,8,Pilates,64,Friday,2025-07,Early Morning
CI005741,M0349,2025-07-13,20,Spin,53,Sunday,2025-07,Night
CI005742,M0349,2025-04-01,6,HIIT,44,Tuesday,2025-04,Early Morning
CI005743,M0349,2025-04-22,19,Spin,27,Tuesday,2025-04,Evening
CI005744,M0349,2025-04-10,20,Zumba,40,Thursday,2025-04,Night
CI005745,M0349,2025-07-17,19,Gym Floor,94,Thursday,2025-07,Evening
CI005746,M0349,2025-03-25,18,Zumba,81,Tuesday,2025-03,Evening
CI005747,M0350,2025-03-17,18,Gym Floor,36,Monday,2025-03,Evening
CI005748,M0350,2025-08-15,18,Spin,78,Friday,2025-08,Evening
CI005749,M0350,2025-03-28,16,HIIT,31,Friday,2025-03,Afternoon
CI005750,M0350,2025-04-21,16,Pilates,53,Monday,2025-04,Afternoon
CI005751,M0350,2025-03-01,21,Pilates,92,Saturday,2025-03,Night
CI005752,M0350,2025-05-30,19,Gym Floor,83,Friday,2025-05,Evening
CI005753,M0350,2025-04-22,11,Gym Floor,35,Tuesday,2025-04,Morning
CI005754,M0351,2025-03-29,19,Zumba,62,Saturday,2025-03,Evening
CI005755,M0351,2025-04-06,16,Gym Floor,53,Sunday,2025-04,Afternoon
CI005756,M0351,2025-03-12,9,Gym Floor,44,Wednesday,2025-03,Early Morning
CI005757,M0351,2025-04-18,21,Zumba,55,Friday,2025-04,Night
CI005758,M0351,2025-08-01,8,Zumba,50,Friday,2025-08,Early Morning
CI005759,M0351,2025-05-05,6,Gym Floor,49,Monday,2025-05,Early Morning
CI005760,M0351,2025-05-24,9,Gym Floor,32,Saturday,2025-05,Early Morning
CI005761,M0351,2025-03-18,16,HIIT,88,Tuesday,2025-03,Afternoon
CI005762,M0351,2025-06-17,8,Gym Floor,27,Tuesday,2025-06,Early Morning
CI005763,M0351,2025-07-22,7,Gym Floor,35,Tuesday,2025-07,Early Morning
CI005764,M0351,2025-03-09,18,HIIT,80,Sunday,2025-03,Evening
CI005765,M0351,2025-05-27,6,Cardio,56,Tuesday,2025-05,Early Morning
CI005766,M0351,2025-05-25,18,Spin,24,Sunday,2025-05,Evening
CI005767,M0351,2025-08-10,16,Gym Floor,64,Sunday,2025-08,Afternoon
CI005768,M0351,2025-06-26,18,CrossFit,68,Thursday,2025-06,Evening
CI005769,M0351,2025-08-23,7,Pilates,63,Saturday,2025-08,Early Morning
CI005770,M0351,2025-08-08,12,Gym Floor,61,Friday,2025-08,Morning
CI005771,M0351,2025-03-04,16,Pilates,25,Tuesday,2025-03,Afternoon
CI005772,M0351,2025-07-12,19,Gym Floor,43,Saturday,2025-07,Evening
CI005773,M0351,2025-06-18,19,Strength Training,33,Wednesday,2025-06,Evening
CI005774,M0351,2025-05-01,10,Cardio,52,Thursday,2025-05,Morning
CI005775,M0351,2025-07-31,9,Yoga,56,Thursday,2025-07,Early Morning
CI005776,M0351,2025-04-16,16,Yoga,65,Wednesday,2025-04,Afternoon
CI005777,M0351,2025-06-23,16,CrossFit,62,Monday,2025-06,Afternoon
CI005778,M0351,2025-04-06,18,Yoga,67,Sunday,2025-04,Evening
CI005779,M0351,2025-04-07,20,Gym Floor,33,Monday,2025-04,Night
CI005780,M0351,2025-06-27,11,Strength Training,78,Friday,2025-06,Morning
CI005781,M0351,2025-03-16,16,Gym Floor,67,Sunday,2025-03,Afternoon
CI005782,M0351,2025-03-19,9,Yoga,75,Wednesday,2025-03,Early Morning
CI005783,M0351,2025-05-18,10,Yoga,58,Sunday,2025-05,Morning
CI005784,M0351,2025-04-08,8,Gym Floor,100,Tuesday,2025-04,Early Morning
CI005785,M0351,2025-08-19,21,CrossFit,37,Tuesday,2025-08,Night
CI005786,M0351,2025-07-15,19,Cardio,49,Tuesday,2025-07,Evening
CI005787,M0351,2025-06-11,8,Gym Floor,49,Wednesday,2025-06,Early Morning
CI005788,M0351,2025-07-25,18,Zumba,39,Friday,2025-07,Evening
CI005789,M0351,2025-05-06,21,Gym Floor,45,Tuesday,2025-05,Night
CI005790,M0351,2025-08-22,19,Gym Floor,96,Friday,2025-08,Evening
CI005791,M0351,2025-06-03,6,Cardio,57,Tuesday,2025-06,Early Morning
CI005792,M0351,2025-03-27,7,Spin,54,Thursday,2025-03,Early Morning
CI005793,M0351,2025-08-22,17,Gym Floor,88,Friday,2025-08,Evening
CI005794,M0352,2025-04-07,17,Strength Training,73,Monday,2025-04,Evening
CI005795,M0352,2025-06-12,17,Gym Floor,59,Thursday,2025-06,Evening
CI005796,M0352,2025-04-27,9,Gym Floor,20,Sunday,2025-04,Early Morning
CI005797,M0352,2025-05-28,19,Gym Floor,86,Wednesday,2025-05,Evening
CI005798,M0352,2025-04-20,10,Gym Floor,30,Sunday,2025-04,Morning
CI005799,M0352,2025-03-18,16,Gym Floor,77,Tuesday,2025-03,Afternoon
CI005800,M0352,2025-04-25,8,Cardio,38,Friday,2025-04,Early Morning
CI005801,M0352,2025-05-11,17,Zumba,58,Sunday,2025-05,Evening
CI005802,M0352,2025-08-27,17,Spin,67,Wednesday,2025-08,Evening
CI005803,M0352,2025-06-27,19,CrossFit,48,Friday,2025-06,Evening
CI005804,M0352,2025-06-03,16,Gym Floor,76,Tuesday,2025-06,Afternoon
CI005805,M0352,2025-07-01,7,Gym Floor,72,Tuesday,2025-07,Early Morning
CI005806,M0352,2025-04-09,19,Strength Training,38,Wednesday,2025-04,Evening
CI005807,M0352,2025-08-28,8,CrossFit,52,Thursday,2025-08,Early Morning
CI005808,M0352,2025-07-21,17,Pilates,81,Monday,2025-07,Evening
CI005809,M0352,2025-03-30,16,Strength Training,63,Sunday,2025-03,Afternoon
CI005810,M0352,2025-06-20,18,Gym Floor,45,Friday,2025-06,Evening
CI005811,M0352,2025-04-07,20,Gym Floor,64,Monday,2025-04,Night
CI005812,M0352,2025-07-02,18,Gym Floor,76,Wednesday,2025-07,Evening
CI005813,M0352,2025-08-14,11,Gym Floor,74,Thursday,2025-08,Morning
CI005814,M0352,2025-07-30,7,Pilates,20,Wednesday,2025-07,Early Morning
CI005815,M0352,2025-05-18,17,Pilates,74,Sunday,2025-05,Evening
CI005816,M0353,2025-04-11,18,Gym Floor,30,Friday,2025-04,Evening
CI005817,M0353,2025-04-27,18,Gym Floor,64,Sunday,2025-04,Evening
CI005818,M0353,2025-04-23,9,Gym Floor,26,Wednesday,2025-04,Early Morning
CI005819,M0353,2025-04-27,12,Gym Floor,75,Sunday,2025-04,Morning
CI005820,M0353,2025-07-30,19,Zumba,49,Wednesday,2025-07,Evening
CI005821,M0353,2025-08-22,9,Yoga,57,Friday,2025-08,Early Morning
CI005822,M0353,2025-04-25,18,Gym Floor,52,Friday,2025-04,Evening
CI005823,M0353,2025-03-22,6,Pilates,46,Saturday,2025-03,Early Morning
CI005824,M0354,2025-08-10,18,Gym Floor,35,Sunday,2025-08,Evening
CI005825,M0354,2025-06-14,19,HIIT,56,Saturday,2025-06,Evening
CI005826,M0354,2025-07-30,17,Gym Floor,44,Wednesday,2025-07,Evening
CI005827,M0354,2025-04-10,7,Gym Floor,41,Thursday,2025-04,Early Morning
CI005828,M0354,2025-07-14,16,Gym Floor,60,Monday,2025-07,Afternoon
CI005829,M0354,2025-03-08,18,Gym Floor,34,Saturday,2025-03,Evening
CI005830,M0354,2025-08-25,8,Spin,47,Monday,2025-08,Early Morning
CI005831,M0354,2025-04-20,19,Strength Training,45,Sunday,2025-04,Evening
CI005832,M0354,2025-06-27,16,Gym Floor,79,Friday,2025-06,Afternoon
CI005833,M0354,2025-04-22,6,Gym Floor,90,Tuesday,2025-04,Early Morning
CI005834,M0354,2025-07-12,17,Gym Floor,46,Saturday,2025-07,Evening
CI005835,M0354,2025-06-10,17,Gym Floor,41,Tuesday,2025-06,Evening
CI005836,M0354,2025-07-13,19,Gym Floor,65,Sunday,2025-07,Evening
CI005837,M0354,2025-04-11,16,Gym Floor,53,Friday,2025-04,Afternoon
CI005838,M0354,2025-05-15,17,HIIT,60,Thursday,2025-05,Evening
CI005839,M0354,2025-03-17,18,Zumba,43,Monday,2025-03,Evening
CI005840,M0355,2025-07-15,17,Gym Floor,55,Tuesday,2025-07,Evening
CI005841,M0355,2025-08-21,12,Cardio,73,Thursday,2025-08,Morning
CI005842,M0355,2025-08-21,20,Pilates,40,Thursday,2025-08,Night
CI005843,M0355,2025-04-11,19,CrossFit,70,Friday,2025-04,Evening
CI005844,M0355,2025-06-27,10,Yoga,70,Friday,2025-06,Morning
CI005845,M0355,2025-07-09,19,Gym Floor,61,Wednesday,2025-07,Evening
CI005846,M0355,2025-03-22,8,Strength Training,65,Saturday,2025-03,Early Morning
CI005847,M0356,2025-08-25,9,Zumba,37,Monday,2025-08,Early Morning
CI005848,M0356,2025-08-09,10,Zumba,65,Saturday,2025-08,Morning
CI005849,M0356,2025-07-24,9,Zumba,22,Thursday,2025-07,Early Morning
CI005850,M0356,2025-04-15,11,Pilates,58,Tuesday,2025-04,Morning
CI005851,M0356,2025-03-09,8,Pilates,44,Sunday,2025-03,Early Morning
CI005852,M0356,2025-03-06,12,Cardio,37,Thursday,2025-03,Morning
CI005853,M0356,2025-06-29,6,HIIT,62,Sunday,2025-06,Early Morning
CI005854,M0356,2025-04-21,7,Gym Floor,60,Monday,2025-04,Early Morning
CI005855,M0356,2025-06-13,7,Strength Training,43,Friday,2025-06,Early Morning
CI005856,M0356,2025-04-03,12,Pilates,84,Thursday,2025-04,Morning
CI005857,M0356,2025-04-30,8,Pilates,74,Wednesday,2025-04,Early Morning
CI005858,M0356,2025-07-01,17,Pilates,44,Tuesday,2025-07,Evening
CI005859,M0356,2025-05-20,18,CrossFit,43,Tuesday,2025-05,Evening
CI005860,M0356,2025-07-15,21,Gym Floor,47,Tuesday,2025-07,Night
CI005861,M0356,2025-07-01,21,Gym Floor,50,Tuesday,2025-07,Night
CI005862,M0356,2025-06-21,18,Gym Floor,72,Saturday,2025-06,Evening
CI005863,M0356,2025-04-28,9,Yoga,64,Monday,2025-04,Early Morning
CI005864,M0357,2025-07-14,21,CrossFit,54,Monday,2025-07,Night
CI005865,M0357,2025-05-23,17,Gym Floor,51,Friday,2025-05,Evening
CI005866,M0357,2025-07-04,17,Gym Floor,87,Friday,2025-07,Evening
CI005867,M0357,2025-05-13,17,Strength Training,68,Tuesday,2025-05,Evening
CI005868,M0357,2025-08-20,17,Strength Training,45,Wednesday,2025-08,Evening
CI005869,M0357,2025-07-26,12,Pilates,70,Saturday,2025-07,Morning
CI005870,M0358,2025-04-18,18,Yoga,87,Friday,2025-04,Evening
CI005871,M0358,2025-03-16,7,Pilates,59,Sunday,2025-03,Early Morning
CI005872,M0358,2025-07-16,17,Strength Training,58,Wednesday,2025-07,Evening
CI005873,M0358,2025-07-23,7,CrossFit,69,Wednesday,2025-07,Early Morning
CI005874,M0358,2025-08-03,6,Gym Floor,51,Sunday,2025-08,Early Morning
CI005875,M0358,2025-07-15,19,Gym Floor,60,Tuesday,2025-07,Evening
CI005876,M0358,2025-08-11,7,Yoga,60,Monday,2025-08,Early Morning
CI005877,M0358,2025-05-22,20,Gym Floor,39,Thursday,2025-05,Night
CI005878,M0358,2025-07-12,18,Strength Training,44,Saturday,2025-07,Evening
CI005879,M0358,2025-05-11,8,Gym Floor,55,Sunday,2025-05,Early Morning
CI005880,M0358,2025-08-20,9,Gym Floor,51,Wednesday,2025-08,Early Morning
CI005881,M0358,2025-08-12,19,CrossFit,80,Tuesday,2025-08,Evening
CI005882,M0358,2025-03-30,8,Gym Floor,48,Sunday,2025-03,Early Morning
CI005883,M0358,2025-05-02,11,Gym Floor,70,Friday,2025-05,Morning
CI005884,M0358,2025-06-20,19,Yoga,46,Friday,2025-06,Evening
CI005885,M0358,2025-08-18,19,Gym Floor,58,Monday,2025-08,Evening
CI005886,M0358,2025-03-04,16,Yoga,20,Tuesday,2025-03,Afternoon
CI005887,M0358,2025-06-25,18,Spin,44,Wednesday,2025-06,Evening
CI005888,M0358,2025-05-18,17,Gym Floor,50,Sunday,2025-05,Evening
CI005889,M0359,2025-07-05,20,Yoga,84,Saturday,2025-07,Night
CI005890,M0359,2025-05-20,11,Gym Floor,68,Tuesday,2025-05,Morning
CI005891,M0359,2025-07-24,17,Gym Floor,40,Thursday,2025-07,Evening
CI005892,M0359,2025-03-18,10,Gym Floor,62,Tuesday,2025-03,Morning
CI005893,M0359,2025-08-06,20,Gym Floor,73,Wednesday,2025-08,Night
CI005894,M0359,2025-06-07,8,Zumba,81,Saturday,2025-06,Early Morning
CI005895,M0359,2025-05-19,19,Strength Training,63,Monday,2025-05,Evening
CI005896,M0359,2025-08-27,18,Pilates,35,Wednesday,2025-08,Evening
CI005897,M0359,2025-03-30,19,Pilates,54,Sunday,2025-03,Evening
CI005898,M0359,2025-05-13,19,Gym Floor,45,Tuesday,2025-05,Evening
CI005899,M0359,2025-04-11,10,Gym Floor,63,Friday,2025-04,Morning
CI005900,M0360,2025-06-04,19,Zumba,44,Wednesday,2025-06,Evening
CI005901,M0360,2025-06-29,17,Gym Floor,78,Sunday,2025-06,Evening
CI005902,M0360,2025-05-10,6,Gym Floor,61,Saturday,2025-05,Early Morning
CI005903,M0360,2025-08-07,8,Gym Floor,34,Thursday,2025-08,Early Morning
CI005904,M0360,2025-08-10,17,Gym Floor,34,Sunday,2025-08,Evening
CI005905,M0360,2025-06-23,17,Pilates,52,Monday,2025-06,Evening
CI005906,M0360,2025-08-01,6,Yoga,77,Friday,2025-08,Early Morning
CI005907,M0360,2025-06-27,9,Cardio,56,Friday,2025-06,Early Morning
CI005908,M0360,2025-06-02,16,Cardio,57,Monday,2025-06,Afternoon
CI005909,M0360,2025-05-11,16,Gym Floor,57,Sunday,2025-05,Afternoon
CI005910,M0360,2025-05-23,20,Gym Floor,75,Friday,2025-05,Night
CI005911,M0360,2025-07-05,19,Gym Floor,33,Saturday,2025-07,Evening
CI005912,M0360,2025-08-31,8,Spin,59,Sunday,2025-08,Early Morning
CI005913,M0360,2025-03-08,17,Pilates,47,Saturday,2025-03,Evening
CI005914,M0360,2025-04-15,7,Gym Floor,20,Tuesday,2025-04,Early Morning
CI005915,M0360,2025-04-06,18,HIIT,45,Sunday,2025-04,Evening
CI005916,M0360,2025-07-17,11,Yoga,33,Thursday,2025-07,Morning
CI005917,M0360,2025-05-29,10,Cardio,39,Thursday,2025-05,Morning
CI005918,M0360,2025-06-12,16,CrossFit,53,Thursday,2025-06,Afternoon
CI005919,M0360,2025-06-17,18,Gym Floor,57,Tuesday,2025-06,Evening
CI005920,M0360,2025-08-07,19,Zumba,56,Thursday,2025-08,Evening
CI005921,M0360,2025-07-30,7,CrossFit,52,Wednesday,2025-07,Early Morning
CI005922,M0360,2025-06-30,6,Gym Floor,61,Monday,2025-06,Early Morning
CI005923,M0360,2025-05-29,18,Yoga,87,Thursday,2025-05,Evening
CI005924,M0360,2025-06-04,8,Gym Floor,84,Wednesday,2025-06,Early Morning
CI005925,M0360,2025-04-23,18,Cardio,51,Wednesday,2025-04,Evening
CI005926,M0360,2025-07-16,20,HIIT,27,Wednesday,2025-07,Night
CI005927,M0360,2025-08-27,17,Gym Floor,45,Wednesday,2025-08,Evening
CI005928,M0360,2025-06-12,8,Gym Floor,71,Thursday,2025-06,Early Morning
CI005929,M0360,2025-08-22,11,Strength Training,67,Friday,2025-08,Morning
CI005930,M0360,2025-04-13,7,Gym Floor,88,Sunday,2025-04,Early Morning
CI005931,M0360,2025-04-18,10,Zumba,43,Friday,2025-04,Morning
CI005932,M0360,2025-03-15,18,HIIT,52,Saturday,2025-03,Evening
CI005933,M0360,2025-06-26,18,Zumba,60,Thursday,2025-06,Evening
CI005934,M0360,2025-07-11,12,Gym Floor,69,Friday,2025-07,Morning
CI005935,M0360,2025-05-01,19,Gym Floor,52,Thursday,2025-05,Evening
CI005936,M0360,2025-07-16,8,Strength Training,70,Wednesday,2025-07,Early Morning
CI005937,M0360,2025-07-13,12,Cardio,64,Sunday,2025-07,Morning
CI005938,M0360,2025-06-28,12,CrossFit,36,Saturday,2025-06,Morning
CI005939,M0360,2025-07-06,17,HIIT,50,Sunday,2025-07,Evening
CI005940,M0360,2025-05-07,17,Yoga,46,Wednesday,2025-05,Evening
CI005941,M0360,2025-06-13,6,Spin,31,Friday,2025-06,Early Morning
CI005942,M0360,2025-03-18,19,Yoga,66,Tuesday,2025-03,Evening
CI005943,M0360,2025-06-30,17,Gym Floor,111,Monday,2025-06,Evening
CI005944,M0360,2025-07-27,8,Cardio,64,Sunday,2025-07,Early Morning
CI005945,M0360,2025-04-19,16,Strength Training,70,Saturday,2025-04,Afternoon
CI005946,M0360,2025-04-02,21,Gym Floor,48,Wednesday,2025-04,Night
CI005947,M0360,2025-07-09,19,Pilates,51,Wednesday,2025-07,Evening
CI005948,M0361,2025-03-06,6,Strength Training,95,Thursday,2025-03,Early Morning
CI005949,M0361,2025-03-16,21,Spin,65,Sunday,2025-03,Night
CI005950,M0361,2025-07-26,19,HIIT,54,Saturday,2025-07,Evening
CI005951,M0361,2025-04-09,6,Gym Floor,88,Wednesday,2025-04,Early Morning
CI005952,M0361,2025-07-13,16,HIIT,40,Sunday,2025-07,Afternoon
CI005953,M0361,2025-08-06,19,Strength Training,55,Wednesday,2025-08,Evening
CI005954,M0361,2025-06-24,6,CrossFit,46,Tuesday,2025-06,Early Morning
CI005955,M0361,2025-08-09,9,Yoga,58,Saturday,2025-08,Early Morning
CI005956,M0362,2025-07-02,16,Gym Floor,34,Wednesday,2025-07,Afternoon
CI005957,M0362,2025-08-13,11,Strength Training,70,Wednesday,2025-08,Morning
CI005958,M0362,2025-05-02,11,Gym Floor,56,Friday,2025-05,Morning
CI005959,M0362,2025-06-07,7,Pilates,45,Saturday,2025-06,Early Morning
CI005960,M0362,2025-06-22,18,Zumba,44,Sunday,2025-06,Evening
CI005961,M0362,2025-04-10,21,Cardio,66,Thursday,2025-04,Night
CI005962,M0362,2025-07-08,6,Gym Floor,53,Tuesday,2025-07,Early Morning
CI005963,M0362,2025-06-30,18,Pilates,49,Monday,2025-06,Evening
CI005964,M0362,2025-03-14,21,Spin,20,Friday,2025-03,Night
CI005965,M0362,2025-03-06,18,Gym Floor,51,Thursday,2025-03,Evening
CI005966,M0362,2025-04-03,21,Spin,82,Thursday,2025-04,Night
CI005967,M0362,2025-07-31,10,Pilates,74,Thursday,2025-07,Morning
CI005968,M0362,2025-08-29,9,Strength Training,64,Friday,2025-08,Early Morning
CI005969,M0362,2025-06-06,12,Gym Floor,72,Friday,2025-06,Morning
CI005970,M0362,2025-07-18,6,Gym Floor,52,Friday,2025-07,Early Morning
CI005971,M0362,2025-06-30,9,Zumba,28,Monday,2025-06,Early Morning
CI005972,M0362,2025-07-20,8,Gym Floor,55,Sunday,2025-07,Early Morning
CI005973,M0362,2025-04-15,16,Gym Floor,36,Tuesday,2025-04,Afternoon
CI005974,M0362,2025-06-10,18,Yoga,54,Tuesday,2025-06,Evening
CI005975,M0362,2025-03-27,7,Cardio,57,Thursday,2025-03,Early Morning
CI005976,M0362,2025-07-18,18,Pilates,72,Friday,2025-07,Evening
CI005977,M0362,2025-04-03,19,Yoga,59,Thursday,2025-04,Evening
CI005978,M0362,2025-03-30,7,CrossFit,76,Sunday,2025-03,Early Morning
CI005979,M0362,2025-08-20,20,Yoga,37,Wednesday,2025-08,Night
CI005980,M0362,2025-03-18,21,Gym Floor,42,Tuesday,2025-03,Night
CI005981,M0362,2025-03-18,19,Gym Floor,72,Tuesday,2025-03,Evening
CI005982,M0362,2025-08-10,18,Strength Training,82,Sunday,2025-08,Evening
CI005983,M0362,2025-06-24,17,Zumba,64,Tuesday,2025-06,Evening
CI005984,M0362,2025-03-13,6,Yoga,29,Thursday,2025-03,Early Morning
CI005985,M0362,2025-03-12,6,Gym Floor,38,Wednesday,2025-03,Early Morning
CI005986,M0362,2025-04-08,17,Gym Floor,50,Tuesday,2025-04,Evening
CI005987,M0362,2025-05-18,8,Zumba,70,Sunday,2025-05,Early Morning
CI005988,M0362,2025-04-10,18,Strength Training,64,Thursday,2025-04,Evening
CI005989,M0362,2025-05-19,18,Pilates,68,Monday,2025-05,Evening
CI005990,M0362,2025-04-11,7,Gym Floor,49,Friday,2025-04,Early Morning
CI005991,M0362,2025-07-18,18,Yoga,64,Friday,2025-07,Evening
CI005992,M0362,2025-03-08,6,Gym Floor,66,Saturday,2025-03,Early Morning
CI005993,M0362,2025-04-26,16,Gym Floor,33,Saturday,2025-04,Afternoon
CI005994,M0362,2025-06-23,9,Zumba,58,Monday,2025-06,Early Morning
CI005995,M0362,2025-06-14,19,Gym Floor,52,Saturday,2025-06,Evening
CI005996,M0362,2025-03-15,18,Gym Floor,62,Saturday,2025-03,Evening
CI005997,M0362,2025-05-21,8,Yoga,92,Wednesday,2025-05,Early Morning
CI005998,M0362,2025-08-13,9,Pilates,51,Wednesday,2025-08,Early Morning
CI005999,M0362,2025-04-10,16,Gym Floor,55,Thursday,2025-04,Afternoon
CI006000,M0362,2025-07-06,18,Gym Floor,64,Sunday,2025-07,Evening
CI006001,M0362,2025-04-15,16,CrossFit,101,Tuesday,2025-04,Afternoon
CI006002,M0362,2025-05-01,12,Gym Floor,33,Thursday,2025-05,Morning
CI006003,M0362,2025-07-30,7,Pilates,48,Wednesday,2025-07,Early Morning
CI006004,M0363,2025-03-17,19,Gym Floor,45,Monday,2025-03,Evening
CI006005,M0363,2025-07-03,10,Gym Floor,72,Thursday,2025-07,Morning
CI006006,M0363,2025-05-23,9,Cardio,28,Friday,2025-05,Early Morning
CI006007,M0363,2025-07-07,8,Gym Floor,74,Monday,2025-07,Early Morning
CI006008,M0363,2025-03-09,7,Zumba,80,Sunday,2025-03,Early Morning
CI006009,M0363,2025-05-28,16,Gym Floor,51,Wednesday,2025-05,Afternoon
CI006010,M0363,2025-06-03,9,CrossFit,103,Tuesday,2025-06,Early Morning
CI006011,M0363,2025-03-23,7,Gym Floor,25,Sunday,2025-03,Early Morning
CI006012,M0363,2025-07-12,6,Strength Training,64,Saturday,2025-07,Early Morning
CI006013,M0363,2025-07-02,17,HIIT,70,Wednesday,2025-07,Evening
CI006014,M0363,2025-03-13,11,Gym Floor,60,Thursday,2025-03,Morning
CI006015,M0363,2025-08-16,8,Gym Floor,58,Saturday,2025-08,Early Morning
CI006016,M0363,2025-03-29,16,HIIT,54,Saturday,2025-03,Afternoon
CI006017,M0363,2025-07-14,7,HIIT,50,Monday,2025-07,Early Morning
CI006018,M0363,2025-03-16,7,Pilates,34,Sunday,2025-03,Early Morning
CI006019,M0363,2025-08-01,9,Zumba,70,Friday,2025-08,Early Morning
CI006020,M0363,2025-08-23,18,Gym Floor,51,Saturday,2025-08,Evening
CI006021,M0363,2025-07-31,18,CrossFit,72,Thursday,2025-07,Evening
CI006022,M0363,2025-07-23,6,Gym Floor,53,Wednesday,2025-07,Early Morning
CI006023,M0363,2025-06-08,11,Gym Floor,54,Sunday,2025-06,Morning
CI006024,M0363,2025-07-23,11,Gym Floor,68,Wednesday,2025-07,Morning
CI006025,M0363,2025-05-30,18,Cardio,55,Friday,2025-05,Evening
CI006026,M0363,2025-07-03,19,Zumba,46,Thursday,2025-07,Evening
CI006027,M0363,2025-07-22,17,Gym Floor,45,Tuesday,2025-07,Evening
CI006028,M0363,2025-03-25,18,CrossFit,20,Tuesday,2025-03,Evening
CI006029,M0363,2025-03-06,20,Gym Floor,64,Thursday,2025-03,Night
CI006030,M0363,2025-04-09,19,Spin,68,Wednesday,2025-04,Evening
CI006031,M0363,2025-06-23,19,Gym Floor,76,Monday,2025-06,Evening
CI006032,M0363,2025-07-29,6,CrossFit,81,Tuesday,2025-07,Early Morning
CI006033,M0363,2025-05-20,19,Yoga,96,Tuesday,2025-05,Evening
CI006034,M0363,2025-03-18,19,Gym Floor,25,Tuesday,2025-03,Evening
CI006035,M0364,2025-03-26,17,Zumba,37,Wednesday,2025-03,Evening
CI006036,M0364,2025-07-23,18,Gym Floor,40,Wednesday,2025-07,Evening
CI006037,M0364,2025-07-10,9,Gym Floor,84,Thursday,2025-07,Early Morning
CI006038,M0364,2025-08-05,7,Pilates,76,Tuesday,2025-08,Early Morning
CI006039,M0364,2025-04-23,6,Yoga,20,Wednesday,2025-04,Early Morning
CI006040,M0364,2025-04-17,8,Gym Floor,79,Thursday,2025-04,Early Morning
CI006041,M0364,2025-07-18,11,Cardio,45,Friday,2025-07,Morning
CI006042,M0364,2025-05-04,7,Gym Floor,68,Sunday,2025-05,Early Morning
CI006043,M0364,2025-08-24,19,Strength Training,50,Sunday,2025-08,Evening
CI006044,M0364,2025-07-21,6,Gym Floor,50,Monday,2025-07,Early Morning
CI006045,M0364,2025-08-19,6,CrossFit,62,Tuesday,2025-08,Early Morning
CI006046,M0364,2025-08-22,10,Gym Floor,51,Friday,2025-08,Morning
CI006047,M0365,2025-05-02,19,HIIT,40,Friday,2025-05,Evening
CI006048,M0365,2025-05-14,11,Gym Floor,76,Wednesday,2025-05,Morning
CI006049,M0365,2025-06-01,18,Pilates,49,Sunday,2025-06,Evening
CI006050,M0365,2025-07-18,17,Gym Floor,39,Friday,2025-07,Evening
CI006051,M0365,2025-07-16,8,Gym Floor,88,Wednesday,2025-07,Early Morning
CI006052,M0365,2025-07-19,16,Gym Floor,90,Saturday,2025-07,Afternoon
CI006053,M0365,2025-06-01,18,Gym Floor,64,Sunday,2025-06,Evening
CI006054,M0365,2025-08-18,11,Gym Floor,45,Monday,2025-08,Morning
CI006055,M0365,2025-07-01,17,HIIT,101,Tuesday,2025-07,Evening
CI006056,M0365,2025-07-04,8,Gym Floor,69,Friday,2025-07,Early Morning
CI006057,M0365,2025-08-29,18,HIIT,54,Friday,2025-08,Evening
CI006058,M0366,2025-04-08,18,Gym Floor,86,Tuesday,2025-04,Evening
CI006059,M0366,2025-07-03,7,Gym Floor,62,Thursday,2025-07,Early Morning
CI006060,M0366,2025-03-18,21,Gym Floor,21,Tuesday,2025-03,Night
CI006061,M0366,2025-08-16,7,Gym Floor,46,Saturday,2025-08,Early Morning
CI006062,M0366,2025-05-07,16,Gym Floor,20,Wednesday,2025-05,Afternoon
CI006063,M0366,2025-07-10,21,HIIT,66,Thursday,2025-07,Night
CI006064,M0366,2025-06-11,18,Strength Training,58,Wednesday,2025-06,Evening
CI006065,M0366,2025-04-14,16,Gym Floor,62,Monday,2025-04,Afternoon
CI006066,M0366,2025-03-22,7,Gym Floor,66,Saturday,2025-03,Early Morning
CI006067,M0366,2025-03-06,16,Gym Floor,76,Thursday,2025-03,Afternoon
CI006068,M0366,2025-07-07,9,Strength Training,31,Monday,2025-07,Early Morning
CI006069,M0366,2025-03-29,8,Yoga,49,Saturday,2025-03,Early Morning
CI006070,M0366,2025-04-06,21,Spin,38,Sunday,2025-04,Night
CI006071,M0366,2025-08-17,19,Gym Floor,20,Sunday,2025-08,Evening
CI006072,M0367,2025-08-24,7,HIIT,67,Sunday,2025-08,Early Morning
CI006073,M0367,2025-04-20,20,Strength Training,68,Sunday,2025-04,Night
CI006074,M0367,2025-05-20,7,Strength Training,54,Tuesday,2025-05,Early Morning
CI006075,M0367,2025-08-03,6,Spin,46,Sunday,2025-08,Early Morning
CI006076,M0367,2025-03-04,20,Gym Floor,43,Tuesday,2025-03,Night
CI006077,M0368,2025-04-14,10,Gym Floor,49,Monday,2025-04,Morning
CI006078,M0368,2025-07-17,17,Strength Training,48,Thursday,2025-07,Evening
CI006079,M0368,2025-03-17,8,Gym Floor,50,Monday,2025-03,Early Morning
CI006080,M0368,2025-03-16,20,Gym Floor,41,Sunday,2025-03,Night
CI006081,M0368,2025-06-13,18,Cardio,73,Friday,2025-06,Evening
CI006082,M0368,2025-06-08,18,HIIT,44,Sunday,2025-06,Evening
CI006083,M0368,2025-08-08,7,Gym Floor,35,Friday,2025-08,Early Morning
CI006084,M0368,2025-05-30,9,Gym Floor,50,Friday,2025-05,Early Morning
CI006085,M0368,2025-07-07,17,Gym Floor,62,Monday,2025-07,Evening
CI006086,M0368,2025-08-15,19,CrossFit,37,Friday,2025-08,Evening
CI006087,M0368,2025-03-22,16,Gym Floor,44,Saturday,2025-03,Afternoon
CI006088,M0368,2025-08-17,7,Yoga,54,Sunday,2025-08,Early Morning
CI006089,M0368,2025-04-17,6,Yoga,58,Thursday,2025-04,Early Morning
CI006090,M0368,2025-05-19,18,Gym Floor,30,Monday,2025-05,Evening
CI006091,M0368,2025-08-28,9,Spin,62,Thursday,2025-08,Early Morning
CI006092,M0368,2025-05-26,7,Gym Floor,50,Monday,2025-05,Early Morning
CI006093,M0368,2025-06-19,17,Strength Training,56,Thursday,2025-06,Evening
CI006094,M0368,2025-06-18,8,Gym Floor,85,Wednesday,2025-06,Early Morning
CI006095,M0368,2025-03-22,11,Strength Training,46,Saturday,2025-03,Morning
CI006096,M0368,2025-06-19,6,Strength Training,53,Thursday,2025-06,Early Morning
CI006097,M0368,2025-08-16,16,CrossFit,43,Saturday,2025-08,Afternoon
CI006098,M0368,2025-06-08,8,Gym Floor,66,Sunday,2025-06,Early Morning
CI006099,M0368,2025-07-03,7,Gym Floor,79,Thursday,2025-07,Early Morning
CI006100,M0368,2025-08-30,6,Gym Floor,64,Saturday,2025-08,Early Morning
CI006101,M0368,2025-08-13,7,Gym Floor,43,Wednesday,2025-08,Early Morning
CI006102,M0368,2025-06-23,18,Gym Floor,40,Monday,2025-06,Evening
CI006103,M0368,2025-05-31,17,Gym Floor,116,Saturday,2025-05,Evening
CI006104,M0368,2025-07-30,10,Spin,35,Wednesday,2025-07,Morning
CI006105,M0368,2025-06-02,6,Spin,49,Monday,2025-06,Early Morning
CI006106,M0368,2025-06-18,9,Gym Floor,57,Wednesday,2025-06,Early Morning
CI006107,M0368,2025-08-18,16,Gym Floor,30,Monday,2025-08,Afternoon
CI006108,M0368,2025-04-27,8,Gym Floor,43,Sunday,2025-04,Early Morning
CI006109,M0368,2025-06-28,11,Gym Floor,52,Saturday,2025-06,Morning
CI006110,M0368,2025-04-08,20,Gym Floor,20,Tuesday,2025-04,Night
CI006111,M0368,2025-07-31,18,Gym Floor,61,Thursday,2025-07,Evening
CI006112,M0368,2025-04-24,6,Zumba,67,Thursday,2025-04,Early Morning
CI006113,M0368,2025-08-29,6,CrossFit,65,Friday,2025-08,Early Morning
CI006114,M0368,2025-06-08,8,Gym Floor,43,Sunday,2025-06,Early Morning
CI006115,M0368,2025-06-29,18,Strength Training,42,Sunday,2025-06,Evening
CI006116,M0368,2025-08-06,10,Gym Floor,68,Wednesday,2025-08,Morning
CI006117,M0368,2025-06-11,8,Cardio,63,Wednesday,2025-06,Early Morning
CI006118,M0368,2025-07-11,10,CrossFit,60,Friday,2025-07,Morning
CI006119,M0368,2025-08-01,8,Gym Floor,58,Friday,2025-08,Early Morning
CI006120,M0368,2025-08-02,17,Yoga,57,Saturday,2025-08,Evening
CI006121,M0368,2025-04-21,6,Gym Floor,45,Monday,2025-04,Early Morning
CI006122,M0368,2025-05-17,18,Gym Floor,52,Saturday,2025-05,Evening
CI006123,M0368,2025-03-30,8,Zumba,61,Sunday,2025-03,Early Morning
CI006124,M0368,2025-05-16,10,HIIT,50,Friday,2025-05,Morning
CI006125,M0368,2025-05-22,10,Gym Floor,51,Thursday,2025-05,Morning
CI006126,M0369,2025-07-28,17,Pilates,35,Monday,2025-07,Evening
CI006127,M0369,2025-06-01,16,Gym Floor,48,Sunday,2025-06,Afternoon
CI006128,M0369,2025-05-31,19,Gym Floor,43,Saturday,2025-05,Evening
CI006129,M0369,2025-08-29,17,Gym Floor,56,Friday,2025-08,Evening
CI006130,M0369,2025-07-17,16,Gym Floor,49,Thursday,2025-07,Afternoon
CI006131,M0369,2025-05-19,9,Zumba,35,Monday,2025-05,Early Morning
CI006132,M0369,2025-03-17,10,Gym Floor,68,Monday,2025-03,Morning
CI006133,M0369,2025-07-01,18,Yoga,41,Tuesday,2025-07,Evening
CI006134,M0370,2025-05-23,7,HIIT,68,Friday,2025-05,Early Morning
CI006135,M0370,2025-05-14,7,Gym Floor,74,Wednesday,2025-05,Early Morning
CI006136,M0370,2025-04-07,12,Cardio,33,Monday,2025-04,Morning
CI006137,M0371,2025-06-27,12,Gym Floor,79,Friday,2025-06,Morning
CI006138,M0371,2025-08-23,6,Gym Floor,24,Saturday,2025-08,Early Morning
CI006139,M0371,2025-07-21,18,CrossFit,63,Monday,2025-07,Evening
CI006140,M0371,2025-05-06,17,CrossFit,55,Tuesday,2025-05,Evening
CI006141,M0371,2025-04-11,19,Gym Floor,72,Friday,2025-04,Evening
CI006142,M0371,2025-03-11,12,Spin,82,Tuesday,2025-03,Morning
CI006143,M0371,2025-07-01,17,HIIT,20,Tuesday,2025-07,Evening
CI006144,M0371,2025-03-18,10,Gym Floor,58,Tuesday,2025-03,Morning
CI006145,M0371,2025-08-17,9,Gym Floor,61,Sunday,2025-08,Early Morning
CI006146,M0372,2025-08-01,20,Gym Floor,30,Friday,2025-08,Night
CI006147,M0372,2025-03-14,16,Strength Training,63,Friday,2025-03,Afternoon
CI006148,M0372,2025-03-20,11,Gym Floor,48,Thursday,2025-03,Morning
CI006149,M0372,2025-07-28,18,CrossFit,65,Monday,2025-07,Evening
CI006150,M0372,2025-04-19,20,Gym Floor,60,Saturday,2025-04,Night
CI006151,M0372,2025-04-22,10,Gym Floor,63,Tuesday,2025-04,Morning
CI006152,M0372,2025-05-07,12,Gym Floor,46,Wednesday,2025-05,Morning
CI006153,M0372,2025-05-06,12,Gym Floor,73,Tuesday,2025-05,Morning
CI006154,M0372,2025-07-30,19,Yoga,68,Wednesday,2025-07,Evening
CI006155,M0372,2025-05-15,9,Gym Floor,112,Thursday,2025-05,Early Morning
CI006156,M0372,2025-07-07,18,Pilates,47,Monday,2025-07,Evening
CI006157,M0372,2025-06-27,19,Gym Floor,63,Friday,2025-06,Evening
CI006158,M0372,2025-07-02,9,Zumba,69,Wednesday,2025-07,Early Morning
CI006159,M0373,2025-08-24,20,Cardio,27,Sunday,2025-08,Night
CI006160,M0374,2025-05-18,19,Gym Floor,61,Sunday,2025-05,Evening
CI006161,M0374,2025-03-23,10,Cardio,50,Sunday,2025-03,Morning
CI006162,M0374,2025-07-05,18,Spin,59,Saturday,2025-07,Evening
CI006163,M0374,2025-03-09,18,Gym Floor,23,Sunday,2025-03,Evening
CI006164,M0374,2025-07-03,8,Gym Floor,75,Thursday,2025-07,Early Morning
CI006165,M0374,2025-06-13,8,CrossFit,75,Friday,2025-06,Early Morning
CI006166,M0374,2025-05-03,8,Gym Floor,48,Saturday,2025-05,Early Morning
CI006167,M0374,2025-05-02,10,Cardio,58,Friday,2025-05,Morning
CI006168,M0374,2025-06-15,18,Gym Floor,39,Sunday,2025-06,Evening
CI006169,M0374,2025-04-26,19,Gym Floor,56,Saturday,2025-04,Evening
CI006170,M0374,2025-03-11,18,HIIT,65,Tuesday,2025-03,Evening
CI006171,M0374,2025-06-06,6,Cardio,41,Friday,2025-06,Early Morning
CI006172,M0374,2025-07-03,11,Cardio,61,Thursday,2025-07,Morning
CI006173,M0374,2025-06-29,17,Yoga,70,Sunday,2025-06,Evening
CI006174,M0374,2025-05-20,7,Yoga,51,Tuesday,2025-05,Early Morning
CI006175,M0374,2025-08-30,10,Yoga,70,Saturday,2025-08,Morning
CI006176,M0374,2025-03-31,9,Gym Floor,84,Monday,2025-03,Early Morning
CI006177,M0374,2025-05-16,6,Cardio,35,Friday,2025-05,Early Morning
CI006178,M0374,2025-07-09,7,Gym Floor,53,Wednesday,2025-07,Early Morning
CI006179,M0374,2025-04-28,7,Spin,55,Monday,2025-04,Early Morning
CI006180,M0374,2025-08-31,12,Zumba,45,Sunday,2025-08,Morning
CI006181,M0374,2025-04-16,10,Pilates,45,Wednesday,2025-04,Morning
CI006182,M0374,2025-04-30,9,Cardio,60,Wednesday,2025-04,Early Morning
CI006183,M0374,2025-08-29,12,Cardio,41,Friday,2025-08,Morning
CI006184,M0374,2025-06-11,16,Cardio,37,Wednesday,2025-06,Afternoon
CI006185,M0374,2025-06-17,21,CrossFit,73,Tuesday,2025-06,Night
CI006186,M0374,2025-03-04,10,Gym Floor,65,Tuesday,2025-03,Morning
CI006187,M0374,2025-03-26,17,Gym Floor,58,Wednesday,2025-03,Evening
CI006188,M0375,2025-04-17,18,Gym Floor,23,Thursday,2025-04,Evening
CI006189,M0375,2025-04-02,17,Gym Floor,27,Wednesday,2025-04,Evening
CI006190,M0376,2025-03-13,12,Cardio,34,Thursday,2025-03,Morning
CI006191,M0376,2025-05-09,19,Cardio,91,Friday,2025-05,Evening
CI006192,M0376,2025-05-02,16,Gym Floor,34,Friday,2025-05,Afternoon
CI006193,M0376,2025-06-07,16,Pilates,58,Saturday,2025-06,Afternoon
CI006194,M0376,2025-07-31,18,Cardio,46,Thursday,2025-07,Evening
CI006195,M0376,2025-08-28,7,Strength Training,28,Thursday,2025-08,Early Morning
CI006196,M0376,2025-08-19,17,Pilates,37,Tuesday,2025-08,Evening
CI006197,M0376,2025-06-01,11,Cardio,33,Sunday,2025-06,Morning
CI006198,M0376,2025-03-26,9,Yoga,57,Wednesday,2025-03,Early Morning
CI006199,M0376,2025-05-26,20,Zumba,59,Monday,2025-05,Night
CI006200,M0376,2025-05-29,9,Zumba,65,Thursday,2025-05,Early Morning
CI006201,M0376,2025-07-12,9,Gym Floor,57,Saturday,2025-07,Early Morning
CI006202,M0376,2025-03-23,18,Pilates,55,Sunday,2025-03,Evening
CI006203,M0376,2025-08-08,18,Yoga,39,Friday,2025-08,Evening
CI006204,M0376,2025-07-20,19,Zumba,68,Sunday,2025-07,Evening
CI006205,M0376,2025-05-01,8,Cardio,49,Thursday,2025-05,Early Morning
CI006206,M0376,2025-08-29,17,HIIT,45,Friday,2025-08,Evening
CI006207,M0376,2025-06-23,6,Gym Floor,40,Monday,2025-06,Early Morning
CI006208,M0376,2025-04-05,8,Gym Floor,50,Saturday,2025-04,Early Morning
CI006209,M0376,2025-05-01,19,Strength Training,50,Thursday,2025-05,Evening
CI006210,M0376,2025-06-29,21,Gym Floor,37,Sunday,2025-06,Night
CI006211,M0376,2025-03-23,18,Gym Floor,74,Sunday,2025-03,Evening
CI006212,M0376,2025-03-30,20,Gym Floor,36,Sunday,2025-03,Night
CI006213,M0376,2025-03-08,16,Gym Floor,63,Saturday,2025-03,Afternoon
CI006214,M0376,2025-08-07,16,HIIT,52,Thursday,2025-08,Afternoon
CI006215,M0376,2025-06-11,16,Gym Floor,38,Wednesday,2025-06,Afternoon
CI006216,M0376,2025-08-22,21,Strength Training,57,Friday,2025-08,Night
CI006217,M0376,2025-03-01,8,Strength Training,48,Saturday,2025-03,Early Morning
CI006218,M0376,2025-04-10,12,Gym Floor,70,Thursday,2025-04,Morning
CI006219,M0376,2025-07-19,12,Yoga,59,Saturday,2025-07,Morning
CI006220,M0376,2025-06-07,11,Gym Floor,90,Saturday,2025-06,Morning
CI006221,M0376,2025-06-27,7,Pilates,42,Friday,2025-06,Early Morning
CI006222,M0376,2025-04-25,9,Strength Training,45,Friday,2025-04,Early Morning
CI006223,M0376,2025-04-28,9,Gym Floor,78,Monday,2025-04,Early Morning
CI006224,M0377,2025-05-31,18,Gym Floor,74,Saturday,2025-05,Evening
CI006225,M0377,2025-06-23,7,Pilates,69,Monday,2025-06,Early Morning
CI006226,M0377,2025-06-07,9,Gym Floor,70,Saturday,2025-06,Early Morning
CI006227,M0377,2025-04-07,11,Gym Floor,83,Monday,2025-04,Morning
CI006228,M0377,2025-04-26,19,Gym Floor,48,Saturday,2025-04,Evening
CI006229,M0377,2025-04-29,12,Strength Training,71,Tuesday,2025-04,Morning
CI006230,M0377,2025-06-18,9,Cardio,25,Wednesday,2025-06,Early Morning
CI006231,M0377,2025-04-09,18,HIIT,48,Wednesday,2025-04,Evening
CI006232,M0377,2025-06-21,6,Gym Floor,26,Saturday,2025-06,Early Morning
CI006233,M0377,2025-06-09,18,Gym Floor,56,Monday,2025-06,Evening
CI006234,M0377,2025-06-08,10,Yoga,34,Sunday,2025-06,Morning
CI006235,M0377,2025-04-25,18,Gym Floor,55,Friday,2025-04,Evening
CI006236,M0377,2025-07-23,19,HIIT,77,Wednesday,2025-07,Evening
CI006237,M0377,2025-06-24,16,Pilates,59,Tuesday,2025-06,Afternoon
CI006238,M0377,2025-05-29,6,Gym Floor,67,Thursday,2025-05,Early Morning
CI006239,M0377,2025-04-08,19,Gym Floor,56,Tuesday,2025-04,Evening
CI006240,M0377,2025-04-30,10,Gym Floor,44,Wednesday,2025-04,Morning
CI006241,M0377,2025-07-29,9,Zumba,53,Tuesday,2025-07,Early Morning
CI006242,M0377,2025-04-01,7,Gym Floor,56,Tuesday,2025-04,Early Morning
CI006243,M0378,2025-05-03,17,Gym Floor,29,Saturday,2025-05,Evening
CI006244,M0378,2025-05-12,17,Gym Floor,47,Monday,2025-05,Evening
CI006245,M0378,2025-05-03,16,Spin,63,Saturday,2025-05,Afternoon
CI006246,M0378,2025-07-16,17,Gym Floor,55,Wednesday,2025-07,Evening
CI006247,M0378,2025-05-18,6,Spin,69,Sunday,2025-05,Early Morning
CI006248,M0378,2025-05-27,19,Gym Floor,20,Tuesday,2025-05,Evening
CI006249,M0378,2025-04-08,19,Spin,92,Tuesday,2025-04,Evening
CI006250,M0378,2025-07-31,17,Gym Floor,65,Thursday,2025-07,Evening
CI006251,M0378,2025-07-27,9,Pilates,68,Sunday,2025-07,Early Morning
CI006252,M0378,2025-04-08,10,Zumba,53,Tuesday,2025-04,Morning
CI006253,M0379,2025-04-05,8,Gym Floor,51,Saturday,2025-04,Early Morning
CI006254,M0379,2025-05-12,21,Zumba,50,Monday,2025-05,Night
CI006255,M0379,2025-06-03,12,Spin,70,Tuesday,2025-06,Morning
CI006256,M0379,2025-07-20,11,Gym Floor,20,Sunday,2025-07,Morning
CI006257,M0379,2025-07-16,16,Yoga,61,Wednesday,2025-07,Afternoon
CI006258,M0379,2025-06-11,16,Gym Floor,70,Wednesday,2025-06,Afternoon
CI006259,M0379,2025-08-26,18,Gym Floor,59,Tuesday,2025-08,Evening
CI006260,M0380,2025-04-06,8,Gym Floor,60,Sunday,2025-04,Early Morning
CI006261,M0380,2025-04-24,7,Pilates,74,Thursday,2025-04,Early Morning
CI006262,M0380,2025-07-27,18,Gym Floor,41,Sunday,2025-07,Evening
CI006263,M0381,2025-06-07,11,Yoga,53,Saturday,2025-06,Morning
CI006264,M0381,2025-06-21,6,Spin,65,Saturday,2025-06,Early Morning
CI006265,M0381,2025-04-24,18,Yoga,55,Thursday,2025-04,Evening
CI006266,M0381,2025-08-02,8,Gym Floor,59,Saturday,2025-08,Early Morning
CI006267,M0381,2025-05-31,7,HIIT,66,Saturday,2025-05,Early Morning
CI006268,M0381,2025-06-30,19,Spin,72,Monday,2025-06,Evening
CI006269,M0381,2025-06-09,20,Gym Floor,48,Monday,2025-06,Night
CI006270,M0381,2025-03-22,7,Gym Floor,60,Saturday,2025-03,Early Morning
CI006271,M0381,2025-07-26,9,Yoga,24,Saturday,2025-07,Early Morning
CI006272,M0381,2025-03-24,12,Gym Floor,51,Monday,2025-03,Morning
CI006273,M0381,2025-07-04,16,Gym Floor,33,Friday,2025-07,Afternoon
CI006274,M0381,2025-08-28,6,Pilates,55,Thursday,2025-08,Early Morning
CI006275,M0381,2025-08-03,10,Pilates,61,Sunday,2025-08,Morning
CI006276,M0381,2025-07-28,16,Gym Floor,59,Monday,2025-07,Afternoon
CI006277,M0381,2025-05-16,8,HIIT,54,Friday,2025-05,Early Morning
CI006278,M0382,2025-05-18,9,HIIT,75,Sunday,2025-05,Early Morning
CI006279,M0382,2025-07-21,21,Gym Floor,56,Monday,2025-07,Night
CI006280,M0382,2025-06-14,18,Spin,68,Saturday,2025-06,Evening
CI006281,M0382,2025-05-28,11,Spin,22,Wednesday,2025-05,Morning
CI006282,M0382,2025-04-18,8,Gym Floor,50,Friday,2025-04,Early Morning
CI006283,M0382,2025-08-02,17,Pilates,20,Saturday,2025-08,Evening
CI006284,M0382,2025-07-28,11,HIIT,81,Monday,2025-07,Morning
CI006285,M0382,2025-07-16,8,Zumba,60,Wednesday,2025-07,Early Morning
CI006286,M0382,2025-06-26,8,HIIT,55,Thursday,2025-06,Early Morning
CI006287,M0382,2025-04-10,10,Gym Floor,71,Thursday,2025-04,Morning
CI006288,M0383,2025-04-20,11,Zumba,68,Sunday,2025-04,Morning
CI006289,M0383,2025-06-21,7,Cardio,41,Saturday,2025-06,Early Morning
CI006290,M0383,2025-03-03,19,Spin,61,Monday,2025-03,Evening
CI006291,M0383,2025-05-16,8,Gym Floor,67,Friday,2025-05,Early Morning
CI006292,M0383,2025-03-14,20,Gym Floor,75,Friday,2025-03,Night
CI006293,M0383,2025-03-06,7,Spin,58,Thursday,2025-03,Early Morning
CI006294,M0383,2025-05-21,8,Pilates,49,Wednesday,2025-05,Early Morning
CI006295,M0383,2025-07-07,7,Gym Floor,35,Monday,2025-07,Early Morning
CI006296,M0383,2025-04-04,9,Cardio,50,Friday,2025-04,Early Morning
CI006297,M0383,2025-07-24,12,HIIT,41,Thursday,2025-07,Morning
CI006298,M0383,2025-03-20,7,HIIT,84,Thursday,2025-03,Early Morning
CI006299,M0383,2025-07-30,16,Yoga,42,Wednesday,2025-07,Afternoon
CI006300,M0383,2025-03-20,18,Gym Floor,63,Thursday,2025-03,Evening
CI006301,M0383,2025-03-09,18,Pilates,68,Sunday,2025-03,Evening
CI006302,M0383,2025-07-13,18,Yoga,61,Sunday,2025-07,Evening
CI006303,M0383,2025-05-29,18,Spin,60,Thursday,2025-05,Evening
CI006304,M0383,2025-04-03,7,Strength Training,69,Thursday,2025-04,Early Morning
CI006305,M0383,2025-07-15,17,Spin,33,Tuesday,2025-07,Evening
CI006306,M0383,2025-07-18,16,Zumba,80,Friday,2025-07,Afternoon
CI006307,M0383,2025-06-21,7,Gym Floor,53,Saturday,2025-06,Early Morning
CI006308,M0383,2025-08-21,9,Strength Training,74,Thursday,2025-08,Early Morning
CI006309,M0383,2025-05-07,11,Spin,28,Wednesday,2025-05,Morning
CI006310,M0383,2025-04-01,17,Cardio,73,Tuesday,2025-04,Evening
CI006311,M0383,2025-04-07,19,Pilates,60,Monday,2025-04,Evening
CI006312,M0383,2025-08-27,9,Gym Floor,65,Wednesday,2025-08,Early Morning
CI006313,M0383,2025-03-08,18,Gym Floor,47,Saturday,2025-03,Evening
CI006314,M0383,2025-06-17,9,Spin,51,Tuesday,2025-06,Early Morning
CI006315,M0383,2025-07-05,7,Yoga,20,Saturday,2025-07,Early Morning
CI006316,M0384,2025-06-22,6,Gym Floor,51,Sunday,2025-06,Early Morning
CI006317,M0384,2025-06-24,18,Pilates,46,Tuesday,2025-06,Evening
CI006318,M0384,2025-06-13,7,Yoga,50,Friday,2025-06,Early Morning
CI006319,M0384,2025-06-14,6,Gym Floor,67,Saturday,2025-06,Early Morning
CI006320,M0384,2025-03-07,19,Cardio,40,Friday,2025-03,Evening
CI006321,M0384,2025-05-09,6,Cardio,38,Friday,2025-05,Early Morning
CI006322,M0384,2025-03-13,9,Yoga,56,Thursday,2025-03,Early Morning
CI006323,M0384,2025-08-28,16,Yoga,50,Thursday,2025-08,Afternoon
CI006324,M0384,2025-03-02,19,Gym Floor,70,Sunday,2025-03,Evening
CI006325,M0384,2025-06-24,6,Gym Floor,47,Tuesday,2025-06,Early Morning
CI006326,M0384,2025-03-25,8,Gym Floor,59,Tuesday,2025-03,Early Morning
CI006327,M0384,2025-03-27,17,Gym Floor,53,Thursday,2025-03,Evening
CI006328,M0384,2025-08-27,6,Cardio,40,Wednesday,2025-08,Early Morning
CI006329,M0384,2025-07-20,16,Zumba,25,Sunday,2025-07,Afternoon
CI006330,M0384,2025-04-28,20,Gym Floor,67,Monday,2025-04,Night
CI006331,M0384,2025-03-09,19,Gym Floor,61,Sunday,2025-03,Evening
CI006332,M0384,2025-07-06,18,Zumba,40,Sunday,2025-07,Evening
CI006333,M0384,2025-07-10,17,CrossFit,26,Thursday,2025-07,Evening
CI006334,M0384,2025-03-07,17,Zumba,44,Friday,2025-03,Evening
CI006335,M0384,2025-07-26,19,HIIT,49,Saturday,2025-07,Evening
CI006336,M0384,2025-04-16,12,Gym Floor,36,Wednesday,2025-04,Morning
CI006337,M0384,2025-07-23,11,Yoga,85,Wednesday,2025-07,Morning
CI006338,M0384,2025-03-04,16,Yoga,74,Tuesday,2025-03,Afternoon
CI006339,M0384,2025-06-14,6,Gym Floor,74,Saturday,2025-06,Early Morning
CI006340,M0384,2025-07-04,17,Gym Floor,55,Friday,2025-07,Evening
CI006341,M0384,2025-06-22,17,Gym Floor,66,Sunday,2025-06,Evening
CI006342,M0384,2025-08-23,17,Gym Floor,26,Saturday,2025-08,Evening
CI006343,M0384,2025-07-30,17,Gym Floor,36,Wednesday,2025-07,Evening
CI006344,M0384,2025-06-09,19,Pilates,57,Monday,2025-06,Evening
CI006345,M0384,2025-07-25,16,Gym Floor,41,Friday,2025-07,Afternoon
CI006346,M0384,2025-08-05,6,Gym Floor,60,Tuesday,2025-08,Early Morning
CI006347,M0384,2025-06-10,16,Gym Floor,85,Tuesday,2025-06,Afternoon
CI006348,M0384,2025-06-03,18,CrossFit,52,Tuesday,2025-06,Evening
CI006349,M0384,2025-08-12,21,Strength Training,91,Tuesday,2025-08,Night
CI006350,M0384,2025-07-10,19,Gym Floor,66,Thursday,2025-07,Evening
CI006351,M0384,2025-04-29,19,Gym Floor,73,Tuesday,2025-04,Evening
CI006352,M0384,2025-08-15,18,Gym Floor,64,Friday,2025-08,Evening
CI006353,M0384,2025-07-29,7,Pilates,86,Tuesday,2025-07,Early Morning
CI006354,M0384,2025-06-29,20,HIIT,77,Sunday,2025-06,Night
CI006355,M0385,2025-06-27,18,Spin,23,Friday,2025-06,Evening
CI006356,M0386,2025-04-21,17,HIIT,60,Monday,2025-04,Evening
CI006357,M0386,2025-08-02,6,Zumba,81,Saturday,2025-08,Early Morning
CI006358,M0386,2025-07-04,8,Strength Training,69,Friday,2025-07,Early Morning
CI006359,M0386,2025-05-26,17,Gym Floor,51,Monday,2025-05,Evening
CI006360,M0386,2025-08-26,18,HIIT,69,Tuesday,2025-08,Evening
CI006361,M0386,2025-07-20,6,Spin,55,Sunday,2025-07,Early Morning
CI006362,M0386,2025-07-25,7,Pilates,79,Friday,2025-07,Early Morning
CI006363,M0387,2025-04-15,9,HIIT,105,Tuesday,2025-04,Early Morning
CI006364,M0387,2025-07-19,6,Gym Floor,81,Saturday,2025-07,Early Morning
CI006365,M0387,2025-05-25,18,Cardio,84,Sunday,2025-05,Evening
CI006366,M0387,2025-05-20,18,Gym Floor,42,Tuesday,2025-05,Evening
CI006367,M0387,2025-05-05,18,Strength Training,66,Monday,2025-05,Evening
CI006368,M0387,2025-05-26,17,Gym Floor,65,Monday,2025-05,Evening
CI006369,M0387,2025-04-12,19,CrossFit,37,Saturday,2025-04,Evening
CI006370,M0387,2025-06-24,7,Gym Floor,63,Tuesday,2025-06,Early Morning
CI006371,M0387,2025-08-19,16,Gym Floor,20,Tuesday,2025-08,Afternoon
CI006372,M0387,2025-04-04,11,Gym Floor,69,Friday,2025-04,Morning
CI006373,M0388,2025-04-17,17,Gym Floor,31,Thursday,2025-04,Evening
CI006374,M0388,2025-07-21,16,Gym Floor,23,Monday,2025-07,Afternoon
CI006375,M0388,2025-05-06,17,Gym Floor,64,Tuesday,2025-05,Evening
CI006376,M0388,2025-05-01,18,Gym Floor,75,Thursday,2025-05,Evening
CI006377,M0389,2025-07-02,8,Pilates,46,Wednesday,2025-07,Early Morning
CI006378,M0389,2025-04-05,12,Yoga,77,Saturday,2025-04,Morning
CI006379,M0389,2025-06-12,16,CrossFit,51,Thursday,2025-06,Afternoon
CI006380,M0389,2025-06-16,11,Cardio,53,Monday,2025-06,Morning
CI006381,M0389,2025-03-06,19,Zumba,54,Thursday,2025-03,Evening
CI006382,M0389,2025-05-19,11,HIIT,29,Monday,2025-05,Morning
CI006383,M0389,2025-03-20,19,Pilates,27,Thursday,2025-03,Evening
CI006384,M0389,2025-08-31,6,Pilates,55,Sunday,2025-08,Early Morning
CI006385,M0389,2025-07-14,10,Zumba,29,Monday,2025-07,Morning
CI006386,M0389,2025-04-08,20,Zumba,99,Tuesday,2025-04,Night
CI006387,M0389,2025-04-02,19,Strength Training,64,Wednesday,2025-04,Evening
CI006388,M0389,2025-07-25,17,Yoga,52,Friday,2025-07,Evening
CI006389,M0389,2025-08-14,18,Spin,63,Thursday,2025-08,Evening
CI006390,M0389,2025-04-29,12,Gym Floor,54,Tuesday,2025-04,Morning
CI006391,M0389,2025-08-01,12,Gym Floor,68,Friday,2025-08,Morning
CI006392,M0389,2025-05-29,18,Gym Floor,20,Thursday,2025-05,Evening
CI006393,M0389,2025-03-09,10,Gym Floor,52,Sunday,2025-03,Morning
CI006394,M0389,2025-07-13,16,Zumba,47,Sunday,2025-07,Afternoon
CI006395,M0389,2025-04-07,17,Gym Floor,40,Monday,2025-04,Evening
CI006396,M0389,2025-07-20,6,Cardio,48,Sunday,2025-07,Early Morning
CI006397,M0389,2025-04-16,11,Cardio,69,Wednesday,2025-04,Morning
CI006398,M0389,2025-07-14,12,Gym Floor,53,Monday,2025-07,Morning
CI006399,M0389,2025-05-03,7,Spin,37,Saturday,2025-05,Early Morning
CI006400,M0389,2025-07-15,9,Gym Floor,69,Tuesday,2025-07,Early Morning
CI006401,M0389,2025-04-14,7,Gym Floor,54,Monday,2025-04,Early Morning
CI006402,M0389,2025-05-25,18,Pilates,58,Sunday,2025-05,Evening
CI006403,M0390,2025-08-20,19,Strength Training,56,Wednesday,2025-08,Evening
CI006404,M0390,2025-05-13,6,HIIT,56,Tuesday,2025-05,Early Morning
CI006405,M0390,2025-04-26,16,Yoga,32,Saturday,2025-04,Afternoon
CI006406,M0390,2025-08-01,11,Strength Training,66,Friday,2025-08,Morning
CI006407,M0390,2025-05-29,7,CrossFit,42,Thursday,2025-05,Early Morning
CI006408,M0390,2025-07-29,17,Gym Floor,24,Tuesday,2025-07,Evening
CI006409,M0390,2025-07-11,12,Zumba,66,Friday,2025-07,Morning
CI006410,M0390,2025-03-28,16,Zumba,59,Friday,2025-03,Afternoon
CI006411,M0390,2025-05-22,19,Gym Floor,64,Thursday,2025-05,Evening
CI006412,M0390,2025-07-05,19,Gym Floor,38,Saturday,2025-07,Evening
CI006413,M0390,2025-03-05,17,Gym Floor,39,Wednesday,2025-03,Evening
CI006414,M0390,2025-08-14,7,Gym Floor,50,Thursday,2025-08,Early Morning
CI006415,M0390,2025-03-28,8,Gym Floor,58,Friday,2025-03,Early Morning
CI006416,M0390,2025-06-17,8,Strength Training,42,Tuesday,2025-06,Early Morning
CI006417,M0390,2025-08-30,17,Strength Training,65,Saturday,2025-08,Evening
CI006418,M0390,2025-03-31,10,Gym Floor,33,Monday,2025-03,Morning
CI006419,M0390,2025-04-19,6,Pilates,74,Saturday,2025-04,Early Morning
CI006420,M0390,2025-07-23,21,Gym Floor,37,Wednesday,2025-07,Night
CI006421,M0390,2025-06-02,16,Zumba,58,Monday,2025-06,Afternoon
CI006422,M0390,2025-08-09,17,Zumba,25,Saturday,2025-08,Evening
CI006423,M0390,2025-07-27,9,Strength Training,74,Sunday,2025-07,Early Morning
CI006424,M0390,2025-03-25,17,Cardio,30,Tuesday,2025-03,Evening
CI006425,M0390,2025-08-17,17,CrossFit,52,Sunday,2025-08,Evening
CI006426,M0390,2025-07-17,8,Gym Floor,35,Thursday,2025-07,Early Morning
CI006427,M0390,2025-06-11,19,HIIT,53,Wednesday,2025-06,Evening
CI006428,M0390,2025-06-24,6,Gym Floor,57,Tuesday,2025-06,Early Morning
CI006429,M0390,2025-07-26,17,Spin,70,Saturday,2025-07,Evening
CI006430,M0390,2025-07-27,20,Gym Floor,56,Sunday,2025-07,Night
CI006431,M0390,2025-06-13,7,Pilates,59,Friday,2025-06,Early Morning
CI006432,M0390,2025-08-18,10,Gym Floor,63,Monday,2025-08,Morning
CI006433,M0390,2025-04-08,16,Cardio,40,Tuesday,2025-04,Afternoon
CI006434,M0390,2025-03-19,19,Zumba,76,Wednesday,2025-03,Evening
CI006435,M0390,2025-04-26,12,Gym Floor,33,Saturday,2025-04,Morning
CI006436,M0390,2025-04-07,10,Gym Floor,78,Monday,2025-04,Morning
CI006437,M0390,2025-07-11,18,Gym Floor,84,Friday,2025-07,Evening
CI006438,M0390,2025-08-11,19,Gym Floor,33,Monday,2025-08,Evening
CI006439,M0390,2025-07-17,17,Gym Floor,51,Thursday,2025-07,Evening
CI006440,M0390,2025-05-06,17,Gym Floor,61,Tuesday,2025-05,Evening
CI006441,M0390,2025-03-30,19,Gym Floor,64,Sunday,2025-03,Evening
CI006442,M0390,2025-03-29,21,Strength Training,38,Saturday,2025-03,Night
CI006443,M0391,2025-04-06,18,Gym Floor,61,Sunday,2025-04,Evening
CI006444,M0391,2025-03-29,7,Gym Floor,49,Saturday,2025-03,Early Morning
CI006445,M0391,2025-04-23,6,Yoga,64,Wednesday,2025-04,Early Morning
CI006446,M0391,2025-08-28,7,Gym Floor,74,Thursday,2025-08,Early Morning
CI006447,M0391,2025-04-20,17,Gym Floor,81,Sunday,2025-04,Evening
CI006448,M0391,2025-07-21,8,Gym Floor,60,Monday,2025-07,Early Morning
CI006449,M0391,2025-05-17,19,Gym Floor,58,Saturday,2025-05,Evening
CI006450,M0391,2025-06-06,18,Zumba,36,Friday,2025-06,Evening
CI006451,M0391,2025-04-07,19,Yoga,59,Monday,2025-04,Evening
CI006452,M0391,2025-07-07,9,Cardio,60,Monday,2025-07,Early Morning
CI006453,M0391,2025-05-11,8,HIIT,45,Sunday,2025-05,Early Morning
CI006454,M0391,2025-07-30,8,CrossFit,40,Wednesday,2025-07,Early Morning
CI006455,M0391,2025-07-04,6,Gym Floor,51,Friday,2025-07,Early Morning
CI006456,M0391,2025-03-15,19,Gym Floor,60,Saturday,2025-03,Evening
CI006457,M0391,2025-07-15,7,Zumba,75,Tuesday,2025-07,Early Morning
CI006458,M0391,2025-06-23,20,Spin,45,Monday,2025-06,Night
CI006459,M0391,2025-07-30,7,Gym Floor,21,Wednesday,2025-07,Early Morning
CI006460,M0391,2025-05-21,16,Gym Floor,75,Wednesday,2025-05,Afternoon
CI006461,M0391,2025-06-26,17,CrossFit,43,Thursday,2025-06,Evening
CI006462,M0391,2025-06-28,7,Cardio,48,Saturday,2025-06,Early Morning
CI006463,M0391,2025-04-21,19,Strength Training,84,Monday,2025-04,Evening
CI006464,M0391,2025-08-29,6,Gym Floor,42,Friday,2025-08,Early Morning
CI006465,M0392,2025-03-30,19,Strength Training,64,Sunday,2025-03,Evening
CI006466,M0392,2025-08-10,8,Gym Floor,112,Sunday,2025-08,Early Morning
CI006467,M0392,2025-08-27,12,Pilates,58,Wednesday,2025-08,Morning
CI006468,M0392,2025-04-15,6,Gym Floor,47,Tuesday,2025-04,Early Morning
CI006469,M0392,2025-06-03,6,Cardio,79,Tuesday,2025-06,Early Morning
CI006470,M0392,2025-04-06,17,Cardio,33,Sunday,2025-04,Evening
CI006471,M0392,2025-03-27,12,Gym Floor,20,Thursday,2025-03,Morning
CI006472,M0392,2025-08-16,17,Gym Floor,53,Saturday,2025-08,Evening
CI006473,M0392,2025-07-01,9,Gym Floor,86,Tuesday,2025-07,Early Morning
CI006474,M0392,2025-05-01,18,HIIT,40,Thursday,2025-05,Evening
CI006475,M0392,2025-07-22,17,Spin,48,Tuesday,2025-07,Evening
CI006476,M0392,2025-03-17,6,Strength Training,73,Monday,2025-03,Early Morning
CI006477,M0392,2025-03-01,6,Gym Floor,58,Saturday,2025-03,Early Morning
CI006478,M0393,2025-05-01,19,Gym Floor,59,Thursday,2025-05,Evening
CI006479,M0393,2025-04-16,8,CrossFit,55,Wednesday,2025-04,Early Morning
CI006480,M0394,2025-08-30,8,Gym Floor,71,Saturday,2025-08,Early Morning
CI006481,M0394,2025-08-04,10,Cardio,20,Monday,2025-08,Morning
CI006482,M0394,2025-08-25,9,Gym Floor,42,Monday,2025-08,Early Morning
CI006483,M0394,2025-05-15,19,Gym Floor,67,Thursday,2025-05,Evening
CI006484,M0394,2025-08-24,7,Gym Floor,63,Sunday,2025-08,Early Morning
CI006485,M0394,2025-04-25,7,Zumba,20,Friday,2025-04,Early Morning
CI006486,M0394,2025-07-18,18,Yoga,46,Friday,2025-07,Evening
CI006487,M0394,2025-06-25,19,HIIT,38,Wednesday,2025-06,Evening
CI006488,M0394,2025-04-22,19,Gym Floor,55,Tuesday,2025-04,Evening
CI006489,M0394,2025-05-09,19,Gym Floor,42,Friday,2025-05,Evening
CI006490,M0394,2025-07-08,8,Strength Training,61,Tuesday,2025-07,Early Morning
CI006491,M0394,2025-07-11,7,CrossFit,88,Friday,2025-07,Early Morning
CI006492,M0394,2025-08-05,18,CrossFit,59,Tuesday,2025-08,Evening
CI006493,M0394,2025-03-16,16,CrossFit,60,Sunday,2025-03,Afternoon
CI006494,M0394,2025-08-30,10,Gym Floor,48,Saturday,2025-08,Morning
CI006495,M0394,2025-05-22,19,Spin,24,Thursday,2025-05,Evening
CI006496,M0394,2025-05-28,18,Spin,71,Wednesday,2025-05,Evening
CI006497,M0394,2025-06-14,12,Gym Floor,69,Saturday,2025-06,Morning
CI006498,M0394,2025-06-04,19,HIIT,22,Wednesday,2025-06,Evening
CI006499,M0395,2025-07-27,7,Gym Floor,47,Sunday,2025-07,Early Morning
CI006500,M0395,2025-05-14,17,Gym Floor,67,Wednesday,2025-05,Evening
CI006501,M0395,2025-03-29,17,Gym Floor,43,Saturday,2025-03,Evening
CI006502,M0395,2025-05-18,8,Cardio,32,Sunday,2025-05,Early Morning
CI006503,M0395,2025-05-23,16,Gym Floor,44,Friday,2025-05,Afternoon
CI006504,M0395,2025-04-30,20,Cardio,85,Wednesday,2025-04,Night
CI006505,M0395,2025-08-15,9,Gym Floor,49,Friday,2025-08,Early Morning
CI006506,M0395,2025-08-30,19,Cardio,57,Saturday,2025-08,Evening
CI006507,M0395,2025-06-12,7,Strength Training,64,Thursday,2025-06,Early Morning
CI006508,M0395,2025-04-08,19,Strength Training,58,Tuesday,2025-04,Evening
CI006509,M0395,2025-04-23,18,Gym Floor,51,Wednesday,2025-04,Evening
CI006510,M0395,2025-08-28,17,Cardio,47,Thursday,2025-08,Evening
CI006511,M0395,2025-07-24,18,Gym Floor,43,Thursday,2025-07,Evening
CI006512,M0395,2025-08-04,10,Pilates,52,Monday,2025-08,Morning
CI006513,M0396,2025-06-14,18,Spin,63,Saturday,2025-06,Evening
CI006514,M0396,2025-06-05,19,HIIT,64,Thursday,2025-06,Evening
CI006515,M0396,2025-05-02,20,Yoga,84,Friday,2025-05,Night
CI006516,M0396,2025-07-03,11,HIIT,53,Thursday,2025-07,Morning
CI006517,M0396,2025-08-06,17,Zumba,35,Wednesday,2025-08,Evening
CI006518,M0396,2025-08-25,6,HIIT,73,Monday,2025-08,Early Morning
CI006519,M0396,2025-05-23,18,Gym Floor,69,Friday,2025-05,Evening
CI006520,M0396,2025-05-25,9,Gym Floor,70,Sunday,2025-05,Early Morning
CI006521,M0396,2025-05-07,6,HIIT,51,Wednesday,2025-05,Early Morning
CI006522,M0396,2025-07-28,18,Zumba,69,Monday,2025-07,Evening
CI006523,M0396,2025-06-29,10,Gym Floor,74,Sunday,2025-06,Morning
CI006524,M0396,2025-07-09,16,HIIT,45,Wednesday,2025-07,Afternoon
CI006525,M0396,2025-08-28,8,Zumba,62,Thursday,2025-08,Early Morning
CI006526,M0396,2025-07-14,19,Gym Floor,69,Monday,2025-07,Evening
CI006527,M0396,2025-06-19,19,Gym Floor,50,Thursday,2025-06,Evening
CI006528,M0396,2025-06-09,17,HIIT,44,Monday,2025-06,Evening
CI006529,M0396,2025-06-22,19,Gym Floor,56,Sunday,2025-06,Evening
CI006530,M0396,2025-04-22,7,Pilates,68,Tuesday,2025-04,Early Morning
CI006531,M0396,2025-08-29,11,Gym Floor,40,Friday,2025-08,Morning
CI006532,M0396,2025-08-13,16,Cardio,48,Wednesday,2025-08,Afternoon
CI006533,M0396,2025-05-13,19,Spin,42,Tuesday,2025-05,Evening
CI006534,M0396,2025-04-29,6,Cardio,66,Tuesday,2025-04,Early Morning
CI006535,M0396,2025-07-17,11,Cardio,43,Thursday,2025-07,Morning
CI006536,M0396,2025-04-11,10,Strength Training,20,Friday,2025-04,Morning
CI006537,M0396,2025-06-09,10,Gym Floor,45,Monday,2025-06,Morning
CI006538,M0396,2025-08-20,17,Cardio,35,Wednesday,2025-08,Evening
CI006539,M0396,2025-08-09,9,HIIT,55,Saturday,2025-08,Early Morning
CI006540,M0396,2025-05-06,11,Gym Floor,55,Tuesday,2025-05,Morning
CI006541,M0397,2025-08-16,20,Yoga,41,Saturday,2025-08,Night
CI006542,M0397,2025-07-02,20,Gym Floor,96,Wednesday,2025-07,Night
CI006543,M0397,2025-07-16,10,Cardio,40,Wednesday,2025-07,Morning
CI006544,M0397,2025-06-27,19,Gym Floor,71,Friday,2025-06,Evening
CI006545,M0397,2025-07-31,18,Cardio,40,Thursday,2025-07,Evening
CI006546,M0398,2025-07-06,10,Strength Training,60,Sunday,2025-07,Morning
CI006547,M0398,2025-05-02,19,Yoga,62,Friday,2025-05,Evening
CI006548,M0398,2025-06-27,19,Gym Floor,52,Friday,2025-06,Evening
CI006549,M0398,2025-06-25,12,HIIT,45,Wednesday,2025-06,Morning
CI006550,M0398,2025-08-10,12,Cardio,48,Sunday,2025-08,Morning
CI006551,M0398,2025-05-12,19,Strength Training,49,Monday,2025-05,Evening
CI006552,M0398,2025-05-31,18,Gym Floor,49,Saturday,2025-05,Evening
CI006553,M0398,2025-04-25,17,Gym Floor,39,Friday,2025-04,Evening
CI006554,M0398,2025-05-13,10,Gym Floor,46,Tuesday,2025-05,Morning
CI006555,M0398,2025-05-29,18,Gym Floor,40,Thursday,2025-05,Evening
CI006556,M0398,2025-05-05,11,Zumba,60,Monday,2025-05,Morning
CI006557,M0398,2025-08-16,20,Gym Floor,53,Saturday,2025-08,Night
CI006558,M0399,2025-05-06,12,Gym Floor,35,Tuesday,2025-05,Morning
CI006559,M0399,2025-04-22,17,CrossFit,58,Tuesday,2025-04,Evening
CI006560,M0399,2025-06-18,16,Gym Floor,70,Wednesday,2025-06,Afternoon
CI006561,M0399,2025-08-12,18,Gym Floor,85,Tuesday,2025-08,Evening
CI006562,M0399,2025-06-28,7,Strength Training,88,Saturday,2025-06,Early Morning
CI006563,M0399,2025-07-08,6,Gym Floor,31,Tuesday,2025-07,Early Morning
CI006564,M0399,2025-04-01,10,Zumba,75,Tuesday,2025-04,Morning
CI006565,M0399,2025-08-18,9,Cardio,69,Monday,2025-08,Early Morning
CI006566,M0399,2025-06-05,19,Spin,64,Thursday,2025-06,Evening
CI006567,M0399,2025-04-27,20,CrossFit,65,Sunday,2025-04,Night
CI006568,M0399,2025-04-27,19,Yoga,60,Sunday,2025-04,Evening
CI006569,M0399,2025-03-10,18,Gym Floor,78,Monday,2025-03,Evening
CI006570,M0399,2025-08-05,12,Gym Floor,50,Tuesday,2025-08,Morning
CI006571,M0399,2025-05-24,19,Gym Floor,51,Saturday,2025-05,Evening
CI006572,M0399,2025-03-08,18,Gym Floor,55,Saturday,2025-03,Evening
CI006573,M0399,2025-05-28,18,Zumba,65,Wednesday,2025-05,Evening
CI006574,M0399,2025-08-26,18,Gym Floor,31,Tuesday,2025-08,Evening
CI006575,M0399,2025-04-10,17,Pilates,45,Thursday,2025-04,Evening
CI006576,M0399,2025-08-10,17,Spin,75,Sunday,2025-08,Evening
CI006577,M0399,2025-08-24,17,Cardio,39,Sunday,2025-08,Evening
CI006578,M0399,2025-08-05,19,Cardio,80,Tuesday,2025-08,Evening
CI006579,M0399,2025-08-30,18,HIIT,58,Saturday,2025-08,Evening
CI006580,M0399,2025-05-04,7,Gym Floor,22,Sunday,2025-05,Early Morning
CI006581,M0399,2025-08-25,18,Strength Training,31,Monday,2025-08,Evening
CI006582,M0399,2025-05-01,16,Spin,42,Thursday,2025-05,Afternoon
CI006583,M0399,2025-04-29,17,Gym Floor,58,Tuesday,2025-04,Evening
CI006584,M0399,2025-03-07,8,Zumba,100,Friday,2025-03,Early Morning
CI006585,M0399,2025-05-12,12,Gym Floor,29,Monday,2025-05,Morning
CI006586,M0399,2025-08-21,19,Cardio,87,Thursday,2025-08,Evening
CI006587,M0399,2025-05-19,19,Cardio,30,Monday,2025-05,Evening
CI006588,M0399,2025-05-16,12,HIIT,60,Friday,2025-05,Morning
CI006589,M0399,2025-07-28,7,CrossFit,75,Monday,2025-07,Early Morning
CI006590,M0399,2025-04-16,18,Zumba,75,Wednesday,2025-04,Evening
CI006591,M0399,2025-05-01,11,Strength Training,53,Thursday,2025-05,Morning
CI006592,M0399,2025-07-31,18,Gym Floor,47,Thursday,2025-07,Evening
CI006593,M0399,2025-03-17,18,Zumba,40,Monday,2025-03,Evening
CI006594,M0399,2025-04-04,9,Pilates,77,Friday,2025-04,Early Morning
CI006595,M0399,2025-08-12,18,Gym Floor,46,Tuesday,2025-08,Evening
CI006596,M0399,2025-08-22,18,Pilates,48,Friday,2025-08,Evening
CI006597,M0399,2025-03-23,12,Gym Floor,62,Sunday,2025-03,Morning
CI006598,M0399,2025-04-04,17,Gym Floor,72,Friday,2025-04,Evening
CI006599,M0400,2025-07-19,11,Strength Training,58,Saturday,2025-07,Morning
CI006600,M0400,2025-08-11,19,Strength Training,55,Monday,2025-08,Evening
CI006601,M0400,2025-04-15,17,Gym Floor,51,Tuesday,2025-04,Evening
CI006602,M0400,2025-03-31,17,Yoga,86,Monday,2025-03,Evening
CI006603,M0400,2025-06-21,18,Gym Floor,51,Saturday,2025-06,Evening
CI006604,M0400,2025-04-07,19,Pilates,62,Monday,2025-04,Evening
CI006605,M0400,2025-04-22,9,Gym Floor,55,Tuesday,2025-04,Early Morning
CI006606,M0400,2025-03-16,16,Cardio,63,Sunday,2025-03,Afternoon
CI006607,M0400,2025-06-08,16,Gym Floor,50,Sunday,2025-06,Afternoon
CI006608,M0400,2025-08-18,20,HIIT,72,Monday,2025-08,Night
CI006609,M0400,2025-07-12,18,Gym Floor,38,Saturday,2025-07,Evening
CI006610,M0400,2025-05-31,19,Zumba,57,Saturday,2025-05,Evening
CI006611,M0400,2025-06-19,8,Spin,29,Thursday,2025-06,Early Morning
CI006612,M0401,2025-03-04,7,Pilates,44,Tuesday,2025-03,Early Morning
CI006613,M0401,2025-06-16,18,Zumba,20,Monday,2025-06,Evening
CI006614,M0401,2025-03-12,6,HIIT,57,Wednesday,2025-03,Early Morning
CI006615,M0401,2025-04-15,9,HIIT,65,Tuesday,2025-04,Early Morning
CI006616,M0401,2025-03-21,17,Gym Floor,79,Friday,2025-03,Evening
CI006617,M0401,2025-03-26,19,Gym Floor,79,Wednesday,2025-03,Evening
CI006618,M0401,2025-05-26,16,Gym Floor,54,Monday,2025-05,Afternoon
CI006619,M0401,2025-08-31,21,Yoga,64,Sunday,2025-08,Night
CI006620,M0401,2025-08-05,17,CrossFit,100,Tuesday,2025-08,Evening
CI006621,M0401,2025-03-05,16,HIIT,42,Wednesday,2025-03,Afternoon
CI006622,M0402,2025-08-01,9,Gym Floor,46,Friday,2025-08,Early Morning
CI006623,M0402,2025-08-14,18,Gym Floor,71,Thursday,2025-08,Evening
CI006624,M0402,2025-08-06,18,Spin,68,Wednesday,2025-08,Evening
CI006625,M0402,2025-05-04,7,Strength Training,42,Sunday,2025-05,Early Morning
CI006626,M0402,2025-07-21,7,CrossFit,83,Monday,2025-07,Early Morning
CI006627,M0402,2025-08-27,6,Yoga,70,Wednesday,2025-08,Early Morning
CI006628,M0402,2025-03-05,10,Zumba,50,Wednesday,2025-03,Morning
CI006629,M0403,2025-04-07,20,Spin,47,Monday,2025-04,Night
CI006630,M0403,2025-05-25,9,Gym Floor,52,Sunday,2025-05,Early Morning
CI006631,M0403,2025-08-31,19,Zumba,24,Sunday,2025-08,Evening
CI006632,M0403,2025-07-02,12,Zumba,80,Wednesday,2025-07,Morning
CI006633,M0403,2025-03-26,18,Spin,55,Wednesday,2025-03,Evening
CI006634,M0403,2025-07-31,10,CrossFit,20,Thursday,2025-07,Morning
CI006635,M0403,2025-03-12,17,Gym Floor,43,Wednesday,2025-03,Evening
CI006636,M0404,2025-04-16,12,Gym Floor,38,Wednesday,2025-04,Morning
CI006637,M0404,2025-07-06,7,HIIT,47,Sunday,2025-07,Early Morning
CI006638,M0404,2025-03-10,17,Yoga,43,Monday,2025-03,Evening
CI006639,M0404,2025-08-25,21,Spin,66,Monday,2025-08,Night
CI006640,M0404,2025-07-07,10,CrossFit,48,Monday,2025-07,Morning
CI006641,M0404,2025-07-20,19,Strength Training,40,Sunday,2025-07,Evening
CI006642,M0404,2025-03-25,18,Gym Floor,71,Tuesday,2025-03,Evening
CI006643,M0404,2025-06-17,18,Spin,54,Tuesday,2025-06,Evening
CI006644,M0404,2025-06-01,19,Strength Training,29,Sunday,2025-06,Evening
CI006645,M0404,2025-04-08,20,Cardio,61,Tuesday,2025-04,Night
CI006646,M0404,2025-08-22,6,Strength Training,51,Friday,2025-08,Early Morning
CI006647,M0404,2025-03-18,18,Gym Floor,71,Tuesday,2025-03,Evening
CI006648,M0404,2025-05-21,6,Pilates,59,Wednesday,2025-05,Early Morning
CI006649,M0404,2025-08-09,16,Gym Floor,55,Saturday,2025-08,Afternoon
CI006650,M0404,2025-03-14,10,Gym Floor,69,Friday,2025-03,Morning
CI006651,M0404,2025-06-05,6,Spin,47,Thursday,2025-06,Early Morning
CI006652,M0404,2025-08-21,9,Strength Training,32,Thursday,2025-08,Early Morning
CI006653,M0404,2025-08-19,6,Gym Floor,49,Tuesday,2025-08,Early Morning
CI006654,M0404,2025-07-07,7,Gym Floor,61,Monday,2025-07,Early Morning
CI006655,M0404,2025-04-05,10,Zumba,20,Saturday,2025-04,Morning
CI006656,M0404,2025-05-02,11,Cardio,60,Friday,2025-05,Morning
CI006657,M0404,2025-04-01,17,Zumba,41,Tuesday,2025-04,Evening
CI006658,M0405,2025-05-21,17,HIIT,54,Wednesday,2025-05,Evening
CI006659,M0405,2025-06-29,19,Cardio,32,Sunday,2025-06,Evening
CI006660,M0405,2025-06-23,8,Gym Floor,75,Monday,2025-06,Early Morning
CI006661,M0405,2025-07-10,6,Gym Floor,82,Thursday,2025-07,Early Morning
CI006662,M0405,2025-06-20,18,Gym Floor,85,Friday,2025-06,Evening
CI006663,M0405,2025-04-14,17,Gym Floor,58,Monday,2025-04,Evening
CI006664,M0407,2025-07-03,17,Gym Floor,48,Thursday,2025-07,Evening
CI006665,M0407,2025-03-21,8,Spin,40,Friday,2025-03,Early Morning
CI006666,M0407,2025-04-28,10,Gym Floor,30,Monday,2025-04,Morning
CI006667,M0407,2025-06-02,18,HIIT,26,Monday,2025-06,Evening
CI006668,M0407,2025-08-06,19,CrossFit,64,Wednesday,2025-08,Evening
CI006669,M0407,2025-04-01,18,Gym Floor,40,Tuesday,2025-04,Evening
CI006670,M0407,2025-07-21,6,CrossFit,64,Monday,2025-07,Early Morning
CI006671,M0407,2025-05-11,6,Zumba,27,Sunday,2025-05,Early Morning
CI006672,M0407,2025-07-07,17,Gym Floor,35,Monday,2025-07,Evening
CI006673,M0407,2025-08-21,17,Zumba,27,Thursday,2025-08,Evening
CI006674,M0407,2025-08-11,19,Gym Floor,59,Monday,2025-08,Evening
CI006675,M0407,2025-03-22,20,Strength Training,55,Saturday,2025-03,Night
CI006676,M0407,2025-05-14,17,Pilates,20,Wednesday,2025-05,Evening
CI006677,M0407,2025-05-20,9,Gym Floor,66,Tuesday,2025-05,Early Morning
CI006678,M0407,2025-04-14,20,Gym Floor,64,Monday,2025-04,Night
CI006679,M0408,2025-03-28,7,Gym Floor,56,Friday,2025-03,Early Morning
CI006680,M0408,2025-07-23,17,Gym Floor,85,Wednesday,2025-07,Evening
CI006681,M0408,2025-03-30,8,Pilates,41,Sunday,2025-03,Early Morning
CI006682,M0408,2025-07-16,7,Gym Floor,87,Wednesday,2025-07,Early Morning
CI006683,M0409,2025-04-25,6,CrossFit,57,Friday,2025-04,Early Morning
CI006684,M0409,2025-03-09,6,Gym Floor,33,Sunday,2025-03,Early Morning
CI006685,M0409,2025-05-06,19,Pilates,46,Tuesday,2025-05,Evening
CI006686,M0409,2025-06-22,7,Gym Floor,20,Sunday,2025-06,Early Morning
CI006687,M0409,2025-03-21,17,Cardio,72,Friday,2025-03,Evening
CI006688,M0409,2025-04-01,18,Gym Floor,58,Tuesday,2025-04,Evening
CI006689,M0409,2025-03-07,8,Yoga,56,Friday,2025-03,Early Morning
CI006690,M0409,2025-05-30,7,CrossFit,49,Friday,2025-05,Early Morning
CI006691,M0409,2025-06-15,6,HIIT,59,Sunday,2025-06,Early Morning
CI006692,M0409,2025-04-12,16,Gym Floor,66,Saturday,2025-04,Afternoon
CI006693,M0409,2025-05-10,9,Yoga,62,Saturday,2025-05,Early Morning
CI006694,M0409,2025-08-06,18,Pilates,52,Wednesday,2025-08,Evening
CI006695,M0409,2025-04-11,9,Strength Training,20,Friday,2025-04,Early Morning
CI006696,M0409,2025-07-27,18,Gym Floor,63,Sunday,2025-07,Evening
CI006697,M0409,2025-07-13,20,CrossFit,62,Sunday,2025-07,Night
CI006698,M0409,2025-06-09,18,Pilates,20,Monday,2025-06,Evening
CI006699,M0410,2025-07-02,7,CrossFit,64,Wednesday,2025-07,Early Morning
CI006700,M0410,2025-06-17,19,Pilates,46,Tuesday,2025-06,Evening
CI006701,M0410,2025-05-16,19,Gym Floor,51,Friday,2025-05,Evening
CI006702,M0410,2025-05-16,17,Gym Floor,38,Friday,2025-05,Evening
CI006703,M0410,2025-05-31,16,Spin,78,Saturday,2025-05,Afternoon
CI006704,M0410,2025-03-30,8,Strength Training,46,Sunday,2025-03,Early Morning
CI006705,M0410,2025-08-03,8,Gym Floor,63,Sunday,2025-08,Early Morning
CI006706,M0410,2025-03-02,6,HIIT,61,Sunday,2025-03,Early Morning
CI006707,M0410,2025-04-18,18,Strength Training,69,Friday,2025-04,Evening
CI006708,M0410,2025-06-26,9,Yoga,41,Thursday,2025-06,Early Morning
CI006709,M0410,2025-08-09,16,Cardio,71,Saturday,2025-08,Afternoon
CI006710,M0410,2025-06-04,10,Gym Floor,48,Wednesday,2025-06,Morning
CI006711,M0410,2025-03-25,10,Gym Floor,77,Tuesday,2025-03,Morning
CI006712,M0410,2025-06-23,19,Gym Floor,78,Monday,2025-06,Evening
CI006713,M0410,2025-06-15,7,Gym Floor,51,Sunday,2025-06,Early Morning
CI006714,M0410,2025-03-29,16,CrossFit,64,Saturday,2025-03,Afternoon
CI006715,M0410,2025-04-29,18,Cardio,33,Tuesday,2025-04,Evening
CI006716,M0410,2025-05-29,20,Pilates,72,Thursday,2025-05,Night
CI006717,M0410,2025-03-01,7,CrossFit,50,Saturday,2025-03,Early Morning
CI006718,M0410,2025-05-26,7,Gym Floor,34,Monday,2025-05,Early Morning
CI006719,M0410,2025-08-02,8,Yoga,44,Saturday,2025-08,Early Morning
CI006720,M0410,2025-06-19,12,Gym Floor,65,Thursday,2025-06,Morning
CI006721,M0410,2025-03-28,8,Cardio,41,Friday,2025-03,Early Morning
CI006722,M0410,2025-06-07,11,Gym Floor,91,Saturday,2025-06,Morning
CI006723,M0410,2025-03-07,16,Cardio,27,Friday,2025-03,Afternoon
CI006724,M0410,2025-05-30,8,Strength Training,55,Friday,2025-05,Early Morning
CI006725,M0411,2025-08-16,21,Cardio,62,Saturday,2025-08,Night
CI006726,M0411,2025-07-18,12,Gym Floor,47,Friday,2025-07,Morning
CI006727,M0411,2025-03-26,16,Gym Floor,48,Wednesday,2025-03,Afternoon
CI006728,M0411,2025-07-17,18,Gym Floor,34,Thursday,2025-07,Evening
CI006729,M0411,2025-06-10,9,Gym Floor,67,Tuesday,2025-06,Early Morning
CI006730,M0411,2025-07-20,18,CrossFit,78,Sunday,2025-07,Evening
CI006731,M0411,2025-03-09,17,Gym Floor,50,Sunday,2025-03,Evening
CI006732,M0411,2025-03-04,10,Gym Floor,50,Tuesday,2025-03,Morning
CI006733,M0411,2025-08-30,16,Pilates,52,Saturday,2025-08,Afternoon
CI006734,M0411,2025-08-04,8,Gym Floor,70,Monday,2025-08,Early Morning
CI006735,M0411,2025-04-28,17,Gym Floor,58,Monday,2025-04,Evening
CI006736,M0411,2025-07-09,12,Gym Floor,36,Wednesday,2025-07,Morning
CI006737,M0411,2025-03-21,19,HIIT,56,Friday,2025-03,Evening
CI006738,M0411,2025-05-27,7,HIIT,25,Tuesday,2025-05,Early Morning
CI006739,M0411,2025-07-26,18,Gym Floor,53,Saturday,2025-07,Evening
CI006740,M0411,2025-07-01,18,Gym Floor,52,Tuesday,2025-07,Evening
CI006741,M0411,2025-04-27,19,Zumba,40,Sunday,2025-04,Evening
CI006742,M0411,2025-06-09,10,Gym Floor,62,Monday,2025-06,Morning
CI006743,M0411,2025-07-05,9,Gym Floor,21,Saturday,2025-07,Early Morning
CI006744,M0411,2025-04-08,7,Yoga,51,Tuesday,2025-04,Early Morning
CI006745,M0411,2025-03-23,20,Zumba,61,Sunday,2025-03,Night
CI006746,M0411,2025-04-27,9,Pilates,65,Sunday,2025-04,Early Morning
CI006747,M0411,2025-03-25,18,Spin,83,Tuesday,2025-03,Evening
CI006748,M0411,2025-05-29,18,Gym Floor,27,Thursday,2025-05,Evening
CI006749,M0411,2025-07-12,18,Gym Floor,47,Saturday,2025-07,Evening
CI006750,M0411,2025-08-21,19,Gym Floor,60,Thursday,2025-08,Evening
CI006751,M0411,2025-03-11,9,Spin,93,Tuesday,2025-03,Early Morning
CI006752,M0411,2025-06-08,16,Gym Floor,75,Sunday,2025-06,Afternoon
CI006753,M0412,2025-04-05,16,Gym Floor,53,Saturday,2025-04,Afternoon
CI006754,M0412,2025-07-19,20,Yoga,60,Saturday,2025-07,Night
CI006755,M0412,2025-03-27,10,HIIT,44,Thursday,2025-03,Morning
CI006756,M0412,2025-05-04,9,Gym Floor,54,Sunday,2025-05,Early Morning
CI006757,M0412,2025-07-14,12,Gym Floor,29,Monday,2025-07,Morning
CI006758,M0412,2025-06-25,7,Cardio,30,Wednesday,2025-06,Early Morning
CI006759,M0412,2025-03-31,18,Yoga,43,Monday,2025-03,Evening
CI006760,M0412,2025-06-05,17,Zumba,58,Thursday,2025-06,Evening
CI006761,M0412,2025-06-25,16,Spin,96,Wednesday,2025-06,Afternoon
CI006762,M0412,2025-08-04,18,Gym Floor,85,Monday,2025-08,Evening
CI006763,M0412,2025-06-19,17,Gym Floor,54,Thursday,2025-06,Evening
CI006764,M0412,2025-06-08,17,Gym Floor,40,Sunday,2025-06,Evening
CI006765,M0412,2025-03-11,21,Spin,65,Tuesday,2025-03,Night
CI006766,M0412,2025-05-04,16,Yoga,67,Sunday,2025-05,Afternoon
CI006767,M0412,2025-04-17,6,Gym Floor,20,Thursday,2025-04,Early Morning
CI006768,M0412,2025-03-04,17,Gym Floor,39,Tuesday,2025-03,Evening
CI006769,M0412,2025-03-16,18,Spin,59,Sunday,2025-03,Evening
CI006770,M0412,2025-06-02,17,HIIT,21,Monday,2025-06,Evening
CI006771,M0412,2025-06-27,11,Gym Floor,60,Friday,2025-06,Morning
CI006772,M0412,2025-08-06,7,Strength Training,85,Wednesday,2025-08,Early Morning
CI006773,M0412,2025-08-30,20,Spin,92,Saturday,2025-08,Night
CI006774,M0412,2025-03-11,12,Gym Floor,65,Tuesday,2025-03,Morning
CI006775,M0412,2025-03-17,7,Zumba,57,Monday,2025-03,Early Morning
CI006776,M0412,2025-06-10,7,Strength Training,48,Tuesday,2025-06,Early Morning
CI006777,M0412,2025-08-24,16,Zumba,83,Sunday,2025-08,Afternoon
CI006778,M0412,2025-03-25,17,Gym Floor,35,Tuesday,2025-03,Evening
CI006779,M0412,2025-05-14,17,Gym Floor,36,Wednesday,2025-05,Evening
CI006780,M0412,2025-06-12,11,Yoga,62,Thursday,2025-06,Morning
CI006781,M0413,2025-07-22,17,Gym Floor,104,Tuesday,2025-07,Evening
CI006782,M0413,2025-04-16,19,Zumba,30,Wednesday,2025-04,Evening
CI006783,M0413,2025-03-15,18,Strength Training,48,Saturday,2025-03,Evening
CI006784,M0413,2025-07-05,18,Zumba,53,Saturday,2025-07,Evening
CI006785,M0413,2025-06-05,6,Gym Floor,33,Thursday,2025-06,Early Morning
CI006786,M0413,2025-08-21,8,Zumba,63,Thursday,2025-08,Early Morning
CI006787,M0414,2025-07-12,9,Gym Floor,86,Saturday,2025-07,Early Morning
CI006788,M0414,2025-03-12,17,Gym Floor,26,Wednesday,2025-03,Evening
CI006789,M0414,2025-07-08,6,Gym Floor,36,Tuesday,2025-07,Early Morning
CI006790,M0414,2025-07-05,19,Yoga,62,Saturday,2025-07,Evening
CI006791,M0414,2025-06-06,17,Gym Floor,70,Friday,2025-06,Evening
CI006792,M0414,2025-03-22,19,Gym Floor,39,Saturday,2025-03,Evening
CI006793,M0414,2025-08-26,6,Spin,83,Tuesday,2025-08,Early Morning
CI006794,M0414,2025-06-25,19,Cardio,33,Wednesday,2025-06,Evening
CI006795,M0414,2025-04-25,18,Gym Floor,61,Friday,2025-04,Evening
CI006796,M0414,2025-04-01,18,Strength Training,57,Tuesday,2025-04,Evening
CI006797,M0414,2025-06-10,8,Gym Floor,64,Tuesday,2025-06,Early Morning
CI006798,M0414,2025-03-01,17,Gym Floor,25,Saturday,2025-03,Evening
CI006799,M0414,2025-05-10,11,Gym Floor,42,Saturday,2025-05,Morning
CI006800,M0414,2025-06-18,16,Strength Training,71,Wednesday,2025-06,Afternoon
CI006801,M0414,2025-05-09,6,CrossFit,44,Friday,2025-05,Early Morning
CI006802,M0414,2025-07-09,12,Gym Floor,40,Wednesday,2025-07,Morning
CI006803,M0414,2025-03-18,19,Spin,26,Tuesday,2025-03,Evening
CI006804,M0414,2025-07-14,9,Gym Floor,46,Monday,2025-07,Early Morning
CI006805,M0414,2025-05-01,17,CrossFit,55,Thursday,2025-05,Evening
CI006806,M0414,2025-05-07,16,Yoga,63,Wednesday,2025-05,Afternoon
CI006807,M0414,2025-06-22,18,Strength Training,47,Sunday,2025-06,Evening
CI006808,M0414,2025-06-22,6,CrossFit,80,Sunday,2025-06,Early Morning
CI006809,M0414,2025-07-03,7,Gym Floor,20,Thursday,2025-07,Early Morning
CI006810,M0414,2025-04-14,7,Spin,20,Monday,2025-04,Early Morning
CI006811,M0414,2025-08-05,20,HIIT,52,Tuesday,2025-08,Night
CI006812,M0414,2025-07-12,6,Gym Floor,51,Saturday,2025-07,Early Morning
CI006813,M0414,2025-06-09,10,Cardio,46,Monday,2025-06,Morning
CI006814,M0414,2025-03-16,10,Cardio,57,Sunday,2025-03,Morning
CI006815,M0414,2025-08-23,20,Gym Floor,68,Saturday,2025-08,Night
CI006816,M0414,2025-06-09,8,Gym Floor,69,Monday,2025-06,Early Morning
CI006817,M0414,2025-08-30,16,Cardio,61,Saturday,2025-08,Afternoon
CI006818,M0414,2025-06-18,17,Strength Training,42,Wednesday,2025-06,Evening
CI006819,M0414,2025-03-09,16,Gym Floor,70,Sunday,2025-03,Afternoon
CI006820,M0415,2025-05-28,19,Gym Floor,88,Wednesday,2025-05,Evening
CI006821,M0415,2025-06-07,10,Spin,36,Saturday,2025-06,Morning
CI006822,M0415,2025-03-24,7,HIIT,40,Monday,2025-03,Early Morning
CI006823,M0415,2025-07-06,18,Gym Floor,49,Sunday,2025-07,Evening
CI006824,M0415,2025-05-24,18,Strength Training,36,Saturday,2025-05,Evening
CI006825,M0415,2025-04-22,18,Strength Training,46,Tuesday,2025-04,Evening
CI006826,M0415,2025-06-18,19,Yoga,52,Wednesday,2025-06,Evening
CI006827,M0415,2025-07-09,7,Gym Floor,48,Wednesday,2025-07,Early Morning
CI006828,M0415,2025-03-24,6,Gym Floor,85,Monday,2025-03,Early Morning
CI006829,M0415,2025-08-19,20,Strength Training,52,Tuesday,2025-08,Night
CI006830,M0415,2025-04-14,20,Gym Floor,60,Monday,2025-04,Night
CI006831,M0415,2025-06-11,8,Gym Floor,38,Wednesday,2025-06,Early Morning
CI006832,M0415,2025-07-27,20,Cardio,58,Sunday,2025-07,Night
CI006833,M0415,2025-03-12,18,Strength Training,20,Wednesday,2025-03,Evening
CI006834,M0415,2025-04-02,17,Zumba,54,Wednesday,2025-04,Evening
CI006835,M0415,2025-05-24,7,Cardio,62,Saturday,2025-05,Early Morning
CI006836,M0415,2025-06-06,9,Gym Floor,87,Friday,2025-06,Early Morning
CI006837,M0415,2025-08-05,18,Zumba,31,Tuesday,2025-08,Evening
CI006838,M0415,2025-07-27,18,Cardio,40,Sunday,2025-07,Evening
CI006839,M0415,2025-07-05,7,CrossFit,47,Saturday,2025-07,Early Morning
CI006840,M0415,2025-08-29,19,HIIT,77,Friday,2025-08,Evening
CI006841,M0415,2025-07-08,8,CrossFit,57,Tuesday,2025-07,Early Morning
CI006842,M0415,2025-06-15,6,Cardio,66,Sunday,2025-06,Early Morning
CI006843,M0415,2025-06-25,10,Spin,48,Wednesday,2025-06,Morning
CI006844,M0415,2025-08-31,18,Spin,98,Sunday,2025-08,Evening
CI006845,M0415,2025-04-25,18,Gym Floor,44,Friday,2025-04,Evening
CI006846,M0415,2025-03-28,11,Gym Floor,63,Friday,2025-03,Morning
CI006847,M0415,2025-07-13,9,Cardio,32,Sunday,2025-07,Early Morning
CI006848,M0415,2025-03-10,21,Gym Floor,86,Monday,2025-03,Night
CI006849,M0416,2025-04-27,7,Gym Floor,74,Sunday,2025-04,Early Morning
CI006850,M0416,2025-06-13,7,Pilates,45,Friday,2025-06,Early Morning
CI006851,M0416,2025-03-22,17,Gym Floor,80,Saturday,2025-03,Evening
CI006852,M0417,2025-07-10,17,HIIT,33,Thursday,2025-07,Evening
CI006853,M0417,2025-06-16,8,Gym Floor,57,Monday,2025-06,Early Morning
CI006854,M0417,2025-07-12,17,Gym Floor,43,Saturday,2025-07,Evening
CI006855,M0417,2025-08-17,9,Gym Floor,55,Sunday,2025-08,Early Morning
CI006856,M0417,2025-06-04,7,Pilates,24,Wednesday,2025-06,Early Morning
CI006857,M0417,2025-08-26,18,Yoga,40,Tuesday,2025-08,Evening
CI006858,M0417,2025-04-20,6,Gym Floor,74,Sunday,2025-04,Early Morning
CI006859,M0417,2025-05-20,17,Gym Floor,52,Tuesday,2025-05,Evening
CI006860,M0417,2025-04-28,16,Gym Floor,20,Monday,2025-04,Afternoon
CI006861,M0417,2025-05-05,20,Gym Floor,29,Monday,2025-05,Night
CI006862,M0417,2025-07-25,9,CrossFit,55,Friday,2025-07,Early Morning
CI006863,M0417,2025-08-18,12,Gym Floor,42,Monday,2025-08,Morning
CI006864,M0417,2025-06-11,17,Gym Floor,48,Wednesday,2025-06,Evening
CI006865,M0417,2025-07-19,19,Strength Training,34,Saturday,2025-07,Evening
CI006866,M0417,2025-07-04,18,Yoga,29,Friday,2025-07,Evening
CI006867,M0417,2025-08-20,20,Gym Floor,38,Wednesday,2025-08,Night
CI006868,M0417,2025-05-23,20,Gym Floor,69,Friday,2025-05,Night
CI006869,M0417,2025-07-18,18,Gym Floor,35,Friday,2025-07,Evening
CI006870,M0417,2025-03-10,19,Cardio,50,Monday,2025-03,Evening
CI006871,M0417,2025-04-26,6,Pilates,63,Saturday,2025-04,Early Morning
CI006872,M0417,2025-05-20,6,Gym Floor,83,Tuesday,2025-05,Early Morning
CI006873,M0417,2025-04-21,8,Strength Training,28,Monday,2025-04,Early Morning
CI006874,M0417,2025-08-25,7,Yoga,53,Monday,2025-08,Early Morning
CI006875,M0417,2025-04-03,21,Strength Training,52,Thursday,2025-04,Night
CI006876,M0417,2025-03-13,8,Zumba,35,Thursday,2025-03,Early Morning
CI006877,M0417,2025-08-16,19,Gym Floor,46,Saturday,2025-08,Evening
CI006878,M0417,2025-05-08,8,Yoga,73,Thursday,2025-05,Early Morning
CI006879,M0417,2025-03-28,12,HIIT,39,Friday,2025-03,Morning
CI006880,M0417,2025-07-28,6,Cardio,61,Monday,2025-07,Early Morning
CI006881,M0417,2025-06-05,17,Zumba,64,Thursday,2025-06,Evening
CI006882,M0417,2025-07-01,17,Gym Floor,44,Tuesday,2025-07,Evening
CI006883,M0418,2025-04-03,10,Gym Floor,57,Thursday,2025-04,Morning
CI006884,M0418,2025-06-15,18,Pilates,49,Sunday,2025-06,Evening
CI006885,M0418,2025-05-13,16,Gym Floor,20,Tuesday,2025-05,Afternoon
CI006886,M0418,2025-05-18,17,CrossFit,49,Sunday,2025-05,Evening
CI006887,M0418,2025-06-28,17,HIIT,65,Saturday,2025-06,Evening
CI006888,M0418,2025-08-28,17,Zumba,36,Thursday,2025-08,Evening
CI006889,M0418,2025-06-30,6,Gym Floor,52,Monday,2025-06,Early Morning
CI006890,M0418,2025-05-23,7,Spin,91,Friday,2025-05,Early Morning
CI006891,M0418,2025-08-24,8,CrossFit,46,Sunday,2025-08,Early Morning
CI006892,M0418,2025-03-26,20,Gym Floor,86,Wednesday,2025-03,Night
CI006893,M0418,2025-03-12,21,CrossFit,56,Wednesday,2025-03,Night
CI006894,M0418,2025-05-02,16,Cardio,71,Friday,2025-05,Afternoon
CI006895,M0418,2025-08-24,7,Gym Floor,71,Sunday,2025-08,Early Morning
CI006896,M0418,2025-08-30,9,Zumba,57,Saturday,2025-08,Early Morning
CI006897,M0418,2025-03-21,16,Strength Training,66,Friday,2025-03,Afternoon
CI006898,M0419,2025-07-18,19,CrossFit,37,Friday,2025-07,Evening
CI006899,M0419,2025-07-28,7,Zumba,81,Monday,2025-07,Early Morning
CI006900,M0419,2025-08-01,19,Cardio,66,Friday,2025-08,Evening
CI006901,M0419,2025-03-03,17,Gym Floor,34,Monday,2025-03,Evening
CI006902,M0419,2025-03-31,7,Gym Floor,85,Monday,2025-03,Early Morning
CI006903,M0419,2025-07-15,8,Gym Floor,39,Tuesday,2025-07,Early Morning
CI006904,M0419,2025-03-09,10,Gym Floor,41,Sunday,2025-03,Morning
CI006905,M0419,2025-05-29,6,Pilates,62,Thursday,2025-05,Early Morning
CI006906,M0419,2025-05-20,10,Pilates,69,Tuesday,2025-05,Morning
CI006907,M0419,2025-06-09,6,Spin,73,Monday,2025-06,Early Morning
CI006908,M0419,2025-04-25,7,Cardio,48,Friday,2025-04,Early Morning
CI006909,M0419,2025-05-26,18,Gym Floor,37,Monday,2025-05,Evening
CI006910,M0419,2025-03-10,18,Pilates,35,Monday,2025-03,Evening
CI006911,M0419,2025-05-30,7,Gym Floor,34,Friday,2025-05,Early Morning
CI006912,M0419,2025-06-20,6,Gym Floor,59,Friday,2025-06,Early Morning
CI006913,M0419,2025-08-24,12,Spin,21,Sunday,2025-08,Morning
CI006914,M0419,2025-04-10,19,Zumba,79,Thursday,2025-04,Evening
CI006915,M0419,2025-07-05,10,CrossFit,33,Saturday,2025-07,Morning
CI006916,M0419,2025-05-23,21,HIIT,66,Friday,2025-05,Night
CI006917,M0419,2025-03-31,6,HIIT,49,Monday,2025-03,Early Morning
CI006918,M0419,2025-05-25,19,Spin,60,Sunday,2025-05,Evening
CI006919,M0419,2025-03-22,8,Gym Floor,48,Saturday,2025-03,Early Morning
CI006920,M0419,2025-06-11,17,Cardio,35,Wednesday,2025-06,Evening
CI006921,M0419,2025-04-16,8,HIIT,56,Wednesday,2025-04,Early Morning
CI006922,M0420,2025-06-13,6,Gym Floor,41,Friday,2025-06,Early Morning
CI006923,M0420,2025-04-06,18,Cardio,55,Sunday,2025-04,Evening
CI006924,M0420,2025-06-30,18,Gym Floor,75,Monday,2025-06,Evening
CI006925,M0420,2025-05-10,9,Gym Floor,68,Saturday,2025-05,Early Morning
CI006926,M0420,2025-04-01,16,Gym Floor,78,Tuesday,2025-04,Afternoon
CI006927,M0420,2025-05-04,8,Gym Floor,54,Sunday,2025-05,Early Morning
CI006928,M0420,2025-08-31,9,Pilates,52,Sunday,2025-08,Early Morning
CI006929,M0421,2025-08-21,19,Gym Floor,52,Thursday,2025-08,Evening
CI006930,M0421,2025-04-21,7,Cardio,66,Monday,2025-04,Early Morning
CI006931,M0421,2025-03-13,16,HIIT,57,Thursday,2025-03,Afternoon
CI006932,M0421,2025-08-01,12,Gym Floor,44,Friday,2025-08,Morning
CI006933,M0421,2025-06-26,10,Gym Floor,44,Thursday,2025-06,Morning
CI006934,M0421,2025-05-11,17,Gym Floor,20,Sunday,2025-05,Evening
CI006935,M0421,2025-05-16,18,Gym Floor,107,Friday,2025-05,Evening
CI006936,M0422,2025-04-20,6,Gym Floor,44,Sunday,2025-04,Early Morning
CI006937,M0422,2025-07-22,19,Gym Floor,29,Tuesday,2025-07,Evening
CI006938,M0422,2025-04-25,18,Pilates,96,Friday,2025-04,Evening
CI006939,M0422,2025-04-29,17,Gym Floor,56,Tuesday,2025-04,Evening
CI006940,M0422,2025-03-23,17,Gym Floor,53,Sunday,2025-03,Evening
CI006941,M0422,2025-06-07,9,Gym Floor,47,Saturday,2025-06,Early Morning
CI006942,M0422,2025-06-24,8,Cardio,47,Tuesday,2025-06,Early Morning
CI006943,M0422,2025-08-24,19,Gym Floor,45,Sunday,2025-08,Evening
CI006944,M0422,2025-07-08,11,Gym Floor,77,Tuesday,2025-07,Morning
CI006945,M0422,2025-07-31,18,Gym Floor,69,Thursday,2025-07,Evening
CI006946,M0422,2025-03-29,16,Pilates,54,Saturday,2025-03,Afternoon
CI006947,M0422,2025-04-01,20,Gym Floor,47,Tuesday,2025-04,Night
CI006948,M0422,2025-06-07,17,Strength Training,48,Saturday,2025-06,Evening
CI006949,M0423,2025-04-01,18,Gym Floor,20,Tuesday,2025-04,Evening
CI006950,M0423,2025-04-26,10,CrossFit,49,Saturday,2025-04,Morning
CI006951,M0423,2025-07-12,8,Gym Floor,49,Saturday,2025-07,Early Morning
CI006952,M0423,2025-04-30,7,Gym Floor,60,Wednesday,2025-04,Early Morning
CI006953,M0423,2025-07-30,12,Gym Floor,29,Wednesday,2025-07,Morning
CI006954,M0423,2025-03-20,18,Zumba,67,Thursday,2025-03,Evening
CI006955,M0423,2025-06-13,19,Gym Floor,58,Friday,2025-06,Evening
CI006956,M0423,2025-05-02,17,Gym Floor,77,Friday,2025-05,Evening
CI006957,M0423,2025-08-18,7,Pilates,52,Monday,2025-08,Early Morning
CI006958,M0423,2025-08-31,11,Gym Floor,63,Sunday,2025-08,Morning
CI006959,M0423,2025-07-24,7,Gym Floor,47,Thursday,2025-07,Early Morning
CI006960,M0423,2025-07-15,17,Cardio,41,Tuesday,2025-07,Evening
CI006961,M0423,2025-05-24,21,Gym Floor,37,Saturday,2025-05,Night
CI006962,M0423,2025-03-20,19,Spin,93,Thursday,2025-03,Evening
CI006963,M0423,2025-05-10,12,Gym Floor,52,Saturday,2025-05,Morning
CI006964,M0423,2025-08-29,17,Gym Floor,60,Friday,2025-08,Evening
CI006965,M0423,2025-07-19,16,Spin,77,Saturday,2025-07,Afternoon
CI006966,M0423,2025-05-20,6,Gym Floor,53,Tuesday,2025-05,Early Morning
CI006967,M0423,2025-05-19,8,Gym Floor,63,Monday,2025-05,Early Morning
CI006968,M0423,2025-03-12,18,Gym Floor,62,Wednesday,2025-03,Evening
CI006969,M0423,2025-07-23,16,Spin,65,Wednesday,2025-07,Afternoon
CI006970,M0423,2025-04-18,9,CrossFit,40,Friday,2025-04,Early Morning
CI006971,M0423,2025-04-07,19,Gym Floor,88,Monday,2025-04,Evening
CI006972,M0423,2025-07-26,8,Zumba,72,Saturday,2025-07,Early Morning
CI006973,M0424,2025-05-22,19,Gym Floor,57,Thursday,2025-05,Evening
CI006974,M0424,2025-05-18,6,Zumba,62,Sunday,2025-05,Early Morning
CI006975,M0424,2025-03-15,16,Zumba,34,Saturday,2025-03,Afternoon
CI006976,M0424,2025-08-08,6,Pilates,78,Friday,2025-08,Early Morning
CI006977,M0424,2025-04-06,7,Gym Floor,46,Sunday,2025-04,Early Morning
CI006978,M0424,2025-08-24,19,Strength Training,49,Sunday,2025-08,Evening
CI006979,M0424,2025-03-07,9,Gym Floor,48,Friday,2025-03,Early Morning
CI006980,M0424,2025-04-25,17,Gym Floor,62,Friday,2025-04,Evening
CI006981,M0424,2025-05-11,20,Zumba,20,Sunday,2025-05,Night
CI006982,M0424,2025-03-01,6,Gym Floor,70,Saturday,2025-03,Early Morning
CI006983,M0424,2025-06-01,8,Pilates,63,Sunday,2025-06,Early Morning
CI006984,M0424,2025-05-07,17,Yoga,42,Wednesday,2025-05,Evening
CI006985,M0424,2025-05-29,18,Spin,38,Thursday,2025-05,Evening
CI006986,M0424,2025-08-08,19,Gym Floor,82,Friday,2025-08,Evening
CI006987,M0424,2025-03-27,10,Gym Floor,22,Thursday,2025-03,Morning
CI006988,M0424,2025-06-11,10,Gym Floor,61,Wednesday,2025-06,Morning
CI006989,M0424,2025-04-06,18,Cardio,38,Sunday,2025-04,Evening
CI006990,M0424,2025-06-17,16,Zumba,77,Tuesday,2025-06,Afternoon
CI006991,M0424,2025-05-21,18,Cardio,20,Wednesday,2025-05,Evening
CI006992,M0424,2025-03-30,19,HIIT,100,Sunday,2025-03,Evening
CI006993,M0424,2025-07-14,17,Yoga,70,Monday,2025-07,Evening
CI006994,M0424,2025-07-18,18,Gym Floor,39,Friday,2025-07,Evening
CI006995,M0424,2025-08-29,8,Gym Floor,77,Friday,2025-08,Early Morning
CI006996,M0424,2025-05-03,9,HIIT,58,Saturday,2025-05,Early Morning
CI006997,M0424,2025-03-31,18,Gym Floor,62,Monday,2025-03,Evening
CI006998,M0424,2025-05-24,11,Pilates,51,Saturday,2025-05,Morning
CI006999,M0424,2025-07-29,9,Gym Floor,62,Tuesday,2025-07,Early Morning
CI007000,M0424,2025-04-20,19,CrossFit,49,Sunday,2025-04,Evening
CI007001,M0424,2025-05-29,16,CrossFit,48,Thursday,2025-05,Afternoon
CI007002,M0424,2025-05-14,16,Gym Floor,44,Wednesday,2025-05,Afternoon
CI007003,M0424,2025-06-19,17,Yoga,54,Thursday,2025-06,Evening
CI007004,M0424,2025-06-08,7,Strength Training,63,Sunday,2025-06,Early Morning
CI007005,M0424,2025-05-23,10,Gym Floor,56,Friday,2025-05,Morning
CI007006,M0424,2025-04-20,17,Strength Training,20,Sunday,2025-04,Evening
CI007007,M0424,2025-08-23,19,Gym Floor,98,Saturday,2025-08,Evening
CI007008,M0424,2025-05-10,19,Spin,51,Saturday,2025-05,Evening
CI007009,M0424,2025-06-11,8,Pilates,53,Wednesday,2025-06,Early Morning
CI007010,M0424,2025-04-26,7,Gym Floor,118,Saturday,2025-04,Early Morning
CI007011,M0424,2025-03-31,19,Gym Floor,58,Monday,2025-03,Evening
CI007012,M0424,2025-08-02,17,Gym Floor,91,Saturday,2025-08,Evening
CI007013,M0424,2025-05-24,19,Strength Training,69,Saturday,2025-05,Evening
CI007014,M0424,2025-07-14,19,CrossFit,61,Monday,2025-07,Evening
CI007015,M0424,2025-03-27,11,Gym Floor,75,Thursday,2025-03,Morning
CI007016,M0424,2025-03-20,7,Gym Floor,62,Thursday,2025-03,Early Morning
CI007017,M0424,2025-06-01,17,Spin,35,Sunday,2025-06,Evening
CI007018,M0424,2025-07-31,21,Spin,40,Thursday,2025-07,Night
CI007019,M0424,2025-05-01,6,Strength Training,30,Thursday,2025-05,Early Morning
CI007020,M0424,2025-05-06,7,Strength Training,31,Tuesday,2025-05,Early Morning
CI007021,M0425,2025-07-07,8,Gym Floor,34,Monday,2025-07,Early Morning
CI007022,M0425,2025-07-28,16,Gym Floor,47,Monday,2025-07,Afternoon
CI007023,M0425,2025-08-04,11,Cardio,45,Monday,2025-08,Morning
CI007024,M0425,2025-06-10,16,Pilates,42,Tuesday,2025-06,Afternoon
CI007025,M0425,2025-06-15,16,Yoga,60,Sunday,2025-06,Afternoon
CI007026,M0425,2025-08-14,18,Gym Floor,33,Thursday,2025-08,Evening
CI007027,M0425,2025-06-19,6,Spin,67,Thursday,2025-06,Early Morning
CI007028,M0425,2025-05-06,6,Cardio,48,Tuesday,2025-05,Early Morning
CI007029,M0425,2025-04-16,21,Zumba,48,Wednesday,2025-04,Night
CI007030,M0425,2025-07-22,16,Gym Floor,71,Tuesday,2025-07,Afternoon
CI007031,M0425,2025-07-12,17,CrossFit,25,Saturday,2025-07,Evening
CI007032,M0425,2025-08-03,21,Zumba,56,Sunday,2025-08,Night
CI007033,M0425,2025-07-07,18,Pilates,50,Monday,2025-07,Evening
CI007034,M0425,2025-03-18,19,Yoga,49,Tuesday,2025-03,Evening
CI007035,M0425,2025-05-13,18,Strength Training,86,Tuesday,2025-05,Evening
CI007036,M0425,2025-03-16,6,HIIT,42,Sunday,2025-03,Early Morning
CI007037,M0425,2025-08-11,11,Gym Floor,48,Monday,2025-08,Morning
CI007038,M0425,2025-05-10,17,Pilates,55,Saturday,2025-05,Evening
CI007039,M0425,2025-08-13,11,Strength Training,71,Wednesday,2025-08,Morning
CI007040,M0425,2025-03-30,10,Gym Floor,70,Sunday,2025-03,Morning
CI007041,M0425,2025-03-04,8,Gym Floor,52,Tuesday,2025-03,Early Morning
CI007042,M0425,2025-04-20,20,Strength Training,31,Sunday,2025-04,Night
CI007043,M0425,2025-03-20,18,Strength Training,53,Thursday,2025-03,Evening
CI007044,M0425,2025-08-29,20,Gym Floor,65,Friday,2025-08,Night
CI007045,M0425,2025-05-19,8,Gym Floor,73,Monday,2025-05,Early Morning
CI007046,M0425,2025-07-24,8,Gym Floor,41,Thursday,2025-07,Early Morning
CI007047,M0425,2025-05-05,6,Spin,60,Monday,2025-05,Early Morning
CI007048,M0426,2025-07-30,16,Zumba,33,Wednesday,2025-07,Afternoon
CI007049,M0426,2025-08-09,9,HIIT,54,Saturday,2025-08,Early Morning
CI007050,M0426,2025-05-23,16,Gym Floor,72,Friday,2025-05,Afternoon
CI007051,M0426,2025-05-04,17,CrossFit,60,Sunday,2025-05,Evening
CI007052,M0426,2025-08-29,11,Gym Floor,67,Friday,2025-08,Morning
CI007053,M0426,2025-08-18,19,Zumba,31,Monday,2025-08,Evening
CI007054,M0426,2025-05-06,21,Spin,61,Tuesday,2025-05,Night
CI007055,M0426,2025-08-05,8,CrossFit,56,Tuesday,2025-08,Early Morning
CI007056,M0426,2025-05-06,16,CrossFit,35,Tuesday,2025-05,Afternoon
CI007057,M0426,2025-07-18,7,Gym Floor,66,Friday,2025-07,Early Morning
CI007058,M0426,2025-06-28,17,Gym Floor,42,Saturday,2025-06,Evening
CI007059,M0426,2025-05-22,11,Gym Floor,32,Thursday,2025-05,Morning
CI007060,M0426,2025-07-30,17,Gym Floor,54,Wednesday,2025-07,Evening
CI007061,M0426,2025-06-02,12,Gym Floor,47,Monday,2025-06,Morning
CI007062,M0426,2025-03-24,9,Pilates,43,Monday,2025-03,Early Morning
CI007063,M0426,2025-06-04,10,Pilates,34,Wednesday,2025-06,Morning
CI007064,M0426,2025-07-13,20,Gym Floor,53,Sunday,2025-07,Night
CI007065,M0426,2025-06-30,18,Spin,72,Monday,2025-06,Evening
CI007066,M0426,2025-03-14,18,Gym Floor,42,Friday,2025-03,Evening
CI007067,M0426,2025-07-25,19,Gym Floor,66,Friday,2025-07,Evening
CI007068,M0426,2025-03-27,20,Strength Training,29,Thursday,2025-03,Night
CI007069,M0426,2025-04-30,6,CrossFit,43,Wednesday,2025-04,Early Morning
CI007070,M0426,2025-05-16,17,Yoga,23,Friday,2025-05,Evening
CI007071,M0426,2025-05-31,7,Gym Floor,73,Saturday,2025-05,Early Morning
CI007072,M0426,2025-05-20,17,Gym Floor,31,Tuesday,2025-05,Evening
CI007073,M0426,2025-03-22,12,Yoga,70,Saturday,2025-03,Morning
CI007074,M0426,2025-07-31,18,Spin,65,Thursday,2025-07,Evening
CI007075,M0426,2025-06-06,8,Strength Training,53,Friday,2025-06,Early Morning
CI007076,M0426,2025-05-05,18,Gym Floor,75,Monday,2025-05,Evening
CI007077,M0427,2025-05-02,17,Gym Floor,67,Friday,2025-05,Evening
CI007078,M0427,2025-04-28,7,Gym Floor,71,Monday,2025-04,Early Morning
CI007079,M0427,2025-07-24,16,Spin,66,Thursday,2025-07,Afternoon
CI007080,M0427,2025-08-16,9,Zumba,48,Saturday,2025-08,Early Morning
CI007081,M0427,2025-05-11,18,Gym Floor,41,Sunday,2025-05,Evening
CI007082,M0427,2025-08-01,18,Gym Floor,59,Friday,2025-08,Evening
CI007083,M0428,2025-08-26,18,Gym Floor,33,Tuesday,2025-08,Evening
CI007084,M0428,2025-03-03,17,Gym Floor,82,Monday,2025-03,Evening
CI007085,M0428,2025-08-29,10,Zumba,59,Friday,2025-08,Morning
CI007086,M0428,2025-08-31,6,Spin,63,Sunday,2025-08,Early Morning
CI007087,M0428,2025-06-19,7,Gym Floor,42,Thursday,2025-06,Early Morning
CI007088,M0428,2025-05-17,16,Gym Floor,68,Saturday,2025-05,Afternoon
CI007089,M0428,2025-08-22,8,Strength Training,52,Friday,2025-08,Early Morning
CI007090,M0428,2025-07-31,9,Pilates,36,Thursday,2025-07,Early Morning
CI007091,M0428,2025-08-18,19,Gym Floor,64,Monday,2025-08,Evening
CI007092,M0428,2025-08-22,19,Gym Floor,47,Friday,2025-08,Evening
CI007093,M0428,2025-04-25,17,Yoga,61,Friday,2025-04,Evening
CI007094,M0428,2025-06-06,12,CrossFit,47,Friday,2025-06,Morning
CI007095,M0428,2025-07-03,9,CrossFit,61,Thursday,2025-07,Early Morning
CI007096,M0428,2025-08-31,18,Yoga,35,Sunday,2025-08,Evening
CI007097,M0428,2025-03-19,20,Strength Training,41,Wednesday,2025-03,Night
CI007098,M0429,2025-07-27,17,Zumba,57,Sunday,2025-07,Evening
CI007099,M0429,2025-06-04,12,CrossFit,49,Wednesday,2025-06,Morning
CI007100,M0429,2025-08-30,17,Gym Floor,44,Saturday,2025-08,Evening
CI007101,M0429,2025-08-23,16,Gym Floor,73,Saturday,2025-08,Afternoon
CI007102,M0431,2025-03-01,19,Spin,62,Saturday,2025-03,Evening
CI007103,M0431,2025-06-11,21,Gym Floor,20,Wednesday,2025-06,Night
CI007104,M0431,2025-05-08,7,HIIT,63,Thursday,2025-05,Early Morning
CI007105,M0431,2025-06-10,6,CrossFit,76,Tuesday,2025-06,Early Morning
CI007106,M0431,2025-07-28,16,Gym Floor,62,Monday,2025-07,Afternoon
CI007107,M0431,2025-07-21,10,HIIT,64,Monday,2025-07,Morning
CI007108,M0431,2025-05-28,6,HIIT,50,Wednesday,2025-05,Early Morning
CI007109,M0431,2025-08-24,6,Gym Floor,33,Sunday,2025-08,Early Morning
CI007110,M0431,2025-04-23,17,Gym Floor,65,Wednesday,2025-04,Evening
CI007111,M0431,2025-06-13,18,Gym Floor,42,Friday,2025-06,Evening
CI007112,M0431,2025-05-07,21,Gym Floor,21,Wednesday,2025-05,Night
CI007113,M0431,2025-04-20,16,Spin,59,Sunday,2025-04,Afternoon
CI007114,M0431,2025-04-30,19,Cardio,27,Wednesday,2025-04,Evening
CI007115,M0431,2025-07-02,9,Gym Floor,59,Wednesday,2025-07,Early Morning
CI007116,M0431,2025-06-16,17,Gym Floor,68,Monday,2025-06,Evening
CI007117,M0431,2025-04-25,8,Pilates,26,Friday,2025-04,Early Morning
CI007118,M0431,2025-06-20,11,Gym Floor,27,Friday,2025-06,Morning
CI007119,M0432,2025-04-27,21,Zumba,37,Sunday,2025-04,Night
CI007120,M0432,2025-06-10,18,Gym Floor,49,Tuesday,2025-06,Evening
CI007121,M0432,2025-05-28,8,Gym Floor,57,Wednesday,2025-05,Early Morning
CI007122,M0432,2025-08-15,16,Gym Floor,42,Friday,2025-08,Afternoon
CI007123,M0432,2025-03-04,18,Cardio,64,Tuesday,2025-03,Evening
CI007124,M0432,2025-04-30,6,Spin,30,Wednesday,2025-04,Early Morning
CI007125,M0432,2025-05-19,18,Gym Floor,50,Monday,2025-05,Evening
CI007126,M0432,2025-08-03,18,CrossFit,60,Sunday,2025-08,Evening
CI007127,M0433,2025-07-23,7,Gym Floor,49,Wednesday,2025-07,Early Morning
CI007128,M0433,2025-05-17,17,Spin,53,Saturday,2025-05,Evening
CI007129,M0433,2025-05-29,6,Gym Floor,72,Thursday,2025-05,Early Morning
CI007130,M0433,2025-07-19,16,Pilates,45,Saturday,2025-07,Afternoon
CI007131,M0433,2025-08-13,18,HIIT,63,Wednesday,2025-08,Evening
CI007132,M0433,2025-06-23,7,CrossFit,62,Monday,2025-06,Early Morning
CI007133,M0433,2025-05-30,19,Gym Floor,69,Friday,2025-05,Evening
CI007134,M0433,2025-06-16,7,HIIT,63,Monday,2025-06,Early Morning
CI007135,M0433,2025-07-21,18,CrossFit,67,Monday,2025-07,Evening
CI007136,M0433,2025-04-04,17,Cardio,80,Friday,2025-04,Evening
CI007137,M0433,2025-06-26,17,Gym Floor,79,Thursday,2025-06,Evening
CI007138,M0433,2025-07-23,16,Spin,66,Wednesday,2025-07,Afternoon
CI007139,M0433,2025-06-05,9,Spin,98,Thursday,2025-06,Early Morning
CI007140,M0433,2025-04-21,9,Gym Floor,54,Monday,2025-04,Early Morning
CI007141,M0433,2025-07-21,11,HIIT,64,Monday,2025-07,Morning
CI007142,M0433,2025-05-08,19,Cardio,45,Thursday,2025-05,Evening
CI007143,M0434,2025-06-15,18,Gym Floor,46,Sunday,2025-06,Evening
CI007144,M0434,2025-03-08,6,Cardio,59,Saturday,2025-03,Early Morning
CI007145,M0434,2025-07-10,12,Pilates,65,Thursday,2025-07,Morning
CI007146,M0434,2025-04-13,7,Gym Floor,107,Sunday,2025-04,Early Morning
CI007147,M0434,2025-04-05,19,Gym Floor,63,Saturday,2025-04,Evening
CI007148,M0435,2025-05-07,16,HIIT,81,Wednesday,2025-05,Afternoon
CI007149,M0436,2025-07-10,7,Spin,64,Thursday,2025-07,Early Morning
CI007150,M0436,2025-06-26,18,HIIT,53,Thursday,2025-06,Evening
CI007151,M0436,2025-03-04,17,Spin,33,Tuesday,2025-03,Evening
CI007152,M0436,2025-07-23,21,HIIT,66,Wednesday,2025-07,Night
CI007153,M0436,2025-06-15,17,Gym Floor,67,Sunday,2025-06,Evening
CI007154,M0436,2025-05-10,17,CrossFit,38,Saturday,2025-05,Evening
CI007155,M0436,2025-07-27,17,Gym Floor,32,Sunday,2025-07,Evening
CI007156,M0436,2025-05-29,18,Gym Floor,36,Thursday,2025-05,Evening
CI007157,M0437,2025-07-27,18,Gym Floor,71,Sunday,2025-07,Evening
CI007158,M0437,2025-05-06,18,Strength Training,44,Tuesday,2025-05,Evening
CI007159,M0437,2025-06-18,19,Strength Training,44,Wednesday,2025-06,Evening
CI007160,M0437,2025-05-02,21,Zumba,68,Friday,2025-05,Night
CI007161,M0437,2025-07-14,7,Gym Floor,58,Monday,2025-07,Early Morning
CI007162,M0437,2025-05-08,21,Zumba,32,Thursday,2025-05,Night
CI007163,M0437,2025-07-01,18,CrossFit,86,Tuesday,2025-07,Evening
CI007164,M0437,2025-08-23,12,Strength Training,73,Saturday,2025-08,Morning
CI007165,M0437,2025-03-17,20,Gym Floor,73,Monday,2025-03,Night
CI007166,M0437,2025-07-16,6,Strength Training,46,Wednesday,2025-07,Early Morning
CI007167,M0437,2025-06-30,6,Gym Floor,86,Monday,2025-06,Early Morning
CI007168,M0437,2025-04-08,18,CrossFit,72,Tuesday,2025-04,Evening
CI007169,M0437,2025-03-13,16,Gym Floor,29,Thursday,2025-03,Afternoon
CI007170,M0437,2025-05-14,16,Gym Floor,20,Wednesday,2025-05,Afternoon
CI007171,M0437,2025-08-29,18,Gym Floor,25,Friday,2025-08,Evening
CI007172,M0437,2025-07-03,7,Zumba,48,Thursday,2025-07,Early Morning
CI007173,M0437,2025-08-08,8,HIIT,53,Friday,2025-08,Early Morning
CI007174,M0437,2025-07-23,7,Pilates,64,Wednesday,2025-07,Early Morning
CI007175,M0437,2025-06-13,18,Spin,33,Friday,2025-06,Evening
CI007176,M0437,2025-04-15,20,Spin,82,Tuesday,2025-04,Night
CI007177,M0437,2025-06-06,18,Pilates,68,Friday,2025-06,Evening
CI007178,M0437,2025-04-03,16,Gym Floor,43,Thursday,2025-04,Afternoon
CI007179,M0437,2025-03-25,18,Strength Training,45,Tuesday,2025-03,Evening
CI007180,M0437,2025-05-14,11,Spin,67,Wednesday,2025-05,Morning
CI007181,M0437,2025-06-21,17,Gym Floor,55,Saturday,2025-06,Evening
CI007182,M0437,2025-05-10,10,Strength Training,41,Saturday,2025-05,Morning
CI007183,M0437,2025-08-20,12,Gym Floor,31,Wednesday,2025-08,Morning
CI007184,M0437,2025-04-05,8,Gym Floor,55,Saturday,2025-04,Early Morning
CI007185,M0437,2025-04-01,17,HIIT,86,Tuesday,2025-04,Evening
CI007186,M0437,2025-05-14,7,Zumba,49,Wednesday,2025-05,Early Morning
CI007187,M0437,2025-03-26,11,HIIT,34,Wednesday,2025-03,Morning
CI007188,M0437,2025-07-03,20,Spin,51,Thursday,2025-07,Night
CI007189,M0437,2025-07-19,19,Spin,28,Saturday,2025-07,Evening
CI007190,M0437,2025-03-04,11,Gym Floor,37,Tuesday,2025-03,Morning
CI007191,M0437,2025-05-14,19,Cardio,36,Wednesday,2025-05,Evening
CI007192,M0437,2025-06-01,20,Gym Floor,55,Sunday,2025-06,Night
CI007193,M0437,2025-04-13,10,CrossFit,55,Sunday,2025-04,Morning
CI007194,M0437,2025-05-11,17,Gym Floor,70,Sunday,2025-05,Evening
CI007195,M0437,2025-05-20,6,Yoga,64,Tuesday,2025-05,Early Morning
CI007196,M0437,2025-03-05,8,HIIT,56,Wednesday,2025-03,Early Morning
CI007197,M0437,2025-07-28,7,CrossFit,84,Monday,2025-07,Early Morning
CI007198,M0437,2025-08-30,18,Gym Floor,51,Saturday,2025-08,Evening
CI007199,M0437,2025-03-27,20,HIIT,43,Thursday,2025-03,Night
CI007200,M0437,2025-04-09,16,Zumba,58,Wednesday,2025-04,Afternoon
CI007201,M0437,2025-06-14,7,Pilates,50,Saturday,2025-06,Early Morning
CI007202,M0437,2025-07-18,18,HIIT,69,Friday,2025-07,Evening
CI007203,M0437,2025-03-07,7,Gym Floor,32,Friday,2025-03,Early Morning
CI007204,M0437,2025-04-14,16,Zumba,49,Monday,2025-04,Afternoon
CI007205,M0438,2025-06-01,18,Zumba,76,Sunday,2025-06,Evening
CI007206,M0438,2025-05-14,8,CrossFit,50,Wednesday,2025-05,Early Morning
CI007207,M0438,2025-05-18,8,Yoga,26,Sunday,2025-05,Early Morning
CI007208,M0438,2025-03-01,10,Gym Floor,62,Saturday,2025-03,Morning
CI007209,M0438,2025-03-09,10,CrossFit,52,Sunday,2025-03,Morning
CI007210,M0438,2025-04-12,19,Strength Training,55,Saturday,2025-04,Evening
CI007211,M0438,2025-03-01,16,Strength Training,48,Saturday,2025-03,Afternoon
CI007212,M0438,2025-08-15,8,Spin,46,Friday,2025-08,Early Morning
CI007213,M0438,2025-07-17,9,CrossFit,60,Thursday,2025-07,Early Morning
CI007214,M0438,2025-04-11,7,Gym Floor,65,Friday,2025-04,Early Morning
CI007215,M0438,2025-07-27,12,Gym Floor,75,Sunday,2025-07,Morning
CI007216,M0438,2025-03-06,21,Strength Training,28,Thursday,2025-03,Night
CI007217,M0438,2025-07-06,19,HIIT,53,Sunday,2025-07,Evening
CI007218,M0438,2025-07-11,7,CrossFit,48,Friday,2025-07,Early Morning
CI007219,M0438,2025-03-06,19,Yoga,31,Thursday,2025-03,Evening
CI007220,M0438,2025-04-22,19,CrossFit,20,Tuesday,2025-04,Evening
CI007221,M0438,2025-05-16,7,Gym Floor,94,Friday,2025-05,Early Morning
CI007222,M0438,2025-08-01,8,Gym Floor,73,Friday,2025-08,Early Morning
CI007223,M0438,2025-08-10,19,HIIT,50,Sunday,2025-08,Evening
CI007224,M0438,2025-06-05,18,CrossFit,45,Thursday,2025-06,Evening
CI007225,M0438,2025-08-30,19,Yoga,35,Saturday,2025-08,Evening
CI007226,M0438,2025-07-26,16,Strength Training,81,Saturday,2025-07,Afternoon
CI007227,M0438,2025-05-15,12,Strength Training,30,Thursday,2025-05,Morning
CI007228,M0438,2025-06-25,18,HIIT,47,Wednesday,2025-06,Evening
CI007229,M0438,2025-05-20,17,HIIT,70,Tuesday,2025-05,Evening
CI007230,M0438,2025-07-28,16,CrossFit,37,Monday,2025-07,Afternoon
CI007231,M0438,2025-05-15,11,CrossFit,48,Thursday,2025-05,Morning
CI007232,M0439,2025-06-27,16,Spin,51,Friday,2025-06,Afternoon
CI007233,M0439,2025-05-18,11,HIIT,62,Sunday,2025-05,Morning
CI007234,M0439,2025-03-08,19,Gym Floor,48,Saturday,2025-03,Evening
CI007235,M0439,2025-07-01,9,Gym Floor,72,Tuesday,2025-07,Early Morning
CI007236,M0439,2025-05-27,17,Pilates,62,Tuesday,2025-05,Evening
CI007237,M0439,2025-08-06,8,CrossFit,57,Wednesday,2025-08,Early Morning
CI007238,M0439,2025-03-25,16,CrossFit,36,Tuesday,2025-03,Afternoon
CI007239,M0439,2025-08-22,21,Gym Floor,31,Friday,2025-08,Night
CI007240,M0439,2025-05-20,8,Strength Training,45,Tuesday,2025-05,Early Morning
CI007241,M0439,2025-06-09,6,Gym Floor,39,Monday,2025-06,Early Morning
CI007242,M0439,2025-07-09,16,Gym Floor,32,Wednesday,2025-07,Afternoon
CI007243,M0439,2025-06-01,17,Gym Floor,66,Sunday,2025-06,Evening
CI007244,M0439,2025-03-18,7,Cardio,50,Tuesday,2025-03,Early Morning
CI007245,M0439,2025-06-14,7,Gym Floor,47,Saturday,2025-06,Early Morning
CI007246,M0439,2025-06-27,18,Gym Floor,53,Friday,2025-06,Evening
CI007247,M0439,2025-06-17,9,HIIT,59,Tuesday,2025-06,Early Morning
CI007248,M0439,2025-03-27,6,Gym Floor,57,Thursday,2025-03,Early Morning
CI007249,M0439,2025-04-16,21,Spin,30,Wednesday,2025-04,Night
CI007250,M0439,2025-05-21,18,Gym Floor,64,Wednesday,2025-05,Evening
CI007251,M0439,2025-06-05,7,Gym Floor,60,Thursday,2025-06,Early Morning
CI007252,M0439,2025-07-04,21,Zumba,68,Friday,2025-07,Night
CI007253,M0440,2025-03-02,16,Gym Floor,22,Sunday,2025-03,Afternoon
CI007254,M0440,2025-08-15,8,CrossFit,20,Friday,2025-08,Early Morning
CI007255,M0440,2025-07-13,9,Gym Floor,52,Sunday,2025-07,Early Morning
CI007256,M0440,2025-06-04,6,HIIT,86,Wednesday,2025-06,Early Morning
CI007257,M0440,2025-04-27,6,Gym Floor,20,Sunday,2025-04,Early Morning
CI007258,M0440,2025-07-14,12,Yoga,29,Monday,2025-07,Morning
CI007259,M0441,2025-08-02,16,Yoga,51,Saturday,2025-08,Afternoon
CI007260,M0441,2025-04-16,6,Cardio,42,Wednesday,2025-04,Early Morning
CI007261,M0441,2025-07-20,8,HIIT,31,Sunday,2025-07,Early Morning
CI007262,M0441,2025-05-20,12,HIIT,28,Tuesday,2025-05,Morning
CI007263,M0441,2025-03-16,17,Zumba,41,Sunday,2025-03,Evening
CI007264,M0441,2025-03-23,19,Pilates,43,Sunday,2025-03,Evening
CI007265,M0441,2025-03-23,9,Zumba,64,Sunday,2025-03,Early Morning
CI007266,M0441,2025-08-17,8,Gym Floor,71,Sunday,2025-08,Early Morning
CI007267,M0442,2025-06-13,9,Gym Floor,69,Friday,2025-06,Early Morning
CI007268,M0442,2025-03-16,6,Spin,34,Sunday,2025-03,Early Morning
CI007269,M0442,2025-07-08,10,Pilates,47,Tuesday,2025-07,Morning
CI007270,M0442,2025-06-04,7,Yoga,47,Wednesday,2025-06,Early Morning
CI007271,M0442,2025-08-11,19,Pilates,67,Monday,2025-08,Evening
CI007272,M0442,2025-07-31,18,Cardio,63,Thursday,2025-07,Evening
CI007273,M0442,2025-06-30,7,Zumba,54,Monday,2025-06,Early Morning
CI007274,M0442,2025-06-18,19,Cardio,31,Wednesday,2025-06,Evening
CI007275,M0442,2025-07-11,10,Gym Floor,50,Friday,2025-07,Morning
CI007276,M0442,2025-07-02,19,Pilates,31,Wednesday,2025-07,Evening
CI007277,M0442,2025-05-02,19,Gym Floor,67,Friday,2025-05,Evening
CI007278,M0442,2025-07-03,18,CrossFit,38,Thursday,2025-07,Evening
CI007279,M0442,2025-03-14,20,Spin,44,Friday,2025-03,Night
CI007280,M0442,2025-05-26,21,Gym Floor,69,Monday,2025-05,Night
CI007281,M0442,2025-04-25,19,CrossFit,38,Friday,2025-04,Evening
CI007282,M0442,2025-04-12,9,Gym Floor,68,Saturday,2025-04,Early Morning
CI007283,M0442,2025-05-24,9,Gym Floor,65,Saturday,2025-05,Early Morning
CI007284,M0442,2025-03-22,12,CrossFit,91,Saturday,2025-03,Morning
CI007285,M0442,2025-06-30,17,Strength Training,67,Monday,2025-06,Evening
CI007286,M0442,2025-08-22,17,Gym Floor,49,Friday,2025-08,Evening
CI007287,M0442,2025-04-27,7,Cardio,36,Sunday,2025-04,Early Morning
CI007288,M0442,2025-05-07,19,Strength Training,54,Wednesday,2025-05,Evening
CI007289,M0442,2025-04-26,7,HIIT,79,Saturday,2025-04,Early Morning
CI007290,M0442,2025-08-17,20,Pilates,45,Sunday,2025-08,Night
CI007291,M0442,2025-03-20,7,Zumba,24,Thursday,2025-03,Early Morning
CI007292,M0442,2025-06-14,6,Spin,56,Saturday,2025-06,Early Morning
CI007293,M0442,2025-03-22,6,CrossFit,112,Saturday,2025-03,Early Morning
CI007294,M0442,2025-04-04,17,Strength Training,41,Friday,2025-04,Evening
CI007295,M0442,2025-06-02,20,Strength Training,69,Monday,2025-06,Night
CI007296,M0442,2025-05-26,17,Pilates,56,Monday,2025-05,Evening
CI007297,M0442,2025-06-09,10,Gym Floor,48,Monday,2025-06,Morning
CI007298,M0442,2025-05-16,8,Gym Floor,60,Friday,2025-05,Early Morning
CI007299,M0442,2025-06-15,8,Zumba,21,Sunday,2025-06,Early Morning
CI007300,M0442,2025-07-10,12,Strength Training,31,Thursday,2025-07,Morning
CI007301,M0442,2025-03-26,18,Gym Floor,46,Wednesday,2025-03,Evening
CI007302,M0442,2025-07-14,12,Gym Floor,50,Monday,2025-07,Morning
CI007303,M0442,2025-07-24,6,Zumba,67,Thursday,2025-07,Early Morning
CI007304,M0442,2025-05-19,18,HIIT,51,Monday,2025-05,Evening
CI007305,M0442,2025-08-29,10,HIIT,61,Friday,2025-08,Morning
CI007306,M0442,2025-08-10,17,Gym Floor,20,Sunday,2025-08,Evening
CI007307,M0442,2025-07-01,16,Gym Floor,41,Tuesday,2025-07,Afternoon
CI007308,M0442,2025-03-14,18,Gym Floor,45,Friday,2025-03,Evening
CI007309,M0442,2025-05-08,17,CrossFit,33,Thursday,2025-05,Evening
CI007310,M0442,2025-07-04,8,Gym Floor,49,Friday,2025-07,Early Morning
CI007311,M0442,2025-07-13,10,Zumba,45,Sunday,2025-07,Morning
CI007312,M0442,2025-03-02,20,Gym Floor,82,Sunday,2025-03,Night
CI007313,M0443,2025-04-20,8,Gym Floor,40,Sunday,2025-04,Early Morning
CI007314,M0443,2025-07-06,17,Gym Floor,72,Sunday,2025-07,Evening
CI007315,M0443,2025-03-07,6,CrossFit,56,Friday,2025-03,Early Morning
CI007316,M0443,2025-07-22,17,Spin,28,Tuesday,2025-07,Evening
CI007317,M0443,2025-03-18,6,Pilates,44,Tuesday,2025-03,Early Morning
CI007318,M0443,2025-05-31,8,Zumba,64,Saturday,2025-05,Early Morning
CI007319,M0443,2025-08-27,7,Gym Floor,46,Wednesday,2025-08,Early Morning
CI007320,M0443,2025-05-16,21,Gym Floor,33,Friday,2025-05,Night
CI007321,M0443,2025-04-14,8,Gym Floor,55,Monday,2025-04,Early Morning
CI007322,M0443,2025-05-20,11,HIIT,43,Tuesday,2025-05,Morning
CI007323,M0443,2025-04-29,11,Spin,29,Tuesday,2025-04,Morning
CI007324,M0443,2025-04-23,17,Gym Floor,65,Wednesday,2025-04,Evening
CI007325,M0443,2025-05-02,10,Zumba,71,Friday,2025-05,Morning
CI007326,M0443,2025-05-31,19,Gym Floor,65,Saturday,2025-05,Evening
CI007327,M0443,2025-03-31,18,Gym Floor,45,Monday,2025-03,Evening
CI007328,M0443,2025-05-31,12,CrossFit,24,Saturday,2025-05,Morning
CI007329,M0443,2025-05-06,20,Strength Training,77,Tuesday,2025-05,Night
CI007330,M0443,2025-08-01,9,Spin,41,Friday,2025-08,Early Morning
CI007331,M0443,2025-06-16,9,Gym Floor,80,Monday,2025-06,Early Morning
CI007332,M0443,2025-05-04,10,Pilates,61,Sunday,2025-05,Morning
CI007333,M0443,2025-08-05,11,Gym Floor,100,Tuesday,2025-08,Morning
CI007334,M0443,2025-05-07,6,Gym Floor,57,Wednesday,2025-05,Early Morning
CI007335,M0444,2025-03-23,20,Gym Floor,48,Sunday,2025-03,Night
CI007336,M0444,2025-04-29,18,Pilates,52,Tuesday,2025-04,Evening
CI007337,M0444,2025-05-16,18,Strength Training,83,Friday,2025-05,Evening
CI007338,M0444,2025-07-19,8,CrossFit,59,Saturday,2025-07,Early Morning
CI007339,M0444,2025-05-18,10,Gym Floor,57,Sunday,2025-05,Morning
CI007340,M0444,2025-06-19,17,Gym Floor,72,Thursday,2025-06,Evening
CI007341,M0444,2025-08-04,8,HIIT,69,Monday,2025-08,Early Morning
CI007342,M0444,2025-03-06,19,Gym Floor,57,Thursday,2025-03,Evening
CI007343,M0445,2025-06-30,17,Yoga,71,Monday,2025-06,Evening
CI007344,M0445,2025-07-26,8,Gym Floor,35,Saturday,2025-07,Early Morning
CI007345,M0445,2025-05-04,9,Cardio,92,Sunday,2025-05,Early Morning
CI007346,M0445,2025-03-03,21,Zumba,87,Monday,2025-03,Night
CI007347,M0445,2025-04-25,19,Gym Floor,44,Friday,2025-04,Evening
CI007348,M0445,2025-03-23,7,Gym Floor,49,Sunday,2025-03,Early Morning
CI007349,M0445,2025-07-18,11,Zumba,47,Friday,2025-07,Morning
CI007350,M0445,2025-04-05,17,Spin,74,Saturday,2025-04,Evening
CI007351,M0445,2025-08-09,19,CrossFit,47,Saturday,2025-08,Evening
CI007352,M0445,2025-03-19,16,Gym Floor,20,Wednesday,2025-03,Afternoon
CI007353,M0445,2025-07-26,17,Gym Floor,20,Saturday,2025-07,Evening
CI007354,M0445,2025-07-02,20,Spin,58,Wednesday,2025-07,Night
CI007355,M0445,2025-08-19,18,Gym Floor,66,Tuesday,2025-08,Evening
CI007356,M0445,2025-08-16,7,Gym Floor,76,Saturday,2025-08,Early Morning
CI007357,M0446,2025-05-20,9,HIIT,57,Tuesday,2025-05,Early Morning
CI007358,M0446,2025-06-30,19,Gym Floor,90,Monday,2025-06,Evening
CI007359,M0446,2025-08-26,18,Gym Floor,61,Tuesday,2025-08,Evening
CI007360,M0446,2025-07-12,21,Gym Floor,66,Saturday,2025-07,Night
CI007361,M0446,2025-05-16,17,Strength Training,20,Friday,2025-05,Evening
CI007362,M0446,2025-08-22,18,Gym Floor,59,Friday,2025-08,Evening
CI007363,M0446,2025-03-04,9,Gym Floor,32,Tuesday,2025-03,Early Morning
CI007364,M0446,2025-07-14,18,Zumba,71,Monday,2025-07,Evening
CI007365,M0446,2025-08-14,7,Zumba,80,Thursday,2025-08,Early Morning
CI007366,M0446,2025-06-04,12,Cardio,67,Wednesday,2025-06,Morning
CI007367,M0446,2025-06-25,7,Pilates,37,Wednesday,2025-06,Early Morning
CI007368,M0446,2025-07-11,8,Gym Floor,86,Friday,2025-07,Early Morning
CI007369,M0446,2025-07-23,19,HIIT,53,Wednesday,2025-07,Evening
CI007370,M0446,2025-07-21,7,Strength Training,46,Monday,2025-07,Early Morning
CI007371,M0446,2025-08-16,6,Cardio,35,Saturday,2025-08,Early Morning
CI007372,M0446,2025-08-22,18,CrossFit,64,Friday,2025-08,Evening
CI007373,M0446,2025-04-23,18,HIIT,55,Wednesday,2025-04,Evening
CI007374,M0446,2025-06-19,20,Gym Floor,24,Thursday,2025-06,Night
CI007375,M0446,2025-07-25,21,Zumba,54,Friday,2025-07,Night
CI007376,M0446,2025-06-20,8,Cardio,31,Friday,2025-06,Early Morning
CI007377,M0446,2025-07-03,12,Cardio,42,Thursday,2025-07,Morning
CI007378,M0446,2025-05-09,19,Spin,37,Friday,2025-05,Evening
CI007379,M0446,2025-07-29,18,Gym Floor,30,Tuesday,2025-07,Evening
CI007380,M0446,2025-08-17,11,Yoga,53,Sunday,2025-08,Morning
CI007381,M0446,2025-06-14,7,Gym Floor,53,Saturday,2025-06,Early Morning
CI007382,M0446,2025-06-28,12,Yoga,46,Saturday,2025-06,Morning
CI007383,M0446,2025-08-10,19,Spin,68,Sunday,2025-08,Evening
CI007384,M0446,2025-05-31,18,Gym Floor,61,Saturday,2025-05,Evening
CI007385,M0447,2025-05-04,8,Gym Floor,79,Sunday,2025-05,Early Morning
CI007386,M0447,2025-05-23,6,Cardio,39,Friday,2025-05,Early Morning
CI007387,M0447,2025-03-31,7,Strength Training,38,Monday,2025-03,Early Morning
CI007388,M0447,2025-07-13,18,Gym Floor,59,Sunday,2025-07,Evening
CI007389,M0447,2025-06-28,17,Gym Floor,20,Saturday,2025-06,Evening
CI007390,M0447,2025-03-14,19,Gym Floor,67,Friday,2025-03,Evening
CI007391,M0447,2025-07-03,16,Pilates,20,Thursday,2025-07,Afternoon
CI007392,M0447,2025-07-01,18,Gym Floor,25,Tuesday,2025-07,Evening
CI007393,M0447,2025-04-06,8,Spin,47,Sunday,2025-04,Early Morning
CI007394,M0447,2025-06-30,9,Gym Floor,51,Monday,2025-06,Early Morning
CI007395,M0447,2025-03-15,16,Strength Training,72,Saturday,2025-03,Afternoon
CI007396,M0447,2025-07-24,8,Gym Floor,23,Thursday,2025-07,Early Morning
CI007397,M0447,2025-08-03,9,Strength Training,71,Sunday,2025-08,Early Morning
CI007398,M0447,2025-07-04,16,Cardio,45,Friday,2025-07,Afternoon
CI007399,M0447,2025-04-24,9,HIIT,28,Thursday,2025-04,Early Morning
CI007400,M0447,2025-05-08,19,Gym Floor,60,Thursday,2025-05,Evening
CI007401,M0447,2025-03-22,19,Strength Training,53,Saturday,2025-03,Evening
CI007402,M0447,2025-04-29,7,Zumba,20,Tuesday,2025-04,Early Morning
CI007403,M0447,2025-07-28,10,HIIT,29,Monday,2025-07,Morning
CI007404,M0447,2025-07-27,7,Gym Floor,34,Sunday,2025-07,Early Morning
CI007405,M0447,2025-05-18,11,Zumba,69,Sunday,2025-05,Morning
CI007406,M0447,2025-03-22,8,Gym Floor,20,Saturday,2025-03,Early Morning
CI007407,M0447,2025-07-01,6,Gym Floor,66,Tuesday,2025-07,Early Morning
CI007408,M0448,2025-03-15,6,Zumba,20,Saturday,2025-03,Early Morning
CI007409,M0448,2025-05-26,18,CrossFit,58,Monday,2025-05,Evening
CI007410,M0448,2025-03-08,18,Spin,62,Saturday,2025-03,Evening
CI007411,M0448,2025-07-27,18,Gym Floor,41,Sunday,2025-07,Evening
CI007412,M0448,2025-03-05,19,Spin,66,Wednesday,2025-03,Evening
CI007413,M0448,2025-03-27,9,Pilates,20,Thursday,2025-03,Early Morning
CI007414,M0448,2025-03-15,17,Cardio,62,Saturday,2025-03,Evening
CI007415,M0448,2025-04-17,11,Spin,71,Thursday,2025-04,Morning
CI007416,M0448,2025-08-05,19,Gym Floor,84,Tuesday,2025-08,Evening
CI007417,M0448,2025-08-21,18,Gym Floor,37,Thursday,2025-08,Evening
CI007418,M0448,2025-06-29,7,Zumba,44,Sunday,2025-06,Early Morning
CI007419,M0448,2025-08-04,10,Yoga,68,Monday,2025-08,Morning
CI007420,M0448,2025-08-03,19,CrossFit,75,Sunday,2025-08,Evening
CI007421,M0448,2025-07-08,16,Gym Floor,70,Tuesday,2025-07,Afternoon
CI007422,M0448,2025-05-19,17,CrossFit,51,Monday,2025-05,Evening
CI007423,M0448,2025-07-07,17,Gym Floor,31,Monday,2025-07,Evening
CI007424,M0448,2025-06-17,20,Yoga,49,Tuesday,2025-06,Night
CI007425,M0448,2025-07-18,17,Gym Floor,66,Friday,2025-07,Evening
CI007426,M0448,2025-08-03,7,Gym Floor,53,Sunday,2025-08,Early Morning
CI007427,M0448,2025-04-05,7,Zumba,34,Saturday,2025-04,Early Morning
CI007428,M0448,2025-03-11,19,Gym Floor,70,Tuesday,2025-03,Evening
CI007429,M0448,2025-04-30,7,HIIT,38,Wednesday,2025-04,Early Morning
CI007430,M0448,2025-05-03,7,Gym Floor,73,Saturday,2025-05,Early Morning
CI007431,M0448,2025-04-17,18,Cardio,67,Thursday,2025-04,Evening
CI007432,M0448,2025-05-24,18,Gym Floor,48,Saturday,2025-05,Evening
CI007433,M0448,2025-07-11,18,Zumba,56,Friday,2025-07,Evening
CI007434,M0448,2025-08-21,19,Cardio,74,Thursday,2025-08,Evening
CI007435,M0448,2025-06-21,17,HIIT,20,Saturday,2025-06,Evening
CI007436,M0448,2025-07-02,6,Pilates,61,Wednesday,2025-07,Early Morning
CI007437,M0448,2025-07-11,16,Pilates,25,Friday,2025-07,Afternoon
CI007438,M0448,2025-07-04,7,Gym Floor,63,Friday,2025-07,Early Morning
CI007439,M0448,2025-07-25,17,Gym Floor,61,Friday,2025-07,Evening
CI007440,M0448,2025-05-28,18,Yoga,70,Wednesday,2025-05,Evening
CI007441,M0449,2025-03-09,12,Gym Floor,41,Sunday,2025-03,Morning
CI007442,M0449,2025-06-24,17,CrossFit,47,Tuesday,2025-06,Evening
CI007443,M0449,2025-08-13,11,CrossFit,72,Wednesday,2025-08,Morning
CI007444,M0449,2025-08-31,16,Zumba,38,Sunday,2025-08,Afternoon
CI007445,M0449,2025-06-20,10,Gym Floor,86,Friday,2025-06,Morning
CI007446,M0449,2025-07-08,6,Pilates,27,Tuesday,2025-07,Early Morning
CI007447,M0449,2025-06-26,12,Gym Floor,59,Thursday,2025-06,Morning
CI007448,M0449,2025-05-25,17,Gym Floor,25,Sunday,2025-05,Evening
CI007449,M0449,2025-06-21,8,Gym Floor,32,Saturday,2025-06,Early Morning
CI007450,M0449,2025-08-31,7,Zumba,38,Sunday,2025-08,Early Morning
CI007451,M0449,2025-03-16,19,Gym Floor,29,Sunday,2025-03,Evening
CI007452,M0449,2025-06-16,6,Gym Floor,78,Monday,2025-06,Early Morning
CI007453,M0449,2025-04-13,8,HIIT,69,Sunday,2025-04,Early Morning
CI007454,M0449,2025-07-04,18,Gym Floor,60,Friday,2025-07,Evening
CI007455,M0450,2025-07-07,16,Cardio,78,Monday,2025-07,Afternoon
CI007456,M0450,2025-05-22,9,Gym Floor,62,Thursday,2025-05,Early Morning
CI007457,M0450,2025-05-12,6,CrossFit,38,Monday,2025-05,Early Morning
CI007458,M0450,2025-06-30,19,Gym Floor,68,Monday,2025-06,Evening
CI007459,M0450,2025-04-16,21,Gym Floor,34,Wednesday,2025-04,Night
CI007460,M0450,2025-07-12,10,CrossFit,72,Saturday,2025-07,Morning
CI007461,M0451,2025-08-01,6,Cardio,36,Friday,2025-08,Early Morning
CI007462,M0451,2025-07-09,19,Gym Floor,45,Wednesday,2025-07,Evening
CI007463,M0451,2025-08-28,18,Gym Floor,75,Thursday,2025-08,Evening
CI007464,M0451,2025-06-01,10,Cardio,73,Sunday,2025-06,Morning
CI007465,M0451,2025-06-08,19,Gym Floor,39,Sunday,2025-06,Evening
CI007466,M0451,2025-04-08,8,Yoga,53,Tuesday,2025-04,Early Morning
CI007467,M0451,2025-06-26,16,Gym Floor,41,Thursday,2025-06,Afternoon
CI007468,M0451,2025-03-02,19,Cardio,35,Sunday,2025-03,Evening
CI007469,M0451,2025-04-16,6,Zumba,53,Wednesday,2025-04,Early Morning
CI007470,M0451,2025-05-16,8,Gym Floor,55,Friday,2025-05,Early Morning
CI007471,M0451,2025-08-24,17,Yoga,41,Sunday,2025-08,Evening
CI007472,M0451,2025-04-11,7,Gym Floor,72,Friday,2025-04,Early Morning
CI007473,M0451,2025-05-01,12,Spin,28,Thursday,2025-05,Morning
CI007474,M0451,2025-05-07,8,Gym Floor,44,Wednesday,2025-05,Early Morning
CI007475,M0451,2025-05-13,8,Gym Floor,45,Tuesday,2025-05,Early Morning
CI007476,M0451,2025-05-22,20,Spin,58,Thursday,2025-05,Night
CI007477,M0451,2025-08-28,18,Gym Floor,44,Thursday,2025-08,Evening
CI007478,M0451,2025-06-26,6,Spin,46,Thursday,2025-06,Early Morning
CI007479,M0451,2025-08-23,17,Gym Floor,65,Saturday,2025-08,Evening
CI007480,M0451,2025-03-30,7,Pilates,59,Sunday,2025-03,Early Morning
CI007481,M0451,2025-06-08,16,CrossFit,20,Sunday,2025-06,Afternoon
CI007482,M0451,2025-08-05,21,Gym Floor,25,Tuesday,2025-08,Night
CI007483,M0451,2025-04-18,8,HIIT,43,Friday,2025-04,Early Morning
CI007484,M0451,2025-08-10,17,CrossFit,97,Sunday,2025-08,Evening
CI007485,M0451,2025-07-26,8,Gym Floor,81,Saturday,2025-07,Early Morning
CI007486,M0451,2025-06-12,18,Yoga,21,Thursday,2025-06,Evening
CI007487,M0451,2025-05-14,17,Pilates,70,Wednesday,2025-05,Evening
CI007488,M0451,2025-06-14,17,Gym Floor,37,Saturday,2025-06,Evening
CI007489,M0451,2025-03-05,8,Gym Floor,48,Wednesday,2025-03,Early Morning
CI007490,M0451,2025-07-30,19,Gym Floor,27,Wednesday,2025-07,Evening
CI007491,M0451,2025-06-18,7,Pilates,55,Wednesday,2025-06,Early Morning
CI007492,M0451,2025-08-11,17,Gym Floor,53,Monday,2025-08,Evening
CI007493,M0451,2025-06-26,18,Gym Floor,28,Thursday,2025-06,Evening
CI007494,M0451,2025-08-28,19,Cardio,65,Thursday,2025-08,Evening
CI007495,M0451,2025-08-24,9,Pilates,68,Sunday,2025-08,Early Morning
CI007496,M0451,2025-06-07,18,Cardio,27,Saturday,2025-06,Evening
CI007497,M0451,2025-04-13,17,Spin,40,Sunday,2025-04,Evening
CI007498,M0451,2025-03-14,17,Cardio,68,Friday,2025-03,Evening
CI007499,M0451,2025-03-28,9,Yoga,62,Friday,2025-03,Early Morning
CI007500,M0451,2025-06-15,10,HIIT,83,Sunday,2025-06,Morning
CI007501,M0451,2025-08-17,7,Zumba,60,Sunday,2025-08,Early Morning
CI007502,M0451,2025-06-09,8,Gym Floor,62,Monday,2025-06,Early Morning
CI007503,M0451,2025-07-05,6,Gym Floor,60,Saturday,2025-07,Early Morning
CI007504,M0452,2025-04-23,18,Cardio,27,Wednesday,2025-04,Evening
CI007505,M0452,2025-07-01,6,Gym Floor,54,Tuesday,2025-07,Early Morning
CI007506,M0452,2025-06-12,17,Zumba,64,Thursday,2025-06,Evening
CI007507,M0452,2025-05-04,18,Gym Floor,46,Sunday,2025-05,Evening
CI007508,M0452,2025-03-08,8,Gym Floor,42,Saturday,2025-03,Early Morning
CI007509,M0452,2025-05-17,17,Gym Floor,60,Saturday,2025-05,Evening
CI007510,M0452,2025-04-12,18,CrossFit,64,Saturday,2025-04,Evening
CI007511,M0452,2025-08-11,19,Zumba,73,Monday,2025-08,Evening
CI007512,M0452,2025-03-09,17,Yoga,51,Sunday,2025-03,Evening
CI007513,M0453,2025-05-22,9,Gym Floor,57,Thursday,2025-05,Early Morning
CI007514,M0453,2025-05-08,6,Gym Floor,40,Thursday,2025-05,Early Morning
CI007515,M0453,2025-04-03,6,Yoga,37,Thursday,2025-04,Early Morning
CI007516,M0453,2025-04-19,21,CrossFit,74,Saturday,2025-04,Night
CI007517,M0453,2025-05-13,18,Strength Training,42,Tuesday,2025-05,Evening
CI007518,M0453,2025-06-17,17,Gym Floor,39,Tuesday,2025-06,Evening
CI007519,M0453,2025-04-13,6,Gym Floor,60,Sunday,2025-04,Early Morning
CI007520,M0453,2025-08-06,11,HIIT,96,Wednesday,2025-08,Morning
CI007521,M0453,2025-08-25,18,Gym Floor,37,Monday,2025-08,Evening
CI007522,M0453,2025-07-24,17,CrossFit,38,Thursday,2025-07,Evening
CI007523,M0453,2025-06-14,18,Spin,55,Saturday,2025-06,Evening
CI007524,M0453,2025-06-19,10,Yoga,29,Thursday,2025-06,Morning
CI007525,M0453,2025-07-06,7,HIIT,59,Sunday,2025-07,Early Morning
CI007526,M0453,2025-05-10,18,Gym Floor,39,Saturday,2025-05,Evening
CI007527,M0453,2025-04-27,11,HIIT,50,Sunday,2025-04,Morning
CI007528,M0453,2025-03-16,6,HIIT,60,Sunday,2025-03,Early Morning
CI007529,M0453,2025-06-08,19,Gym Floor,52,Sunday,2025-06,Evening
CI007530,M0453,2025-03-14,19,Gym Floor,50,Friday,2025-03,Evening
CI007531,M0453,2025-03-21,16,Gym Floor,41,Friday,2025-03,Afternoon
CI007532,M0453,2025-08-04,17,Gym Floor,51,Monday,2025-08,Evening
CI007533,M0453,2025-03-24,11,Strength Training,46,Monday,2025-03,Morning
CI007534,M0453,2025-03-23,7,Spin,45,Sunday,2025-03,Early Morning
CI007535,M0453,2025-08-19,19,Spin,106,Tuesday,2025-08,Evening
CI007536,M0453,2025-03-21,19,Gym Floor,42,Friday,2025-03,Evening
CI007537,M0453,2025-05-09,6,CrossFit,65,Friday,2025-05,Early Morning
CI007538,M0453,2025-04-15,12,Zumba,68,Tuesday,2025-04,Morning
CI007539,M0453,2025-05-22,21,Zumba,57,Thursday,2025-05,Night
CI007540,M0453,2025-06-27,10,Gym Floor,38,Friday,2025-06,Morning
CI007541,M0453,2025-03-08,17,Gym Floor,69,Saturday,2025-03,Evening
CI007542,M0454,2025-05-24,9,Cardio,44,Saturday,2025-05,Early Morning
CI007543,M0454,2025-05-09,20,HIIT,37,Friday,2025-05,Night
CI007544,M0454,2025-05-12,19,Spin,54,Monday,2025-05,Evening
CI007545,M0454,2025-04-29,6,HIIT,66,Tuesday,2025-04,Early Morning
CI007546,M0454,2025-08-26,19,CrossFit,35,Tuesday,2025-08,Evening
CI007547,M0454,2025-06-19,9,Gym Floor,66,Thursday,2025-06,Early Morning
CI007548,M0454,2025-07-30,6,Strength Training,61,Wednesday,2025-07,Early Morning
CI007549,M0454,2025-03-29,6,Strength Training,95,Saturday,2025-03,Early Morning
CI007550,M0454,2025-04-24,10,Gym Floor,64,Thursday,2025-04,Morning
CI007551,M0454,2025-08-12,16,Gym Floor,83,Tuesday,2025-08,Afternoon
CI007552,M0454,2025-08-07,12,Gym Floor,61,Thursday,2025-08,Morning
CI007553,M0454,2025-08-07,16,Gym Floor,60,Thursday,2025-08,Afternoon
CI007554,M0454,2025-08-02,17,Zumba,53,Saturday,2025-08,Evening
CI007555,M0454,2025-05-06,18,Gym Floor,85,Tuesday,2025-05,Evening
CI007556,M0454,2025-04-01,18,Gym Floor,32,Tuesday,2025-04,Evening
CI007557,M0454,2025-08-14,8,HIIT,79,Thursday,2025-08,Early Morning
CI007558,M0454,2025-04-07,16,Gym Floor,63,Monday,2025-04,Afternoon
CI007559,M0454,2025-08-18,6,Pilates,64,Monday,2025-08,Early Morning
CI007560,M0454,2025-07-28,7,Zumba,40,Monday,2025-07,Early Morning
CI007561,M0454,2025-04-22,17,Gym Floor,28,Tuesday,2025-04,Evening
CI007562,M0454,2025-05-11,6,Gym Floor,56,Sunday,2025-05,Early Morning
CI007563,M0454,2025-08-21,12,Gym Floor,77,Thursday,2025-08,Morning
CI007564,M0454,2025-05-04,9,Strength Training,32,Sunday,2025-05,Early Morning
CI007565,M0454,2025-08-11,6,Cardio,27,Monday,2025-08,Early Morning
CI007566,M0454,2025-06-17,18,Strength Training,54,Tuesday,2025-06,Evening
CI007567,M0455,2025-03-26,18,Gym Floor,43,Wednesday,2025-03,Evening
CI007568,M0455,2025-06-14,18,Gym Floor,53,Saturday,2025-06,Evening
CI007569,M0455,2025-05-28,18,HIIT,67,Wednesday,2025-05,Evening
CI007570,M0455,2025-06-04,19,Gym Floor,44,Wednesday,2025-06,Evening
CI007571,M0455,2025-08-23,16,Spin,41,Saturday,2025-08,Afternoon
CI007572,M0455,2025-06-02,19,Gym Floor,76,Monday,2025-06,Evening
CI007573,M0455,2025-08-12,19,Pilates,42,Tuesday,2025-08,Evening
CI007574,M0455,2025-07-12,11,Gym Floor,49,Saturday,2025-07,Morning
CI007575,M0455,2025-07-16,20,Gym Floor,35,Wednesday,2025-07,Night
CI007576,M0455,2025-03-27,18,HIIT,47,Thursday,2025-03,Evening
CI007577,M0455,2025-07-10,18,Zumba,40,Thursday,2025-07,Evening
CI007578,M0455,2025-03-24,17,Gym Floor,77,Monday,2025-03,Evening
CI007579,M0455,2025-07-20,8,Gym Floor,75,Sunday,2025-07,Early Morning
CI007580,M0455,2025-08-03,19,Gym Floor,54,Sunday,2025-08,Evening
CI007581,M0455,2025-08-25,17,Strength Training,37,Monday,2025-08,Evening
CI007582,M0455,2025-07-18,9,CrossFit,20,Friday,2025-07,Early Morning
CI007583,M0455,2025-04-21,8,Zumba,63,Monday,2025-04,Early Morning
CI007584,M0455,2025-05-02,7,Gym Floor,60,Friday,2025-05,Early Morning
CI007585,M0455,2025-03-10,12,Gym Floor,69,Monday,2025-03,Morning
CI007586,M0455,2025-08-05,17,Gym Floor,64,Tuesday,2025-08,Evening
CI007587,M0455,2025-07-12,6,Gym Floor,52,Saturday,2025-07,Early Morning
CI007588,M0455,2025-07-09,20,Gym Floor,53,Wednesday,2025-07,Night
CI007589,M0455,2025-05-15,17,HIIT,63,Thursday,2025-05,Evening
CI007590,M0455,2025-08-17,7,Pilates,34,Sunday,2025-08,Early Morning
CI007591,M0455,2025-06-25,21,Yoga,31,Wednesday,2025-06,Night
CI007592,M0455,2025-04-23,20,Pilates,75,Wednesday,2025-04,Night
CI007593,M0455,2025-07-30,20,Strength Training,71,Wednesday,2025-07,Night
CI007594,M0455,2025-06-23,18,Gym Floor,73,Monday,2025-06,Evening
CI007595,M0455,2025-05-24,19,Cardio,44,Saturday,2025-05,Evening
CI007596,M0455,2025-03-14,18,Gym Floor,61,Friday,2025-03,Evening
CI007597,M0455,2025-04-09,8,Gym Floor,30,Wednesday,2025-04,Early Morning
CI007598,M0455,2025-08-24,18,Gym Floor,73,Sunday,2025-08,Evening
CI007599,M0455,2025-08-30,18,Yoga,75,Saturday,2025-08,Evening
CI007600,M0455,2025-05-09,10,Gym Floor,39,Friday,2025-05,Morning
CI007601,M0455,2025-08-01,18,Gym Floor,63,Friday,2025-08,Evening
CI007602,M0455,2025-04-12,8,Gym Floor,47,Saturday,2025-04,Early Morning
CI007603,M0455,2025-07-10,17,Gym Floor,20,Thursday,2025-07,Evening
CI007604,M0455,2025-05-07,8,Gym Floor,70,Wednesday,2025-05,Early Morning
CI007605,M0455,2025-06-18,19,Gym Floor,20,Wednesday,2025-06,Evening
CI007606,M0455,2025-07-20,18,Zumba,50,Sunday,2025-07,Evening
CI007607,M0455,2025-08-20,19,HIIT,39,Wednesday,2025-08,Evening
CI007608,M0455,2025-07-05,16,Gym Floor,47,Saturday,2025-07,Afternoon
CI007609,M0455,2025-08-20,12,Gym Floor,44,Wednesday,2025-08,Morning
CI007610,M0455,2025-03-01,6,Gym Floor,70,Saturday,2025-03,Early Morning
CI007611,M0455,2025-03-01,18,Gym Floor,34,Saturday,2025-03,Evening
CI007612,M0455,2025-07-29,11,CrossFit,24,Tuesday,2025-07,Morning
CI007613,M0455,2025-05-01,18,HIIT,46,Thursday,2025-05,Evening
CI007614,M0455,2025-08-22,9,Gym Floor,47,Friday,2025-08,Early Morning
CI007615,M0456,2025-06-24,17,Spin,56,Tuesday,2025-06,Evening
CI007616,M0456,2025-04-27,17,HIIT,47,Sunday,2025-04,Evening
CI007617,M0456,2025-07-08,9,Gym Floor,46,Tuesday,2025-07,Early Morning
CI007618,M0456,2025-08-24,11,Strength Training,60,Sunday,2025-08,Morning
CI007619,M0456,2025-07-27,18,Zumba,48,Sunday,2025-07,Evening
CI007620,M0457,2025-07-13,8,CrossFit,31,Sunday,2025-07,Early Morning
CI007621,M0457,2025-03-23,8,Gym Floor,46,Sunday,2025-03,Early Morning
CI007622,M0457,2025-05-13,9,Zumba,50,Tuesday,2025-05,Early Morning
CI007623,M0457,2025-06-27,12,Cardio,49,Friday,2025-06,Morning
CI007624,M0457,2025-06-11,18,Pilates,48,Wednesday,2025-06,Evening
CI007625,M0457,2025-06-29,9,Gym Floor,57,Sunday,2025-06,Early Morning
CI007626,M0457,2025-06-06,19,Gym Floor,50,Friday,2025-06,Evening
CI007627,M0457,2025-03-29,19,Strength Training,72,Saturday,2025-03,Evening
CI007628,M0457,2025-04-05,17,Cardio,85,Saturday,2025-04,Evening
CI007629,M0457,2025-05-29,9,Spin,53,Thursday,2025-05,Early Morning
CI007630,M0457,2025-03-31,19,Spin,70,Monday,2025-03,Evening
CI007631,M0457,2025-06-15,19,Gym Floor,100,Sunday,2025-06,Evening
CI007632,M0457,2025-05-15,7,Gym Floor,75,Thursday,2025-05,Early Morning
CI007633,M0457,2025-04-11,17,Gym Floor,76,Friday,2025-04,Evening
CI007634,M0457,2025-05-20,12,Yoga,69,Tuesday,2025-05,Morning
CI007635,M0457,2025-08-25,18,Gym Floor,31,Monday,2025-08,Evening
CI007636,M0457,2025-04-08,20,Gym Floor,40,Tuesday,2025-04,Night
CI007637,M0457,2025-08-09,6,Spin,42,Saturday,2025-08,Early Morning
CI007638,M0457,2025-03-07,9,CrossFit,20,Friday,2025-03,Early Morning
CI007639,M0457,2025-04-18,16,Strength Training,51,Friday,2025-04,Afternoon
CI007640,M0457,2025-05-10,6,Strength Training,63,Saturday,2025-05,Early Morning
CI007641,M0457,2025-03-05,19,Gym Floor,46,Wednesday,2025-03,Evening
CI007642,M0457,2025-06-11,7,Gym Floor,83,Wednesday,2025-06,Early Morning
CI007643,M0457,2025-06-13,20,Gym Floor,69,Friday,2025-06,Night
CI007644,M0457,2025-04-22,21,Gym Floor,54,Tuesday,2025-04,Night
CI007645,M0457,2025-08-06,6,Cardio,32,Wednesday,2025-08,Early Morning
CI007646,M0457,2025-05-13,10,HIIT,89,Tuesday,2025-05,Morning
CI007647,M0457,2025-05-25,8,CrossFit,73,Sunday,2025-05,Early Morning
CI007648,M0457,2025-03-01,19,Gym Floor,47,Saturday,2025-03,Evening
CI007649,M0457,2025-06-05,9,Yoga,50,Thursday,2025-06,Early Morning
CI007650,M0457,2025-06-24,18,Gym Floor,55,Tuesday,2025-06,Evening
CI007651,M0457,2025-05-02,21,Cardio,52,Friday,2025-05,Night
CI007652,M0457,2025-08-25,8,Zumba,42,Monday,2025-08,Early Morning
CI007653,M0457,2025-05-28,17,Gym Floor,84,Wednesday,2025-05,Evening
CI007654,M0457,2025-05-16,21,Pilates,69,Friday,2025-05,Night
CI007655,M0457,2025-06-30,19,Gym Floor,72,Monday,2025-06,Evening
CI007656,M0457,2025-07-25,7,Zumba,53,Friday,2025-07,Early Morning
CI007657,M0457,2025-03-30,19,Gym Floor,72,Sunday,2025-03,Evening
CI007658,M0457,2025-08-11,20,Zumba,34,Monday,2025-08,Night
CI007659,M0457,2025-03-28,19,CrossFit,93,Friday,2025-03,Evening
CI007660,M0457,2025-08-12,7,Gym Floor,62,Tuesday,2025-08,Early Morning
CI007661,M0457,2025-03-29,9,HIIT,47,Saturday,2025-03,Early Morning
CI007662,M0457,2025-05-13,9,HIIT,57,Tuesday,2025-05,Early Morning
CI007663,M0458,2025-03-25,18,CrossFit,36,Tuesday,2025-03,Evening
CI007664,M0458,2025-04-13,16,Gym Floor,56,Sunday,2025-04,Afternoon
CI007665,M0458,2025-04-04,16,Gym Floor,28,Friday,2025-04,Afternoon
CI007666,M0458,2025-05-26,8,Cardio,67,Monday,2025-05,Early Morning
CI007667,M0458,2025-07-08,19,Gym Floor,74,Tuesday,2025-07,Evening
CI007668,M0458,2025-05-16,8,Gym Floor,48,Friday,2025-05,Early Morning
CI007669,M0458,2025-06-23,8,CrossFit,45,Monday,2025-06,Early Morning
CI007670,M0458,2025-08-01,17,Gym Floor,47,Friday,2025-08,Evening
CI007671,M0458,2025-03-17,17,Strength Training,54,Monday,2025-03,Evening
CI007672,M0458,2025-05-22,17,Strength Training,92,Thursday,2025-05,Evening
CI007673,M0458,2025-05-27,16,Yoga,54,Tuesday,2025-05,Afternoon
CI007674,M0458,2025-03-26,17,Gym Floor,54,Wednesday,2025-03,Evening
CI007675,M0458,2025-07-24,18,CrossFit,29,Thursday,2025-07,Evening
CI007676,M0458,2025-04-07,7,Gym Floor,69,Monday,2025-04,Early Morning
CI007677,M0459,2025-03-28,7,CrossFit,46,Friday,2025-03,Early Morning
CI007678,M0459,2025-07-26,16,Pilates,60,Saturday,2025-07,Afternoon
CI007679,M0459,2025-08-31,20,Gym Floor,66,Sunday,2025-08,Night
CI007680,M0459,2025-08-09,12,Strength Training,56,Saturday,2025-08,Morning
CI007681,M0459,2025-06-26,19,Gym Floor,77,Thursday,2025-06,Evening
CI007682,M0459,2025-05-10,18,Spin,55,Saturday,2025-05,Evening
CI007683,M0459,2025-03-03,19,Gym Floor,66,Monday,2025-03,Evening
CI007684,M0459,2025-04-11,10,Gym Floor,43,Friday,2025-04,Morning
CI007685,M0459,2025-08-01,6,HIIT,45,Friday,2025-08,Early Morning
CI007686,M0459,2025-07-08,16,Gym Floor,67,Tuesday,2025-07,Afternoon
CI007687,M0459,2025-06-16,18,Pilates,46,Monday,2025-06,Evening
CI007688,M0459,2025-07-16,16,Gym Floor,70,Wednesday,2025-07,Afternoon
CI007689,M0459,2025-07-13,8,Strength Training,88,Sunday,2025-07,Early Morning
CI007690,M0459,2025-07-23,12,CrossFit,62,Wednesday,2025-07,Morning
CI007691,M0459,2025-06-30,20,Spin,66,Monday,2025-06,Night
CI007692,M0459,2025-07-23,16,Gym Floor,61,Wednesday,2025-07,Afternoon
CI007693,M0459,2025-05-07,19,Cardio,80,Wednesday,2025-05,Evening
CI007694,M0459,2025-07-05,9,Zumba,52,Saturday,2025-07,Early Morning
CI007695,M0459,2025-05-27,21,Gym Floor,51,Tuesday,2025-05,Night
CI007696,M0459,2025-06-24,8,Gym Floor,72,Tuesday,2025-06,Early Morning
CI007697,M0459,2025-04-01,12,Gym Floor,70,Tuesday,2025-04,Morning
CI007698,M0459,2025-03-17,16,Gym Floor,35,Monday,2025-03,Afternoon
CI007699,M0460,2025-04-26,7,Zumba,27,Saturday,2025-04,Early Morning
CI007700,M0460,2025-04-02,16,Zumba,73,Wednesday,2025-04,Afternoon
CI007701,M0460,2025-05-02,19,Cardio,58,Friday,2025-05,Evening
CI007702,M0460,2025-05-21,6,Gym Floor,78,Wednesday,2025-05,Early Morning
CI007703,M0460,2025-07-30,6,CrossFit,63,Wednesday,2025-07,Early Morning
CI007704,M0460,2025-06-18,19,Gym Floor,56,Wednesday,2025-06,Evening
CI007705,M0460,2025-05-15,18,Zumba,34,Thursday,2025-05,Evening
CI007706,M0460,2025-06-16,10,Yoga,20,Monday,2025-06,Morning
CI007707,M0460,2025-04-09,17,Gym Floor,84,Wednesday,2025-04,Evening
CI007708,M0460,2025-07-27,6,Spin,72,Sunday,2025-07,Early Morning
CI007709,M0460,2025-04-01,18,HIIT,47,Tuesday,2025-04,Evening
CI007710,M0460,2025-03-07,8,Gym Floor,42,Friday,2025-03,Early Morning
CI007711,M0460,2025-06-04,6,Gym Floor,38,Wednesday,2025-06,Early Morning
CI007712,M0460,2025-07-18,19,Strength Training,51,Friday,2025-07,Evening
CI007713,M0460,2025-03-19,16,HIIT,66,Wednesday,2025-03,Afternoon
CI007714,M0460,2025-07-26,7,Pilates,37,Saturday,2025-07,Early Morning
CI007715,M0460,2025-06-04,16,Gym Floor,83,Wednesday,2025-06,Afternoon
CI007716,M0460,2025-05-03,18,Yoga,75,Saturday,2025-05,Evening
CI007717,M0460,2025-05-13,9,Gym Floor,44,Tuesday,2025-05,Early Morning
CI007718,M0460,2025-08-07,11,CrossFit,37,Thursday,2025-08,Morning
CI007719,M0460,2025-07-11,21,Gym Floor,44,Friday,2025-07,Night
CI007720,M0460,2025-07-29,7,HIIT,58,Tuesday,2025-07,Early Morning
CI007721,M0461,2025-06-30,17,Gym Floor,65,Monday,2025-06,Evening
CI007722,M0461,2025-05-31,16,Zumba,25,Saturday,2025-05,Afternoon
CI007723,M0462,2025-04-13,18,Gym Floor,34,Sunday,2025-04,Evening
CI007724,M0462,2025-06-24,17,Gym Floor,29,Tuesday,2025-06,Evening
CI007725,M0462,2025-07-14,6,Spin,56,Monday,2025-07,Early Morning
CI007726,M0462,2025-03-01,6,Zumba,70,Saturday,2025-03,Early Morning
CI007727,M0462,2025-06-19,20,Strength Training,54,Thursday,2025-06,Night
CI007728,M0462,2025-03-03,6,Zumba,48,Monday,2025-03,Early Morning
CI007729,M0462,2025-05-20,6,Gym Floor,38,Tuesday,2025-05,Early Morning
CI007730,M0462,2025-03-28,19,Gym Floor,62,Friday,2025-03,Evening
CI007731,M0462,2025-03-03,7,Gym Floor,44,Monday,2025-03,Early Morning
CI007732,M0462,2025-06-12,18,Gym Floor,57,Thursday,2025-06,Evening
CI007733,M0462,2025-05-12,6,Strength Training,46,Monday,2025-05,Early Morning
CI007734,M0462,2025-07-06,6,Strength Training,33,Sunday,2025-07,Early Morning
CI007735,M0462,2025-08-01,19,Strength Training,45,Friday,2025-08,Evening
CI007736,M0462,2025-05-25,18,HIIT,53,Sunday,2025-05,Evening
CI007737,M0462,2025-04-14,9,Gym Floor,53,Monday,2025-04,Early Morning
CI007738,M0462,2025-03-31,18,HIIT,60,Monday,2025-03,Evening
CI007739,M0462,2025-05-23,19,Zumba,20,Friday,2025-05,Evening
CI007740,M0462,2025-07-15,7,Gym Floor,65,Tuesday,2025-07,Early Morning
CI007741,M0462,2025-06-24,18,Strength Training,91,Tuesday,2025-06,Evening
CI007742,M0462,2025-04-14,8,Pilates,23,Monday,2025-04,Early Morning
CI007743,M0462,2025-03-15,12,Strength Training,42,Saturday,2025-03,Morning
CI007744,M0462,2025-03-22,11,Gym Floor,34,Saturday,2025-03,Morning
CI007745,M0462,2025-07-25,10,Gym Floor,99,Friday,2025-07,Morning
CI007746,M0462,2025-07-10,19,Yoga,39,Thursday,2025-07,Evening
CI007747,M0462,2025-05-23,18,HIIT,73,Friday,2025-05,Evening
CI007748,M0462,2025-05-19,20,Strength Training,27,Monday,2025-05,Night
CI007749,M0462,2025-03-01,8,Gym Floor,57,Saturday,2025-03,Early Morning
CI007750,M0462,2025-07-08,19,Gym Floor,70,Tuesday,2025-07,Evening
CI007751,M0462,2025-05-05,12,Spin,63,Monday,2025-05,Morning
CI007752,M0462,2025-07-24,7,Gym Floor,75,Thursday,2025-07,Early Morning
CI007753,M0462,2025-03-11,8,Pilates,37,Tuesday,2025-03,Early Morning
CI007754,M0462,2025-05-12,19,Gym Floor,50,Monday,2025-05,Evening
CI007755,M0462,2025-03-26,8,CrossFit,23,Wednesday,2025-03,Early Morning
CI007756,M0462,2025-03-30,19,Gym Floor,51,Sunday,2025-03,Evening
CI007757,M0462,2025-03-20,16,Cardio,86,Thursday,2025-03,Afternoon
CI007758,M0462,2025-07-30,17,Cardio,51,Wednesday,2025-07,Evening
CI007759,M0462,2025-04-10,6,Spin,56,Thursday,2025-04,Early Morning
CI007760,M0462,2025-07-06,19,Cardio,50,Sunday,2025-07,Evening
CI007761,M0462,2025-03-11,16,Pilates,61,Tuesday,2025-03,Afternoon
CI007762,M0462,2025-05-27,19,Gym Floor,68,Tuesday,2025-05,Evening
CI007763,M0462,2025-07-03,16,Cardio,74,Thursday,2025-07,Afternoon
CI007764,M0462,2025-03-22,16,Pilates,59,Saturday,2025-03,Afternoon
CI007765,M0462,2025-06-13,7,Spin,73,Friday,2025-06,Early Morning
CI007766,M0462,2025-05-11,8,Gym Floor,20,Sunday,2025-05,Early Morning
CI007767,M0462,2025-05-14,19,Gym Floor,20,Wednesday,2025-05,Evening
CI007768,M0462,2025-03-31,11,Gym Floor,46,Monday,2025-03,Morning
CI007769,M0462,2025-07-16,18,Spin,33,Wednesday,2025-07,Evening
CI007770,M0462,2025-08-18,20,Pilates,49,Monday,2025-08,Night
CI007771,M0462,2025-06-21,17,CrossFit,36,Saturday,2025-06,Evening
CI007772,M0463,2025-05-27,16,Gym Floor,69,Tuesday,2025-05,Afternoon
CI007773,M0463,2025-04-09,17,Gym Floor,30,Wednesday,2025-04,Evening
CI007774,M0463,2025-05-12,17,Gym Floor,54,Monday,2025-05,Evening
CI007775,M0463,2025-04-23,17,Gym Floor,96,Wednesday,2025-04,Evening
CI007776,M0463,2025-07-29,7,Gym Floor,72,Tuesday,2025-07,Early Morning
CI007777,M0463,2025-03-07,18,Gym Floor,65,Friday,2025-03,Evening
CI007778,M0463,2025-03-07,7,CrossFit,49,Friday,2025-03,Early Morning
CI007779,M0463,2025-03-19,18,Gym Floor,47,Wednesday,2025-03,Evening
CI007780,M0463,2025-07-26,9,Zumba,50,Saturday,2025-07,Early Morning
CI007781,M0463,2025-05-03,18,Gym Floor,20,Saturday,2025-05,Evening
CI007782,M0463,2025-03-26,17,Yoga,58,Wednesday,2025-03,Evening
CI007783,M0463,2025-07-16,17,Zumba,58,Wednesday,2025-07,Evening
CI007784,M0463,2025-05-25,11,Pilates,46,Sunday,2025-05,Morning
CI007785,M0463,2025-04-23,10,HIIT,61,Wednesday,2025-04,Morning
CI007786,M0464,2025-06-27,18,CrossFit,51,Friday,2025-06,Evening
CI007787,M0464,2025-04-27,19,Pilates,68,Sunday,2025-04,Evening
CI007788,M0465,2025-05-29,7,Spin,43,Thursday,2025-05,Early Morning
CI007789,M0465,2025-06-23,8,Gym Floor,41,Monday,2025-06,Early Morning
CI007790,M0465,2025-04-20,16,Gym Floor,30,Sunday,2025-04,Afternoon
CI007791,M0465,2025-06-03,6,Gym Floor,24,Tuesday,2025-06,Early Morning
CI007792,M0465,2025-07-24,19,Gym Floor,53,Thursday,2025-07,Evening
CI007793,M0465,2025-05-04,21,Gym Floor,57,Sunday,2025-05,Night
CI007794,M0465,2025-07-22,9,Zumba,72,Tuesday,2025-07,Early Morning
CI007795,M0465,2025-05-23,18,Gym Floor,52,Friday,2025-05,Evening
CI007796,M0465,2025-03-27,19,Gym Floor,82,Thursday,2025-03,Evening
CI007797,M0465,2025-03-24,18,Gym Floor,67,Monday,2025-03,Evening
CI007798,M0465,2025-04-22,11,Gym Floor,59,Tuesday,2025-04,Morning
CI007799,M0465,2025-03-29,18,Gym Floor,37,Saturday,2025-03,Evening
CI007800,M0465,2025-06-07,20,Cardio,48,Saturday,2025-06,Night
CI007801,M0465,2025-05-06,20,CrossFit,94,Tuesday,2025-05,Night
CI007802,M0466,2025-08-05,9,Spin,80,Tuesday,2025-08,Early Morning
CI007803,M0466,2025-05-25,19,Strength Training,54,Sunday,2025-05,Evening
CI007804,M0466,2025-07-28,10,Gym Floor,60,Monday,2025-07,Morning
CI007805,M0466,2025-04-02,7,Gym Floor,74,Wednesday,2025-04,Early Morning
CI007806,M0466,2025-04-08,19,CrossFit,60,Tuesday,2025-04,Evening
CI007807,M0466,2025-04-09,17,Spin,63,Wednesday,2025-04,Evening
CI007808,M0466,2025-07-07,19,Spin,31,Monday,2025-07,Evening
CI007809,M0466,2025-03-14,11,Gym Floor,22,Friday,2025-03,Morning
CI007810,M0466,2025-08-17,17,CrossFit,68,Sunday,2025-08,Evening
CI007811,M0466,2025-08-21,9,Gym Floor,39,Thursday,2025-08,Early Morning
CI007812,M0466,2025-04-23,7,Pilates,80,Wednesday,2025-04,Early Morning
CI007813,M0466,2025-08-02,18,Cardio,20,Saturday,2025-08,Evening
CI007814,M0466,2025-04-26,19,Gym Floor,53,Saturday,2025-04,Evening
CI007815,M0466,2025-08-28,21,Gym Floor,56,Thursday,2025-08,Night
CI007816,M0466,2025-06-08,18,Spin,50,Sunday,2025-06,Evening
CI007817,M0466,2025-04-08,12,Gym Floor,41,Tuesday,2025-04,Morning
CI007818,M0466,2025-04-16,20,Zumba,54,Wednesday,2025-04,Night
CI007819,M0466,2025-04-24,18,Gym Floor,62,Thursday,2025-04,Evening
CI007820,M0466,2025-07-14,19,Spin,73,Monday,2025-07,Evening
CI007821,M0466,2025-07-04,19,Gym Floor,53,Friday,2025-07,Evening
CI007822,M0466,2025-07-04,10,Gym Floor,29,Friday,2025-07,Morning
CI007823,M0466,2025-06-21,17,Gym Floor,76,Saturday,2025-06,Evening
CI007824,M0466,2025-06-27,7,HIIT,53,Friday,2025-06,Early Morning
CI007825,M0466,2025-07-12,18,Gym Floor,72,Saturday,2025-07,Evening
CI007826,M0466,2025-07-08,16,CrossFit,20,Tuesday,2025-07,Afternoon
CI007827,M0466,2025-04-08,19,CrossFit,58,Tuesday,2025-04,Evening
CI007828,M0466,2025-03-31,16,Cardio,59,Monday,2025-03,Afternoon
CI007829,M0466,2025-08-15,17,Gym Floor,53,Friday,2025-08,Evening
CI007830,M0466,2025-03-11,19,Gym Floor,58,Tuesday,2025-03,Evening
CI007831,M0467,2025-03-03,21,Gym Floor,36,Monday,2025-03,Night
CI007832,M0467,2025-04-27,21,Gym Floor,73,Sunday,2025-04,Night
CI007833,M0467,2025-04-30,16,HIIT,70,Wednesday,2025-04,Afternoon
CI007834,M0467,2025-04-07,9,Gym Floor,81,Monday,2025-04,Early Morning
CI007835,M0468,2025-06-05,12,Cardio,48,Thursday,2025-06,Morning
CI007836,M0468,2025-08-01,16,Spin,77,Friday,2025-08,Afternoon
CI007837,M0468,2025-04-03,6,Gym Floor,47,Thursday,2025-04,Early Morning
CI007838,M0468,2025-04-14,7,Cardio,51,Monday,2025-04,Early Morning
CI007839,M0468,2025-06-27,18,Cardio,70,Friday,2025-06,Evening
CI007840,M0468,2025-05-28,7,CrossFit,75,Wednesday,2025-05,Early Morning
CI007841,M0468,2025-03-04,19,Cardio,64,Tuesday,2025-03,Evening
CI007842,M0468,2025-03-11,18,Strength Training,68,Tuesday,2025-03,Evening
CI007843,M0468,2025-07-23,19,Strength Training,20,Wednesday,2025-07,Evening
CI007844,M0468,2025-04-26,6,Gym Floor,34,Saturday,2025-04,Early Morning
CI007845,M0468,2025-04-14,10,Cardio,44,Monday,2025-04,Morning
CI007846,M0468,2025-07-02,11,Gym Floor,51,Wednesday,2025-07,Morning
CI007847,M0468,2025-04-21,7,Zumba,65,Monday,2025-04,Early Morning
CI007848,M0468,2025-04-01,8,Gym Floor,64,Tuesday,2025-04,Early Morning
CI007849,M0468,2025-04-19,16,CrossFit,82,Saturday,2025-04,Afternoon
CI007850,M0468,2025-08-05,12,Gym Floor,76,Tuesday,2025-08,Morning
CI007851,M0468,2025-08-17,9,Gym Floor,49,Sunday,2025-08,Early Morning
CI007852,M0468,2025-05-16,9,Gym Floor,51,Friday,2025-05,Early Morning
CI007853,M0468,2025-06-07,19,HIIT,85,Saturday,2025-06,Evening
CI007854,M0468,2025-07-02,19,CrossFit,75,Wednesday,2025-07,Evening
CI007855,M0468,2025-08-15,10,HIIT,40,Friday,2025-08,Morning
CI007856,M0468,2025-06-17,17,HIIT,38,Tuesday,2025-06,Evening
CI007857,M0468,2025-07-22,20,CrossFit,20,Tuesday,2025-07,Night
CI007858,M0468,2025-03-21,19,HIIT,54,Friday,2025-03,Evening
CI007859,M0468,2025-07-02,12,Gym Floor,56,Wednesday,2025-07,Morning
CI007860,M0468,2025-08-16,17,Gym Floor,60,Saturday,2025-08,Evening
CI007861,M0468,2025-05-06,18,Strength Training,43,Tuesday,2025-05,Evening
CI007862,M0468,2025-07-10,19,Spin,34,Thursday,2025-07,Evening
CI007863,M0468,2025-03-19,18,Gym Floor,47,Wednesday,2025-03,Evening
CI007864,M0468,2025-04-22,17,Gym Floor,63,Tuesday,2025-04,Evening
CI007865,M0468,2025-08-18,8,Pilates,53,Monday,2025-08,Early Morning
CI007866,M0468,2025-06-17,6,Spin,50,Tuesday,2025-06,Early Morning
CI007867,M0468,2025-05-20,8,Yoga,62,Tuesday,2025-05,Early Morning
CI007868,M0468,2025-04-16,11,Gym Floor,58,Wednesday,2025-04,Morning
CI007869,M0468,2025-07-17,19,Spin,49,Thursday,2025-07,Evening
CI007870,M0468,2025-03-05,16,Gym Floor,57,Wednesday,2025-03,Afternoon
CI007871,M0468,2025-03-01,17,Gym Floor,50,Saturday,2025-03,Evening
CI007872,M0468,2025-06-29,18,Cardio,46,Sunday,2025-06,Evening
CI007873,M0468,2025-07-18,17,Cardio,54,Friday,2025-07,Evening
CI007874,M0468,2025-03-30,7,Gym Floor,62,Sunday,2025-03,Early Morning
CI007875,M0468,2025-03-13,21,Gym Floor,54,Thursday,2025-03,Night
CI007876,M0468,2025-07-08,16,Gym Floor,57,Tuesday,2025-07,Afternoon
CI007877,M0468,2025-03-07,18,Pilates,45,Friday,2025-03,Evening
CI007878,M0468,2025-08-07,17,Gym Floor,50,Thursday,2025-08,Evening
CI007879,M0468,2025-03-24,6,Gym Floor,40,Monday,2025-03,Early Morning
CI007880,M0468,2025-06-19,6,Gym Floor,21,Thursday,2025-06,Early Morning
CI007881,M0468,2025-08-02,6,Cardio,68,Saturday,2025-08,Early Morning
CI007882,M0469,2025-08-09,19,CrossFit,74,Saturday,2025-08,Evening
CI007883,M0469,2025-08-18,20,Gym Floor,29,Monday,2025-08,Night
CI007884,M0469,2025-07-03,7,Spin,46,Thursday,2025-07,Early Morning
CI007885,M0469,2025-08-04,10,Strength Training,65,Monday,2025-08,Morning
CI007886,M0469,2025-06-11,17,Gym Floor,51,Wednesday,2025-06,Evening
CI007887,M0469,2025-08-02,7,Gym Floor,45,Saturday,2025-08,Early Morning
CI007888,M0469,2025-03-02,7,Gym Floor,52,Sunday,2025-03,Early Morning
CI007889,M0469,2025-04-26,7,Cardio,101,Saturday,2025-04,Early Morning
CI007890,M0469,2025-04-20,20,Strength Training,68,Sunday,2025-04,Night
CI007891,M0469,2025-08-10,11,Gym Floor,44,Sunday,2025-08,Morning
CI007892,M0469,2025-08-17,10,Gym Floor,38,Sunday,2025-08,Morning
CI007893,M0469,2025-06-24,6,Zumba,47,Tuesday,2025-06,Early Morning
CI007894,M0469,2025-03-30,18,Gym Floor,78,Sunday,2025-03,Evening
CI007895,M0469,2025-08-12,20,CrossFit,68,Tuesday,2025-08,Night
CI007896,M0469,2025-05-30,16,Gym Floor,35,Friday,2025-05,Afternoon
CI007897,M0469,2025-08-05,7,Yoga,50,Tuesday,2025-08,Early Morning
CI007898,M0469,2025-08-01,19,Spin,80,Friday,2025-08,Evening
CI007899,M0469,2025-07-27,6,Gym Floor,85,Sunday,2025-07,Early Morning
CI007900,M0469,2025-05-10,9,Strength Training,52,Saturday,2025-05,Early Morning
CI007901,M0469,2025-05-16,16,Gym Floor,27,Friday,2025-05,Afternoon
CI007902,M0469,2025-03-06,12,Yoga,58,Thursday,2025-03,Morning
CI007903,M0469,2025-03-21,8,Gym Floor,47,Friday,2025-03,Early Morning
CI007904,M0469,2025-05-22,20,Gym Floor,61,Thursday,2025-05,Night
CI007905,M0469,2025-08-11,8,Pilates,53,Monday,2025-08,Early Morning
CI007906,M0469,2025-04-21,18,Gym Floor,78,Monday,2025-04,Evening
CI007907,M0469,2025-04-24,19,Pilates,61,Thursday,2025-04,Evening
CI007908,M0470,2025-04-18,20,Gym Floor,53,Friday,2025-04,Night
CI007909,M0470,2025-06-24,8,Gym Floor,49,Tuesday,2025-06,Early Morning
CI007910,M0470,2025-04-19,19,Gym Floor,76,Saturday,2025-04,Evening
CI007911,M0470,2025-05-31,18,Yoga,36,Saturday,2025-05,Evening
CI007912,M0471,2025-07-18,9,Spin,81,Friday,2025-07,Early Morning
CI007913,M0471,2025-07-30,12,HIIT,41,Wednesday,2025-07,Morning
CI007914,M0471,2025-06-09,12,Gym Floor,41,Monday,2025-06,Morning
CI007915,M0471,2025-08-20,16,Gym Floor,42,Wednesday,2025-08,Afternoon
CI007916,M0471,2025-05-07,18,Pilates,20,Wednesday,2025-05,Evening
CI007917,M0471,2025-04-28,20,Zumba,70,Monday,2025-04,Night
CI007918,M0471,2025-03-04,11,Gym Floor,57,Tuesday,2025-03,Morning
CI007919,M0471,2025-04-20,16,Gym Floor,53,Sunday,2025-04,Afternoon
CI007920,M0471,2025-08-16,19,Zumba,49,Saturday,2025-08,Evening
CI007921,M0471,2025-07-22,7,Gym Floor,35,Tuesday,2025-07,Early Morning
CI007922,M0471,2025-07-22,8,HIIT,86,Tuesday,2025-07,Early Morning
CI007923,M0471,2025-06-28,18,Gym Floor,55,Saturday,2025-06,Evening
CI007924,M0471,2025-06-12,12,Spin,59,Thursday,2025-06,Morning
CI007925,M0471,2025-07-03,21,HIIT,57,Thursday,2025-07,Night
CI007926,M0471,2025-08-21,17,Spin,48,Thursday,2025-08,Evening
CI007927,M0471,2025-08-21,8,CrossFit,46,Thursday,2025-08,Early Morning
CI007928,M0471,2025-03-07,8,Cardio,65,Friday,2025-03,Early Morning
CI007929,M0471,2025-03-13,10,Pilates,65,Thursday,2025-03,Morning
CI007930,M0471,2025-06-10,17,CrossFit,20,Tuesday,2025-06,Evening
CI007931,M0471,2025-06-02,21,Gym Floor,62,Monday,2025-06,Night
CI007932,M0471,2025-08-01,19,CrossFit,46,Friday,2025-08,Evening
CI007933,M0471,2025-07-24,17,Gym Floor,48,Thursday,2025-07,Evening
CI007934,M0471,2025-08-07,19,Spin,45,Thursday,2025-08,Evening
CI007935,M0471,2025-05-07,18,Gym Floor,55,Wednesday,2025-05,Evening
CI007936,M0471,2025-04-02,19,HIIT,40,Wednesday,2025-04,Evening
CI007937,M0471,2025-03-13,16,Gym Floor,45,Thursday,2025-03,Afternoon
CI007938,M0471,2025-07-03,9,Gym Floor,44,Thursday,2025-07,Early Morning
CI007939,M0471,2025-05-15,12,Gym Floor,46,Thursday,2025-05,Morning
CI007940,M0471,2025-08-08,17,HIIT,39,Friday,2025-08,Evening
CI007941,M0471,2025-04-10,18,CrossFit,48,Thursday,2025-04,Evening
CI007942,M0471,2025-05-13,20,Gym Floor,70,Tuesday,2025-05,Night
CI007943,M0471,2025-08-13,19,CrossFit,20,Wednesday,2025-08,Evening
CI007944,M0471,2025-08-11,7,Cardio,60,Monday,2025-08,Early Morning
CI007945,M0471,2025-07-09,18,Gym Floor,22,Wednesday,2025-07,Evening
CI007946,M0471,2025-03-05,17,Gym Floor,58,Wednesday,2025-03,Evening
CI007947,M0471,2025-05-20,8,Yoga,76,Tuesday,2025-05,Early Morning
CI007948,M0472,2025-03-17,17,Gym Floor,46,Monday,2025-03,Evening
CI007949,M0472,2025-07-07,12,Gym Floor,77,Monday,2025-07,Morning
CI007950,M0472,2025-05-28,16,Gym Floor,75,Wednesday,2025-05,Afternoon
CI007951,M0472,2025-07-01,20,Zumba,90,Tuesday,2025-07,Night
CI007952,M0472,2025-03-17,17,Strength Training,52,Monday,2025-03,Evening
CI007953,M0472,2025-08-09,10,Gym Floor,91,Saturday,2025-08,Morning
CI007954,M0472,2025-06-01,17,Gym Floor,28,Sunday,2025-06,Evening
CI007955,M0472,2025-07-02,7,Gym Floor,33,Wednesday,2025-07,Early Morning
CI007956,M0472,2025-04-07,7,Zumba,39,Monday,2025-04,Early Morning
CI007957,M0472,2025-08-21,7,Gym Floor,81,Thursday,2025-08,Early Morning
CI007958,M0472,2025-03-01,12,Zumba,57,Saturday,2025-03,Morning
CI007959,M0472,2025-05-19,19,Pilates,60,Monday,2025-05,Evening
CI007960,M0472,2025-08-02,21,Gym Floor,62,Saturday,2025-08,Night
CI007961,M0472,2025-04-23,21,Gym Floor,38,Wednesday,2025-04,Night
CI007962,M0472,2025-08-09,16,Gym Floor,27,Saturday,2025-08,Afternoon
CI007963,M0472,2025-04-21,7,Gym Floor,40,Monday,2025-04,Early Morning
CI007964,M0472,2025-07-21,16,Yoga,53,Monday,2025-07,Afternoon
CI007965,M0472,2025-08-20,16,Gym Floor,60,Wednesday,2025-08,Afternoon
CI007966,M0472,2025-03-04,8,Gym Floor,72,Tuesday,2025-03,Early Morning
CI007967,M0472,2025-06-01,9,Gym Floor,48,Sunday,2025-06,Early Morning
CI007968,M0472,2025-04-20,18,Pilates,72,Sunday,2025-04,Evening
CI007969,M0472,2025-03-07,16,Yoga,37,Friday,2025-03,Afternoon
CI007970,M0473,2025-05-25,6,Cardio,43,Sunday,2025-05,Early Morning
CI007971,M0474,2025-06-29,17,Yoga,84,Sunday,2025-06,Evening
CI007972,M0474,2025-07-08,7,Gym Floor,56,Tuesday,2025-07,Early Morning
CI007973,M0474,2025-08-15,18,Pilates,29,Friday,2025-08,Evening
CI007974,M0474,2025-03-25,18,Spin,43,Tuesday,2025-03,Evening
CI007975,M0474,2025-07-28,20,Gym Floor,22,Monday,2025-07,Night
CI007976,M0474,2025-08-03,12,Zumba,60,Sunday,2025-08,Morning
CI007977,M0474,2025-03-24,6,Cardio,34,Monday,2025-03,Early Morning
CI007978,M0474,2025-06-12,10,Zumba,76,Thursday,2025-06,Morning
CI007979,M0474,2025-08-22,7,Gym Floor,70,Friday,2025-08,Early Morning
CI007980,M0474,2025-03-15,17,Pilates,42,Saturday,2025-03,Evening
CI007981,M0474,2025-06-12,19,Cardio,34,Thursday,2025-06,Evening
CI007982,M0474,2025-05-08,11,Gym Floor,45,Thursday,2025-05,Morning
CI007983,M0474,2025-05-19,9,Gym Floor,35,Monday,2025-05,Early Morning
CI007984,M0474,2025-08-01,9,Cardio,78,Friday,2025-08,Early Morning
CI007985,M0474,2025-06-26,9,Gym Floor,36,Thursday,2025-06,Early Morning
CI007986,M0474,2025-08-26,8,Gym Floor,41,Tuesday,2025-08,Early Morning
CI007987,M0474,2025-08-11,20,Cardio,55,Monday,2025-08,Night
CI007988,M0474,2025-06-19,19,Spin,65,Thursday,2025-06,Evening
CI007989,M0474,2025-08-02,20,CrossFit,86,Saturday,2025-08,Night
CI007990,M0474,2025-08-21,9,Spin,64,Thursday,2025-08,Early Morning
CI007991,M0474,2025-04-22,16,Yoga,52,Tuesday,2025-04,Afternoon
CI007992,M0474,2025-03-25,17,Gym Floor,66,Tuesday,2025-03,Evening
CI007993,M0474,2025-04-11,18,Spin,84,Friday,2025-04,Evening
CI007994,M0474,2025-07-12,21,Yoga,76,Saturday,2025-07,Night
CI007995,M0474,2025-04-30,16,Zumba,37,Wednesday,2025-04,Afternoon
CI007996,M0474,2025-03-21,19,CrossFit,48,Friday,2025-03,Evening
CI007997,M0474,2025-08-29,17,Gym Floor,58,Friday,2025-08,Evening
CI007998,M0474,2025-04-24,17,Gym Floor,65,Thursday,2025-04,Evening
CI007999,M0474,2025-03-27,20,CrossFit,38,Thursday,2025-03,Night
CI008000,M0474,2025-06-26,6,Gym Floor,95,Thursday,2025-06,Early Morning
CI008001,M0474,2025-04-24,8,Gym Floor,52,Thursday,2025-04,Early Morning
CI008002,M0474,2025-04-29,16,CrossFit,65,Tuesday,2025-04,Afternoon
CI008003,M0474,2025-08-14,19,Gym Floor,53,Thursday,2025-08,Evening
CI008004,M0474,2025-08-14,7,Gym Floor,42,Thursday,2025-08,Early Morning
CI008005,M0474,2025-04-11,17,Gym Floor,21,Friday,2025-04,Evening
CI008006,M0474,2025-07-17,19,Cardio,47,Thursday,2025-07,Evening
CI008007,M0474,2025-05-01,18,Zumba,72,Thursday,2025-05,Evening
CI008008,M0474,2025-06-09,20,Gym Floor,37,Monday,2025-06,Night
CI008009,M0474,2025-05-24,19,Pilates,58,Saturday,2025-05,Evening
CI008010,M0474,2025-07-31,7,Gym Floor,63,Thursday,2025-07,Early Morning
CI008011,M0474,2025-04-29,16,Gym Floor,52,Tuesday,2025-04,Afternoon
CI008012,M0474,2025-05-06,16,Gym Floor,69,Tuesday,2025-05,Afternoon
CI008013,M0474,2025-08-13,7,HIIT,25,Wednesday,2025-08,Early Morning
CI008014,M0474,2025-07-29,17,CrossFit,80,Tuesday,2025-07,Evening
CI008015,M0474,2025-06-12,8,Gym Floor,46,Thursday,2025-06,Early Morning
CI008016,M0474,2025-07-07,8,Gym Floor,39,Monday,2025-07,Early Morning
CI008017,M0474,2025-07-03,8,HIIT,67,Thursday,2025-07,Early Morning
CI008018,M0475,2025-06-24,19,Zumba,83,Tuesday,2025-06,Evening
CI008019,M0475,2025-07-10,7,HIIT,43,Thursday,2025-07,Early Morning
CI008020,M0475,2025-06-22,18,Yoga,69,Sunday,2025-06,Evening
CI008021,M0475,2025-03-16,16,Gym Floor,96,Sunday,2025-03,Afternoon
CI008022,M0475,2025-04-02,8,CrossFit,66,Wednesday,2025-04,Early Morning
CI008023,M0475,2025-07-07,11,Gym Floor,79,Monday,2025-07,Morning
CI008024,M0475,2025-03-02,7,Yoga,39,Sunday,2025-03,Early Morning
CI008025,M0475,2025-06-29,19,Spin,57,Sunday,2025-06,Evening
CI008026,M0475,2025-03-13,8,Pilates,42,Thursday,2025-03,Early Morning
CI008027,M0475,2025-05-28,17,CrossFit,102,Wednesday,2025-05,Evening
CI008028,M0475,2025-06-10,8,Strength Training,46,Tuesday,2025-06,Early Morning
CI008029,M0475,2025-07-09,7,Gym Floor,61,Wednesday,2025-07,Early Morning
CI008030,M0475,2025-06-23,7,Yoga,44,Monday,2025-06,Early Morning
CI008031,M0475,2025-05-08,20,Gym Floor,71,Thursday,2025-05,Night
CI008032,M0475,2025-06-30,11,Gym Floor,45,Monday,2025-06,Morning
CI008033,M0475,2025-08-18,17,Gym Floor,54,Monday,2025-08,Evening
CI008034,M0475,2025-05-16,21,Gym Floor,75,Friday,2025-05,Night
CI008035,M0475,2025-04-12,20,Gym Floor,82,Saturday,2025-04,Night
CI008036,M0475,2025-06-13,16,Zumba,41,Friday,2025-06,Afternoon
CI008037,M0475,2025-06-01,6,Gym Floor,56,Sunday,2025-06,Early Morning
CI008038,M0475,2025-07-16,18,Spin,68,Wednesday,2025-07,Evening
CI008039,M0475,2025-03-05,17,Gym Floor,55,Wednesday,2025-03,Evening
CI008040,M0475,2025-07-09,18,Spin,35,Wednesday,2025-07,Evening
CI008041,M0475,2025-08-24,18,Yoga,72,Sunday,2025-08,Evening
CI008042,M0475,2025-04-07,17,Spin,60,Monday,2025-04,Evening
CI008043,M0475,2025-06-11,18,Zumba,40,Wednesday,2025-06,Evening
CI008044,M0475,2025-03-04,6,Gym Floor,47,Tuesday,2025-03,Early Morning
CI008045,M0475,2025-03-03,18,Strength Training,53,Monday,2025-03,Evening
CI008046,M0475,2025-06-18,11,Gym Floor,66,Wednesday,2025-06,Morning
CI008047,M0475,2025-05-16,16,Gym Floor,47,Friday,2025-05,Afternoon
CI008048,M0475,2025-06-15,17,Pilates,58,Sunday,2025-06,Evening
CI008049,M0475,2025-04-15,6,CrossFit,55,Tuesday,2025-04,Early Morning
CI008050,M0475,2025-05-30,16,Gym Floor,78,Friday,2025-05,Afternoon
CI008051,M0475,2025-07-04,11,Strength Training,52,Friday,2025-07,Morning
CI008052,M0475,2025-04-01,18,Gym Floor,56,Tuesday,2025-04,Evening
CI008053,M0476,2025-06-21,16,Gym Floor,62,Saturday,2025-06,Afternoon
CI008054,M0476,2025-07-08,18,Gym Floor,51,Tuesday,2025-07,Evening
CI008055,M0477,2025-04-07,20,Cardio,99,Monday,2025-04,Night
CI008056,M0477,2025-03-04,18,Gym Floor,47,Tuesday,2025-03,Evening
CI008057,M0477,2025-07-08,6,CrossFit,55,Tuesday,2025-07,Early Morning
CI008058,M0477,2025-04-16,9,CrossFit,44,Wednesday,2025-04,Early Morning
CI008059,M0478,2025-07-04,17,Gym Floor,21,Friday,2025-07,Evening
CI008060,M0478,2025-06-08,7,Cardio,60,Sunday,2025-06,Early Morning
CI008061,M0478,2025-03-23,11,Spin,69,Sunday,2025-03,Morning
CI008062,M0478,2025-06-29,6,Gym Floor,33,Sunday,2025-06,Early Morning
CI008063,M0478,2025-07-13,11,Yoga,60,Sunday,2025-07,Morning
CI008064,M0478,2025-05-16,19,Gym Floor,56,Friday,2025-05,Evening
CI008065,M0478,2025-07-15,9,CrossFit,56,Tuesday,2025-07,Early Morning
CI008066,M0478,2025-03-08,17,Gym Floor,58,Saturday,2025-03,Evening
CI008067,M0478,2025-03-20,19,Gym Floor,33,Thursday,2025-03,Evening
CI008068,M0478,2025-07-08,11,Gym Floor,63,Tuesday,2025-07,Morning
CI008069,M0478,2025-05-08,10,Gym Floor,62,Thursday,2025-05,Morning
CI008070,M0478,2025-03-18,7,Pilates,58,Tuesday,2025-03,Early Morning
CI008071,M0478,2025-06-21,6,Gym Floor,66,Saturday,2025-06,Early Morning
CI008072,M0478,2025-05-19,17,Gym Floor,50,Monday,2025-05,Evening
CI008073,M0478,2025-03-09,10,Cardio,28,Sunday,2025-03,Morning
CI008074,M0478,2025-07-15,10,Gym Floor,39,Tuesday,2025-07,Morning
CI008075,M0478,2025-04-26,10,Gym Floor,70,Saturday,2025-04,Morning
CI008076,M0478,2025-03-11,11,Gym Floor,30,Tuesday,2025-03,Morning
CI008077,M0478,2025-06-22,18,Gym Floor,63,Sunday,2025-06,Evening
CI008078,M0478,2025-04-28,21,Gym Floor,59,Monday,2025-04,Night
CI008079,M0478,2025-04-29,17,Cardio,50,Tuesday,2025-04,Evening
CI008080,M0478,2025-05-22,8,Gym Floor,86,Thursday,2025-05,Early Morning
CI008081,M0478,2025-03-08,17,Spin,63,Saturday,2025-03,Evening
CI008082,M0478,2025-06-24,12,Gym Floor,69,Tuesday,2025-06,Morning
CI008083,M0478,2025-08-11,10,Gym Floor,47,Monday,2025-08,Morning
CI008084,M0479,2025-06-08,10,Gym Floor,54,Sunday,2025-06,Morning
CI008085,M0479,2025-05-26,8,HIIT,48,Monday,2025-05,Early Morning
CI008086,M0479,2025-06-10,6,Zumba,20,Tuesday,2025-06,Early Morning
CI008087,M0479,2025-05-17,6,Gym Floor,55,Saturday,2025-05,Early Morning
CI008088,M0479,2025-04-25,6,Gym Floor,22,Friday,2025-04,Early Morning
CI008089,M0479,2025-04-10,7,Pilates,54,Thursday,2025-04,Early Morning
CI008090,M0479,2025-07-29,8,Gym Floor,50,Tuesday,2025-07,Early Morning
CI008091,M0479,2025-08-13,6,Gym Floor,78,Wednesday,2025-08,Early Morning
CI008092,M0479,2025-05-15,6,Gym Floor,54,Thursday,2025-05,Early Morning
CI008093,M0479,2025-04-04,19,Gym Floor,57,Friday,2025-04,Evening
CI008094,M0479,2025-03-20,16,Gym Floor,34,Thursday,2025-03,Afternoon
CI008095,M0479,2025-07-14,6,Gym Floor,40,Monday,2025-07,Early Morning
CI008096,M0479,2025-07-16,16,Gym Floor,27,Wednesday,2025-07,Afternoon
CI008097,M0479,2025-03-01,7,Gym Floor,36,Saturday,2025-03,Early Morning
CI008098,M0479,2025-04-14,21,Gym Floor,39,Monday,2025-04,Night
CI008099,M0479,2025-03-04,6,Gym Floor,61,Tuesday,2025-03,Early Morning
CI008100,M0479,2025-05-14,19,HIIT,31,Wednesday,2025-05,Evening
CI008101,M0479,2025-06-26,12,Gym Floor,63,Thursday,2025-06,Morning
CI008102,M0479,2025-06-09,18,Pilates,20,Monday,2025-06,Evening
CI008103,M0479,2025-06-21,6,Strength Training,61,Saturday,2025-06,Early Morning
CI008104,M0479,2025-04-01,6,HIIT,79,Tuesday,2025-04,Early Morning
CI008105,M0479,2025-08-17,16,Gym Floor,51,Sunday,2025-08,Afternoon
CI008106,M0479,2025-08-24,18,Cardio,57,Sunday,2025-08,Evening
CI008107,M0479,2025-07-25,16,Spin,39,Friday,2025-07,Afternoon
CI008108,M0479,2025-08-07,17,Gym Floor,100,Thursday,2025-08,Evening
CI008109,M0479,2025-05-22,10,Gym Floor,66,Thursday,2025-05,Morning
CI008110,M0479,2025-08-19,17,Gym Floor,59,Tuesday,2025-08,Evening
CI008111,M0479,2025-08-22,10,Gym Floor,65,Friday,2025-08,Morning
CI008112,M0479,2025-06-19,6,Gym Floor,72,Thursday,2025-06,Early Morning
CI008113,M0479,2025-06-25,6,Gym Floor,37,Wednesday,2025-06,Early Morning
CI008114,M0479,2025-05-06,19,Pilates,57,Tuesday,2025-05,Evening
CI008115,M0479,2025-05-09,7,Yoga,63,Friday,2025-05,Early Morning
CI008116,M0479,2025-03-06,18,Pilates,84,Thursday,2025-03,Evening
CI008117,M0479,2025-07-15,6,Gym Floor,36,Tuesday,2025-07,Early Morning
CI008118,M0479,2025-08-17,18,Gym Floor,29,Sunday,2025-08,Evening
CI008119,M0479,2025-04-14,7,Gym Floor,56,Monday,2025-04,Early Morning
CI008120,M0479,2025-07-22,16,Gym Floor,60,Tuesday,2025-07,Afternoon
CI008121,M0479,2025-05-08,9,Strength Training,35,Thursday,2025-05,Early Morning
CI008122,M0479,2025-07-24,20,Yoga,68,Thursday,2025-07,Night
CI008123,M0479,2025-04-10,7,CrossFit,69,Thursday,2025-04,Early Morning
CI008124,M0479,2025-03-21,17,Spin,77,Friday,2025-03,Evening
CI008125,M0479,2025-08-22,17,Gym Floor,45,Friday,2025-08,Evening
CI008126,M0479,2025-03-02,8,HIIT,34,Sunday,2025-03,Early Morning
CI008127,M0479,2025-06-02,9,Pilates,87,Monday,2025-06,Early Morning
CI008128,M0479,2025-08-14,6,Cardio,58,Thursday,2025-08,Early Morning
CI008129,M0479,2025-06-01,10,HIIT,71,Sunday,2025-06,Morning
CI008130,M0479,2025-06-18,10,Gym Floor,58,Wednesday,2025-06,Morning
CI008131,M0480,2025-08-17,19,Gym Floor,52,Sunday,2025-08,Evening
CI008132,M0480,2025-04-30,19,HIIT,66,Wednesday,2025-04,Evening
CI008133,M0480,2025-03-06,18,Gym Floor,53,Thursday,2025-03,Evening
CI008134,M0480,2025-06-16,19,Strength Training,58,Monday,2025-06,Evening
CI008135,M0480,2025-04-20,8,Gym Floor,46,Sunday,2025-04,Early Morning
CI008136,M0480,2025-08-07,17,HIIT,49,Thursday,2025-08,Evening
CI008137,M0480,2025-07-25,8,HIIT,38,Friday,2025-07,Early Morning
CI008138,M0480,2025-06-02,12,HIIT,74,Monday,2025-06,Morning
CI008139,M0480,2025-08-21,19,Gym Floor,60,Thursday,2025-08,Evening
CI008140,M0480,2025-05-18,17,Gym Floor,40,Sunday,2025-05,Evening
CI008141,M0480,2025-03-22,18,Zumba,41,Saturday,2025-03,Evening
CI008142,M0480,2025-04-18,19,Pilates,57,Friday,2025-04,Evening
CI008143,M0480,2025-07-12,18,Gym Floor,41,Saturday,2025-07,Evening
CI008144,M0480,2025-06-19,18,Gym Floor,68,Thursday,2025-06,Evening
CI008145,M0480,2025-05-01,19,Yoga,63,Thursday,2025-05,Evening
CI008146,M0480,2025-03-17,19,Gym Floor,47,Monday,2025-03,Evening
CI008147,M0481,2025-04-06,9,Cardio,43,Sunday,2025-04,Early Morning
CI008148,M0481,2025-07-11,18,Spin,74,Friday,2025-07,Evening
CI008149,M0481,2025-04-30,11,Gym Floor,78,Wednesday,2025-04,Morning
CI008150,M0481,2025-04-28,18,Gym Floor,33,Monday,2025-04,Evening
CI008151,M0481,2025-03-20,8,Gym Floor,30,Thursday,2025-03,Early Morning
CI008152,M0481,2025-06-20,7,Pilates,74,Friday,2025-06,Early Morning
CI008153,M0481,2025-07-31,18,Gym Floor,41,Thursday,2025-07,Evening
CI008154,M0482,2025-08-05,8,Gym Floor,49,Tuesday,2025-08,Early Morning
CI008155,M0482,2025-03-21,9,Gym Floor,59,Friday,2025-03,Early Morning
CI008156,M0482,2025-04-12,18,Yoga,69,Saturday,2025-04,Evening
CI008157,M0482,2025-04-18,16,Gym Floor,43,Friday,2025-04,Afternoon
CI008158,M0482,2025-08-22,19,Pilates,69,Friday,2025-08,Evening
CI008159,M0482,2025-08-18,16,Gym Floor,61,Monday,2025-08,Afternoon
CI008160,M0483,2025-08-26,17,Zumba,28,Tuesday,2025-08,Evening
CI008161,M0483,2025-04-28,7,Pilates,76,Monday,2025-04,Early Morning
CI008162,M0483,2025-03-09,10,Gym Floor,57,Sunday,2025-03,Morning
CI008163,M0483,2025-04-01,8,Pilates,20,Tuesday,2025-04,Early Morning
CI008164,M0484,2025-08-05,17,Pilates,46,Tuesday,2025-08,Evening
CI008165,M0484,2025-04-21,18,Gym Floor,66,Monday,2025-04,Evening
CI008166,M0484,2025-08-28,9,CrossFit,50,Thursday,2025-08,Early Morning
CI008167,M0484,2025-04-07,20,Gym Floor,20,Monday,2025-04,Night
CI008168,M0484,2025-04-09,17,CrossFit,20,Wednesday,2025-04,Evening
CI008169,M0484,2025-04-11,7,Zumba,73,Friday,2025-04,Early Morning
CI008170,M0484,2025-03-01,16,Spin,62,Saturday,2025-03,Afternoon
CI008171,M0484,2025-03-27,12,Yoga,71,Thursday,2025-03,Morning
CI008172,M0484,2025-07-05,18,Gym Floor,28,Saturday,2025-07,Evening
CI008173,M0484,2025-08-20,10,HIIT,47,Wednesday,2025-08,Morning
CI008174,M0484,2025-07-28,17,Gym Floor,31,Monday,2025-07,Evening
CI008175,M0484,2025-04-05,6,Spin,57,Saturday,2025-04,Early Morning
CI008176,M0484,2025-03-16,8,HIIT,55,Sunday,2025-03,Early Morning
CI008177,M0484,2025-06-04,7,Strength Training,68,Wednesday,2025-06,Early Morning
CI008178,M0484,2025-03-18,18,Yoga,58,Tuesday,2025-03,Evening
CI008179,M0484,2025-08-10,19,Gym Floor,33,Sunday,2025-08,Evening
CI008180,M0484,2025-07-13,19,Spin,64,Sunday,2025-07,Evening
CI008181,M0484,2025-07-30,6,Gym Floor,52,Wednesday,2025-07,Early Morning
CI008182,M0484,2025-06-06,19,Spin,73,Friday,2025-06,Evening
CI008183,M0484,2025-08-29,18,Gym Floor,54,Friday,2025-08,Evening
CI008184,M0484,2025-03-06,16,Gym Floor,81,Thursday,2025-03,Afternoon
CI008185,M0484,2025-06-19,18,Cardio,53,Thursday,2025-06,Evening
CI008186,M0484,2025-05-03,17,Gym Floor,58,Saturday,2025-05,Evening
CI008187,M0484,2025-08-25,18,Zumba,46,Monday,2025-08,Evening
CI008188,M0484,2025-04-29,8,CrossFit,68,Tuesday,2025-04,Early Morning
CI008189,M0484,2025-08-18,21,Gym Floor,22,Monday,2025-08,Night
CI008190,M0484,2025-06-26,16,Gym Floor,35,Thursday,2025-06,Afternoon
CI008191,M0484,2025-03-23,19,Strength Training,75,Sunday,2025-03,Evening
CI008192,M0485,2025-08-01,8,Zumba,49,Friday,2025-08,Early Morning
CI008193,M0485,2025-04-09,7,Gym Floor,79,Wednesday,2025-04,Early Morning
CI008194,M0485,2025-07-24,7,Strength Training,88,Thursday,2025-07,Early Morning
CI008195,M0485,2025-07-26,10,Yoga,50,Saturday,2025-07,Morning
CI008196,M0485,2025-05-12,19,Zumba,52,Monday,2025-05,Evening
CI008197,M0485,2025-06-02,18,Gym Floor,70,Monday,2025-06,Evening
CI008198,M0485,2025-04-18,10,Cardio,78,Friday,2025-04,Morning
CI008199,M0485,2025-08-25,7,Strength Training,51,Monday,2025-08,Early Morning
CI008200,M0485,2025-05-18,10,Yoga,20,Sunday,2025-05,Morning
CI008201,M0485,2025-04-04,7,Yoga,66,Friday,2025-04,Early Morning
CI008202,M0485,2025-03-09,7,Cardio,34,Sunday,2025-03,Early Morning
CI008203,M0485,2025-08-22,17,HIIT,61,Friday,2025-08,Evening
CI008204,M0485,2025-06-14,16,CrossFit,105,Saturday,2025-06,Afternoon
CI008205,M0485,2025-06-02,7,Spin,20,Monday,2025-06,Early Morning
CI008206,M0485,2025-04-10,8,Zumba,42,Thursday,2025-04,Early Morning
CI008207,M0486,2025-03-11,19,Cardio,91,Tuesday,2025-03,Evening
CI008208,M0487,2025-08-07,10,Gym Floor,55,Thursday,2025-08,Morning
CI008209,M0487,2025-03-16,18,Strength Training,53,Sunday,2025-03,Evening
CI008210,M0487,2025-04-02,18,Gym Floor,50,Wednesday,2025-04,Evening
CI008211,M0487,2025-04-20,10,Spin,85,Sunday,2025-04,Morning
CI008212,M0487,2025-08-15,16,Strength Training,26,Friday,2025-08,Afternoon
CI008213,M0489,2025-03-24,7,Gym Floor,32,Monday,2025-03,Early Morning
CI008214,M0489,2025-04-16,8,Strength Training,57,Wednesday,2025-04,Early Morning
CI008215,M0489,2025-07-19,6,Pilates,82,Saturday,2025-07,Early Morning
CI008216,M0489,2025-06-16,9,Gym Floor,60,Monday,2025-06,Early Morning
CI008217,M0489,2025-07-09,6,Gym Floor,60,Wednesday,2025-07,Early Morning
CI008218,M0489,2025-07-30,17,HIIT,42,Wednesday,2025-07,Evening
CI008219,M0489,2025-06-10,19,Gym Floor,57,Tuesday,2025-06,Evening
CI008220,M0489,2025-04-19,17,Gym Floor,45,Saturday,2025-04,Evening
CI008221,M0489,2025-07-20,16,Zumba,40,Sunday,2025-07,Afternoon
CI008222,M0489,2025-08-12,16,Yoga,71,Tuesday,2025-08,Afternoon
CI008223,M0489,2025-04-21,7,Zumba,61,Monday,2025-04,Early Morning
CI008224,M0489,2025-07-14,16,Gym Floor,74,Monday,2025-07,Afternoon
CI008225,M0489,2025-05-26,19,Gym Floor,50,Monday,2025-05,Evening
CI008226,M0489,2025-06-29,19,CrossFit,33,Sunday,2025-06,Evening
CI008227,M0489,2025-05-23,11,Gym Floor,60,Friday,2025-05,Morning
CI008228,M0489,2025-05-13,7,Gym Floor,38,Tuesday,2025-05,Early Morning
CI008229,M0489,2025-06-23,20,Cardio,76,Monday,2025-06,Night
CI008230,M0489,2025-05-06,9,Yoga,51,Tuesday,2025-05,Early Morning
CI008231,M0489,2025-08-27,11,Zumba,20,Wednesday,2025-08,Morning
CI008232,M0489,2025-08-16,7,Strength Training,21,Saturday,2025-08,Early Morning
CI008233,M0489,2025-03-09,17,CrossFit,68,Sunday,2025-03,Evening
CI008234,M0489,2025-05-19,16,Cardio,31,Monday,2025-05,Afternoon
CI008235,M0489,2025-08-22,8,Gym Floor,30,Friday,2025-08,Early Morning
CI008236,M0489,2025-07-25,18,Zumba,58,Friday,2025-07,Evening
CI008237,M0490,2025-08-14,19,HIIT,28,Thursday,2025-08,Evening
CI008238,M0490,2025-06-11,7,Gym Floor,75,Wednesday,2025-06,Early Morning
CI008239,M0490,2025-04-16,16,Gym Floor,69,Wednesday,2025-04,Afternoon
CI008240,M0490,2025-04-17,11,Gym Floor,62,Thursday,2025-04,Morning
CI008241,M0490,2025-05-24,10,Yoga,52,Saturday,2025-05,Morning
CI008242,M0490,2025-05-07,18,Yoga,20,Wednesday,2025-05,Evening
CI008243,M0490,2025-07-17,18,Gym Floor,44,Thursday,2025-07,Evening
CI008244,M0490,2025-05-09,18,Zumba,34,Friday,2025-05,Evening
CI008245,M0490,2025-03-28,10,Strength Training,51,Friday,2025-03,Morning
CI008246,M0490,2025-05-15,18,Gym Floor,67,Thursday,2025-05,Evening
CI008247,M0490,2025-07-27,18,Gym Floor,53,Sunday,2025-07,Evening
CI008248,M0490,2025-03-02,8,Gym Floor,59,Sunday,2025-03,Early Morning
CI008249,M0491,2025-05-08,18,Gym Floor,52,Thursday,2025-05,Evening
CI008250,M0491,2025-04-19,7,HIIT,40,Saturday,2025-04,Early Morning
CI008251,M0491,2025-06-21,16,Gym Floor,66,Saturday,2025-06,Afternoon
CI008252,M0491,2025-07-02,10,Gym Floor,50,Wednesday,2025-07,Morning
CI008253,M0491,2025-07-21,8,Gym Floor,64,Monday,2025-07,Early Morning
CI008254,M0491,2025-04-16,6,Yoga,57,Wednesday,2025-04,Early Morning
CI008255,M0491,2025-03-29,17,Gym Floor,59,Saturday,2025-03,Evening
CI008256,M0491,2025-03-12,8,Gym Floor,65,Wednesday,2025-03,Early Morning
CI008257,M0491,2025-05-03,9,Gym Floor,26,Saturday,2025-05,Early Morning
CI008258,M0491,2025-06-19,12,Gym Floor,39,Thursday,2025-06,Morning
CI008259,M0491,2025-05-31,9,Gym Floor,40,Saturday,2025-05,Early Morning
CI008260,M0491,2025-06-15,6,Gym Floor,40,Sunday,2025-06,Early Morning
CI008261,M0491,2025-03-21,9,Gym Floor,65,Friday,2025-03,Early Morning
CI008262,M0491,2025-03-02,8,Spin,72,Sunday,2025-03,Early Morning
CI008263,M0491,2025-04-15,11,Yoga,20,Tuesday,2025-04,Morning
CI008264,M0491,2025-06-01,11,Cardio,62,Sunday,2025-06,Morning
CI008265,M0491,2025-08-29,18,Gym Floor,46,Friday,2025-08,Evening
CI008266,M0491,2025-06-01,12,Zumba,62,Sunday,2025-06,Morning
CI008267,M0491,2025-07-07,16,Gym Floor,66,Monday,2025-07,Afternoon
CI008268,M0491,2025-04-25,18,CrossFit,100,Friday,2025-04,Evening
CI008269,M0491,2025-04-13,11,Gym Floor,62,Sunday,2025-04,Morning
CI008270,M0491,2025-05-22,17,Spin,57,Thursday,2025-05,Evening
CI008271,M0492,2025-04-08,6,Cardio,67,Tuesday,2025-04,Early Morning
CI008272,M0492,2025-05-17,19,Gym Floor,61,Saturday,2025-05,Evening
CI008273,M0492,2025-03-18,17,CrossFit,58,Tuesday,2025-03,Evening
CI008274,M0492,2025-04-20,20,Gym Floor,67,Sunday,2025-04,Night
CI008275,M0492,2025-03-05,6,Spin,40,Wednesday,2025-03,Early Morning
CI008276,M0492,2025-08-26,19,Gym Floor,56,Tuesday,2025-08,Evening
CI008277,M0492,2025-06-25,19,Strength Training,66,Wednesday,2025-06,Evening
CI008278,M0492,2025-06-05,18,Zumba,69,Thursday,2025-06,Evening
CI008279,M0492,2025-07-27,9,Strength Training,65,Sunday,2025-07,Early Morning
CI008280,M0492,2025-08-10,17,Gym Floor,37,Sunday,2025-08,Evening
CI008281,M0492,2025-04-30,19,Spin,36,Wednesday,2025-04,Evening
CI008282,M0492,2025-05-08,19,Spin,57,Thursday,2025-05,Evening
CI008283,M0492,2025-06-04,6,Gym Floor,59,Wednesday,2025-06,Early Morning
CI008284,M0492,2025-03-17,19,Gym Floor,43,Monday,2025-03,Evening
CI008285,M0492,2025-07-14,10,Gym Floor,85,Monday,2025-07,Morning
CI008286,M0492,2025-03-23,11,HIIT,26,Sunday,2025-03,Morning
CI008287,M0492,2025-07-25,20,Spin,37,Friday,2025-07,Night
CI008288,M0492,2025-08-25,17,Zumba,20,Monday,2025-08,Evening
CI008289,M0492,2025-06-02,6,Gym Floor,77,Monday,2025-06,Early Morning
CI008290,M0492,2025-07-15,18,Gym Floor,65,Tuesday,2025-07,Evening
CI008291,M0492,2025-06-19,7,Gym Floor,66,Thursday,2025-06,Early Morning
CI008292,M0492,2025-07-09,20,Gym Floor,57,Wednesday,2025-07,Night
CI008293,M0492,2025-04-18,17,CrossFit,35,Friday,2025-04,Evening
CI008294,M0492,2025-03-29,6,Yoga,34,Saturday,2025-03,Early Morning
CI008295,M0492,2025-03-23,17,Gym Floor,68,Sunday,2025-03,Evening
CI008296,M0492,2025-05-12,19,Gym Floor,87,Monday,2025-05,Evening
CI008297,M0492,2025-06-17,19,Gym Floor,73,Tuesday,2025-06,Evening
CI008298,M0492,2025-03-19,20,Gym Floor,20,Wednesday,2025-03,Night
CI008299,M0492,2025-04-17,12,Yoga,29,Thursday,2025-04,Morning
CI008300,M0492,2025-06-19,19,Gym Floor,63,Thursday,2025-06,Evening
CI008301,M0492,2025-07-30,20,Gym Floor,37,Wednesday,2025-07,Night
CI008302,M0492,2025-05-25,18,HIIT,41,Sunday,2025-05,Evening
CI008303,M0492,2025-03-18,18,HIIT,20,Tuesday,2025-03,Evening
CI008304,M0492,2025-03-03,18,Gym Floor,23,Monday,2025-03,Evening
CI008305,M0492,2025-05-26,9,HIIT,48,Monday,2025-05,Early Morning
CI008306,M0492,2025-03-28,18,HIIT,20,Friday,2025-03,Evening
CI008307,M0492,2025-04-30,6,Strength Training,27,Wednesday,2025-04,Early Morning
CI008308,M0492,2025-03-17,9,Gym Floor,66,Monday,2025-03,Early Morning
CI008309,M0492,2025-08-11,7,Gym Floor,21,Monday,2025-08,Early Morning
CI008310,M0492,2025-08-30,20,Gym Floor,37,Saturday,2025-08,Night
CI008311,M0492,2025-07-06,19,Yoga,75,Sunday,2025-07,Evening
CI008312,M0492,2025-08-01,17,Strength Training,41,Friday,2025-08,Evening
CI008313,M0492,2025-06-15,7,Zumba,84,Sunday,2025-06,Early Morning
CI008314,M0492,2025-06-13,9,Gym Floor,69,Friday,2025-06,Early Morning
CI008315,M0492,2025-08-01,6,Gym Floor,64,Friday,2025-08,Early Morning
CI008316,M0492,2025-07-22,19,Zumba,38,Tuesday,2025-07,Evening
CI008317,M0493,2025-08-20,10,Gym Floor,57,Wednesday,2025-08,Morning
CI008318,M0493,2025-08-18,19,CrossFit,54,Monday,2025-08,Evening
CI008319,M0493,2025-05-04,18,Gym Floor,61,Sunday,2025-05,Evening
CI008320,M0493,2025-08-02,10,Gym Floor,51,Saturday,2025-08,Morning
CI008321,M0493,2025-03-09,19,Gym Floor,47,Sunday,2025-03,Evening
CI008322,M0493,2025-06-22,16,Gym Floor,34,Sunday,2025-06,Afternoon
CI008323,M0493,2025-03-01,17,Gym Floor,49,Saturday,2025-03,Evening
CI008324,M0493,2025-06-15,6,Yoga,35,Sunday,2025-06,Early Morning
CI008325,M0493,2025-07-04,18,Pilates,44,Friday,2025-07,Evening
CI008326,M0494,2025-03-19,20,HIIT,57,Wednesday,2025-03,Night
CI008327,M0494,2025-03-23,18,Gym Floor,60,Sunday,2025-03,Evening
CI008328,M0494,2025-04-11,7,Spin,56,Friday,2025-04,Early Morning
CI008329,M0494,2025-07-05,11,Gym Floor,51,Saturday,2025-07,Morning
CI008330,M0494,2025-04-14,18,Pilates,43,Monday,2025-04,Evening
CI008331,M0495,2025-07-13,12,Gym Floor,50,Sunday,2025-07,Morning
CI008332,M0495,2025-03-25,18,Gym Floor,60,Tuesday,2025-03,Evening
CI008333,M0495,2025-08-13,11,Gym Floor,48,Wednesday,2025-08,Morning
CI008334,M0495,2025-03-01,19,Gym Floor,82,Saturday,2025-03,Evening
CI008335,M0496,2025-04-27,16,Gym Floor,55,Sunday,2025-04,Afternoon
CI008336,M0496,2025-07-04,17,Gym Floor,51,Friday,2025-07,Evening
CI008337,M0496,2025-08-16,18,Yoga,65,Saturday,2025-08,Evening
CI008338,M0496,2025-03-18,8,Gym Floor,74,Tuesday,2025-03,Early Morning
CI008339,M0496,2025-04-09,6,Gym Floor,66,Wednesday,2025-04,Early Morning
CI008340,M0496,2025-08-10,9,Gym Floor,53,Sunday,2025-08,Early Morning
CI008341,M0496,2025-05-10,19,Gym Floor,44,Saturday,2025-05,Evening
CI008342,M0496,2025-07-13,10,Gym Floor,20,Sunday,2025-07,Morning
CI008343,M0496,2025-07-04,12,Cardio,32,Friday,2025-07,Morning
CI008344,M0496,2025-06-04,20,Zumba,46,Wednesday,2025-06,Night
CI008345,M0496,2025-05-06,18,Spin,50,Tuesday,2025-05,Evening
CI008346,M0496,2025-08-27,18,Gym Floor,20,Wednesday,2025-08,Evening
CI008347,M0496,2025-04-19,8,Strength Training,51,Saturday,2025-04,Early Morning
CI008348,M0496,2025-07-18,17,Zumba,59,Friday,2025-07,Evening
CI008349,M0496,2025-05-10,6,Strength Training,35,Saturday,2025-05,Early Morning
CI008350,M0496,2025-06-29,17,Gym Floor,48,Sunday,2025-06,Evening
CI008351,M0497,2025-03-19,9,Zumba,20,Wednesday,2025-03,Early Morning
CI008352,M0497,2025-07-14,10,Yoga,45,Monday,2025-07,Morning
CI008353,M0497,2025-03-16,19,CrossFit,45,Sunday,2025-03,Evening
CI008354,M0497,2025-08-23,19,Zumba,86,Saturday,2025-08,Evening
CI008355,M0497,2025-03-01,12,Strength Training,42,Saturday,2025-03,Morning
CI008356,M0497,2025-04-22,17,Strength Training,53,Tuesday,2025-04,Evening
CI008357,M0497,2025-07-21,18,Zumba,57,Monday,2025-07,Evening
CI008358,M0497,2025-05-26,11,Gym Floor,66,Monday,2025-05,Morning
CI008359,M0497,2025-06-27,17,Pilates,65,Friday,2025-06,Evening
CI008360,M0497,2025-07-16,10,Gym Floor,74,Wednesday,2025-07,Morning
CI008361,M0497,2025-06-27,8,Pilates,20,Friday,2025-06,Early Morning
CI008362,M0497,2025-03-11,8,Spin,28,Tuesday,2025-03,Early Morning
CI008363,M0497,2025-08-15,21,Gym Floor,88,Friday,2025-08,Night
CI008364,M0497,2025-04-20,8,Cardio,41,Sunday,2025-04,Early Morning
CI008365,M0497,2025-05-01,6,Pilates,47,Thursday,2025-05,Early Morning
CI008366,M0497,2025-08-13,16,Gym Floor,20,Wednesday,2025-08,Afternoon
CI008367,M0497,2025-07-04,18,Strength Training,48,Friday,2025-07,Evening
CI008368,M0497,2025-06-02,19,Gym Floor,29,Monday,2025-06,Evening
CI008369,M0497,2025-07-03,7,Gym Floor,58,Thursday,2025-07,Early Morning
CI008370,M0497,2025-06-16,7,Gym Floor,59,Monday,2025-06,Early Morning
CI008371,M0497,2025-04-28,18,Pilates,45,Monday,2025-04,Evening
CI008372,M0497,2025-08-07,18,Zumba,67,Thursday,2025-08,Evening
CI008373,M0497,2025-03-21,9,Gym Floor,94,Friday,2025-03,Early Morning
CI008374,M0497,2025-05-21,12,CrossFit,58,Wednesday,2025-05,Morning
CI008375,M0498,2025-04-22,16,HIIT,52,Tuesday,2025-04,Afternoon
CI008376,M0498,2025-04-27,7,Gym Floor,26,Sunday,2025-04,Early Morning
CI008377,M0498,2025-04-13,16,Gym Floor,58,Sunday,2025-04,Afternoon
CI008378,M0498,2025-03-24,10,Gym Floor,49,Monday,2025-03,Morning
CI008379,M0498,2025-08-26,10,Pilates,61,Tuesday,2025-08,Morning
CI008380,M0498,2025-03-20,12,Gym Floor,51,Thursday,2025-03,Morning
CI008381,M0498,2025-08-01,18,Gym Floor,44,Friday,2025-08,Evening
CI008382,M0498,2025-07-15,11,Cardio,74,Tuesday,2025-07,Morning
CI008383,M0498,2025-03-23,7,HIIT,37,Sunday,2025-03,Early Morning
CI008384,M0498,2025-06-06,17,Gym Floor,47,Friday,2025-06,Evening
CI008385,M0498,2025-05-06,6,Strength Training,71,Tuesday,2025-05,Early Morning
CI008386,M0498,2025-04-21,6,Pilates,60,Monday,2025-04,Early Morning
CI008387,M0498,2025-05-24,10,Gym Floor,50,Saturday,2025-05,Morning
CI008388,M0498,2025-07-07,19,Gym Floor,62,Monday,2025-07,Evening
CI008389,M0498,2025-06-21,17,Yoga,41,Saturday,2025-06,Evening
CI008390,M0498,2025-08-17,7,Gym Floor,44,Sunday,2025-08,Early Morning
CI008391,M0498,2025-03-06,7,HIIT,55,Thursday,2025-03,Early Morning
CI008392,M0498,2025-04-21,7,Strength Training,24,Monday,2025-04,Early Morning
CI008393,M0498,2025-04-16,8,Gym Floor,92,Wednesday,2025-04,Early Morning
CI008394,M0498,2025-05-03,8,Gym Floor,55,Saturday,2025-05,Early Morning
CI008395,M0499,2025-04-05,20,Gym Floor,61,Saturday,2025-04,Night
CI008396,M0499,2025-05-04,8,Spin,51,Sunday,2025-05,Early Morning
CI008397,M0499,2025-03-04,7,Pilates,56,Tuesday,2025-03,Early Morning
CI008398,M0499,2025-08-22,21,Strength Training,84,Friday,2025-08,Night
CI008399,M0500,2025-06-15,12,Strength Training,25,Sunday,2025-06,Morning
CI008400,M0500,2025-08-19,6,HIIT,37,Tuesday,2025-08,Early Morning
CI008401,M0500,2025-06-14,19,HIIT,70,Saturday,2025-06,Evening
CI008402,M0500,2025-06-08,19,Gym Floor,58,Sunday,2025-06,Evening
CI008403,M0500,2025-07-07,16,Gym Floor,63,Monday,2025-07,Afternoon
CI008404,M0500,2025-07-26,19,Gym Floor,73,Saturday,2025-07,Evening
CI008405,M0500,2025-03-11,20,Zumba,44,Tuesday,2025-03,Night
CI008406,M0501,2025-04-30,11,Gym Floor,56,Wednesday,2025-04,Morning
CI008407,M0501,2025-03-25,11,Yoga,49,Tuesday,2025-03,Morning
CI008408,M0501,2025-07-17,20,Gym Floor,34,Thursday,2025-07,Night
CI008409,M0501,2025-04-26,12,Gym Floor,68,Saturday,2025-04,Morning
CI008410,M0502,2025-04-10,20,Gym Floor,61,Thursday,2025-04,Night
CI008411,M0502,2025-04-28,17,HIIT,48,Monday,2025-04,Evening
CI008412,M0502,2025-07-12,6,Cardio,58,Saturday,2025-07,Early Morning
CI008413,M0502,2025-04-30,18,Spin,65,Wednesday,2025-04,Evening
CI008414,M0502,2025-06-14,18,Zumba,62,Saturday,2025-06,Evening
CI008415,M0502,2025-03-07,7,Spin,25,Friday,2025-03,Early Morning
CI008416,M0503,2025-07-04,6,Gym Floor,45,Friday,2025-07,Early Morning
CI008417,M0503,2025-06-28,12,Gym Floor,51,Saturday,2025-06,Morning
CI008418,M0503,2025-05-22,16,Zumba,44,Thursday,2025-05,Afternoon
CI008419,M0503,2025-07-21,18,Spin,64,Monday,2025-07,Evening
CI008420,M0504,2025-03-29,12,Zumba,46,Saturday,2025-03,Morning
CI008421,M0504,2025-07-22,17,Yoga,58,Tuesday,2025-07,Evening
CI008422,M0504,2025-07-30,7,Spin,63,Wednesday,2025-07,Early Morning
CI008423,M0504,2025-08-20,17,Strength Training,56,Wednesday,2025-08,Evening
CI008424,M0504,2025-08-16,9,CrossFit,20,Saturday,2025-08,Early Morning
CI008425,M0504,2025-04-06,20,CrossFit,28,Sunday,2025-04,Night
CI008426,M0504,2025-03-16,7,Gym Floor,39,Sunday,2025-03,Early Morning
CI008427,M0504,2025-03-27,16,Gym Floor,44,Thursday,2025-03,Afternoon
CI008428,M0505,2025-05-19,16,Gym Floor,46,Monday,2025-05,Afternoon
CI008429,M0505,2025-08-17,12,Gym Floor,78,Sunday,2025-08,Morning
CI008430,M0505,2025-06-11,17,Zumba,52,Wednesday,2025-06,Evening
CI008431,M0505,2025-05-04,9,Yoga,73,Sunday,2025-05,Early Morning
CI008432,M0505,2025-08-25,18,Strength Training,63,Monday,2025-08,Evening
CI008433,M0505,2025-06-28,12,Gym Floor,96,Saturday,2025-06,Morning
CI008434,M0505,2025-08-07,7,HIIT,57,Thursday,2025-08,Early Morning
CI008435,M0505,2025-07-30,17,Zumba,66,Wednesday,2025-07,Evening
CI008436,M0505,2025-07-06,16,Yoga,49,Sunday,2025-07,Afternoon
CI008437,M0505,2025-06-02,19,Gym Floor,53,Monday,2025-06,Evening
CI008438,M0505,2025-03-06,16,Gym Floor,67,Thursday,2025-03,Afternoon
CI008439,M0506,2025-03-20,12,CrossFit,34,Thursday,2025-03,Morning
CI008440,M0506,2025-04-25,11,Gym Floor,56,Friday,2025-04,Morning
CI008441,M0506,2025-08-14,10,Yoga,41,Thursday,2025-08,Morning
CI008442,M0506,2025-05-28,16,Gym Floor,31,Wednesday,2025-05,Afternoon
CI008443,M0506,2025-08-22,18,Spin,37,Friday,2025-08,Evening
CI008444,M0506,2025-08-15,8,HIIT,54,Friday,2025-08,Early Morning
CI008445,M0506,2025-08-19,19,Strength Training,58,Tuesday,2025-08,Evening
CI008446,M0506,2025-04-26,21,Gym Floor,36,Saturday,2025-04,Night
CI008447,M0506,2025-07-08,6,Spin,56,Tuesday,2025-07,Early Morning
CI008448,M0506,2025-04-07,7,Strength Training,41,Monday,2025-04,Early Morning
CI008449,M0506,2025-06-27,18,Gym Floor,50,Friday,2025-06,Evening
CI008450,M0506,2025-08-08,17,Gym Floor,44,Friday,2025-08,Evening
CI008451,M0506,2025-08-21,18,Spin,75,Thursday,2025-08,Evening
CI008452,M0506,2025-04-03,19,Yoga,57,Thursday,2025-04,Evening
CI008453,M0506,2025-07-15,16,Gym Floor,60,Tuesday,2025-07,Afternoon
CI008454,M0506,2025-05-24,10,Zumba,50,Saturday,2025-05,Morning
CI008455,M0506,2025-06-08,19,HIIT,34,Sunday,2025-06,Evening
CI008456,M0506,2025-05-06,18,Gym Floor,41,Tuesday,2025-05,Evening
CI008457,M0507,2025-05-09,12,Gym Floor,43,Friday,2025-05,Morning
CI008458,M0507,2025-04-21,8,Spin,64,Monday,2025-04,Early Morning
CI008459,M0507,2025-07-30,11,Spin,56,Wednesday,2025-07,Morning
CI008460,M0507,2025-04-23,20,Cardio,71,Wednesday,2025-04,Night
CI008461,M0507,2025-05-04,19,Gym Floor,39,Sunday,2025-05,Evening
CI008462,M0507,2025-06-17,7,Gym Floor,44,Tuesday,2025-06,Early Morning
CI008463,M0507,2025-03-07,20,Strength Training,53,Friday,2025-03,Night
CI008464,M0507,2025-05-13,19,Cardio,20,Tuesday,2025-05,Evening
CI008465,M0507,2025-06-10,19,Yoga,81,Tuesday,2025-06,Evening
CI008466,M0507,2025-06-07,6,CrossFit,64,Saturday,2025-06,Early Morning
CI008467,M0507,2025-05-25,9,Cardio,90,Sunday,2025-05,Early Morning
CI008468,M0507,2025-04-24,20,Gym Floor,43,Thursday,2025-04,Night
CI008469,M0507,2025-04-25,19,Spin,61,Friday,2025-04,Evening
CI008470,M0507,2025-06-04,7,Gym Floor,79,Wednesday,2025-06,Early Morning
CI008471,M0507,2025-05-05,6,Gym Floor,45,Monday,2025-05,Early Morning
CI008472,M0507,2025-03-21,10,Strength Training,74,Friday,2025-03,Morning
CI008473,M0507,2025-03-10,10,Gym Floor,107,Monday,2025-03,Morning
CI008474,M0507,2025-06-14,12,Gym Floor,62,Saturday,2025-06,Morning
CI008475,M0507,2025-08-16,6,Yoga,47,Saturday,2025-08,Early Morning
CI008476,M0507,2025-03-24,17,Yoga,34,Monday,2025-03,Evening
CI008477,M0507,2025-08-23,7,Cardio,20,Saturday,2025-08,Early Morning
CI008478,M0507,2025-07-10,19,Gym Floor,29,Thursday,2025-07,Evening
CI008479,M0507,2025-03-12,12,Gym Floor,96,Wednesday,2025-03,Morning
CI008480,M0507,2025-05-31,9,Spin,20,Saturday,2025-05,Early Morning
CI008481,M0507,2025-07-31,7,Strength Training,57,Thursday,2025-07,Early Morning
CI008482,M0507,2025-08-19,7,Cardio,54,Tuesday,2025-08,Early Morning
CI008483,M0507,2025-06-26,12,Gym Floor,54,Thursday,2025-06,Morning
CI008484,M0507,2025-07-15,17,Strength Training,20,Tuesday,2025-07,Evening
CI008485,M0508,2025-05-08,19,Pilates,42,Thursday,2025-05,Evening
CI008486,M0508,2025-05-19,7,Gym Floor,70,Monday,2025-05,Early Morning
CI008487,M0508,2025-05-23,21,Pilates,45,Friday,2025-05,Night
CI008488,M0508,2025-07-13,6,Gym Floor,59,Sunday,2025-07,Early Morning
CI008489,M0508,2025-06-08,11,Strength Training,68,Sunday,2025-06,Morning
CI008490,M0508,2025-06-08,19,Gym Floor,43,Sunday,2025-06,Evening
CI008491,M0508,2025-08-26,16,Gym Floor,77,Tuesday,2025-08,Afternoon
CI008492,M0508,2025-07-09,7,Gym Floor,64,Wednesday,2025-07,Early Morning
CI008493,M0508,2025-05-10,20,Spin,35,Saturday,2025-05,Night
CI008494,M0508,2025-08-12,8,Zumba,53,Tuesday,2025-08,Early Morning
CI008495,M0508,2025-06-05,9,CrossFit,51,Thursday,2025-06,Early Morning
CI008496,M0508,2025-07-12,8,Gym Floor,60,Saturday,2025-07,Early Morning
CI008497,M0508,2025-05-05,19,Spin,52,Monday,2025-05,Evening
CI008498,M0508,2025-08-24,21,Cardio,53,Sunday,2025-08,Night
CI008499,M0508,2025-03-02,18,Strength Training,55,Sunday,2025-03,Evening
CI008500,M0508,2025-05-15,6,Strength Training,32,Thursday,2025-05,Early Morning
CI008501,M0508,2025-08-18,18,Gym Floor,47,Monday,2025-08,Evening
CI008502,M0508,2025-06-21,9,Gym Floor,71,Saturday,2025-06,Early Morning
CI008503,M0508,2025-07-01,8,Gym Floor,97,Tuesday,2025-07,Early Morning
CI008504,M0508,2025-07-31,19,HIIT,45,Thursday,2025-07,Evening
CI008505,M0508,2025-03-23,7,Gym Floor,59,Sunday,2025-03,Early Morning
CI008506,M0508,2025-05-31,11,HIIT,88,Saturday,2025-05,Morning
CI008507,M0508,2025-08-16,8,Spin,52,Saturday,2025-08,Early Morning
CI008508,M0508,2025-03-20,11,Gym Floor,20,Thursday,2025-03,Morning
CI008509,M0508,2025-06-01,17,Strength Training,32,Sunday,2025-06,Evening
CI008510,M0508,2025-07-12,11,Strength Training,66,Saturday,2025-07,Morning
CI008511,M0508,2025-06-16,10,Pilates,31,Monday,2025-06,Morning
CI008512,M0509,2025-08-17,18,Gym Floor,50,Sunday,2025-08,Evening
CI008513,M0509,2025-05-08,18,Pilates,58,Thursday,2025-05,Evening
CI008514,M0509,2025-05-24,11,HIIT,71,Saturday,2025-05,Morning
CI008515,M0509,2025-04-13,11,Gym Floor,64,Sunday,2025-04,Morning
CI008516,M0509,2025-06-30,17,Gym Floor,62,Monday,2025-06,Evening
CI008517,M0509,2025-05-31,11,Gym Floor,46,Saturday,2025-05,Morning
CI008518,M0509,2025-07-15,18,Gym Floor,73,Tuesday,2025-07,Evening
CI008519,M0509,2025-08-07,6,Gym Floor,61,Thursday,2025-08,Early Morning
CI008520,M0509,2025-05-15,17,Gym Floor,31,Thursday,2025-05,Evening
CI008521,M0509,2025-06-08,19,Gym Floor,73,Sunday,2025-06,Evening
CI008522,M0509,2025-03-26,7,Gym Floor,59,Wednesday,2025-03,Early Morning
CI008523,M0509,2025-03-30,6,Strength Training,71,Sunday,2025-03,Early Morning
CI008524,M0509,2025-07-19,16,Gym Floor,76,Saturday,2025-07,Afternoon
CI008525,M0509,2025-03-04,18,Gym Floor,42,Tuesday,2025-03,Evening
CI008526,M0509,2025-07-21,21,Gym Floor,65,Monday,2025-07,Night
CI008527,M0509,2025-05-15,6,CrossFit,20,Thursday,2025-05,Early Morning
CI008528,M0509,2025-04-23,20,Gym Floor,50,Wednesday,2025-04,Night
CI008529,M0509,2025-03-13,18,Gym Floor,65,Thursday,2025-03,Evening
CI008530,M0509,2025-05-08,6,Yoga,48,Thursday,2025-05,Early Morning
CI008531,M0509,2025-03-29,18,Gym Floor,55,Saturday,2025-03,Evening
CI008532,M0509,2025-08-14,16,Gym Floor,20,Thursday,2025-08,Afternoon
CI008533,M0509,2025-04-09,16,Gym Floor,56,Wednesday,2025-04,Afternoon
CI008534,M0509,2025-07-13,18,Gym Floor,63,Sunday,2025-07,Evening
CI008535,M0509,2025-08-23,18,Gym Floor,56,Saturday,2025-08,Evening
CI008536,M0509,2025-08-05,9,Gym Floor,36,Tuesday,2025-08,Early Morning
CI008537,M0509,2025-05-04,19,Spin,20,Sunday,2025-05,Evening
CI008538,M0509,2025-08-20,18,Gym Floor,48,Wednesday,2025-08,Evening
CI008539,M0509,2025-04-22,21,CrossFit,66,Tuesday,2025-04,Night
CI008540,M0509,2025-04-30,19,Zumba,43,Wednesday,2025-04,Evening
CI008541,M0509,2025-03-30,18,Spin,36,Sunday,2025-03,Evening
CI008542,M0509,2025-08-20,8,HIIT,36,Wednesday,2025-08,Early Morning
CI008543,M0509,2025-08-24,9,Zumba,61,Sunday,2025-08,Early Morning
CI008544,M0509,2025-08-01,17,CrossFit,100,Friday,2025-08,Evening
CI008545,M0509,2025-03-18,18,Gym Floor,41,Tuesday,2025-03,Evening
CI008546,M0509,2025-05-19,16,Gym Floor,21,Monday,2025-05,Afternoon
CI008547,M0509,2025-04-27,18,Spin,84,Sunday,2025-04,Evening
CI008548,M0509,2025-03-25,16,Gym Floor,41,Tuesday,2025-03,Afternoon
CI008549,M0509,2025-03-10,18,Cardio,66,Monday,2025-03,Evening
CI008550,M0509,2025-03-20,19,Gym Floor,39,Thursday,2025-03,Evening
CI008551,M0509,2025-06-07,19,Strength Training,74,Saturday,2025-06,Evening
CI008552,M0509,2025-08-12,19,Gym Floor,55,Tuesday,2025-08,Evening
CI008553,M0510,2025-05-19,17,Pilates,59,Monday,2025-05,Evening
CI008554,M0510,2025-07-13,17,Pilates,31,Sunday,2025-07,Evening
CI008555,M0510,2025-04-24,20,CrossFit,37,Thursday,2025-04,Night
CI008556,M0510,2025-05-25,8,Gym Floor,66,Sunday,2025-05,Early Morning
CI008557,M0510,2025-07-05,16,Zumba,41,Saturday,2025-07,Afternoon
CI008558,M0510,2025-08-29,7,Pilates,68,Friday,2025-08,Early Morning
CI008559,M0511,2025-07-05,9,HIIT,51,Saturday,2025-07,Early Morning
CI008560,M0511,2025-05-04,7,Gym Floor,31,Sunday,2025-05,Early Morning
CI008561,M0511,2025-06-30,12,Gym Floor,30,Monday,2025-06,Morning
CI008562,M0511,2025-03-13,18,Gym Floor,29,Thursday,2025-03,Evening
CI008563,M0512,2025-08-19,9,Gym Floor,50,Tuesday,2025-08,Early Morning
CI008564,M0512,2025-04-19,17,HIIT,47,Saturday,2025-04,Evening
CI008565,M0512,2025-04-09,6,Strength Training,57,Wednesday,2025-04,Early Morning
CI008566,M0512,2025-06-21,9,Gym Floor,63,Saturday,2025-06,Early Morning
CI008567,M0513,2025-04-19,7,Pilates,36,Saturday,2025-04,Early Morning
CI008568,M0513,2025-04-09,21,Zumba,62,Wednesday,2025-04,Night
CI008569,M0513,2025-04-29,7,Zumba,26,Tuesday,2025-04,Early Morning
CI008570,M0513,2025-08-22,17,Gym Floor,62,Friday,2025-08,Evening
CI008571,M0513,2025-04-27,8,Pilates,57,Sunday,2025-04,Early Morning
CI008572,M0513,2025-07-29,6,Pilates,38,Tuesday,2025-07,Early Morning
CI008573,M0513,2025-04-11,12,Zumba,31,Friday,2025-04,Morning
CI008574,M0513,2025-06-30,18,HIIT,64,Monday,2025-06,Evening
CI008575,M0513,2025-07-21,18,Gym Floor,57,Monday,2025-07,Evening
CI008576,M0513,2025-04-06,8,Gym Floor,50,Sunday,2025-04,Early Morning
CI008577,M0513,2025-03-24,19,Spin,42,Monday,2025-03,Evening
CI008578,M0513,2025-06-17,18,Gym Floor,48,Tuesday,2025-06,Evening
CI008579,M0513,2025-04-26,6,Gym Floor,40,Saturday,2025-04,Early Morning
CI008580,M0513,2025-08-26,17,CrossFit,65,Tuesday,2025-08,Evening
CI008581,M0513,2025-06-25,19,Gym Floor,48,Wednesday,2025-06,Evening
CI008582,M0513,2025-08-13,21,Gym Floor,69,Wednesday,2025-08,Night
CI008583,M0513,2025-06-21,18,Yoga,65,Saturday,2025-06,Evening
CI008584,M0513,2025-06-13,9,Pilates,48,Friday,2025-06,Early Morning
CI008585,M0513,2025-04-01,7,Gym Floor,72,Tuesday,2025-04,Early Morning
CI008586,M0514,2025-05-31,17,Spin,61,Saturday,2025-05,Evening
CI008587,M0514,2025-04-21,9,Gym Floor,80,Monday,2025-04,Early Morning
CI008588,M0514,2025-03-30,10,Gym Floor,71,Sunday,2025-03,Morning
CI008589,M0514,2025-06-17,17,Pilates,45,Tuesday,2025-06,Evening
CI008590,M0514,2025-04-01,18,HIIT,81,Tuesday,2025-04,Evening
CI008591,M0514,2025-04-09,11,CrossFit,47,Wednesday,2025-04,Morning
CI008592,M0514,2025-03-18,9,Zumba,63,Tuesday,2025-03,Early Morning
CI008593,M0515,2025-03-06,16,Strength Training,41,Thursday,2025-03,Afternoon
CI008594,M0515,2025-06-19,18,Gym Floor,41,Thursday,2025-06,Evening
CI008595,M0515,2025-05-13,11,Gym Floor,51,Tuesday,2025-05,Morning
CI008596,M0515,2025-03-10,19,Yoga,42,Monday,2025-03,Evening
CI008597,M0515,2025-05-20,18,Gym Floor,71,Tuesday,2025-05,Evening
CI008598,M0515,2025-06-14,8,Pilates,20,Saturday,2025-06,Early Morning
CI008599,M0515,2025-05-08,8,Gym Floor,57,Thursday,2025-05,Early Morning
CI008600,M0515,2025-07-21,6,Strength Training,70,Monday,2025-07,Early Morning
CI008601,M0515,2025-05-20,10,Spin,31,Tuesday,2025-05,Morning
CI008602,M0515,2025-03-24,17,Zumba,42,Monday,2025-03,Evening
CI008603,M0516,2025-07-29,17,Gym Floor,46,Tuesday,2025-07,Evening
CI008604,M0516,2025-05-03,18,CrossFit,34,Saturday,2025-05,Evening
CI008605,M0516,2025-07-29,16,Gym Floor,57,Tuesday,2025-07,Afternoon
CI008606,M0516,2025-05-18,21,Zumba,73,Sunday,2025-05,Night
CI008607,M0516,2025-03-29,18,Pilates,70,Saturday,2025-03,Evening
CI008608,M0516,2025-04-29,18,Gym Floor,87,Tuesday,2025-04,Evening
CI008609,M0516,2025-05-24,10,Gym Floor,69,Saturday,2025-05,Morning
CI008610,M0516,2025-06-12,10,Pilates,67,Thursday,2025-06,Morning
CI008611,M0516,2025-04-14,7,Gym Floor,80,Monday,2025-04,Early Morning
CI008612,M0516,2025-03-16,18,Gym Floor,29,Sunday,2025-03,Evening
CI008613,M0516,2025-06-03,17,HIIT,55,Tuesday,2025-06,Evening
CI008614,M0516,2025-04-02,7,Spin,74,Wednesday,2025-04,Early Morning
CI008615,M0516,2025-03-21,20,CrossFit,70,Friday,2025-03,Night
CI008616,M0516,2025-07-30,7,Gym Floor,56,Wednesday,2025-07,Early Morning
CI008617,M0516,2025-04-26,7,Strength Training,21,Saturday,2025-04,Early Morning
CI008618,M0516,2025-04-29,11,Gym Floor,50,Tuesday,2025-04,Morning
CI008619,M0516,2025-08-09,7,Cardio,62,Saturday,2025-08,Early Morning
CI008620,M0516,2025-03-26,6,Yoga,63,Wednesday,2025-03,Early Morning
CI008621,M0516,2025-08-19,6,Zumba,51,Tuesday,2025-08,Early Morning
CI008622,M0516,2025-08-16,17,HIIT,33,Saturday,2025-08,Evening
CI008623,M0516,2025-03-12,11,Gym Floor,56,Wednesday,2025-03,Morning
CI008624,M0516,2025-07-11,6,Gym Floor,41,Friday,2025-07,Early Morning
CI008625,M0516,2025-03-28,16,Gym Floor,36,Friday,2025-03,Afternoon
CI008626,M0516,2025-07-02,16,Yoga,68,Wednesday,2025-07,Afternoon
CI008627,M0516,2025-08-19,20,Cardio,57,Tuesday,2025-08,Night
CI008628,M0516,2025-04-11,17,Gym Floor,65,Friday,2025-04,Evening
CI008629,M0516,2025-06-17,9,Gym Floor,50,Tuesday,2025-06,Early Morning
CI008630,M0516,2025-08-24,10,Spin,55,Sunday,2025-08,Morning
CI008631,M0516,2025-04-04,20,CrossFit,57,Friday,2025-04,Night
CI008632,M0516,2025-08-09,19,HIIT,36,Saturday,2025-08,Evening
CI008633,M0516,2025-05-02,8,Yoga,40,Friday,2025-05,Early Morning
CI008634,M0516,2025-04-20,18,Cardio,20,Sunday,2025-04,Evening
CI008635,M0516,2025-05-29,19,Spin,100,Thursday,2025-05,Evening
CI008636,M0516,2025-07-09,19,Cardio,26,Wednesday,2025-07,Evening
CI008637,M0517,2025-06-10,17,Cardio,54,Tuesday,2025-06,Evening
CI008638,M0517,2025-07-02,6,Gym Floor,65,Wednesday,2025-07,Early Morning
CI008639,M0517,2025-06-10,16,Gym Floor,51,Tuesday,2025-06,Afternoon
CI008640,M0517,2025-03-03,19,Gym Floor,52,Monday,2025-03,Evening
CI008641,M0517,2025-06-02,18,Gym Floor,48,Monday,2025-06,Evening
CI008642,M0517,2025-06-26,19,Gym Floor,41,Thursday,2025-06,Evening
CI008643,M0517,2025-08-11,6,Gym Floor,57,Monday,2025-08,Early Morning
CI008644,M0517,2025-05-24,10,Gym Floor,56,Saturday,2025-05,Morning
CI008645,M0517,2025-03-14,18,Gym Floor,61,Friday,2025-03,Evening
CI008646,M0517,2025-03-13,20,CrossFit,71,Thursday,2025-03,Night
CI008647,M0517,2025-06-11,18,CrossFit,33,Wednesday,2025-06,Evening
CI008648,M0517,2025-05-31,18,Gym Floor,64,Saturday,2025-05,Evening
CI008649,M0517,2025-04-12,10,HIIT,73,Saturday,2025-04,Morning
CI008650,M0517,2025-03-29,20,Cardio,48,Saturday,2025-03,Night
CI008651,M0517,2025-08-26,18,Spin,30,Tuesday,2025-08,Evening
CI008652,M0517,2025-03-24,21,Zumba,54,Monday,2025-03,Night
CI008653,M0517,2025-03-06,9,Gym Floor,67,Thursday,2025-03,Early Morning
CI008654,M0517,2025-03-11,18,Yoga,87,Tuesday,2025-03,Evening
CI008655,M0517,2025-03-08,10,Gym Floor,50,Saturday,2025-03,Morning
CI008656,M0517,2025-06-17,9,Cardio,62,Tuesday,2025-06,Early Morning
CI008657,M0517,2025-07-09,11,Gym Floor,42,Wednesday,2025-07,Morning
CI008658,M0517,2025-07-27,16,Gym Floor,78,Sunday,2025-07,Afternoon
CI008659,M0517,2025-03-10,12,Gym Floor,44,Monday,2025-03,Morning
CI008660,M0517,2025-04-08,6,Gym Floor,56,Tuesday,2025-04,Early Morning
CI008661,M0517,2025-05-06,17,Gym Floor,26,Tuesday,2025-05,Evening
CI008662,M0518,2025-05-09,8,Spin,42,Friday,2025-05,Early Morning
CI008663,M0518,2025-07-21,18,Yoga,40,Monday,2025-07,Evening
CI008664,M0518,2025-07-01,9,Gym Floor,62,Tuesday,2025-07,Early Morning
CI008665,M0518,2025-04-01,21,Gym Floor,44,Tuesday,2025-04,Night
CI008666,M0518,2025-05-16,6,Gym Floor,72,Friday,2025-05,Early Morning
CI008667,M0518,2025-03-13,8,Gym Floor,54,Thursday,2025-03,Early Morning
CI008668,M0518,2025-05-23,7,Cardio,62,Friday,2025-05,Early Morning
CI008669,M0518,2025-06-13,19,Gym Floor,30,Friday,2025-06,Evening
CI008670,M0518,2025-05-08,8,Zumba,79,Thursday,2025-05,Early Morning
CI008671,M0518,2025-07-16,8,Gym Floor,37,Wednesday,2025-07,Early Morning
CI008672,M0518,2025-08-20,18,Gym Floor,62,Wednesday,2025-08,Evening
CI008673,M0518,2025-04-19,17,CrossFit,63,Saturday,2025-04,Evening
CI008674,M0518,2025-03-27,6,Cardio,61,Thursday,2025-03,Early Morning
CI008675,M0518,2025-03-11,17,Gym Floor,74,Tuesday,2025-03,Evening
CI008676,M0518,2025-04-17,10,CrossFit,20,Thursday,2025-04,Morning
CI008677,M0518,2025-03-08,7,Gym Floor,67,Saturday,2025-03,Early Morning
CI008678,M0518,2025-04-22,19,Gym Floor,61,Tuesday,2025-04,Evening
CI008679,M0519,2025-08-21,19,Gym Floor,80,Thursday,2025-08,Evening
CI008680,M0519,2025-07-14,9,Gym Floor,39,Monday,2025-07,Early Morning
CI008681,M0520,2025-04-21,19,Gym Floor,91,Monday,2025-04,Evening
CI008682,M0520,2025-03-07,19,Gym Floor,78,Friday,2025-03,Evening
CI008683,M0520,2025-04-04,8,Gym Floor,64,Friday,2025-04,Early Morning
CI008684,M0520,2025-04-24,7,Spin,41,Thursday,2025-04,Early Morning
CI008685,M0520,2025-04-21,6,Gym Floor,84,Monday,2025-04,Early Morning
CI008686,M0520,2025-04-14,18,Spin,76,Monday,2025-04,Evening
CI008687,M0521,2025-06-21,16,Zumba,68,Saturday,2025-06,Afternoon
CI008688,M0521,2025-03-02,17,Gym Floor,48,Sunday,2025-03,Evening
CI008689,M0521,2025-05-01,17,Gym Floor,50,Thursday,2025-05,Evening
CI008690,M0521,2025-07-28,10,Spin,61,Monday,2025-07,Morning
CI008691,M0521,2025-07-09,17,HIIT,49,Wednesday,2025-07,Evening
CI008692,M0521,2025-06-11,7,Gym Floor,20,Wednesday,2025-06,Early Morning
CI008693,M0521,2025-07-26,20,CrossFit,34,Saturday,2025-07,Night
CI008694,M0521,2025-06-06,7,Zumba,47,Friday,2025-06,Early Morning
CI008695,M0521,2025-07-27,16,Gym Floor,63,Sunday,2025-07,Afternoon
CI008696,M0521,2025-03-12,18,Strength Training,88,Wednesday,2025-03,Evening
CI008697,M0521,2025-03-04,17,CrossFit,83,Tuesday,2025-03,Evening
CI008698,M0521,2025-07-22,20,Cardio,44,Tuesday,2025-07,Night
CI008699,M0521,2025-05-20,10,Strength Training,40,Tuesday,2025-05,Morning
CI008700,M0521,2025-06-15,9,Zumba,62,Sunday,2025-06,Early Morning
CI008701,M0521,2025-05-25,11,Strength Training,50,Sunday,2025-05,Morning
CI008702,M0521,2025-03-04,9,Gym Floor,73,Tuesday,2025-03,Early Morning
CI008703,M0521,2025-06-19,16,Gym Floor,25,Thursday,2025-06,Afternoon
CI008704,M0521,2025-06-01,8,Zumba,71,Sunday,2025-06,Early Morning
CI008705,M0521,2025-03-28,18,Pilates,49,Friday,2025-03,Evening
CI008706,M0521,2025-07-12,16,Gym Floor,57,Saturday,2025-07,Afternoon
CI008707,M0522,2025-06-03,10,Cardio,69,Tuesday,2025-06,Morning
CI008708,M0522,2025-06-28,7,Gym Floor,44,Saturday,2025-06,Early Morning
CI008709,M0522,2025-06-05,10,Strength Training,77,Thursday,2025-06,Morning
CI008710,M0522,2025-03-30,6,HIIT,50,Sunday,2025-03,Early Morning
CI008711,M0522,2025-05-26,18,Gym Floor,39,Monday,2025-05,Evening
CI008712,M0522,2025-08-24,20,Strength Training,44,Sunday,2025-08,Night
CI008713,M0523,2025-05-14,19,Gym Floor,56,Wednesday,2025-05,Evening
CI008714,M0523,2025-04-12,17,Gym Floor,59,Saturday,2025-04,Evening
CI008715,M0523,2025-04-06,17,HIIT,68,Sunday,2025-04,Evening
CI008716,M0523,2025-05-01,6,Gym Floor,82,Thursday,2025-05,Early Morning
CI008717,M0523,2025-04-26,18,Gym Floor,39,Saturday,2025-04,Evening
CI008718,M0523,2025-05-04,17,Spin,54,Sunday,2025-05,Evening
CI008719,M0523,2025-08-09,10,Gym Floor,32,Saturday,2025-08,Morning
CI008720,M0523,2025-07-22,21,Gym Floor,70,Tuesday,2025-07,Night
CI008721,M0523,2025-04-02,7,Gym Floor,52,Wednesday,2025-04,Early Morning
CI008722,M0523,2025-08-10,17,Gym Floor,28,Sunday,2025-08,Evening
CI008723,M0523,2025-07-19,21,Zumba,47,Saturday,2025-07,Night
CI008724,M0523,2025-05-06,20,Spin,52,Tuesday,2025-05,Night
CI008725,M0523,2025-05-30,16,Yoga,47,Friday,2025-05,Afternoon
CI008726,M0523,2025-06-09,17,Gym Floor,40,Monday,2025-06,Evening
CI008727,M0523,2025-03-29,18,Gym Floor,65,Saturday,2025-03,Evening
CI008728,M0523,2025-07-18,9,Gym Floor,54,Friday,2025-07,Early Morning
CI008729,M0523,2025-03-28,20,Strength Training,50,Friday,2025-03,Night
CI008730,M0523,2025-07-12,21,Gym Floor,48,Saturday,2025-07,Night
CI008731,M0523,2025-07-22,17,HIIT,48,Tuesday,2025-07,Evening
CI008732,M0523,2025-04-03,8,CrossFit,75,Thursday,2025-04,Early Morning
CI008733,M0523,2025-05-04,8,HIIT,69,Sunday,2025-05,Early Morning
CI008734,M0523,2025-05-05,19,Gym Floor,28,Monday,2025-05,Evening
CI008735,M0523,2025-03-12,6,Gym Floor,51,Wednesday,2025-03,Early Morning
CI008736,M0523,2025-05-19,17,Gym Floor,21,Monday,2025-05,Evening
CI008737,M0523,2025-08-01,18,Zumba,76,Friday,2025-08,Evening
CI008738,M0524,2025-08-09,6,Gym Floor,48,Saturday,2025-08,Early Morning
CI008739,M0524,2025-08-22,9,HIIT,33,Friday,2025-08,Early Morning
CI008740,M0524,2025-07-18,6,Gym Floor,63,Friday,2025-07,Early Morning
CI008741,M0524,2025-05-11,18,Spin,53,Sunday,2025-05,Evening
CI008742,M0524,2025-04-08,8,Gym Floor,50,Tuesday,2025-04,Early Morning
CI008743,M0524,2025-06-21,17,Gym Floor,64,Saturday,2025-06,Evening
CI008744,M0524,2025-08-13,16,CrossFit,91,Wednesday,2025-08,Afternoon
CI008745,M0524,2025-06-18,16,Gym Floor,39,Wednesday,2025-06,Afternoon
CI008746,M0524,2025-04-03,20,Gym Floor,49,Thursday,2025-04,Night
CI008747,M0524,2025-04-12,12,Gym Floor,64,Saturday,2025-04,Morning
CI008748,M0524,2025-06-21,19,Gym Floor,40,Saturday,2025-06,Evening
CI008749,M0524,2025-05-23,17,HIIT,64,Friday,2025-05,Evening
CI008750,M0524,2025-03-01,18,Gym Floor,75,Saturday,2025-03,Evening
CI008751,M0524,2025-06-03,20,Pilates,53,Tuesday,2025-06,Night
CI008752,M0525,2025-07-22,17,Gym Floor,63,Tuesday,2025-07,Evening
CI008753,M0525,2025-04-04,7,Gym Floor,41,Friday,2025-04,Early Morning
CI008754,M0527,2025-06-08,11,CrossFit,98,Sunday,2025-06,Morning
CI008755,M0527,2025-03-01,18,Gym Floor,79,Saturday,2025-03,Evening
CI008756,M0527,2025-05-18,19,Gym Floor,61,Sunday,2025-05,Evening
CI008757,M0527,2025-04-01,16,Pilates,71,Tuesday,2025-04,Afternoon
CI008758,M0527,2025-03-04,11,Gym Floor,69,Tuesday,2025-03,Morning
CI008759,M0527,2025-07-10,7,Gym Floor,99,Thursday,2025-07,Early Morning
CI008760,M0527,2025-03-10,19,Gym Floor,45,Monday,2025-03,Evening
CI008761,M0527,2025-07-05,20,Gym Floor,73,Saturday,2025-07,Night
CI008762,M0527,2025-03-11,21,Cardio,26,Tuesday,2025-03,Night
CI008763,M0527,2025-06-08,18,Gym Floor,94,Sunday,2025-06,Evening
CI008764,M0527,2025-07-01,21,Gym Floor,55,Tuesday,2025-07,Night
CI008765,M0527,2025-05-14,11,Gym Floor,92,Wednesday,2025-05,Morning
CI008766,M0527,2025-03-08,8,HIIT,31,Saturday,2025-03,Early Morning
CI008767,M0527,2025-04-04,11,Gym Floor,60,Friday,2025-04,Morning
CI008768,M0527,2025-05-21,11,Spin,70,Wednesday,2025-05,Morning
CI008769,M0527,2025-07-09,12,Gym Floor,55,Wednesday,2025-07,Morning
CI008770,M0527,2025-08-18,17,Gym Floor,29,Monday,2025-08,Evening
CI008771,M0527,2025-05-12,16,Gym Floor,41,Monday,2025-05,Afternoon
CI008772,M0528,2025-08-17,12,Strength Training,53,Sunday,2025-08,Morning
CI008773,M0528,2025-05-31,11,Gym Floor,43,Saturday,2025-05,Morning
CI008774,M0528,2025-07-21,17,Gym Floor,72,Monday,2025-07,Evening
CI008775,M0528,2025-06-17,18,Zumba,34,Tuesday,2025-06,Evening
CI008776,M0528,2025-08-25,17,Pilates,68,Monday,2025-08,Evening
CI008777,M0528,2025-07-13,17,HIIT,90,Sunday,2025-07,Evening
CI008778,M0528,2025-04-27,19,Zumba,36,Sunday,2025-04,Evening
CI008779,M0528,2025-08-15,17,Yoga,71,Friday,2025-08,Evening
CI008780,M0528,2025-06-26,18,Gym Floor,50,Thursday,2025-06,Evening
CI008781,M0528,2025-05-08,19,Strength Training,20,Thursday,2025-05,Evening
CI008782,M0528,2025-04-27,17,Gym Floor,50,Sunday,2025-04,Evening
CI008783,M0528,2025-04-18,20,Gym Floor,61,Friday,2025-04,Night
CI008784,M0528,2025-08-15,21,Yoga,65,Friday,2025-08,Night
CI008785,M0528,2025-05-07,19,CrossFit,61,Wednesday,2025-05,Evening
CI008786,M0528,2025-07-27,18,HIIT,58,Sunday,2025-07,Evening
CI008787,M0528,2025-07-07,11,Gym Floor,39,Monday,2025-07,Morning
CI008788,M0528,2025-08-18,17,CrossFit,58,Monday,2025-08,Evening
CI008789,M0528,2025-06-04,19,Spin,53,Wednesday,2025-06,Evening
CI008790,M0528,2025-06-23,11,Gym Floor,53,Monday,2025-06,Morning
CI008791,M0528,2025-04-13,12,HIIT,31,Sunday,2025-04,Morning
CI008792,M0528,2025-07-11,7,Cardio,52,Friday,2025-07,Early Morning
CI008793,M0528,2025-08-11,20,CrossFit,46,Monday,2025-08,Night
CI008794,M0528,2025-06-10,6,Gym Floor,53,Tuesday,2025-06,Early Morning
CI008795,M0528,2025-05-30,6,Pilates,82,Friday,2025-05,Early Morning
CI008796,M0528,2025-04-29,20,Pilates,47,Tuesday,2025-04,Night
CI008797,M0528,2025-06-12,16,Gym Floor,78,Thursday,2025-06,Afternoon
CI008798,M0528,2025-05-25,19,Spin,73,Sunday,2025-05,Evening
CI008799,M0528,2025-07-25,6,Gym Floor,43,Friday,2025-07,Early Morning
CI008800,M0529,2025-03-17,16,Spin,31,Monday,2025-03,Afternoon
CI008801,M0529,2025-03-14,16,Cardio,79,Friday,2025-03,Afternoon
CI008802,M0529,2025-08-10,20,Pilates,51,Sunday,2025-08,Night
CI008803,M0529,2025-06-28,8,Pilates,40,Saturday,2025-06,Early Morning
CI008804,M0529,2025-08-31,12,Spin,25,Sunday,2025-08,Morning
CI008805,M0529,2025-07-08,16,Zumba,52,Tuesday,2025-07,Afternoon
CI008806,M0529,2025-07-24,17,HIIT,34,Thursday,2025-07,Evening
CI008807,M0529,2025-07-17,17,CrossFit,54,Thursday,2025-07,Evening
CI008808,M0529,2025-07-10,18,Gym Floor,35,Thursday,2025-07,Evening
CI008809,M0529,2025-07-08,17,Gym Floor,51,Tuesday,2025-07,Evening
CI008810,M0529,2025-07-28,9,Gym Floor,51,Monday,2025-07,Early Morning
CI008811,M0529,2025-05-02,16,Gym Floor,48,Friday,2025-05,Afternoon
CI008812,M0529,2025-07-01,9,Pilates,64,Tuesday,2025-07,Early Morning
CI008813,M0529,2025-07-04,19,Gym Floor,74,Friday,2025-07,Evening
CI008814,M0529,2025-06-24,20,CrossFit,70,Tuesday,2025-06,Night
CI008815,M0529,2025-04-19,11,Gym Floor,79,Saturday,2025-04,Morning
CI008816,M0529,2025-03-25,10,Pilates,37,Tuesday,2025-03,Morning
CI008817,M0529,2025-08-08,8,Cardio,39,Friday,2025-08,Early Morning
CI008818,M0529,2025-04-21,7,Gym Floor,59,Monday,2025-04,Early Morning
CI008819,M0529,2025-08-16,17,Pilates,57,Saturday,2025-08,Evening
CI008820,M0529,2025-04-01,21,HIIT,87,Tuesday,2025-04,Night
CI008821,M0529,2025-06-20,17,CrossFit,62,Friday,2025-06,Evening
CI008822,M0529,2025-04-12,19,Pilates,51,Saturday,2025-04,Evening
CI008823,M0529,2025-06-15,17,Gym Floor,62,Sunday,2025-06,Evening
CI008824,M0529,2025-07-10,18,Zumba,65,Thursday,2025-07,Evening
CI008825,M0529,2025-04-02,19,Gym Floor,62,Wednesday,2025-04,Evening
CI008826,M0529,2025-07-04,21,Gym Floor,26,Friday,2025-07,Night
CI008827,M0529,2025-04-01,18,Pilates,64,Tuesday,2025-04,Evening
CI008828,M0529,2025-04-22,17,Strength Training,35,Tuesday,2025-04,Evening
CI008829,M0529,2025-05-22,10,Gym Floor,43,Thursday,2025-05,Morning
CI008830,M0529,2025-05-06,12,Strength Training,49,Tuesday,2025-05,Morning
CI008831,M0529,2025-05-17,19,Gym Floor,32,Saturday,2025-05,Evening
CI008832,M0529,2025-06-23,17,Pilates,53,Monday,2025-06,Evening
CI008833,M0529,2025-06-17,9,CrossFit,25,Tuesday,2025-06,Early Morning
CI008834,M0529,2025-07-05,21,HIIT,85,Saturday,2025-07,Night
CI008835,M0529,2025-07-12,21,Gym Floor,73,Saturday,2025-07,Night
CI008836,M0529,2025-08-03,17,Cardio,59,Sunday,2025-08,Evening
CI008837,M0529,2025-05-07,18,Strength Training,47,Wednesday,2025-05,Evening
CI008838,M0529,2025-03-05,7,Gym Floor,20,Wednesday,2025-03,Early Morning
CI008839,M0529,2025-07-27,7,HIIT,84,Sunday,2025-07,Early Morning
CI008840,M0529,2025-07-20,9,CrossFit,77,Sunday,2025-07,Early Morning
CI008841,M0529,2025-04-01,10,Zumba,32,Tuesday,2025-04,Morning
CI008842,M0529,2025-06-25,17,Gym Floor,64,Wednesday,2025-06,Evening
CI008843,M0529,2025-04-17,19,CrossFit,63,Thursday,2025-04,Evening
CI008844,M0529,2025-03-19,8,Yoga,74,Wednesday,2025-03,Early Morning
CI008845,M0529,2025-05-28,8,Spin,73,Wednesday,2025-05,Early Morning
CI008846,M0529,2025-08-16,17,Gym Floor,25,Saturday,2025-08,Evening
CI008847,M0529,2025-07-21,11,Zumba,63,Monday,2025-07,Morning
CI008848,M0529,2025-07-19,18,Yoga,53,Saturday,2025-07,Evening
CI008849,M0530,2025-04-22,7,CrossFit,20,Tuesday,2025-04,Early Morning
CI008850,M0530,2025-04-16,9,Gym Floor,46,Wednesday,2025-04,Early Morning
CI008851,M0530,2025-05-11,7,CrossFit,54,Sunday,2025-05,Early Morning
CI008852,M0530,2025-07-25,17,Gym Floor,56,Friday,2025-07,Evening
CI008853,M0530,2025-05-08,6,HIIT,72,Thursday,2025-05,Early Morning
CI008854,M0531,2025-03-24,6,Gym Floor,73,Monday,2025-03,Early Morning
CI008855,M0531,2025-04-19,16,Pilates,58,Saturday,2025-04,Afternoon
CI008856,M0531,2025-05-14,16,Gym Floor,58,Wednesday,2025-05,Afternoon
CI008857,M0531,2025-06-02,8,Pilates,60,Monday,2025-06,Early Morning
CI008858,M0531,2025-05-19,7,Strength Training,64,Monday,2025-05,Early Morning
CI008859,M0531,2025-03-12,7,Strength Training,75,Wednesday,2025-03,Early Morning
CI008860,M0531,2025-03-26,7,Gym Floor,48,Wednesday,2025-03,Early Morning
CI008861,M0531,2025-08-30,18,Gym Floor,63,Saturday,2025-08,Evening
CI008862,M0531,2025-08-27,6,Cardio,75,Wednesday,2025-08,Early Morning
CI008863,M0531,2025-06-01,7,Pilates,31,Sunday,2025-06,Early Morning
CI008864,M0531,2025-06-24,19,HIIT,60,Tuesday,2025-06,Evening
CI008865,M0531,2025-04-05,21,Spin,79,Saturday,2025-04,Night
CI008866,M0531,2025-05-10,19,Pilates,79,Saturday,2025-05,Evening
CI008867,M0531,2025-06-23,18,Gym Floor,66,Monday,2025-06,Evening
CI008868,M0531,2025-04-12,11,Pilates,68,Saturday,2025-04,Morning
CI008869,M0531,2025-04-04,16,CrossFit,45,Friday,2025-04,Afternoon
CI008870,M0531,2025-05-03,17,HIIT,47,Saturday,2025-05,Evening
CI008871,M0531,2025-07-31,19,Gym Floor,46,Thursday,2025-07,Evening
CI008872,M0531,2025-05-28,19,Gym Floor,81,Wednesday,2025-05,Evening
CI008873,M0531,2025-07-10,20,Strength Training,35,Thursday,2025-07,Night
CI008874,M0531,2025-08-06,18,Spin,65,Wednesday,2025-08,Evening
CI008875,M0531,2025-05-04,8,Strength Training,20,Sunday,2025-05,Early Morning
CI008876,M0531,2025-06-15,11,Gym Floor,48,Sunday,2025-06,Morning
CI008877,M0531,2025-08-30,12,CrossFit,30,Saturday,2025-08,Morning
CI008878,M0531,2025-06-17,6,Yoga,60,Tuesday,2025-06,Early Morning
CI008879,M0531,2025-03-28,7,Gym Floor,36,Friday,2025-03,Early Morning
CI008880,M0532,2025-03-07,11,Gym Floor,86,Friday,2025-03,Morning
CI008881,M0532,2025-03-23,17,Zumba,51,Sunday,2025-03,Evening
CI008882,M0532,2025-05-02,11,Gym Floor,47,Friday,2025-05,Morning
CI008883,M0532,2025-06-25,16,Zumba,22,Wednesday,2025-06,Afternoon
CI008884,M0532,2025-08-13,18,Gym Floor,57,Wednesday,2025-08,Evening
CI008885,M0532,2025-05-10,18,Gym Floor,64,Saturday,2025-05,Evening
CI008886,M0532,2025-08-02,17,Gym Floor,53,Saturday,2025-08,Evening
CI008887,M0532,2025-04-26,6,Zumba,73,Saturday,2025-04,Early Morning
CI008888,M0532,2025-05-25,18,Pilates,39,Sunday,2025-05,Evening
CI008889,M0532,2025-03-20,9,Strength Training,42,Thursday,2025-03,Early Morning
CI008890,M0532,2025-04-11,7,Yoga,22,Friday,2025-04,Early Morning
CI008891,M0532,2025-07-28,18,CrossFit,54,Monday,2025-07,Evening
CI008892,M0532,2025-04-23,7,Pilates,58,Wednesday,2025-04,Early Morning
CI008893,M0532,2025-08-03,12,Spin,57,Sunday,2025-08,Morning
CI008894,M0532,2025-07-19,19,Gym Floor,58,Saturday,2025-07,Evening
CI008895,M0532,2025-05-19,17,Gym Floor,57,Monday,2025-05,Evening
CI008896,M0532,2025-06-08,10,Spin,70,Sunday,2025-06,Morning
CI008897,M0532,2025-07-16,8,Gym Floor,54,Wednesday,2025-07,Early Morning
CI008898,M0532,2025-07-21,8,Spin,87,Monday,2025-07,Early Morning
CI008899,M0532,2025-05-09,18,HIIT,20,Friday,2025-05,Evening
CI008900,M0532,2025-04-02,9,Yoga,73,Wednesday,2025-04,Early Morning
CI008901,M0532,2025-07-27,7,Yoga,68,Sunday,2025-07,Early Morning
CI008902,M0533,2025-05-13,8,Pilates,41,Tuesday,2025-05,Early Morning
CI008903,M0533,2025-05-21,18,CrossFit,74,Wednesday,2025-05,Evening
CI008904,M0533,2025-05-19,10,Gym Floor,22,Monday,2025-05,Morning
CI008905,M0533,2025-03-17,18,Gym Floor,80,Monday,2025-03,Evening
CI008906,M0533,2025-04-26,18,HIIT,72,Saturday,2025-04,Evening
CI008907,M0533,2025-05-07,8,Cardio,70,Wednesday,2025-05,Early Morning
CI008908,M0533,2025-04-07,17,CrossFit,66,Monday,2025-04,Evening
CI008909,M0533,2025-05-15,11,Gym Floor,40,Thursday,2025-05,Morning
CI008910,M0533,2025-06-27,17,Gym Floor,75,Friday,2025-06,Evening
CI008911,M0533,2025-08-17,20,Yoga,66,Sunday,2025-08,Night
CI008912,M0533,2025-07-26,12,HIIT,49,Saturday,2025-07,Morning
CI008913,M0533,2025-07-15,20,Gym Floor,26,Tuesday,2025-07,Night
CI008914,M0533,2025-06-16,17,Pilates,35,Monday,2025-06,Evening
CI008915,M0533,2025-03-15,17,Strength Training,34,Saturday,2025-03,Evening
CI008916,M0533,2025-06-01,7,Cardio,42,Sunday,2025-06,Early Morning
CI008917,M0533,2025-03-09,17,Gym Floor,48,Sunday,2025-03,Evening
CI008918,M0533,2025-08-15,18,Gym Floor,48,Friday,2025-08,Evening
CI008919,M0533,2025-04-01,10,Cardio,48,Tuesday,2025-04,Morning
CI008920,M0533,2025-03-11,12,Gym Floor,60,Tuesday,2025-03,Morning
CI008921,M0533,2025-05-25,16,Spin,56,Sunday,2025-05,Afternoon
CI008922,M0533,2025-07-17,8,Gym Floor,48,Thursday,2025-07,Early Morning
CI008923,M0534,2025-08-02,19,Gym Floor,54,Saturday,2025-08,Evening
CI008924,M0534,2025-08-06,18,Gym Floor,62,Wednesday,2025-08,Evening
CI008925,M0534,2025-05-05,16,Pilates,51,Monday,2025-05,Afternoon
CI008926,M0534,2025-07-20,16,HIIT,43,Sunday,2025-07,Afternoon
CI008927,M0534,2025-04-28,9,HIIT,45,Monday,2025-04,Early Morning
CI008928,M0535,2025-04-06,8,Gym Floor,78,Sunday,2025-04,Early Morning
CI008929,M0535,2025-07-11,8,Gym Floor,32,Friday,2025-07,Early Morning
CI008930,M0535,2025-08-19,16,Zumba,52,Tuesday,2025-08,Afternoon
CI008931,M0535,2025-08-30,7,Gym Floor,51,Saturday,2025-08,Early Morning
CI008932,M0535,2025-07-31,10,CrossFit,62,Thursday,2025-07,Morning
CI008933,M0535,2025-05-01,17,Yoga,50,Thursday,2025-05,Evening
CI008934,M0535,2025-06-03,19,Pilates,43,Tuesday,2025-06,Evening
CI008935,M0535,2025-07-19,18,CrossFit,48,Saturday,2025-07,Evening
CI008936,M0535,2025-05-13,7,Gym Floor,70,Tuesday,2025-05,Early Morning
CI008937,M0535,2025-05-25,6,Gym Floor,82,Sunday,2025-05,Early Morning
CI008938,M0535,2025-05-22,20,Cardio,37,Thursday,2025-05,Night
CI008939,M0535,2025-08-10,9,Gym Floor,34,Sunday,2025-08,Early Morning
CI008940,M0535,2025-07-06,8,Gym Floor,65,Sunday,2025-07,Early Morning
CI008941,M0535,2025-04-29,20,Gym Floor,37,Tuesday,2025-04,Night
CI008942,M0536,2025-08-30,12,Zumba,50,Saturday,2025-08,Morning
CI008943,M0536,2025-06-07,6,Zumba,60,Saturday,2025-06,Early Morning
CI008944,M0536,2025-04-01,17,Cardio,65,Tuesday,2025-04,Evening
CI008945,M0536,2025-08-28,19,Spin,22,Thursday,2025-08,Evening
CI008946,M0536,2025-08-09,10,Gym Floor,49,Saturday,2025-08,Morning
CI008947,M0537,2025-03-23,17,Gym Floor,58,Sunday,2025-03,Evening
CI008948,M0537,2025-07-01,16,Gym Floor,60,Tuesday,2025-07,Afternoon
CI008949,M0537,2025-06-05,10,Gym Floor,50,Thursday,2025-06,Morning
CI008950,M0537,2025-07-18,12,Gym Floor,75,Friday,2025-07,Morning
CI008951,M0537,2025-07-22,16,Gym Floor,40,Tuesday,2025-07,Afternoon
CI008952,M0537,2025-05-05,7,Gym Floor,52,Monday,2025-05,Early Morning
CI008953,M0537,2025-06-28,9,Cardio,87,Saturday,2025-06,Early Morning
CI008954,M0537,2025-07-25,16,Zumba,66,Friday,2025-07,Afternoon
CI008955,M0537,2025-08-31,11,Yoga,43,Sunday,2025-08,Morning
CI008956,M0537,2025-04-23,19,Zumba,37,Wednesday,2025-04,Evening
CI008957,M0537,2025-06-14,20,Gym Floor,64,Saturday,2025-06,Night
CI008958,M0537,2025-07-11,21,Gym Floor,72,Friday,2025-07,Night
CI008959,M0537,2025-06-11,8,Yoga,37,Wednesday,2025-06,Early Morning
CI008960,M0537,2025-06-26,16,Yoga,48,Thursday,2025-06,Afternoon
CI008961,M0537,2025-06-27,19,Gym Floor,36,Friday,2025-06,Evening
CI008962,M0537,2025-04-30,10,Gym Floor,50,Wednesday,2025-04,Morning
CI008963,M0537,2025-07-08,19,Gym Floor,55,Tuesday,2025-07,Evening
CI008964,M0537,2025-05-02,19,CrossFit,36,Friday,2025-05,Evening
CI008965,M0537,2025-06-28,8,CrossFit,31,Saturday,2025-06,Early Morning
CI008966,M0538,2025-06-19,19,Gym Floor,54,Thursday,2025-06,Evening
CI008967,M0538,2025-08-08,20,Gym Floor,50,Friday,2025-08,Night
CI008968,M0538,2025-05-09,21,Zumba,73,Friday,2025-05,Night
CI008969,M0539,2025-05-16,16,Yoga,53,Friday,2025-05,Afternoon
CI008970,M0539,2025-06-11,18,Cardio,62,Wednesday,2025-06,Evening
CI008971,M0539,2025-03-22,7,CrossFit,60,Saturday,2025-03,Early Morning
CI008972,M0539,2025-07-31,19,Cardio,66,Thursday,2025-07,Evening
CI008973,M0539,2025-03-25,18,Strength Training,23,Tuesday,2025-03,Evening
CI008974,M0539,2025-03-08,18,Gym Floor,56,Saturday,2025-03,Evening
CI008975,M0539,2025-06-09,17,Gym Floor,59,Monday,2025-06,Evening
CI008976,M0539,2025-08-05,18,Gym Floor,66,Tuesday,2025-08,Evening
CI008977,M0539,2025-07-15,19,Gym Floor,76,Tuesday,2025-07,Evening
CI008978,M0539,2025-05-20,21,Gym Floor,59,Tuesday,2025-05,Night
CI008979,M0539,2025-03-13,10,Cardio,48,Thursday,2025-03,Morning
CI008980,M0539,2025-03-29,10,Cardio,63,Saturday,2025-03,Morning
CI008981,M0540,2025-03-15,21,Strength Training,42,Saturday,2025-03,Night
CI008982,M0540,2025-03-05,12,Zumba,73,Wednesday,2025-03,Morning
CI008983,M0540,2025-05-01,11,HIIT,82,Thursday,2025-05,Morning
CI008984,M0540,2025-08-10,17,CrossFit,28,Sunday,2025-08,Evening
CI008985,M0540,2025-04-03,16,CrossFit,61,Thursday,2025-04,Afternoon
CI008986,M0540,2025-03-27,6,Pilates,53,Thursday,2025-03,Early Morning
CI008987,M0540,2025-06-15,18,Gym Floor,69,Sunday,2025-06,Evening
CI008988,M0540,2025-06-09,18,HIIT,80,Monday,2025-06,Evening
CI008989,M0540,2025-05-28,8,Cardio,51,Wednesday,2025-05,Early Morning
CI008990,M0540,2025-07-29,18,Gym Floor,32,Tuesday,2025-07,Evening
CI008991,M0540,2025-03-20,6,HIIT,61,Thursday,2025-03,Early Morning
CI008992,M0540,2025-08-23,18,HIIT,37,Saturday,2025-08,Evening
CI008993,M0540,2025-03-05,16,Zumba,51,Wednesday,2025-03,Afternoon
CI008994,M0540,2025-07-13,18,Pilates,34,Sunday,2025-07,Evening
CI008995,M0540,2025-03-11,7,Strength Training,85,Tuesday,2025-03,Early Morning
CI008996,M0540,2025-05-29,20,Gym Floor,57,Thursday,2025-05,Night
CI008997,M0540,2025-07-11,17,Spin,44,Friday,2025-07,Evening
CI008998,M0540,2025-08-15,7,Gym Floor,34,Friday,2025-08,Early Morning
CI008999,M0540,2025-03-29,6,Strength Training,20,Saturday,2025-03,Early Morning
CI009000,M0540,2025-06-11,16,Spin,88,Wednesday,2025-06,Afternoon
CI009001,M0540,2025-07-21,8,Gym Floor,50,Monday,2025-07,Early Morning
CI009002,M0541,2025-03-23,11,Pilates,20,Sunday,2025-03,Morning
CI009003,M0541,2025-04-17,18,Cardio,50,Thursday,2025-04,Evening
CI009004,M0541,2025-05-18,19,Gym Floor,67,Sunday,2025-05,Evening
CI009005,M0541,2025-06-19,8,Gym Floor,76,Thursday,2025-06,Early Morning
CI009006,M0541,2025-07-24,18,Gym Floor,57,Thursday,2025-07,Evening
CI009007,M0541,2025-07-20,8,Spin,44,Sunday,2025-07,Early Morning
CI009008,M0541,2025-06-07,19,Zumba,61,Saturday,2025-06,Evening
CI009009,M0541,2025-06-07,18,Cardio,54,Saturday,2025-06,Evening
CI009010,M0541,2025-07-08,18,Gym Floor,20,Tuesday,2025-07,Evening
CI009011,M0541,2025-07-11,12,Gym Floor,69,Friday,2025-07,Morning
CI009012,M0541,2025-04-12,6,Gym Floor,38,Saturday,2025-04,Early Morning
CI009013,M0541,2025-08-12,12,Strength Training,35,Tuesday,2025-08,Morning
CI009014,M0541,2025-05-15,18,Spin,65,Thursday,2025-05,Evening
CI009015,M0541,2025-05-21,16,Yoga,63,Wednesday,2025-05,Afternoon
CI009016,M0542,2025-06-15,9,Spin,50,Sunday,2025-06,Early Morning
CI009017,M0542,2025-07-20,19,Gym Floor,67,Sunday,2025-07,Evening
CI009018,M0542,2025-08-23,7,Strength Training,28,Saturday,2025-08,Early Morning
CI009019,M0542,2025-06-10,6,Gym Floor,20,Tuesday,2025-06,Early Morning
CI009020,M0542,2025-03-25,10,Gym Floor,56,Tuesday,2025-03,Morning
CI009021,M0542,2025-07-10,16,Pilates,73,Thursday,2025-07,Afternoon
CI009022,M0542,2025-08-30,6,Gym Floor,49,Saturday,2025-08,Early Morning
CI009023,M0542,2025-05-04,18,Yoga,48,Sunday,2025-05,Evening
CI009024,M0542,2025-08-31,9,Zumba,35,Sunday,2025-08,Early Morning
CI009025,M0542,2025-08-06,21,Yoga,53,Wednesday,2025-08,Night
CI009026,M0542,2025-05-05,17,Spin,37,Monday,2025-05,Evening
CI009027,M0542,2025-08-24,17,Gym Floor,27,Sunday,2025-08,Evening
CI009028,M0542,2025-05-16,20,Strength Training,77,Friday,2025-05,Night
CI009029,M0542,2025-07-04,7,CrossFit,48,Friday,2025-07,Early Morning
CI009030,M0543,2025-05-14,17,Cardio,82,Wednesday,2025-05,Evening
CI009031,M0543,2025-05-11,16,Gym Floor,20,Sunday,2025-05,Afternoon
CI009032,M0543,2025-06-25,19,Zumba,87,Wednesday,2025-06,Evening
CI009033,M0543,2025-07-22,18,Zumba,33,Tuesday,2025-07,Evening
CI009034,M0544,2025-04-07,19,Pilates,50,Monday,2025-04,Evening
CI009035,M0544,2025-05-21,18,HIIT,27,Wednesday,2025-05,Evening
CI009036,M0544,2025-03-06,7,Gym Floor,81,Thursday,2025-03,Early Morning
CI009037,M0544,2025-04-09,11,Zumba,56,Wednesday,2025-04,Morning
CI009038,M0544,2025-05-06,17,Gym Floor,53,Tuesday,2025-05,Evening
CI009039,M0544,2025-05-04,20,HIIT,50,Sunday,2025-05,Night
CI009040,M0544,2025-08-24,12,CrossFit,76,Sunday,2025-08,Morning
CI009041,M0544,2025-06-27,18,Strength Training,37,Friday,2025-06,Evening
CI009042,M0544,2025-08-01,17,Gym Floor,20,Friday,2025-08,Evening
CI009043,M0544,2025-07-26,18,Gym Floor,46,Saturday,2025-07,Evening
CI009044,M0544,2025-05-02,6,Gym Floor,48,Friday,2025-05,Early Morning
CI009045,M0544,2025-06-27,17,Zumba,58,Friday,2025-06,Evening
CI009046,M0544,2025-05-19,19,Pilates,40,Monday,2025-05,Evening
CI009047,M0544,2025-05-10,7,Gym Floor,51,Saturday,2025-05,Early Morning
CI009048,M0544,2025-06-19,12,CrossFit,33,Thursday,2025-06,Morning
CI009049,M0544,2025-07-04,6,Gym Floor,38,Friday,2025-07,Early Morning
CI009050,M0544,2025-03-07,8,Spin,87,Friday,2025-03,Early Morning
CI009051,M0544,2025-08-04,11,Gym Floor,60,Monday,2025-08,Morning
CI009052,M0545,2025-03-17,18,Gym Floor,49,Monday,2025-03,Evening
CI009053,M0545,2025-06-02,20,Strength Training,49,Monday,2025-06,Night
CI009054,M0545,2025-08-13,10,Gym Floor,52,Wednesday,2025-08,Morning
CI009055,M0545,2025-06-26,11,Gym Floor,41,Thursday,2025-06,Morning
CI009056,M0545,2025-06-03,10,CrossFit,32,Tuesday,2025-06,Morning
CI009057,M0545,2025-04-17,6,Gym Floor,59,Thursday,2025-04,Early Morning
CI009058,M0545,2025-06-19,7,Gym Floor,74,Thursday,2025-06,Early Morning
CI009059,M0545,2025-03-19,8,Gym Floor,57,Wednesday,2025-03,Early Morning
CI009060,M0545,2025-07-22,7,Gym Floor,53,Tuesday,2025-07,Early Morning
CI009061,M0545,2025-04-04,7,Cardio,35,Friday,2025-04,Early Morning
CI009062,M0545,2025-07-10,18,HIIT,41,Thursday,2025-07,Evening
CI009063,M0545,2025-06-27,7,Gym Floor,51,Friday,2025-06,Early Morning
CI009064,M0546,2025-04-25,7,Strength Training,54,Friday,2025-04,Early Morning
CI009065,M0546,2025-06-04,9,Gym Floor,74,Wednesday,2025-06,Early Morning
CI009066,M0546,2025-07-04,8,Gym Floor,61,Friday,2025-07,Early Morning
CI009067,M0546,2025-08-04,8,Yoga,50,Monday,2025-08,Early Morning
CI009068,M0546,2025-06-21,7,CrossFit,101,Saturday,2025-06,Early Morning
CI009069,M0546,2025-04-25,17,CrossFit,50,Friday,2025-04,Evening
CI009070,M0546,2025-05-27,16,Pilates,53,Tuesday,2025-05,Afternoon
CI009071,M0547,2025-04-26,10,Gym Floor,32,Saturday,2025-04,Morning
CI009072,M0547,2025-05-30,21,Spin,73,Friday,2025-05,Night
CI009073,M0547,2025-04-13,10,HIIT,76,Sunday,2025-04,Morning
CI009074,M0547,2025-03-05,7,Gym Floor,78,Wednesday,2025-03,Early Morning
CI009075,M0547,2025-03-30,9,Yoga,68,Sunday,2025-03,Early Morning
CI009076,M0547,2025-07-10,17,Strength Training,80,Thursday,2025-07,Evening
CI009077,M0547,2025-06-07,16,Gym Floor,39,Saturday,2025-06,Afternoon
CI009078,M0547,2025-06-04,21,Spin,41,Wednesday,2025-06,Night
CI009079,M0547,2025-05-11,7,Gym Floor,78,Sunday,2025-05,Early Morning
CI009080,M0547,2025-07-04,18,Zumba,55,Friday,2025-07,Evening
CI009081,M0547,2025-04-01,7,Pilates,36,Tuesday,2025-04,Early Morning
CI009082,M0547,2025-06-15,17,CrossFit,53,Sunday,2025-06,Evening
CI009083,M0547,2025-08-14,17,Yoga,29,Thursday,2025-08,Evening
CI009084,M0547,2025-03-02,18,Gym Floor,71,Sunday,2025-03,Evening
CI009085,M0547,2025-06-23,12,Gym Floor,56,Monday,2025-06,Morning
CI009086,M0547,2025-08-07,18,Gym Floor,40,Thursday,2025-08,Evening
CI009087,M0547,2025-03-24,16,Spin,55,Monday,2025-03,Afternoon
CI009088,M0547,2025-05-29,18,Gym Floor,73,Thursday,2025-05,Evening
CI009089,M0547,2025-08-31,18,Yoga,69,Sunday,2025-08,Evening
CI009090,M0547,2025-08-11,18,Gym Floor,80,Monday,2025-08,Evening
CI009091,M0547,2025-04-30,7,Pilates,33,Wednesday,2025-04,Early Morning
CI009092,M0547,2025-05-23,8,Pilates,36,Friday,2025-05,Early Morning
CI009093,M0547,2025-03-05,16,Yoga,59,Wednesday,2025-03,Afternoon
CI009094,M0547,2025-05-24,8,Gym Floor,60,Saturday,2025-05,Early Morning
CI009095,M0547,2025-05-20,6,Gym Floor,61,Tuesday,2025-05,Early Morning
CI009096,M0547,2025-04-04,11,Yoga,52,Friday,2025-04,Morning
CI009097,M0548,2025-04-26,19,CrossFit,46,Saturday,2025-04,Evening
CI009098,M0548,2025-04-09,21,Gym Floor,64,Wednesday,2025-04,Night
CI009099,M0548,2025-05-11,18,CrossFit,34,Sunday,2025-05,Evening
CI009100,M0548,2025-08-03,11,Gym Floor,72,Sunday,2025-08,Morning
CI009101,M0548,2025-05-31,18,Spin,65,Saturday,2025-05,Evening
CI009102,M0548,2025-03-06,17,Cardio,69,Thursday,2025-03,Evening
CI009103,M0549,2025-07-04,18,Gym Floor,50,Friday,2025-07,Evening
CI009104,M0549,2025-05-11,10,HIIT,70,Sunday,2025-05,Morning
CI009105,M0549,2025-03-26,7,Cardio,57,Wednesday,2025-03,Early Morning
CI009106,M0549,2025-07-13,8,Pilates,67,Sunday,2025-07,Early Morning
CI009107,M0549,2025-06-01,12,CrossFit,51,Sunday,2025-06,Morning
CI009108,M0550,2025-05-07,17,Gym Floor,58,Wednesday,2025-05,Evening
CI009109,M0550,2025-06-12,11,Gym Floor,52,Thursday,2025-06,Morning
CI009110,M0550,2025-07-04,21,Spin,56,Friday,2025-07,Night
CI009111,M0550,2025-07-02,8,Zumba,35,Wednesday,2025-07,Early Morning
CI009112,M0550,2025-04-22,6,Gym Floor,56,Tuesday,2025-04,Early Morning
CI009113,M0550,2025-04-27,19,Gym Floor,48,Sunday,2025-04,Evening
CI009114,M0550,2025-04-01,7,Strength Training,39,Tuesday,2025-04,Early Morning
CI009115,M0550,2025-08-03,11,Gym Floor,46,Sunday,2025-08,Morning
CI009116,M0550,2025-03-07,21,Gym Floor,61,Friday,2025-03,Night
CI009117,M0550,2025-06-28,6,Gym Floor,29,Saturday,2025-06,Early Morning
CI009118,M0550,2025-05-19,8,Yoga,43,Monday,2025-05,Early Morning
CI009119,M0550,2025-06-14,21,CrossFit,47,Saturday,2025-06,Night
CI009120,M0550,2025-05-25,18,Gym Floor,20,Sunday,2025-05,Evening
CI009121,M0550,2025-07-12,6,Pilates,65,Saturday,2025-07,Early Morning
CI009122,M0550,2025-04-01,10,CrossFit,62,Tuesday,2025-04,Morning
CI009123,M0551,2025-05-18,6,Strength Training,80,Sunday,2025-05,Early Morning
CI009124,M0551,2025-07-31,18,Gym Floor,67,Thursday,2025-07,Evening
CI009125,M0551,2025-05-22,8,Gym Floor,73,Thursday,2025-05,Early Morning
CI009126,M0551,2025-04-21,17,Gym Floor,32,Monday,2025-04,Evening
CI009127,M0551,2025-03-17,20,Pilates,57,Monday,2025-03,Night
CI009128,M0551,2025-08-01,18,Gym Floor,36,Friday,2025-08,Evening
CI009129,M0551,2025-08-29,8,Pilates,62,Friday,2025-08,Early Morning
CI009130,M0551,2025-08-04,21,Yoga,73,Monday,2025-08,Night
CI009131,M0551,2025-03-15,6,CrossFit,35,Saturday,2025-03,Early Morning
CI009132,M0552,2025-04-13,19,Cardio,45,Sunday,2025-04,Evening
CI009133,M0552,2025-06-22,20,Spin,57,Sunday,2025-06,Night
CI009134,M0552,2025-07-12,10,Gym Floor,53,Saturday,2025-07,Morning
CI009135,M0552,2025-05-23,19,Zumba,96,Friday,2025-05,Evening
CI009136,M0552,2025-03-27,17,Zumba,52,Thursday,2025-03,Evening
CI009137,M0552,2025-06-25,8,HIIT,22,Wednesday,2025-06,Early Morning
CI009138,M0552,2025-08-11,16,Pilates,78,Monday,2025-08,Afternoon
CI009139,M0553,2025-04-12,18,Yoga,71,Saturday,2025-04,Evening
CI009140,M0553,2025-06-18,12,Strength Training,76,Wednesday,2025-06,Morning
CI009141,M0553,2025-06-19,19,Gym Floor,67,Thursday,2025-06,Evening
CI009142,M0553,2025-07-17,12,Gym Floor,58,Thursday,2025-07,Morning
CI009143,M0553,2025-07-27,17,CrossFit,62,Sunday,2025-07,Evening
CI009144,M0553,2025-07-27,11,Gym Floor,25,Sunday,2025-07,Morning
CI009145,M0554,2025-06-13,8,Zumba,66,Friday,2025-06,Early Morning
CI009146,M0554,2025-07-30,19,Gym Floor,44,Wednesday,2025-07,Evening
CI009147,M0554,2025-08-03,18,Gym Floor,48,Sunday,2025-08,Evening
CI009148,M0555,2025-06-27,16,HIIT,98,Friday,2025-06,Afternoon
CI009149,M0555,2025-06-17,7,HIIT,48,Tuesday,2025-06,Early Morning
CI009150,M0555,2025-07-04,19,CrossFit,79,Friday,2025-07,Evening
CI009151,M0555,2025-07-23,8,Strength Training,81,Wednesday,2025-07,Early Morning
CI009152,M0555,2025-04-30,18,Zumba,87,Wednesday,2025-04,Evening
CI009153,M0555,2025-03-20,17,Gym Floor,22,Thursday,2025-03,Evening
CI009154,M0555,2025-04-09,16,Yoga,79,Wednesday,2025-04,Afternoon
CI009155,M0555,2025-06-08,16,Gym Floor,42,Sunday,2025-06,Afternoon
CI009156,M0555,2025-07-05,20,Strength Training,58,Saturday,2025-07,Night
CI009157,M0555,2025-08-12,6,Spin,43,Tuesday,2025-08,Early Morning
CI009158,M0555,2025-08-26,19,Pilates,38,Tuesday,2025-08,Evening
CI009159,M0555,2025-03-01,8,Spin,50,Saturday,2025-03,Early Morning
CI009160,M0555,2025-04-03,7,Gym Floor,44,Thursday,2025-04,Early Morning
CI009161,M0555,2025-06-17,9,Pilates,37,Tuesday,2025-06,Early Morning
CI009162,M0555,2025-07-20,7,Gym Floor,51,Sunday,2025-07,Early Morning
CI009163,M0555,2025-05-26,9,Zumba,59,Monday,2025-05,Early Morning
CI009164,M0555,2025-08-31,8,Strength Training,84,Sunday,2025-08,Early Morning
CI009165,M0555,2025-05-28,19,Gym Floor,62,Wednesday,2025-05,Evening
CI009166,M0555,2025-07-26,19,CrossFit,58,Saturday,2025-07,Evening
CI009167,M0555,2025-08-28,17,Gym Floor,20,Thursday,2025-08,Evening
CI009168,M0555,2025-04-07,16,Cardio,69,Monday,2025-04,Afternoon
CI009169,M0555,2025-05-12,19,CrossFit,51,Monday,2025-05,Evening
CI009170,M0555,2025-04-08,12,Gym Floor,43,Tuesday,2025-04,Morning
CI009171,M0555,2025-06-28,21,Gym Floor,24,Saturday,2025-06,Night
CI009172,M0555,2025-05-12,8,Gym Floor,48,Monday,2025-05,Early Morning
CI009173,M0555,2025-03-11,7,Gym Floor,67,Tuesday,2025-03,Early Morning
CI009174,M0555,2025-07-20,10,Cardio,40,Sunday,2025-07,Morning
CI009175,M0555,2025-05-03,18,Gym Floor,56,Saturday,2025-05,Evening
CI009176,M0556,2025-06-22,7,Gym Floor,44,Sunday,2025-06,Early Morning
CI009177,M0556,2025-05-01,8,Gym Floor,104,Thursday,2025-05,Early Morning
CI009178,M0556,2025-06-24,7,Spin,96,Tuesday,2025-06,Early Morning
CI009179,M0556,2025-07-11,16,Gym Floor,35,Friday,2025-07,Afternoon
CI009180,M0556,2025-04-20,18,CrossFit,23,Sunday,2025-04,Evening
CI009181,M0556,2025-08-17,21,Gym Floor,62,Sunday,2025-08,Night
CI009182,M0556,2025-05-11,17,Gym Floor,74,Sunday,2025-05,Evening
CI009183,M0556,2025-03-06,18,CrossFit,30,Thursday,2025-03,Evening
CI009184,M0556,2025-05-17,7,Zumba,71,Saturday,2025-05,Early Morning
CI009185,M0556,2025-03-20,7,CrossFit,52,Thursday,2025-03,Early Morning
CI009186,M0557,2025-03-10,19,Gym Floor,47,Monday,2025-03,Evening
CI009187,M0557,2025-03-25,20,Gym Floor,83,Tuesday,2025-03,Night
CI009188,M0557,2025-04-16,17,Yoga,22,Wednesday,2025-04,Evening
CI009189,M0557,2025-05-31,19,Gym Floor,34,Saturday,2025-05,Evening
CI009190,M0557,2025-06-24,8,Gym Floor,60,Tuesday,2025-06,Early Morning
CI009191,M0558,2025-08-22,11,Yoga,72,Friday,2025-08,Morning
CI009192,M0558,2025-07-11,17,Spin,27,Friday,2025-07,Evening
CI009193,M0558,2025-08-12,17,Pilates,68,Tuesday,2025-08,Evening
CI009194,M0558,2025-03-05,8,CrossFit,74,Wednesday,2025-03,Early Morning
CI009195,M0558,2025-05-25,17,Gym Floor,49,Sunday,2025-05,Evening
CI009196,M0558,2025-08-16,18,Gym Floor,29,Saturday,2025-08,Evening
CI009197,M0558,2025-05-05,16,Gym Floor,27,Monday,2025-05,Afternoon
CI009198,M0558,2025-07-04,7,Gym Floor,36,Friday,2025-07,Early Morning
CI009199,M0558,2025-06-11,11,CrossFit,60,Wednesday,2025-06,Morning
CI009200,M0558,2025-03-28,6,Gym Floor,56,Friday,2025-03,Early Morning
CI009201,M0558,2025-06-27,17,CrossFit,76,Friday,2025-06,Evening
CI009202,M0558,2025-06-24,18,Spin,51,Tuesday,2025-06,Evening
CI009203,M0558,2025-04-08,17,Gym Floor,63,Tuesday,2025-04,Evening
CI009204,M0558,2025-05-02,18,Pilates,58,Friday,2025-05,Evening
CI009205,M0558,2025-03-18,8,Zumba,45,Tuesday,2025-03,Early Morning
CI009206,M0558,2025-06-07,18,Spin,57,Saturday,2025-06,Evening
CI009207,M0558,2025-08-01,6,HIIT,35,Friday,2025-08,Early Morning
CI009208,M0558,2025-06-14,17,Pilates,48,Saturday,2025-06,Evening
CI009209,M0558,2025-07-01,7,Pilates,55,Tuesday,2025-07,Early Morning
CI009210,M0558,2025-06-26,12,Gym Floor,46,Thursday,2025-06,Morning
CI009211,M0558,2025-07-28,18,Cardio,72,Monday,2025-07,Evening
CI009212,M0558,2025-03-04,17,Gym Floor,45,Tuesday,2025-03,Evening
CI009213,M0558,2025-04-21,19,Pilates,61,Monday,2025-04,Evening
CI009214,M0558,2025-04-16,19,Gym Floor,53,Wednesday,2025-04,Evening
CI009215,M0558,2025-06-06,10,Pilates,48,Friday,2025-06,Morning
CI009216,M0559,2025-07-17,9,HIIT,39,Thursday,2025-07,Early Morning
CI009217,M0559,2025-04-28,17,Gym Floor,75,Monday,2025-04,Evening
CI009218,M0559,2025-04-30,19,Spin,56,Wednesday,2025-04,Evening
CI009219,M0559,2025-04-14,17,Gym Floor,46,Monday,2025-04,Evening
CI009220,M0560,2025-04-11,16,Strength Training,89,Friday,2025-04,Afternoon
CI009221,M0560,2025-07-04,11,Pilates,60,Friday,2025-07,Morning
CI009222,M0560,2025-06-14,18,HIIT,48,Saturday,2025-06,Evening
CI009223,M0560,2025-04-28,19,Spin,67,Monday,2025-04,Evening
CI009224,M0560,2025-07-18,7,Cardio,47,Friday,2025-07,Early Morning
CI009225,M0561,2025-06-23,19,Gym Floor,64,Monday,2025-06,Evening
CI009226,M0561,2025-08-26,20,Pilates,46,Tuesday,2025-08,Night
CI009227,M0561,2025-05-08,6,Gym Floor,54,Thursday,2025-05,Early Morning
CI009228,M0561,2025-04-08,18,Gym Floor,36,Tuesday,2025-04,Evening
CI009229,M0561,2025-08-15,6,Cardio,39,Friday,2025-08,Early Morning
CI009230,M0561,2025-05-18,7,Gym Floor,56,Sunday,2025-05,Early Morning
CI009231,M0561,2025-07-20,7,Gym Floor,51,Sunday,2025-07,Early Morning
CI009232,M0561,2025-08-20,7,Gym Floor,47,Wednesday,2025-08,Early Morning
CI009233,M0561,2025-04-20,10,Gym Floor,37,Sunday,2025-04,Morning
CI009234,M0561,2025-03-09,12,Gym Floor,58,Sunday,2025-03,Morning
CI009235,M0561,2025-06-30,17,HIIT,46,Monday,2025-06,Evening
CI009236,M0561,2025-05-21,18,Gym Floor,70,Wednesday,2025-05,Evening
CI009237,M0561,2025-04-16,8,Gym Floor,63,Wednesday,2025-04,Early Morning
CI009238,M0561,2025-04-23,17,Spin,38,Wednesday,2025-04,Evening
CI009239,M0561,2025-03-21,18,Gym Floor,31,Friday,2025-03,Evening
CI009240,M0561,2025-05-15,10,Spin,70,Thursday,2025-05,Morning
CI009241,M0561,2025-03-05,17,Pilates,36,Wednesday,2025-03,Evening
CI009242,M0561,2025-03-23,9,Gym Floor,64,Sunday,2025-03,Early Morning
CI009243,M0561,2025-03-24,18,Gym Floor,59,Monday,2025-03,Evening
CI009244,M0561,2025-05-11,7,HIIT,34,Sunday,2025-05,Early Morning
CI009245,M0561,2025-07-05,19,Strength Training,84,Saturday,2025-07,Evening
CI009246,M0561,2025-04-27,8,Gym Floor,60,Sunday,2025-04,Early Morning
CI009247,M0561,2025-05-28,7,Gym Floor,64,Wednesday,2025-05,Early Morning
CI009248,M0561,2025-06-27,6,Yoga,66,Friday,2025-06,Early Morning
CI009249,M0561,2025-05-08,21,Yoga,63,Thursday,2025-05,Night
CI009250,M0561,2025-07-16,17,Gym Floor,74,Wednesday,2025-07,Evening
CI009251,M0561,2025-03-05,21,HIIT,62,Wednesday,2025-03,Night
CI009252,M0561,2025-04-21,16,Strength Training,83,Monday,2025-04,Afternoon
CI009253,M0561,2025-05-14,16,Gym Floor,34,Wednesday,2025-05,Afternoon
CI009254,M0561,2025-04-22,10,Gym Floor,52,Tuesday,2025-04,Morning
CI009255,M0561,2025-04-22,8,Strength Training,58,Tuesday,2025-04,Early Morning
CI009256,M0561,2025-04-09,19,Gym Floor,85,Wednesday,2025-04,Evening
CI009257,M0561,2025-03-01,12,Gym Floor,27,Saturday,2025-03,Morning
CI009258,M0561,2025-05-15,16,Gym Floor,76,Thursday,2025-05,Afternoon
CI009259,M0561,2025-03-23,8,Gym Floor,60,Sunday,2025-03,Early Morning
CI009260,M0561,2025-05-29,18,HIIT,63,Thursday,2025-05,Evening
CI009261,M0561,2025-04-29,17,Cardio,40,Tuesday,2025-04,Evening
CI009262,M0561,2025-08-14,10,Strength Training,34,Thursday,2025-08,Morning
CI009263,M0561,2025-08-03,7,Gym Floor,62,Sunday,2025-08,Early Morning
CI009264,M0561,2025-08-15,7,HIIT,60,Friday,2025-08,Early Morning
CI009265,M0561,2025-08-13,7,CrossFit,59,Wednesday,2025-08,Early Morning
CI009266,M0561,2025-07-17,17,Gym Floor,45,Thursday,2025-07,Evening
CI009267,M0561,2025-07-24,7,Yoga,45,Thursday,2025-07,Early Morning
CI009268,M0561,2025-05-07,19,Zumba,48,Wednesday,2025-05,Evening
CI009269,M0562,2025-05-10,9,Spin,69,Saturday,2025-05,Early Morning
CI009270,M0562,2025-04-03,7,Gym Floor,39,Thursday,2025-04,Early Morning
CI009271,M0562,2025-04-11,16,Gym Floor,51,Friday,2025-04,Afternoon
CI009272,M0562,2025-07-27,6,Gym Floor,38,Sunday,2025-07,Early Morning
CI009273,M0562,2025-04-09,19,Strength Training,20,Wednesday,2025-04,Evening
CI009274,M0562,2025-08-11,20,Spin,45,Monday,2025-08,Night
CI009275,M0562,2025-06-12,8,Cardio,64,Thursday,2025-06,Early Morning
CI009276,M0562,2025-08-10,17,Strength Training,62,Sunday,2025-08,Evening
CI009277,M0562,2025-07-22,16,CrossFit,46,Tuesday,2025-07,Afternoon
CI009278,M0562,2025-03-24,19,HIIT,52,Monday,2025-03,Evening
CI009279,M0562,2025-07-31,7,Gym Floor,48,Thursday,2025-07,Early Morning
CI009280,M0562,2025-03-25,19,Yoga,66,Tuesday,2025-03,Evening
CI009281,M0562,2025-07-15,11,Gym Floor,54,Tuesday,2025-07,Morning
CI009282,M0562,2025-05-05,21,Strength Training,86,Monday,2025-05,Night
CI009283,M0562,2025-08-19,17,Gym Floor,50,Tuesday,2025-08,Evening
CI009284,M0562,2025-07-19,19,Gym Floor,88,Saturday,2025-07,Evening
CI009285,M0562,2025-04-18,11,Gym Floor,75,Friday,2025-04,Morning
CI009286,M0562,2025-05-29,16,Gym Floor,52,Thursday,2025-05,Afternoon
CI009287,M0562,2025-07-28,9,Spin,47,Monday,2025-07,Early Morning
CI009288,M0562,2025-04-16,9,Cardio,73,Wednesday,2025-04,Early Morning
CI009289,M0562,2025-04-11,9,Strength Training,52,Friday,2025-04,Early Morning
CI009290,M0562,2025-05-01,17,Zumba,53,Thursday,2025-05,Evening
CI009291,M0562,2025-07-02,6,Strength Training,56,Wednesday,2025-07,Early Morning
CI009292,M0562,2025-08-04,20,Gym Floor,36,Monday,2025-08,Night
CI009293,M0562,2025-03-10,19,Gym Floor,74,Monday,2025-03,Evening
CI009294,M0562,2025-03-16,18,Gym Floor,66,Sunday,2025-03,Evening
CI009295,M0562,2025-08-19,7,Gym Floor,67,Tuesday,2025-08,Early Morning
CI009296,M0562,2025-03-06,20,Gym Floor,34,Thursday,2025-03,Night
CI009297,M0562,2025-06-22,16,HIIT,70,Sunday,2025-06,Afternoon
CI009298,M0562,2025-05-24,8,CrossFit,36,Saturday,2025-05,Early Morning
CI009299,M0562,2025-04-14,21,Gym Floor,43,Monday,2025-04,Night
CI009300,M0562,2025-05-06,16,Pilates,56,Tuesday,2025-05,Afternoon
CI009301,M0562,2025-04-28,21,Cardio,57,Monday,2025-04,Night
CI009302,M0562,2025-08-07,17,CrossFit,48,Thursday,2025-08,Evening
CI009303,M0562,2025-08-10,18,Gym Floor,48,Sunday,2025-08,Evening
CI009304,M0562,2025-08-12,18,Zumba,73,Tuesday,2025-08,Evening
CI009305,M0562,2025-03-12,18,Gym Floor,41,Wednesday,2025-03,Evening
CI009306,M0563,2025-04-18,16,Gym Floor,62,Friday,2025-04,Afternoon
CI009307,M0563,2025-08-15,19,Gym Floor,25,Friday,2025-08,Evening
CI009308,M0563,2025-06-26,18,HIIT,40,Thursday,2025-06,Evening
CI009309,M0563,2025-08-02,7,CrossFit,67,Saturday,2025-08,Early Morning
CI009310,M0563,2025-08-15,16,Yoga,71,Friday,2025-08,Afternoon
CI009311,M0563,2025-05-14,11,Gym Floor,29,Wednesday,2025-05,Morning
CI009312,M0563,2025-08-24,8,Strength Training,36,Sunday,2025-08,Early Morning
CI009313,M0563,2025-04-11,8,Yoga,77,Friday,2025-04,Early Morning
CI009314,M0563,2025-04-06,19,Strength Training,74,Sunday,2025-04,Evening
CI009315,M0563,2025-05-09,16,Zumba,62,Friday,2025-05,Afternoon
CI009316,M0563,2025-07-08,8,Spin,46,Tuesday,2025-07,Early Morning
CI009317,M0563,2025-06-23,7,Gym Floor,52,Monday,2025-06,Early Morning
CI009318,M0563,2025-03-22,19,Zumba,74,Saturday,2025-03,Evening
CI009319,M0563,2025-07-20,6,Gym Floor,67,Sunday,2025-07,Early Morning
CI009320,M0563,2025-05-17,16,Strength Training,69,Saturday,2025-05,Afternoon
CI009321,M0564,2025-08-11,18,HIIT,64,Monday,2025-08,Evening
CI009322,M0564,2025-05-24,18,Gym Floor,44,Saturday,2025-05,Evening
CI009323,M0565,2025-03-19,20,Cardio,33,Wednesday,2025-03,Night
CI009324,M0565,2025-06-24,19,Cardio,62,Tuesday,2025-06,Evening
CI009325,M0565,2025-07-17,9,Strength Training,39,Thursday,2025-07,Early Morning
CI009326,M0565,2025-07-21,11,Strength Training,78,Monday,2025-07,Morning
CI009327,M0565,2025-03-03,9,Gym Floor,63,Monday,2025-03,Early Morning
CI009328,M0565,2025-05-09,7,HIIT,35,Friday,2025-05,Early Morning
CI009329,M0565,2025-06-20,8,Spin,56,Friday,2025-06,Early Morning
CI009330,M0565,2025-07-08,7,CrossFit,37,Tuesday,2025-07,Early Morning
CI009331,M0565,2025-03-22,8,Yoga,62,Saturday,2025-03,Early Morning
CI009332,M0565,2025-03-03,10,Gym Floor,68,Monday,2025-03,Morning
CI009333,M0565,2025-08-25,21,Gym Floor,62,Monday,2025-08,Night
CI009334,M0565,2025-03-13,12,Cardio,77,Thursday,2025-03,Morning
CI009335,M0565,2025-03-25,7,Zumba,36,Tuesday,2025-03,Early Morning
CI009336,M0565,2025-07-05,12,Gym Floor,62,Saturday,2025-07,Morning
CI009337,M0565,2025-07-28,16,CrossFit,31,Monday,2025-07,Afternoon
CI009338,M0565,2025-04-09,8,Gym Floor,52,Wednesday,2025-04,Early Morning
CI009339,M0565,2025-06-03,17,Gym Floor,64,Tuesday,2025-06,Evening
CI009340,M0565,2025-07-13,18,Cardio,63,Sunday,2025-07,Evening
CI009341,M0565,2025-06-13,17,Cardio,43,Friday,2025-06,Evening
CI009342,M0565,2025-07-27,10,Yoga,73,Sunday,2025-07,Morning
CI009343,M0565,2025-08-19,18,Gym Floor,64,Tuesday,2025-08,Evening
CI009344,M0565,2025-07-05,16,Gym Floor,77,Saturday,2025-07,Afternoon
CI009345,M0565,2025-07-18,16,Gym Floor,31,Friday,2025-07,Afternoon
CI009346,M0565,2025-03-20,18,Yoga,49,Thursday,2025-03,Evening
CI009347,M0565,2025-03-26,8,Gym Floor,61,Wednesday,2025-03,Early Morning
CI009348,M0565,2025-03-14,16,Gym Floor,60,Friday,2025-03,Afternoon
CI009349,M0565,2025-06-30,17,Gym Floor,67,Monday,2025-06,Evening
CI009350,M0566,2025-04-08,8,Spin,67,Tuesday,2025-04,Early Morning
CI009351,M0566,2025-04-06,8,Yoga,45,Sunday,2025-04,Early Morning
CI009352,M0566,2025-05-27,18,Zumba,58,Tuesday,2025-05,Evening
CI009353,M0566,2025-05-14,19,Zumba,26,Wednesday,2025-05,Evening
CI009354,M0566,2025-06-04,12,Spin,58,Wednesday,2025-06,Morning
CI009355,M0566,2025-04-09,6,Gym Floor,39,Wednesday,2025-04,Early Morning
CI009356,M0566,2025-07-11,16,Gym Floor,52,Friday,2025-07,Afternoon
CI009357,M0566,2025-03-08,12,Gym Floor,37,Saturday,2025-03,Morning
CI009358,M0566,2025-03-19,6,Gym Floor,53,Wednesday,2025-03,Early Morning
CI009359,M0566,2025-05-05,12,Strength Training,37,Monday,2025-05,Morning
CI009360,M0566,2025-07-16,21,Spin,80,Wednesday,2025-07,Night
CI009361,M0566,2025-03-14,8,Pilates,35,Friday,2025-03,Early Morning
CI009362,M0566,2025-06-14,7,CrossFit,84,Saturday,2025-06,Early Morning
CI009363,M0566,2025-04-08,9,Gym Floor,76,Tuesday,2025-04,Early Morning
CI009364,M0566,2025-03-15,7,Gym Floor,45,Saturday,2025-03,Early Morning
CI009365,M0568,2025-06-17,6,Gym Floor,49,Tuesday,2025-06,Early Morning
CI009366,M0568,2025-06-25,10,Pilates,45,Wednesday,2025-06,Morning
CI009367,M0568,2025-08-17,19,Gym Floor,67,Sunday,2025-08,Evening
CI009368,M0568,2025-08-04,17,Gym Floor,60,Monday,2025-08,Evening
CI009369,M0568,2025-03-27,17,Yoga,71,Thursday,2025-03,Evening
CI009370,M0568,2025-08-01,19,Strength Training,35,Friday,2025-08,Evening
CI009371,M0568,2025-05-12,16,Zumba,30,Monday,2025-05,Afternoon
CI009372,M0568,2025-05-23,6,Cardio,39,Friday,2025-05,Early Morning
CI009373,M0568,2025-06-27,18,HIIT,72,Friday,2025-06,Evening
CI009374,M0568,2025-07-03,10,Zumba,84,Thursday,2025-07,Morning
CI009375,M0568,2025-06-25,18,Yoga,52,Wednesday,2025-06,Evening
CI009376,M0568,2025-05-03,10,HIIT,52,Saturday,2025-05,Morning
CI009377,M0568,2025-08-28,8,Gym Floor,20,Thursday,2025-08,Early Morning
CI009378,M0569,2025-04-24,7,CrossFit,47,Thursday,2025-04,Early Morning
CI009379,M0569,2025-06-26,10,Gym Floor,60,Thursday,2025-06,Morning
CI009380,M0569,2025-08-02,18,Spin,78,Saturday,2025-08,Evening
CI009381,M0569,2025-08-11,18,HIIT,23,Monday,2025-08,Evening
CI009382,M0569,2025-07-02,7,Strength Training,87,Wednesday,2025-07,Early Morning
CI009383,M0569,2025-08-13,21,Gym Floor,44,Wednesday,2025-08,Night
CI009384,M0569,2025-03-10,7,HIIT,36,Monday,2025-03,Early Morning
CI009385,M0569,2025-04-11,19,Gym Floor,51,Friday,2025-04,Evening
CI009386,M0569,2025-03-24,9,Gym Floor,40,Monday,2025-03,Early Morning
CI009387,M0569,2025-07-26,7,Gym Floor,68,Saturday,2025-07,Early Morning
CI009388,M0569,2025-05-25,19,Spin,68,Sunday,2025-05,Evening
CI009389,M0569,2025-08-03,21,Gym Floor,24,Sunday,2025-08,Night
CI009390,M0570,2025-05-22,7,Cardio,44,Thursday,2025-05,Early Morning
CI009391,M0570,2025-05-09,18,HIIT,59,Friday,2025-05,Evening
CI009392,M0570,2025-07-10,19,Gym Floor,42,Thursday,2025-07,Evening
CI009393,M0570,2025-05-16,12,Cardio,29,Friday,2025-05,Morning
CI009394,M0571,2025-08-09,19,Gym Floor,64,Saturday,2025-08,Evening
CI009395,M0571,2025-08-20,16,Cardio,43,Wednesday,2025-08,Afternoon
CI009396,M0571,2025-06-09,20,Gym Floor,55,Monday,2025-06,Night
CI009397,M0571,2025-08-21,21,Strength Training,33,Thursday,2025-08,Night
CI009398,M0571,2025-05-30,17,Zumba,59,Friday,2025-05,Evening
CI009399,M0571,2025-07-11,7,Gym Floor,47,Friday,2025-07,Early Morning
CI009400,M0571,2025-04-01,17,Spin,29,Tuesday,2025-04,Evening
CI009401,M0571,2025-07-18,16,Gym Floor,52,Friday,2025-07,Afternoon
CI009402,M0571,2025-04-14,17,Gym Floor,50,Monday,2025-04,Evening
CI009403,M0572,2025-06-01,7,Gym Floor,47,Sunday,2025-06,Early Morning
CI009404,M0572,2025-03-22,16,Gym Floor,88,Saturday,2025-03,Afternoon
CI009405,M0572,2025-03-05,17,HIIT,86,Wednesday,2025-03,Evening
CI009406,M0572,2025-08-06,8,Strength Training,62,Wednesday,2025-08,Early Morning
CI009407,M0572,2025-08-17,8,Gym Floor,49,Sunday,2025-08,Early Morning
CI009408,M0572,2025-07-25,7,Zumba,37,Friday,2025-07,Early Morning
CI009409,M0572,2025-04-18,19,Gym Floor,57,Friday,2025-04,Evening
CI009410,M0572,2025-07-28,7,Gym Floor,55,Monday,2025-07,Early Morning
CI009411,M0572,2025-03-17,18,Gym Floor,66,Monday,2025-03,Evening
CI009412,M0572,2025-03-29,7,HIIT,56,Saturday,2025-03,Early Morning
CI009413,M0572,2025-05-25,20,Gym Floor,74,Sunday,2025-05,Night
CI009414,M0572,2025-05-18,20,Gym Floor,68,Sunday,2025-05,Night
CI009415,M0572,2025-05-03,7,Spin,80,Saturday,2025-05,Early Morning
CI009416,M0572,2025-05-18,17,Gym Floor,60,Sunday,2025-05,Evening
CI009417,M0572,2025-06-10,16,Cardio,20,Tuesday,2025-06,Afternoon
CI009418,M0572,2025-06-10,19,Pilates,53,Tuesday,2025-06,Evening
CI009419,M0572,2025-04-15,9,Yoga,59,Tuesday,2025-04,Early Morning
CI009420,M0572,2025-06-01,9,Gym Floor,50,Sunday,2025-06,Early Morning
CI009421,M0572,2025-07-09,8,Gym Floor,67,Wednesday,2025-07,Early Morning
CI009422,M0572,2025-05-15,18,Gym Floor,85,Thursday,2025-05,Evening
CI009423,M0572,2025-04-14,19,HIIT,81,Monday,2025-04,Evening
CI009424,M0572,2025-05-29,11,HIIT,53,Thursday,2025-05,Morning
CI009425,M0572,2025-06-24,8,Zumba,34,Tuesday,2025-06,Early Morning
CI009426,M0572,2025-07-10,19,CrossFit,65,Thursday,2025-07,Evening
CI009427,M0572,2025-07-24,19,Zumba,45,Thursday,2025-07,Evening
CI009428,M0572,2025-05-11,17,Gym Floor,20,Sunday,2025-05,Evening
CI009429,M0572,2025-07-24,17,Gym Floor,35,Thursday,2025-07,Evening
CI009430,M0573,2025-07-29,7,Pilates,61,Tuesday,2025-07,Early Morning
CI009431,M0573,2025-07-22,18,Cardio,20,Tuesday,2025-07,Evening
CI009432,M0573,2025-05-31,17,Strength Training,48,Saturday,2025-05,Evening
CI009433,M0573,2025-06-29,9,Gym Floor,20,Sunday,2025-06,Early Morning
CI009434,M0573,2025-06-29,20,Zumba,70,Sunday,2025-06,Night
CI009435,M0574,2025-06-20,12,HIIT,70,Friday,2025-06,Morning
CI009436,M0574,2025-03-08,8,CrossFit,31,Saturday,2025-03,Early Morning
CI009437,M0574,2025-08-03,17,Gym Floor,40,Sunday,2025-08,Evening
CI009438,M0574,2025-03-14,19,HIIT,64,Friday,2025-03,Evening
CI009439,M0574,2025-04-18,11,Zumba,20,Friday,2025-04,Morning
CI009440,M0574,2025-05-10,16,Gym Floor,39,Saturday,2025-05,Afternoon
CI009441,M0574,2025-05-21,17,Cardio,52,Wednesday,2025-05,Evening
CI009442,M0574,2025-07-21,12,Pilates,46,Monday,2025-07,Morning
CI009443,M0574,2025-08-13,8,Gym Floor,64,Wednesday,2025-08,Early Morning
CI009444,M0574,2025-07-01,7,Gym Floor,61,Tuesday,2025-07,Early Morning
CI009445,M0574,2025-03-14,18,Gym Floor,32,Friday,2025-03,Evening
CI009446,M0574,2025-04-15,7,Strength Training,71,Tuesday,2025-04,Early Morning
CI009447,M0574,2025-03-18,19,Gym Floor,57,Tuesday,2025-03,Evening
CI009448,M0574,2025-07-12,9,Cardio,61,Saturday,2025-07,Early Morning
CI009449,M0574,2025-05-12,18,Gym Floor,114,Monday,2025-05,Evening
CI009450,M0574,2025-06-14,16,Strength Training,46,Saturday,2025-06,Afternoon
CI009451,M0574,2025-06-26,21,Cardio,31,Thursday,2025-06,Night
CI009452,M0574,2025-03-04,6,HIIT,35,Tuesday,2025-03,Early Morning
CI009453,M0574,2025-08-24,19,CrossFit,21,Sunday,2025-08,Evening
CI009454,M0574,2025-06-29,20,Gym Floor,47,Sunday,2025-06,Night
CI009455,M0574,2025-07-30,7,Pilates,41,Wednesday,2025-07,Early Morning
CI009456,M0574,2025-03-30,20,Gym Floor,31,Sunday,2025-03,Night
CI009457,M0574,2025-04-28,7,Cardio,55,Monday,2025-04,Early Morning
CI009458,M0574,2025-03-25,20,Gym Floor,99,Tuesday,2025-03,Night
CI009459,M0574,2025-08-20,8,Gym Floor,62,Wednesday,2025-08,Early Morning
CI009460,M0574,2025-03-28,10,Cardio,86,Friday,2025-03,Morning
CI009461,M0574,2025-07-27,17,Strength Training,56,Sunday,2025-07,Evening
CI009462,M0574,2025-07-29,7,Gym Floor,73,Tuesday,2025-07,Early Morning
CI009463,M0574,2025-07-26,6,HIIT,76,Saturday,2025-07,Early Morning
CI009464,M0574,2025-04-08,10,Gym Floor,27,Tuesday,2025-04,Morning
CI009465,M0574,2025-08-03,17,Spin,36,Sunday,2025-08,Evening
CI009466,M0574,2025-07-18,8,Gym Floor,91,Friday,2025-07,Early Morning
CI009467,M0574,2025-03-21,8,Gym Floor,66,Friday,2025-03,Early Morning
CI009468,M0574,2025-07-24,8,Gym Floor,82,Thursday,2025-07,Early Morning
CI009469,M0574,2025-06-14,18,Zumba,71,Saturday,2025-06,Evening
CI009470,M0574,2025-04-13,7,Yoga,53,Sunday,2025-04,Early Morning
CI009471,M0574,2025-05-04,11,Cardio,67,Sunday,2025-05,Morning
CI009472,M0574,2025-06-19,12,Yoga,79,Thursday,2025-06,Morning
CI009473,M0574,2025-08-11,17,CrossFit,61,Monday,2025-08,Evening
CI009474,M0574,2025-03-16,19,Gym Floor,47,Sunday,2025-03,Evening
CI009475,M0574,2025-04-14,8,Gym Floor,51,Monday,2025-04,Early Morning
CI009476,M0574,2025-03-23,19,Gym Floor,34,Sunday,2025-03,Evening
CI009477,M0574,2025-08-24,18,Spin,69,Sunday,2025-08,Evening
CI009478,M0575,2025-06-23,16,CrossFit,74,Monday,2025-06,Afternoon
CI009479,M0575,2025-08-15,7,CrossFit,38,Friday,2025-08,Early Morning
CI009480,M0575,2025-08-18,9,CrossFit,41,Monday,2025-08,Early Morning
CI009481,M0575,2025-05-27,7,HIIT,45,Tuesday,2025-05,Early Morning
CI009482,M0575,2025-07-30,6,Cardio,69,Wednesday,2025-07,Early Morning
CI009483,M0575,2025-03-05,21,Spin,38,Wednesday,2025-03,Night
CI009484,M0575,2025-05-30,7,Cardio,63,Friday,2025-05,Early Morning
CI009485,M0575,2025-04-30,9,Spin,20,Wednesday,2025-04,Early Morning
CI009486,M0575,2025-08-12,8,CrossFit,51,Tuesday,2025-08,Early Morning
CI009487,M0576,2025-03-20,6,Gym Floor,39,Thursday,2025-03,Early Morning
CI009488,M0577,2025-05-21,21,Yoga,63,Wednesday,2025-05,Night
CI009489,M0577,2025-05-20,17,Strength Training,46,Tuesday,2025-05,Evening
CI009490,M0577,2025-08-31,19,Spin,35,Sunday,2025-08,Evening
CI009491,M0577,2025-05-11,11,Zumba,76,Sunday,2025-05,Morning
CI009492,M0577,2025-04-30,8,Spin,79,Wednesday,2025-04,Early Morning
CI009493,M0577,2025-04-15,9,Gym Floor,43,Tuesday,2025-04,Early Morning
CI009494,M0577,2025-07-05,8,Gym Floor,37,Saturday,2025-07,Early Morning
CI009495,M0577,2025-03-08,20,Pilates,62,Saturday,2025-03,Night
CI009496,M0577,2025-07-01,18,Gym Floor,40,Tuesday,2025-07,Evening
CI009497,M0577,2025-08-19,17,Gym Floor,64,Tuesday,2025-08,Evening
CI009498,M0578,2025-03-07,16,CrossFit,52,Friday,2025-03,Afternoon
CI009499,M0578,2025-06-13,20,Pilates,50,Friday,2025-06,Night
CI009500,M0578,2025-05-16,19,Gym Floor,27,Friday,2025-05,Evening
CI009501,M0578,2025-07-15,6,Gym Floor,44,Tuesday,2025-07,Early Morning
CI009502,M0579,2025-08-21,18,Gym Floor,64,Thursday,2025-08,Evening
CI009503,M0579,2025-05-03,8,Zumba,53,Saturday,2025-05,Early Morning
CI009504,M0579,2025-06-09,19,Zumba,36,Monday,2025-06,Evening
CI009505,M0579,2025-07-08,17,Gym Floor,50,Tuesday,2025-07,Evening
CI009506,M0579,2025-03-09,18,Gym Floor,55,Sunday,2025-03,Evening
CI009507,M0579,2025-03-30,6,Pilates,30,Sunday,2025-03,Early Morning
CI009508,M0579,2025-03-23,7,Yoga,88,Sunday,2025-03,Early Morning
CI009509,M0579,2025-06-22,6,Gym Floor,50,Sunday,2025-06,Early Morning
CI009510,M0579,2025-03-02,7,Strength Training,59,Sunday,2025-03,Early Morning
CI009511,M0579,2025-04-29,19,Spin,36,Tuesday,2025-04,Evening
CI009512,M0580,2025-03-19,6,Pilates,62,Wednesday,2025-03,Early Morning
CI009513,M0580,2025-06-14,6,Cardio,74,Saturday,2025-06,Early Morning
CI009514,M0580,2025-08-04,17,Zumba,20,Monday,2025-08,Evening
CI009515,M0580,2025-08-07,19,Yoga,92,Thursday,2025-08,Evening
CI009516,M0580,2025-07-07,8,Zumba,103,Monday,2025-07,Early Morning
CI009517,M0580,2025-08-11,18,Zumba,62,Monday,2025-08,Evening
CI009518,M0580,2025-05-17,18,Gym Floor,65,Saturday,2025-05,Evening
CI009519,M0580,2025-08-31,19,Yoga,56,Sunday,2025-08,Evening
CI009520,M0580,2025-05-08,19,Yoga,48,Thursday,2025-05,Evening
CI009521,M0580,2025-04-21,20,Strength Training,26,Monday,2025-04,Night
CI009522,M0580,2025-04-06,18,Gym Floor,47,Sunday,2025-04,Evening
CI009523,M0580,2025-04-20,6,Cardio,68,Sunday,2025-04,Early Morning
CI009524,M0580,2025-03-23,17,Gym Floor,80,Sunday,2025-03,Evening
CI009525,M0580,2025-05-03,10,CrossFit,59,Saturday,2025-05,Morning
CI009526,M0580,2025-03-17,18,Cardio,24,Monday,2025-03,Evening
CI009527,M0580,2025-06-30,18,HIIT,28,Monday,2025-06,Evening
CI009528,M0580,2025-03-29,18,Gym Floor,49,Saturday,2025-03,Evening
CI009529,M0580,2025-07-12,12,Spin,41,Saturday,2025-07,Morning
CI009530,M0580,2025-07-03,18,Gym Floor,44,Thursday,2025-07,Evening
CI009531,M0580,2025-03-27,17,Gym Floor,78,Thursday,2025-03,Evening
CI009532,M0580,2025-03-11,16,Zumba,52,Tuesday,2025-03,Afternoon
CI009533,M0580,2025-03-21,16,Spin,63,Friday,2025-03,Afternoon
CI009534,M0580,2025-04-24,6,Gym Floor,60,Thursday,2025-04,Early Morning
CI009535,M0580,2025-07-11,17,Yoga,54,Friday,2025-07,Evening
CI009536,M0580,2025-04-10,17,Yoga,26,Thursday,2025-04,Evening
CI009537,M0580,2025-05-02,18,Spin,60,Friday,2025-05,Evening
CI009538,M0580,2025-04-04,19,Gym Floor,68,Friday,2025-04,Evening
CI009539,M0580,2025-04-02,17,Gym Floor,50,Wednesday,2025-04,Evening
CI009540,M0580,2025-04-24,19,Yoga,92,Thursday,2025-04,Evening
CI009541,M0580,2025-05-14,8,Gym Floor,75,Wednesday,2025-05,Early Morning
CI009542,M0580,2025-04-02,11,Gym Floor,90,Wednesday,2025-04,Morning
CI009543,M0580,2025-07-31,11,Gym Floor,88,Thursday,2025-07,Morning
CI009544,M0580,2025-03-28,16,HIIT,26,Friday,2025-03,Afternoon
CI009545,M0580,2025-05-25,8,Gym Floor,78,Sunday,2025-05,Early Morning
CI009546,M0580,2025-08-05,10,Strength Training,74,Tuesday,2025-08,Morning
CI009547,M0580,2025-05-17,10,Strength Training,63,Saturday,2025-05,Morning
CI009548,M0580,2025-05-25,20,Gym Floor,24,Sunday,2025-05,Night
CI009549,M0580,2025-06-18,17,Pilates,46,Wednesday,2025-06,Evening
CI009550,M0581,2025-07-24,6,Gym Floor,48,Thursday,2025-07,Early Morning
CI009551,M0581,2025-07-20,17,Cardio,55,Sunday,2025-07,Evening
CI009552,M0581,2025-06-16,20,Yoga,20,Monday,2025-06,Night
CI009553,M0581,2025-07-26,17,Gym Floor,74,Saturday,2025-07,Evening
CI009554,M0581,2025-08-13,10,Cardio,30,Wednesday,2025-08,Morning
CI009555,M0581,2025-08-04,16,Strength Training,74,Monday,2025-08,Afternoon
CI009556,M0581,2025-08-03,17,HIIT,48,Sunday,2025-08,Evening
CI009557,M0581,2025-04-28,20,Cardio,59,Monday,2025-04,Night
CI009558,M0581,2025-08-05,17,Gym Floor,20,Tuesday,2025-08,Evening
CI009559,M0581,2025-05-31,18,CrossFit,54,Saturday,2025-05,Evening
CI009560,M0581,2025-04-01,17,HIIT,30,Tuesday,2025-04,Evening
CI009561,M0581,2025-08-21,16,Spin,77,Thursday,2025-08,Afternoon
CI009562,M0581,2025-03-29,18,Gym Floor,32,Saturday,2025-03,Evening
CI009563,M0581,2025-07-04,19,Yoga,38,Friday,2025-07,Evening
CI009564,M0581,2025-08-07,17,Gym Floor,53,Thursday,2025-08,Evening
CI009565,M0583,2025-08-05,8,Spin,56,Tuesday,2025-08,Early Morning
CI009566,M0583,2025-06-24,19,Zumba,51,Tuesday,2025-06,Evening
CI009567,M0583,2025-08-09,6,Yoga,54,Saturday,2025-08,Early Morning
CI009568,M0584,2025-03-10,6,Gym Floor,84,Monday,2025-03,Early Morning
CI009569,M0584,2025-05-25,17,CrossFit,27,Sunday,2025-05,Evening
CI009570,M0584,2025-06-26,7,Cardio,49,Thursday,2025-06,Early Morning
CI009571,M0584,2025-06-25,17,Gym Floor,48,Wednesday,2025-06,Evening
CI009572,M0584,2025-06-25,20,Gym Floor,77,Wednesday,2025-06,Night
CI009573,M0584,2025-04-22,17,Gym Floor,70,Tuesday,2025-04,Evening
CI009574,M0584,2025-04-24,12,Spin,42,Thursday,2025-04,Morning
CI009575,M0584,2025-07-09,7,Spin,58,Wednesday,2025-07,Early Morning
CI009576,M0584,2025-07-24,10,Gym Floor,47,Thursday,2025-07,Morning
CI009577,M0584,2025-07-18,17,HIIT,61,Friday,2025-07,Evening
CI009578,M0585,2025-07-29,9,Gym Floor,41,Tuesday,2025-07,Early Morning
CI009579,M0585,2025-03-28,6,Gym Floor,28,Friday,2025-03,Early Morning
CI009580,M0585,2025-08-10,20,Gym Floor,80,Sunday,2025-08,Night
CI009581,M0585,2025-05-07,6,CrossFit,39,Wednesday,2025-05,Early Morning
CI009582,M0585,2025-03-05,19,Gym Floor,71,Wednesday,2025-03,Evening
CI009583,M0585,2025-05-29,7,Strength Training,58,Thursday,2025-05,Early Morning
CI009584,M0585,2025-05-11,6,Gym Floor,66,Sunday,2025-05,Early Morning
CI009585,M0586,2025-04-28,19,Spin,53,Monday,2025-04,Evening
CI009586,M0586,2025-03-07,7,Strength Training,40,Friday,2025-03,Early Morning
CI009587,M0586,2025-03-03,9,Pilates,63,Monday,2025-03,Early Morning
CI009588,M0586,2025-04-24,10,Gym Floor,49,Thursday,2025-04,Morning
CI009589,M0586,2025-04-30,18,Gym Floor,46,Wednesday,2025-04,Evening
CI009590,M0586,2025-05-06,7,CrossFit,63,Tuesday,2025-05,Early Morning
CI009591,M0586,2025-08-01,18,Gym Floor,41,Friday,2025-08,Evening
CI009592,M0586,2025-05-02,18,Pilates,85,Friday,2025-05,Evening
CI009593,M0586,2025-04-19,16,HIIT,55,Saturday,2025-04,Afternoon
CI009594,M0586,2025-06-21,18,Cardio,48,Saturday,2025-06,Evening
CI009595,M0586,2025-03-22,19,Yoga,51,Saturday,2025-03,Evening
CI009596,M0586,2025-03-11,19,Cardio,41,Tuesday,2025-03,Evening
CI009597,M0586,2025-06-05,20,HIIT,70,Thursday,2025-06,Night
CI009598,M0586,2025-05-06,7,Gym Floor,62,Tuesday,2025-05,Early Morning
CI009599,M0587,2025-07-13,8,Yoga,38,Sunday,2025-07,Early Morning
CI009600,M0587,2025-07-14,8,Gym Floor,27,Monday,2025-07,Early Morning
CI009601,M0587,2025-07-15,17,Gym Floor,47,Tuesday,2025-07,Evening
CI009602,M0587,2025-03-22,9,Cardio,77,Saturday,2025-03,Early Morning
CI009603,M0587,2025-06-08,6,Gym Floor,44,Sunday,2025-06,Early Morning
CI009604,M0587,2025-04-07,11,Strength Training,31,Monday,2025-04,Morning
CI009605,M0587,2025-05-03,7,Gym Floor,37,Saturday,2025-05,Early Morning
CI009606,M0587,2025-04-18,11,Gym Floor,34,Friday,2025-04,Morning
CI009607,M0587,2025-05-25,18,Gym Floor,37,Sunday,2025-05,Evening
CI009608,M0587,2025-03-08,7,CrossFit,43,Saturday,2025-03,Early Morning
CI009609,M0587,2025-08-25,17,CrossFit,20,Monday,2025-08,Evening
CI009610,M0587,2025-07-18,17,Gym Floor,53,Friday,2025-07,Evening
CI009611,M0587,2025-04-06,7,Gym Floor,57,Sunday,2025-04,Early Morning
CI009612,M0587,2025-05-11,10,Gym Floor,50,Sunday,2025-05,Morning
CI009613,M0587,2025-05-26,18,Strength Training,23,Monday,2025-05,Evening
CI009614,M0588,2025-06-19,18,Gym Floor,64,Thursday,2025-06,Evening
CI009615,M0588,2025-03-14,8,Strength Training,67,Friday,2025-03,Early Morning
CI009616,M0588,2025-06-28,20,Gym Floor,108,Saturday,2025-06,Night
CI009617,M0588,2025-03-15,7,Cardio,40,Saturday,2025-03,Early Morning
CI009618,M0588,2025-08-03,19,Gym Floor,84,Sunday,2025-08,Evening
CI009619,M0588,2025-05-23,10,CrossFit,72,Friday,2025-05,Morning
CI009620,M0588,2025-07-07,7,Gym Floor,47,Monday,2025-07,Early Morning
CI009621,M0588,2025-07-06,7,Gym Floor,70,Sunday,2025-07,Early Morning
CI009622,M0588,2025-08-09,18,Cardio,69,Saturday,2025-08,Evening
CI009623,M0588,2025-06-21,21,Yoga,35,Saturday,2025-06,Night
CI009624,M0588,2025-07-28,20,Zumba,58,Monday,2025-07,Night
CI009625,M0588,2025-04-17,19,Cardio,65,Thursday,2025-04,Evening
CI009626,M0588,2025-05-17,16,Gym Floor,57,Saturday,2025-05,Afternoon
CI009627,M0589,2025-03-31,8,Cardio,33,Monday,2025-03,Early Morning
CI009628,M0589,2025-05-22,6,HIIT,55,Thursday,2025-05,Early Morning
CI009629,M0589,2025-08-24,20,HIIT,70,Sunday,2025-08,Night
CI009630,M0589,2025-07-17,8,Gym Floor,48,Thursday,2025-07,Early Morning
CI009631,M0590,2025-07-12,19,Yoga,85,Saturday,2025-07,Evening
CI009632,M0590,2025-07-31,7,Yoga,26,Thursday,2025-07,Early Morning
CI009633,M0590,2025-03-24,18,Strength Training,71,Monday,2025-03,Evening
CI009634,M0590,2025-07-15,6,Cardio,27,Tuesday,2025-07,Early Morning
CI009635,M0590,2025-07-20,8,Gym Floor,23,Sunday,2025-07,Early Morning
CI009636,M0590,2025-03-23,19,Gym Floor,34,Sunday,2025-03,Evening
CI009637,M0590,2025-07-30,19,Gym Floor,31,Wednesday,2025-07,Evening
CI009638,M0590,2025-04-29,19,Gym Floor,66,Tuesday,2025-04,Evening
CI009639,M0590,2025-03-20,17,Gym Floor,80,Thursday,2025-03,Evening
CI009640,M0590,2025-03-05,16,Gym Floor,23,Wednesday,2025-03,Afternoon
CI009641,M0590,2025-06-25,19,Yoga,42,Wednesday,2025-06,Evening
CI009642,M0590,2025-07-22,17,Gym Floor,52,Tuesday,2025-07,Evening
CI009643,M0590,2025-05-15,8,Pilates,64,Thursday,2025-05,Early Morning
CI009644,M0590,2025-08-25,6,Gym Floor,31,Monday,2025-08,Early Morning
CI009645,M0590,2025-07-21,16,CrossFit,67,Monday,2025-07,Afternoon
CI009646,M0590,2025-05-17,19,Gym Floor,52,Saturday,2025-05,Evening
CI009647,M0590,2025-08-29,16,Zumba,46,Friday,2025-08,Afternoon
CI009648,M0590,2025-04-09,7,HIIT,59,Wednesday,2025-04,Early Morning
CI009649,M0590,2025-06-30,18,Zumba,38,Monday,2025-06,Evening
CI009650,M0590,2025-06-01,8,Strength Training,66,Sunday,2025-06,Early Morning
CI009651,M0590,2025-08-21,18,Gym Floor,56,Thursday,2025-08,Evening
CI009652,M0590,2025-05-07,20,Gym Floor,38,Wednesday,2025-05,Night
CI009653,M0590,2025-05-18,17,Spin,45,Sunday,2025-05,Evening
CI009654,M0590,2025-07-28,10,Zumba,61,Monday,2025-07,Morning
CI009655,M0590,2025-04-21,17,Gym Floor,65,Monday,2025-04,Evening
CI009656,M0590,2025-05-16,6,Gym Floor,41,Friday,2025-05,Early Morning
CI009657,M0590,2025-05-29,20,Gym Floor,28,Thursday,2025-05,Night
CI009658,M0591,2025-05-27,9,Gym Floor,64,Tuesday,2025-05,Early Morning
CI009659,M0591,2025-05-27,12,Gym Floor,29,Tuesday,2025-05,Morning
CI009660,M0591,2025-06-15,8,Gym Floor,74,Sunday,2025-06,Early Morning
CI009661,M0591,2025-08-14,17,Cardio,44,Thursday,2025-08,Evening
CI009662,M0591,2025-07-07,18,Strength Training,89,Monday,2025-07,Evening
CI009663,M0591,2025-04-28,6,Gym Floor,58,Monday,2025-04,Early Morning
CI009664,M0591,2025-04-15,17,Gym Floor,66,Tuesday,2025-04,Evening
CI009665,M0591,2025-06-11,7,Gym Floor,53,Wednesday,2025-06,Early Morning
CI009666,M0591,2025-04-09,20,Gym Floor,67,Wednesday,2025-04,Night
CI009667,M0591,2025-08-14,7,Gym Floor,31,Thursday,2025-08,Early Morning
CI009668,M0591,2025-07-28,8,Strength Training,58,Monday,2025-07,Early Morning
CI009669,M0592,2025-03-30,9,CrossFit,36,Sunday,2025-03,Early Morning
CI009670,M0592,2025-03-14,7,Spin,40,Friday,2025-03,Early Morning
CI009671,M0592,2025-05-22,10,HIIT,45,Thursday,2025-05,Morning
CI009672,M0592,2025-04-05,19,Strength Training,73,Saturday,2025-04,Evening
CI009673,M0592,2025-07-06,7,Gym Floor,38,Sunday,2025-07,Early Morning
CI009674,M0592,2025-08-08,20,Cardio,37,Friday,2025-08,Night
CI009675,M0593,2025-07-27,18,Pilates,27,Sunday,2025-07,Evening
CI009676,M0593,2025-05-07,17,Gym Floor,44,Wednesday,2025-05,Evening
CI009677,M0593,2025-04-20,16,Gym Floor,58,Sunday,2025-04,Afternoon
CI009678,M0593,2025-07-25,17,HIIT,54,Friday,2025-07,Evening
CI009679,M0593,2025-03-13,7,Gym Floor,66,Thursday,2025-03,Early Morning
CI009680,M0594,2025-03-22,7,Cardio,44,Saturday,2025-03,Early Morning
CI009681,M0594,2025-08-13,17,Zumba,75,Wednesday,2025-08,Evening
CI009682,M0594,2025-04-06,19,Gym Floor,47,Sunday,2025-04,Evening
CI009683,M0594,2025-07-14,17,Cardio,54,Monday,2025-07,Evening
CI009684,M0594,2025-05-01,9,Spin,62,Thursday,2025-05,Early Morning
CI009685,M0594,2025-06-30,20,Zumba,59,Monday,2025-06,Night
CI009686,M0595,2025-07-16,16,Strength Training,28,Wednesday,2025-07,Afternoon
CI009687,M0595,2025-06-26,6,Gym Floor,39,Thursday,2025-06,Early Morning
CI009688,M0595,2025-08-04,6,Gym Floor,40,Monday,2025-08,Early Morning
CI009689,M0595,2025-08-15,17,Gym Floor,62,Friday,2025-08,Evening
CI009690,M0595,2025-06-13,9,CrossFit,57,Friday,2025-06,Early Morning
CI009691,M0595,2025-03-16,7,Cardio,36,Sunday,2025-03,Early Morning
CI009692,M0595,2025-03-25,7,Gym Floor,56,Tuesday,2025-03,Early Morning
CI009693,M0595,2025-05-29,17,Cardio,106,Thursday,2025-05,Evening
CI009694,M0595,2025-07-29,11,Spin,47,Tuesday,2025-07,Morning
CI009695,M0595,2025-03-20,17,Gym Floor,54,Thursday,2025-03,Evening
CI009696,M0595,2025-04-02,18,Gym Floor,66,Wednesday,2025-04,Evening
CI009697,M0595,2025-05-29,16,Zumba,56,Thursday,2025-05,Afternoon
CI009698,M0595,2025-08-14,7,Gym Floor,64,Thursday,2025-08,Early Morning
CI009699,M0595,2025-07-12,18,HIIT,24,Saturday,2025-07,Evening
CI009700,M0595,2025-07-13,17,Cardio,34,Sunday,2025-07,Evening
CI009701,M0595,2025-03-31,12,Cardio,97,Monday,2025-03,Morning
CI009702,M0596,2025-06-28,17,HIIT,60,Saturday,2025-06,Evening
CI009703,M0596,2025-08-04,19,Gym Floor,86,Monday,2025-08,Evening
CI009704,M0596,2025-03-06,19,Gym Floor,55,Thursday,2025-03,Evening
CI009705,M0596,2025-06-29,11,Gym Floor,54,Sunday,2025-06,Morning
CI009706,M0596,2025-06-28,8,Pilates,63,Saturday,2025-06,Early Morning
CI009707,M0596,2025-03-31,19,Gym Floor,41,Monday,2025-03,Evening
CI009708,M0596,2025-03-30,10,CrossFit,52,Sunday,2025-03,Morning
CI009709,M0596,2025-06-24,8,Cardio,36,Tuesday,2025-06,Early Morning
CI009710,M0596,2025-07-08,8,Gym Floor,52,Tuesday,2025-07,Early Morning
CI009711,M0596,2025-03-17,11,Gym Floor,44,Monday,2025-03,Morning
CI009712,M0596,2025-07-12,7,Yoga,71,Saturday,2025-07,Early Morning
CI009713,M0596,2025-08-17,12,Cardio,28,Sunday,2025-08,Morning
CI009714,M0596,2025-03-08,7,Gym Floor,41,Saturday,2025-03,Early Morning
CI009715,M0596,2025-04-19,10,Gym Floor,47,Saturday,2025-04,Morning
CI009716,M0596,2025-03-19,6,Gym Floor,51,Wednesday,2025-03,Early Morning
CI009717,M0596,2025-03-14,9,Gym Floor,57,Friday,2025-03,Early Morning
CI009718,M0596,2025-05-02,6,Spin,72,Friday,2025-05,Early Morning
CI009719,M0596,2025-05-24,7,Strength Training,97,Saturday,2025-05,Early Morning
CI009720,M0596,2025-08-26,12,HIIT,51,Tuesday,2025-08,Morning
CI009721,M0596,2025-06-20,19,Gym Floor,63,Friday,2025-06,Evening
CI009722,M0596,2025-06-10,6,Gym Floor,50,Tuesday,2025-06,Early Morning
CI009723,M0596,2025-06-13,16,Gym Floor,62,Friday,2025-06,Afternoon
CI009724,M0596,2025-04-06,16,Gym Floor,60,Sunday,2025-04,Afternoon
CI009725,M0596,2025-07-02,18,Pilates,61,Wednesday,2025-07,Evening
CI009726,M0596,2025-05-07,9,Gym Floor,45,Wednesday,2025-05,Early Morning
CI009727,M0596,2025-06-18,17,Gym Floor,41,Wednesday,2025-06,Evening
CI009728,M0596,2025-03-25,9,Gym Floor,76,Tuesday,2025-03,Early Morning
CI009729,M0596,2025-05-04,19,Pilates,52,Sunday,2025-05,Evening
CI009730,M0596,2025-08-18,16,CrossFit,103,Monday,2025-08,Afternoon
CI009731,M0597,2025-03-08,12,Pilates,46,Saturday,2025-03,Morning
CI009732,M0598,2025-05-02,10,Spin,31,Friday,2025-05,Morning
CI009733,M0598,2025-06-06,17,HIIT,69,Friday,2025-06,Evening
CI009734,M0598,2025-05-14,10,Gym Floor,71,Wednesday,2025-05,Morning
CI009735,M0598,2025-07-18,7,Gym Floor,81,Friday,2025-07,Early Morning
CI009736,M0598,2025-06-29,17,Cardio,43,Sunday,2025-06,Evening
CI009737,M0598,2025-07-11,19,Zumba,51,Friday,2025-07,Evening
CI009738,M0598,2025-06-10,7,Cardio,47,Tuesday,2025-06,Early Morning
CI009739,M0598,2025-07-11,12,Strength Training,67,Friday,2025-07,Morning
CI009740,M0598,2025-07-01,6,Cardio,40,Tuesday,2025-07,Early Morning
CI009741,M0598,2025-07-10,18,Strength Training,62,Thursday,2025-07,Evening
CI009742,M0598,2025-08-11,6,Yoga,41,Monday,2025-08,Early Morning
CI009743,M0598,2025-03-30,8,Gym Floor,47,Sunday,2025-03,Early Morning
CI009744,M0599,2025-05-07,9,Strength Training,72,Wednesday,2025-05,Early Morning
CI009745,M0599,2025-08-27,17,Gym Floor,69,Wednesday,2025-08,Evening
CI009746,M0599,2025-04-22,6,CrossFit,78,Tuesday,2025-04,Early Morning
CI009747,M0599,2025-05-18,7,HIIT,51,Sunday,2025-05,Early Morning
CI009748,M0599,2025-08-12,7,Zumba,40,Tuesday,2025-08,Early Morning
CI009749,M0599,2025-05-26,19,Spin,59,Monday,2025-05,Evening
CI009750,M0599,2025-05-29,19,Pilates,46,Thursday,2025-05,Evening
CI009751,M0599,2025-07-08,20,HIIT,30,Tuesday,2025-07,Night
CI009752,M0599,2025-05-02,18,Gym Floor,49,Friday,2025-05,Evening
CI009753,M0599,2025-05-27,19,Pilates,51,Tuesday,2025-05,Evening
CI009754,M0599,2025-08-04,21,Gym Floor,68,Monday,2025-08,Night
CI009755,M0599,2025-05-25,7,Cardio,20,Sunday,2025-05,Early Morning
CI009756,M0599,2025-06-26,18,Cardio,52,Thursday,2025-06,Evening
CI009757,M0599,2025-04-06,18,Gym Floor,53,Sunday,2025-04,Evening
CI009758,M0599,2025-08-24,17,Gym Floor,33,Sunday,2025-08,Evening
CI009759,M0599,2025-03-03,7,Zumba,67,Monday,2025-03,Early Morning
CI009760,M0599,2025-07-09,11,Gym Floor,72,Wednesday,2025-07,Morning
CI009761,M0599,2025-04-08,17,Pilates,85,Tuesday,2025-04,Evening
CI009762,M0599,2025-06-21,7,Yoga,58,Saturday,2025-06,Early Morning
CI009763,M0599,2025-03-15,19,Gym Floor,45,Saturday,2025-03,Evening
CI009764,M0599,2025-08-11,19,Gym Floor,66,Monday,2025-08,Evening
CI009765,M0599,2025-05-08,17,Spin,46,Thursday,2025-05,Evening
CI009766,M0599,2025-05-06,11,Gym Floor,24,Tuesday,2025-05,Morning
CI009767,M0599,2025-03-25,16,Gym Floor,70,Tuesday,2025-03,Afternoon
CI009768,M0599,2025-07-11,20,Yoga,27,Friday,2025-07,Night
CI009769,M0599,2025-04-24,6,Cardio,75,Thursday,2025-04,Early Morning
CI009770,M0599,2025-07-27,7,Gym Floor,28,Sunday,2025-07,Early Morning
CI009771,M0599,2025-03-19,18,Gym Floor,75,Wednesday,2025-03,Evening
CI009772,M0599,2025-05-19,17,Gym Floor,69,Monday,2025-05,Evening
CI009773,M0599,2025-03-21,11,Yoga,90,Friday,2025-03,Morning
CI009774,M0599,2025-05-30,6,Strength Training,61,Friday,2025-05,Early Morning
CI009775,M0599,2025-05-31,18,Gym Floor,24,Saturday,2025-05,Evening
CI009776,M0599,2025-05-24,10,Strength Training,65,Saturday,2025-05,Morning
CI009777,M0599,2025-05-26,19,CrossFit,35,Monday,2025-05,Evening
CI009778,M0599,2025-08-22,8,CrossFit,56,Friday,2025-08,Early Morning
CI009779,M0599,2025-05-22,6,HIIT,45,Thursday,2025-05,Early Morning
CI009780,M0599,2025-03-13,16,Gym Floor,65,Thursday,2025-03,Afternoon
CI009781,M0599,2025-08-22,10,Strength Training,46,Friday,2025-08,Morning
CI009782,M0599,2025-06-04,18,Gym Floor,63,Wednesday,2025-06,Evening
CI009783,M0599,2025-04-25,10,Strength Training,67,Friday,2025-04,Morning
CI009784,M0599,2025-07-15,6,Yoga,50,Tuesday,2025-07,Early Morning
CI009785,M0599,2025-04-04,16,Gym Floor,53,Friday,2025-04,Afternoon
CI009786,M0599,2025-03-18,16,Gym Floor,35,Tuesday,2025-03,Afternoon
CI009787,M0599,2025-04-08,10,Yoga,51,Tuesday,2025-04,Morning
CI009788,M0599,2025-03-22,20,Gym Floor,46,Saturday,2025-03,Night
CI009789,M0599,2025-07-27,17,Gym Floor,73,Sunday,2025-07,Evening
CI009790,M0599,2025-08-20,7,CrossFit,65,Wednesday,2025-08,Early Morning
CI009791,M0600,2025-07-24,7,Gym Floor,77,Thursday,2025-07,Early Morning
CI009792,M0600,2025-04-05,16,Gym Floor,33,Saturday,2025-04,Afternoon
CI009793,M0600,2025-03-27,17,HIIT,47,Thursday,2025-03,Evening
CI009794,M0600,2025-05-04,9,Gym Floor,37,Sunday,2025-05,Early Morning
CI009795,M0600,2025-07-05,10,Gym Floor,26,Saturday,2025-07,Morning
CI009796,M0600,2025-06-16,17,Gym Floor,59,Monday,2025-06,Evening
CI009797,M0600,2025-08-31,21,Cardio,61,Sunday,2025-08,Night
CI009798,M0600,2025-05-07,7,Gym Floor,62,Wednesday,2025-05,Early Morning
CI009799,M0600,2025-05-16,8,Cardio,44,Friday,2025-05,Early Morning
CI009800,M0600,2025-05-11,7,Gym Floor,46,Sunday,2025-05,Early Morning
CI009801,M0600,2025-04-28,16,Gym Floor,73,Monday,2025-04,Afternoon
CI009802,M0600,2025-08-15,9,Gym Floor,33,Friday,2025-08,Early Morning
CI009803,M0600,2025-05-15,16,Yoga,77,Thursday,2025-05,Afternoon
CI009804,M0600,2025-06-19,18,Zumba,42,Thursday,2025-06,Evening
CI009805,M0600,2025-08-21,17,Yoga,74,Thursday,2025-08,Evening
CI009806,M0600,2025-04-24,19,Pilates,66,Thursday,2025-04,Evening
CI009807,M0600,2025-03-02,7,Cardio,91,Sunday,2025-03,Early Morning
CI009808,M0600,2025-04-27,7,Pilates,20,Sunday,2025-04,Early Morning
CI009809,M0600,2025-03-18,7,Gym Floor,47,Tuesday,2025-03,Early Morning
CI009810,M0600,2025-07-15,18,Gym Floor,75,Tuesday,2025-07,Evening
CI009811,M0600,2025-07-19,17,Gym Floor,81,Saturday,2025-07,Evening
CI009812,M0600,2025-03-24,8,Pilates,54,Monday,2025-03,Early Morning
CI009813,M0600,2025-05-23,19,CrossFit,24,Friday,2025-05,Evening
CI009814,M0600,2025-08-30,19,Cardio,74,Saturday,2025-08,Evening
CI009815,M0600,2025-08-27,17,Pilates,73,Wednesday,2025-08,Evening
CI009816,M0600,2025-05-29,16,Strength Training,67,Thursday,2025-05,Afternoon
CI009817,M0600,2025-07-13,20,Zumba,20,Sunday,2025-07,Night
CI009818,M0600,2025-05-31,17,Gym Floor,53,Saturday,2025-05,Evening
CI009819,M0600,2025-08-26,8,Gym Floor,20,Tuesday,2025-08,Early Morning
CI009820,M0600,2025-06-26,6,Spin,70,Thursday,2025-06,Early Morning
CI009821,M0600,2025-08-26,21,Gym Floor,60,Tuesday,2025-08,Night
CI009822,M0600,2025-03-17,21,Strength Training,88,Monday,2025-03,Night
CI009823,M0600,2025-06-25,7,Cardio,45,Wednesday,2025-06,Early Morning
CI009824,M0600,2025-06-19,21,Strength Training,40,Thursday,2025-06,Night
CI009825,M0600,2025-06-12,19,CrossFit,44,Thursday,2025-06,Evening
CI009826,M0600,2025-07-29,18,Gym Floor,58,Tuesday,2025-07,Evening
CI009827,M0600,2025-04-04,19,Cardio,71,Friday,2025-04,Evening
CI009828,M0600,2025-05-04,17,Pilates,51,Sunday,2025-05,Evening
CI009829,M0600,2025-04-29,11,Gym Floor,58,Tuesday,2025-04,Morning
CI009830,M0600,2025-04-23,7,Spin,67,Wednesday,2025-04,Early Morning
CI009831,M0600,2025-03-19,16,Zumba,45,Wednesday,2025-03,Afternoon
CI009832,M0600,2025-03-19,18,Pilates,20,Wednesday,2025-03,Evening
CI009833,M0600,2025-07-19,9,Gym Floor,66,Saturday,2025-07,Early Morning
CI009834,M0600,2025-04-16,11,Gym Floor,54,Wednesday,2025-04,Morning
CI009835,M0600,2025-04-27,16,CrossFit,40,Sunday,2025-04,Afternoon
CI009836,M0600,2025-08-19,7,Yoga,44,Tuesday,2025-08,Early Morning
CI009837,M0600,2025-03-16,16,Strength Training,73,Sunday,2025-03,Afternoon
CI009838,M0600,2025-06-23,6,Zumba,42,Monday,2025-06,Early Morning
CI009839,M0600,2025-08-14,18,Gym Floor,53,Thursday,2025-08,Evening
CI009840,M0601,2025-05-06,7,Zumba,60,Tuesday,2025-05,Early Morning
CI009841,M0601,2025-04-29,9,Gym Floor,48,Tuesday,2025-04,Early Morning
CI009842,M0601,2025-07-27,19,Pilates,49,Sunday,2025-07,Evening
CI009843,M0601,2025-07-08,18,Spin,20,Tuesday,2025-07,Evening
CI009844,M0601,2025-04-12,19,Gym Floor,48,Saturday,2025-04,Evening
CI009845,M0601,2025-05-17,10,HIIT,89,Saturday,2025-05,Morning
CI009846,M0601,2025-05-27,17,Spin,44,Tuesday,2025-05,Evening
CI009847,M0601,2025-05-29,18,Yoga,54,Thursday,2025-05,Evening
CI009848,M0601,2025-06-27,17,Strength Training,52,Friday,2025-06,Evening
CI009849,M0601,2025-07-15,20,Gym Floor,68,Tuesday,2025-07,Night
CI009850,M0601,2025-07-14,17,Strength Training,90,Monday,2025-07,Evening
CI009851,M0601,2025-07-22,7,Gym Floor,63,Tuesday,2025-07,Early Morning
CI009852,M0601,2025-06-18,19,Strength Training,67,Wednesday,2025-06,Evening
CI009853,M0601,2025-04-14,6,Gym Floor,49,Monday,2025-04,Early Morning
CI009854,M0601,2025-06-30,8,Zumba,30,Monday,2025-06,Early Morning
CI009855,M0601,2025-06-22,9,HIIT,50,Sunday,2025-06,Early Morning
CI009856,M0601,2025-06-08,20,Cardio,77,Sunday,2025-06,Night
CI009857,M0601,2025-07-01,7,Gym Floor,81,Tuesday,2025-07,Early Morning
CI009858,M0601,2025-05-16,16,Gym Floor,53,Friday,2025-05,Afternoon
CI009859,M0601,2025-03-19,19,CrossFit,75,Wednesday,2025-03,Evening
CI009860,M0601,2025-07-15,8,Gym Floor,60,Tuesday,2025-07,Early Morning
CI009861,M0602,2025-08-28,10,CrossFit,42,Thursday,2025-08,Morning
CI009862,M0602,2025-06-23,19,Gym Floor,45,Monday,2025-06,Evening
CI009863,M0602,2025-06-17,8,HIIT,66,Tuesday,2025-06,Early Morning
CI009864,M0602,2025-07-27,9,Pilates,66,Sunday,2025-07,Early Morning
CI009865,M0602,2025-03-24,19,Strength Training,28,Monday,2025-03,Evening
CI009866,M0602,2025-06-04,20,Zumba,98,Wednesday,2025-06,Night
CI009867,M0602,2025-08-18,10,Gym Floor,61,Monday,2025-08,Morning
CI009868,M0602,2025-06-16,10,Gym Floor,79,Monday,2025-06,Morning
CI009869,M0602,2025-04-03,6,Gym Floor,35,Thursday,2025-04,Early Morning
CI009870,M0602,2025-06-14,17,Gym Floor,55,Saturday,2025-06,Evening
CI009871,M0602,2025-06-15,21,Gym Floor,65,Sunday,2025-06,Night
CI009872,M0602,2025-04-10,16,Cardio,64,Thursday,2025-04,Afternoon
CI009873,M0602,2025-08-06,17,Cardio,40,Wednesday,2025-08,Evening
CI009874,M0602,2025-08-14,8,Gym Floor,81,Thursday,2025-08,Early Morning
CI009875,M0602,2025-03-28,7,Cardio,48,Friday,2025-03,Early Morning
CI009876,M0602,2025-07-24,18,Pilates,20,Thursday,2025-07,Evening
CI009877,M0602,2025-07-04,7,Pilates,46,Friday,2025-07,Early Morning
CI009878,M0602,2025-05-22,8,Zumba,46,Thursday,2025-05,Early Morning
CI009879,M0602,2025-03-03,6,CrossFit,32,Monday,2025-03,Early Morning
CI009880,M0602,2025-03-27,17,CrossFit,53,Thursday,2025-03,Evening
CI009881,M0603,2025-04-16,6,Pilates,51,Wednesday,2025-04,Early Morning
CI009882,M0603,2025-08-30,7,Gym Floor,77,Saturday,2025-08,Early Morning
CI009883,M0603,2025-04-10,19,Cardio,49,Thursday,2025-04,Evening
CI009884,M0603,2025-04-23,19,Zumba,69,Wednesday,2025-04,Evening
CI009885,M0603,2025-06-17,19,Yoga,58,Tuesday,2025-06,Evening
CI009886,M0603,2025-07-08,16,Cardio,41,Tuesday,2025-07,Afternoon
CI009887,M0603,2025-05-25,10,Zumba,78,Sunday,2025-05,Morning
CI009888,M0603,2025-07-27,18,Gym Floor,63,Sunday,2025-07,Evening
CI009889,M0603,2025-07-15,18,Strength Training,43,Tuesday,2025-07,Evening
CI009890,M0603,2025-07-22,6,Gym Floor,72,Tuesday,2025-07,Early Morning
CI009891,M0603,2025-03-27,18,Pilates,47,Thursday,2025-03,Evening
CI009892,M0603,2025-03-06,17,Gym Floor,31,Thursday,2025-03,Evening
CI009893,M0603,2025-08-24,11,Gym Floor,46,Sunday,2025-08,Morning
CI009894,M0603,2025-06-02,7,Pilates,53,Monday,2025-06,Early Morning
CI009895,M0603,2025-07-12,9,Gym Floor,69,Saturday,2025-07,Early Morning
CI009896,M0603,2025-08-15,11,Gym Floor,65,Friday,2025-08,Morning
CI009897,M0603,2025-05-29,7,Gym Floor,56,Thursday,2025-05,Early Morning
CI009898,M0603,2025-08-20,20,Pilates,74,Wednesday,2025-08,Night
CI009899,M0604,2025-07-01,6,Gym Floor,48,Tuesday,2025-07,Early Morning
CI009900,M0604,2025-04-19,17,Spin,57,Saturday,2025-04,Evening
CI009901,M0604,2025-04-11,16,Gym Floor,45,Friday,2025-04,Afternoon
CI009902,M0605,2025-06-05,10,Strength Training,28,Thursday,2025-06,Morning
CI009903,M0605,2025-03-23,19,Gym Floor,61,Sunday,2025-03,Evening
CI009904,M0605,2025-07-09,18,Strength Training,51,Wednesday,2025-07,Evening
CI009905,M0605,2025-08-24,16,Gym Floor,52,Sunday,2025-08,Afternoon
CI009906,M0605,2025-06-20,18,CrossFit,82,Friday,2025-06,Evening
CI009907,M0605,2025-03-08,6,Gym Floor,41,Saturday,2025-03,Early Morning
CI009908,M0605,2025-03-05,16,Zumba,67,Wednesday,2025-03,Afternoon
CI009909,M0605,2025-08-06,11,Gym Floor,50,Wednesday,2025-08,Morning
CI009910,M0605,2025-04-19,16,Pilates,41,Saturday,2025-04,Afternoon
CI009911,M0605,2025-08-22,16,Gym Floor,24,Friday,2025-08,Afternoon
CI009912,M0605,2025-07-16,7,Gym Floor,88,Wednesday,2025-07,Early Morning
CI009913,M0605,2025-06-02,18,Pilates,43,Monday,2025-06,Evening
CI009914,M0605,2025-08-11,7,HIIT,100,Monday,2025-08,Early Morning
CI009915,M0605,2025-04-03,18,Strength Training,45,Thursday,2025-04,Evening
CI009916,M0605,2025-06-06,18,HIIT,78,Friday,2025-06,Evening
CI009917,M0605,2025-07-06,17,Cardio,69,Sunday,2025-07,Evening
CI009918,M0605,2025-03-26,12,Gym Floor,87,Wednesday,2025-03,Morning
CI009919,M0605,2025-07-15,8,Gym Floor,68,Tuesday,2025-07,Early Morning
CI009920,M0605,2025-07-27,9,HIIT,58,Sunday,2025-07,Early Morning
CI009921,M0605,2025-04-06,8,Cardio,46,Sunday,2025-04,Early Morning
CI009922,M0605,2025-03-31,17,Gym Floor,41,Monday,2025-03,Evening
CI009923,M0605,2025-03-07,8,Zumba,38,Friday,2025-03,Early Morning
CI009924,M0605,2025-08-03,21,Yoga,56,Sunday,2025-08,Night
CI009925,M0605,2025-07-09,19,Pilates,26,Wednesday,2025-07,Evening
CI009926,M0605,2025-06-06,7,Gym Floor,61,Friday,2025-06,Early Morning
CI009927,M0605,2025-03-03,18,Gym Floor,55,Monday,2025-03,Evening
CI009928,M0605,2025-04-17,17,Gym Floor,60,Thursday,2025-04,Evening
CI009929,M0606,2025-08-27,10,Strength Training,55,Wednesday,2025-08,Morning
CI009930,M0606,2025-08-25,20,Pilates,35,Monday,2025-08,Night
CI009931,M0607,2025-07-23,7,Gym Floor,55,Wednesday,2025-07,Early Morning
CI009932,M0607,2025-05-10,19,Zumba,68,Saturday,2025-05,Evening
CI009933,M0607,2025-05-14,8,Cardio,61,Wednesday,2025-05,Early Morning
CI009934,M0607,2025-07-31,17,CrossFit,49,Thursday,2025-07,Evening
CI009935,M0607,2025-08-17,7,Gym Floor,83,Sunday,2025-08,Early Morning
CI009936,M0607,2025-07-01,20,Gym Floor,69,Tuesday,2025-07,Night
CI009937,M0607,2025-05-24,10,CrossFit,94,Saturday,2025-05,Morning
CI009938,M0607,2025-05-31,17,Cardio,20,Saturday,2025-05,Evening
CI009939,M0607,2025-07-14,10,Zumba,42,Monday,2025-07,Morning
CI009940,M0607,2025-07-31,8,Gym Floor,63,Thursday,2025-07,Early Morning
CI009941,M0607,2025-06-22,17,Zumba,62,Sunday,2025-06,Evening
CI009942,M0607,2025-05-22,10,Gym Floor,64,Thursday,2025-05,Morning
CI009943,M0607,2025-03-19,19,Cardio,60,Wednesday,2025-03,Evening
CI009944,M0607,2025-04-03,17,Strength Training,67,Thursday,2025-04,Evening
CI009945,M0607,2025-03-19,18,Gym Floor,52,Wednesday,2025-03,Evening
CI009946,M0607,2025-05-14,18,Spin,46,Wednesday,2025-05,Evening
CI009947,M0607,2025-03-14,16,Zumba,46,Friday,2025-03,Afternoon
CI009948,M0607,2025-04-19,17,CrossFit,64,Saturday,2025-04,Evening
CI009949,M0607,2025-06-03,18,Gym Floor,56,Tuesday,2025-06,Evening
CI009950,M0607,2025-06-08,19,Pilates,51,Sunday,2025-06,Evening
CI009951,M0607,2025-03-25,11,Gym Floor,54,Tuesday,2025-03,Morning
CI009952,M0607,2025-07-02,11,Gym Floor,37,Wednesday,2025-07,Morning
CI009953,M0607,2025-03-01,19,Strength Training,45,Saturday,2025-03,Evening
CI009954,M0607,2025-05-21,18,Yoga,61,Wednesday,2025-05,Evening
CI009955,M0607,2025-03-28,19,Pilates,50,Friday,2025-03,Evening
CI009956,M0607,2025-07-04,19,CrossFit,78,Friday,2025-07,Evening
CI009957,M0607,2025-03-31,7,Gym Floor,80,Monday,2025-03,Early Morning
CI009958,M0607,2025-08-26,8,Gym Floor,62,Tuesday,2025-08,Early Morning
CI009959,M0607,2025-08-08,17,Pilates,73,Friday,2025-08,Evening
CI009960,M0608,2025-03-06,7,Gym Floor,51,Thursday,2025-03,Early Morning
CI009961,M0608,2025-03-05,9,Spin,54,Wednesday,2025-03,Early Morning
CI009962,M0608,2025-08-17,18,Zumba,73,Sunday,2025-08,Evening
CI009963,M0608,2025-08-13,19,Spin,23,Wednesday,2025-08,Evening
CI009964,M0608,2025-07-16,18,HIIT,59,Wednesday,2025-07,Evening
CI009965,M0608,2025-04-26,18,Gym Floor,47,Saturday,2025-04,Evening
CI009966,M0608,2025-06-25,7,Gym Floor,42,Wednesday,2025-06,Early Morning
CI009967,M0608,2025-07-14,8,Spin,59,Monday,2025-07,Early Morning
CI009968,M0608,2025-08-02,16,Strength Training,22,Saturday,2025-08,Afternoon
CI009969,M0608,2025-05-27,7,Yoga,50,Tuesday,2025-05,Early Morning
CI009970,M0608,2025-04-02,8,CrossFit,45,Wednesday,2025-04,Early Morning
CI009971,M0608,2025-06-30,20,Yoga,86,Monday,2025-06,Night
CI009972,M0608,2025-03-17,6,Gym Floor,71,Monday,2025-03,Early Morning
CI009973,M0608,2025-07-09,19,HIIT,49,Wednesday,2025-07,Evening
CI009974,M0608,2025-03-24,16,Gym Floor,62,Monday,2025-03,Afternoon
CI009975,M0608,2025-06-09,11,Gym Floor,52,Monday,2025-06,Morning
CI009976,M0608,2025-05-14,17,Gym Floor,69,Wednesday,2025-05,Evening
CI009977,M0608,2025-08-06,20,Yoga,54,Wednesday,2025-08,Night
CI009978,M0608,2025-03-13,16,Gym Floor,78,Thursday,2025-03,Afternoon
CI009979,M0608,2025-08-24,7,Strength Training,50,Sunday,2025-08,Early Morning
CI009980,M0608,2025-04-23,17,CrossFit,58,Wednesday,2025-04,Evening
CI009981,M0608,2025-04-02,17,Pilates,46,Wednesday,2025-04,Evening
CI009982,M0608,2025-04-20,8,Gym Floor,85,Sunday,2025-04,Early Morning
CI009983,M0608,2025-04-15,9,Gym Floor,54,Tuesday,2025-04,Early Morning
CI009984,M0608,2025-03-14,21,Gym Floor,43,Friday,2025-03,Night
CI009985,M0608,2025-08-05,7,Yoga,60,Tuesday,2025-08,Early Morning
CI009986,M0608,2025-06-23,6,Gym Floor,68,Monday,2025-06,Early Morning
CI009987,M0608,2025-04-25,20,Pilates,40,Friday,2025-04,Night
CI009988,M0609,2025-03-17,20,Pilates,34,Monday,2025-03,Night
CI009989,M0609,2025-08-12,21,Strength Training,89,Tuesday,2025-08,Night
CI009990,M0609,2025-06-21,7,Gym Floor,44,Saturday,2025-06,Early Morning
CI009991,M0609,2025-06-28,21,Gym Floor,45,Saturday,2025-06,Night
CI009992,M0609,2025-04-29,6,Gym Floor,34,Tuesday,2025-04,Early Morning
CI009993,M0609,2025-05-14,17,Zumba,66,Wednesday,2025-05,Evening
CI009994,M0609,2025-04-22,19,Gym Floor,57,Tuesday,2025-04,Evening
CI009995,M0609,2025-05-11,17,Gym Floor,34,Sunday,2025-05,Evening
CI009996,M0609,2025-08-22,7,Gym Floor,73,Friday,2025-08,Early Morning
CI009997,M0610,2025-08-07,9,Gym Floor,78,Thursday,2025-08,Early Morning
CI009998,M0610,2025-07-12,16,Zumba,97,Saturday,2025-07,Afternoon
CI009999,M0610,2025-03-07,19,Yoga,55,Friday,2025-03,Evening
CI010000,M0610,2025-06-11,18,Pilates,73,Wednesday,2025-06,Evening
CI010001,M0610,2025-06-06,8,Spin,79,Friday,2025-06,Early Morning
CI010002,M0610,2025-04-01,6,Gym Floor,72,Tuesday,2025-04,Early Morning
CI010003,M0610,2025-04-22,12,Zumba,47,Tuesday,2025-04,Morning
CI010004,M0610,2025-03-07,17,Strength Training,79,Friday,2025-03,Evening
CI010005,M0610,2025-05-18,7,Gym Floor,44,Sunday,2025-05,Early Morning
CI010006,M0610,2025-06-15,19,Gym Floor,43,Sunday,2025-06,Evening
CI010007,M0611,2025-03-15,17,Gym Floor,37,Saturday,2025-03,Evening
CI010008,M0611,2025-06-25,19,Gym Floor,41,Wednesday,2025-06,Evening
CI010009,M0611,2025-08-21,12,Strength Training,42,Thursday,2025-08,Morning
CI010010,M0611,2025-06-03,9,Zumba,63,Tuesday,2025-06,Early Morning
CI010011,M0611,2025-08-28,18,Gym Floor,56,Thursday,2025-08,Evening
CI010012,M0611,2025-08-31,19,Zumba,42,Sunday,2025-08,Evening
CI010013,M0611,2025-04-10,6,Strength Training,68,Thursday,2025-04,Early Morning
CI010014,M0611,2025-06-15,7,Pilates,69,Sunday,2025-06,Early Morning
CI010015,M0611,2025-03-18,6,Strength Training,64,Tuesday,2025-03,Early Morning
CI010016,M0611,2025-05-20,11,Yoga,57,Tuesday,2025-05,Morning
CI010017,M0611,2025-08-06,19,Gym Floor,35,Wednesday,2025-08,Evening
CI010018,M0611,2025-05-03,17,Gym Floor,62,Saturday,2025-05,Evening
CI010019,M0611,2025-06-10,10,Gym Floor,65,Tuesday,2025-06,Morning
CI010020,M0611,2025-04-04,19,Pilates,73,Friday,2025-04,Evening
CI010021,M0612,2025-05-19,8,Gym Floor,48,Monday,2025-05,Early Morning
CI010022,M0612,2025-06-16,7,Pilates,29,Monday,2025-06,Early Morning
CI010023,M0612,2025-05-18,6,Gym Floor,43,Sunday,2025-05,Early Morning
CI010024,M0612,2025-08-14,19,Gym Floor,52,Thursday,2025-08,Evening
CI010025,M0613,2025-08-26,8,Gym Floor,76,Tuesday,2025-08,Early Morning
CI010026,M0613,2025-05-09,9,HIIT,33,Friday,2025-05,Early Morning
CI010027,M0613,2025-08-18,18,Gym Floor,27,Monday,2025-08,Evening
CI010028,M0613,2025-07-21,17,Gym Floor,59,Monday,2025-07,Evening
CI010029,M0613,2025-04-30,8,Gym Floor,52,Wednesday,2025-04,Early Morning
CI010030,M0613,2025-04-28,9,Gym Floor,84,Monday,2025-04,Early Morning
CI010031,M0613,2025-04-18,8,Strength Training,55,Friday,2025-04,Early Morning
CI010032,M0613,2025-06-22,8,Cardio,68,Sunday,2025-06,Early Morning
CI010033,M0613,2025-07-10,11,Gym Floor,47,Thursday,2025-07,Morning
CI010034,M0613,2025-03-11,17,Yoga,49,Tuesday,2025-03,Evening
CI010035,M0613,2025-05-21,20,Gym Floor,51,Wednesday,2025-05,Night
CI010036,M0613,2025-03-25,19,Gym Floor,73,Tuesday,2025-03,Evening
CI010037,M0613,2025-06-14,17,Gym Floor,62,Saturday,2025-06,Evening
CI010038,M0613,2025-07-30,19,Gym Floor,79,Wednesday,2025-07,Evening
CI010039,M0613,2025-07-19,19,Gym Floor,54,Saturday,2025-07,Evening
CI010040,M0613,2025-06-15,16,Gym Floor,60,Sunday,2025-06,Afternoon
CI010041,M0613,2025-07-09,19,Gym Floor,26,Wednesday,2025-07,Evening
CI010042,M0613,2025-05-19,8,Gym Floor,59,Monday,2025-05,Early Morning
CI010043,M0613,2025-05-30,19,Gym Floor,83,Friday,2025-05,Evening
CI010044,M0613,2025-06-10,17,Gym Floor,30,Tuesday,2025-06,Evening
CI010045,M0613,2025-05-19,18,Spin,49,Monday,2025-05,Evening
CI010046,M0613,2025-06-11,18,HIIT,54,Wednesday,2025-06,Evening
CI010047,M0613,2025-06-20,6,Gym Floor,36,Friday,2025-06,Early Morning
CI010048,M0613,2025-07-09,20,Gym Floor,26,Wednesday,2025-07,Night
CI010049,M0613,2025-03-28,7,Strength Training,68,Friday,2025-03,Early Morning
CI010050,M0614,2025-08-28,8,Gym Floor,62,Thursday,2025-08,Early Morning
CI010051,M0615,2025-08-01,21,CrossFit,72,Friday,2025-08,Night
CI010052,M0615,2025-03-07,20,Gym Floor,53,Friday,2025-03,Night
CI010053,M0615,2025-07-25,16,Gym Floor,72,Friday,2025-07,Afternoon
CI010054,M0615,2025-03-16,19,Zumba,61,Sunday,2025-03,Evening
CI010055,M0615,2025-03-10,7,HIIT,54,Monday,2025-03,Early Morning
CI010056,M0615,2025-06-16,11,Gym Floor,80,Monday,2025-06,Morning
CI010057,M0615,2025-03-29,18,Zumba,71,Saturday,2025-03,Evening
CI010058,M0615,2025-06-17,6,Gym Floor,31,Tuesday,2025-06,Early Morning
CI010059,M0616,2025-07-07,18,Gym Floor,39,Monday,2025-07,Evening
CI010060,M0616,2025-08-08,6,Zumba,57,Friday,2025-08,Early Morning
CI010061,M0616,2025-06-18,12,Cardio,85,Wednesday,2025-06,Morning
CI010062,M0616,2025-08-16,10,HIIT,50,Saturday,2025-08,Morning
CI010063,M0616,2025-07-06,19,Gym Floor,46,Sunday,2025-07,Evening
CI010064,M0616,2025-05-06,7,Spin,72,Tuesday,2025-05,Early Morning
CI010065,M0616,2025-08-07,18,Gym Floor,25,Thursday,2025-08,Evening
CI010066,M0616,2025-07-31,6,Gym Floor,44,Thursday,2025-07,Early Morning
CI010067,M0616,2025-05-12,18,Zumba,50,Monday,2025-05,Evening
CI010068,M0616,2025-04-25,7,Gym Floor,20,Friday,2025-04,Early Morning
CI010069,M0616,2025-04-13,12,HIIT,62,Sunday,2025-04,Morning
CI010070,M0616,2025-03-04,9,CrossFit,49,Tuesday,2025-03,Early Morning
CI010071,M0616,2025-04-23,8,CrossFit,69,Wednesday,2025-04,Early Morning
CI010072,M0616,2025-06-09,10,HIIT,47,Monday,2025-06,Morning
CI010073,M0616,2025-07-11,19,CrossFit,52,Friday,2025-07,Evening
CI010074,M0616,2025-04-29,17,Zumba,73,Tuesday,2025-04,Evening
CI010075,M0616,2025-07-30,9,Cardio,64,Wednesday,2025-07,Early Morning
CI010076,M0616,2025-07-29,17,Gym Floor,54,Tuesday,2025-07,Evening
CI010077,M0616,2025-04-30,6,Gym Floor,44,Wednesday,2025-04,Early Morning
CI010078,M0616,2025-08-13,18,Gym Floor,56,Wednesday,2025-08,Evening
CI010079,M0616,2025-03-10,12,Gym Floor,91,Monday,2025-03,Morning
CI010080,M0616,2025-07-29,17,Strength Training,45,Tuesday,2025-07,Evening
CI010081,M0616,2025-07-14,6,HIIT,75,Monday,2025-07,Early Morning
CI010082,M0616,2025-04-05,21,Gym Floor,56,Saturday,2025-04,Night
CI010083,M0616,2025-06-02,9,Pilates,77,Monday,2025-06,Early Morning
CI010084,M0616,2025-06-02,18,Zumba,49,Monday,2025-06,Evening
CI010085,M0616,2025-03-04,9,Gym Floor,80,Tuesday,2025-03,Early Morning
CI010086,M0616,2025-03-01,10,Gym Floor,75,Saturday,2025-03,Morning
CI010087,M0616,2025-06-27,17,Pilates,53,Friday,2025-06,Evening
CI010088,M0616,2025-07-18,18,Spin,26,Friday,2025-07,Evening
CI010089,M0616,2025-06-18,17,Gym Floor,39,Wednesday,2025-06,Evening
CI010090,M0616,2025-05-26,18,Gym Floor,36,Monday,2025-05,Evening
CI010091,M0616,2025-08-02,17,Gym Floor,20,Saturday,2025-08,Evening
CI010092,M0616,2025-04-18,17,Gym Floor,47,Friday,2025-04,Evening
CI010093,M0616,2025-08-08,8,Spin,60,Friday,2025-08,Early Morning
CI010094,M0616,2025-07-17,6,Gym Floor,85,Thursday,2025-07,Early Morning
CI010095,M0616,2025-05-29,21,Gym Floor,50,Thursday,2025-05,Night
CI010096,M0616,2025-03-12,7,Pilates,61,Wednesday,2025-03,Early Morning
CI010097,M0616,2025-03-30,16,Cardio,68,Sunday,2025-03,Afternoon
CI010098,M0616,2025-05-21,20,Zumba,39,Wednesday,2025-05,Night
CI010099,M0616,2025-06-13,19,Gym Floor,48,Friday,2025-06,Evening
CI010100,M0616,2025-03-04,9,Gym Floor,61,Tuesday,2025-03,Early Morning
CI010101,M0616,2025-08-18,17,Gym Floor,36,Monday,2025-08,Evening
CI010102,M0616,2025-04-02,7,Strength Training,50,Wednesday,2025-04,Early Morning
CI010103,M0616,2025-04-11,6,Gym Floor,39,Friday,2025-04,Early Morning
CI010104,M0617,2025-04-26,7,CrossFit,66,Saturday,2025-04,Early Morning
CI010105,M0617,2025-06-30,6,HIIT,32,Monday,2025-06,Early Morning
CI010106,M0617,2025-03-04,6,Gym Floor,79,Tuesday,2025-03,Early Morning
CI010107,M0617,2025-03-09,16,Cardio,65,Sunday,2025-03,Afternoon
CI010108,M0617,2025-06-25,16,Strength Training,64,Wednesday,2025-06,Afternoon
CI010109,M0617,2025-06-22,18,HIIT,41,Sunday,2025-06,Evening
CI010110,M0617,2025-04-22,8,Gym Floor,49,Tuesday,2025-04,Early Morning
CI010111,M0617,2025-04-22,10,Gym Floor,52,Tuesday,2025-04,Morning
CI010112,M0617,2025-08-01,6,Gym Floor,65,Friday,2025-08,Early Morning
CI010113,M0617,2025-05-19,8,Yoga,63,Monday,2025-05,Early Morning
CI010114,M0617,2025-03-24,6,Gym Floor,36,Monday,2025-03,Early Morning
CI010115,M0617,2025-07-02,19,Cardio,59,Wednesday,2025-07,Evening
CI010116,M0617,2025-03-29,8,Spin,74,Saturday,2025-03,Early Morning
CI010117,M0617,2025-04-05,18,Spin,20,Saturday,2025-04,Evening
CI010118,M0617,2025-03-28,7,Strength Training,64,Friday,2025-03,Early Morning
CI010119,M0617,2025-06-30,21,Gym Floor,45,Monday,2025-06,Night
CI010120,M0617,2025-08-06,6,CrossFit,34,Wednesday,2025-08,Early Morning
CI010121,M0617,2025-08-05,6,Pilates,76,Tuesday,2025-08,Early Morning
CI010122,M0617,2025-05-07,16,Strength Training,58,Wednesday,2025-05,Afternoon
CI010123,M0617,2025-05-14,21,Gym Floor,37,Wednesday,2025-05,Night
CI010124,M0617,2025-07-07,16,Spin,61,Monday,2025-07,Afternoon
CI010125,M0617,2025-07-29,6,HIIT,50,Tuesday,2025-07,Early Morning
CI010126,M0617,2025-06-01,18,HIIT,41,Sunday,2025-06,Evening
CI010127,M0617,2025-05-09,6,Gym Floor,47,Friday,2025-05,Early Morning
CI010128,M0617,2025-06-12,16,Spin,83,Thursday,2025-06,Afternoon
CI010129,M0617,2025-04-13,8,Gym Floor,79,Sunday,2025-04,Early Morning
CI010130,M0617,2025-06-22,10,Gym Floor,44,Sunday,2025-06,Morning
CI010131,M0617,2025-08-09,19,Gym Floor,22,Saturday,2025-08,Evening
CI010132,M0617,2025-04-15,17,Yoga,62,Tuesday,2025-04,Evening
CI010133,M0617,2025-07-31,17,Gym Floor,81,Thursday,2025-07,Evening
CI010134,M0617,2025-03-16,18,Gym Floor,61,Sunday,2025-03,Evening
CI010135,M0617,2025-03-12,17,Spin,54,Wednesday,2025-03,Evening
CI010136,M0617,2025-08-20,6,Gym Floor,20,Wednesday,2025-08,Early Morning
CI010137,M0617,2025-03-05,19,Spin,79,Wednesday,2025-03,Evening
CI010138,M0617,2025-04-27,10,Gym Floor,57,Sunday,2025-04,Morning
CI010139,M0617,2025-08-06,18,Cardio,37,Wednesday,2025-08,Evening
CI010140,M0617,2025-06-25,11,Gym Floor,73,Wednesday,2025-06,Morning
CI010141,M0617,2025-08-25,7,CrossFit,68,Monday,2025-08,Early Morning
CI010142,M0617,2025-06-11,18,Pilates,84,Wednesday,2025-06,Evening
CI010143,M0617,2025-05-09,8,CrossFit,52,Friday,2025-05,Early Morning
CI010144,M0617,2025-07-06,19,Gym Floor,60,Sunday,2025-07,Evening
CI010145,M0617,2025-06-09,8,Gym Floor,50,Monday,2025-06,Early Morning
CI010146,M0617,2025-07-31,19,Zumba,38,Thursday,2025-07,Evening
CI010147,M0617,2025-08-27,19,CrossFit,47,Wednesday,2025-08,Evening
CI010148,M0618,2025-07-23,9,Cardio,57,Wednesday,2025-07,Early Morning
CI010149,M0618,2025-08-09,18,Pilates,59,Saturday,2025-08,Evening
CI010150,M0618,2025-08-28,19,Zumba,45,Thursday,2025-08,Evening
CI010151,M0618,2025-04-02,10,Gym Floor,42,Wednesday,2025-04,Morning
CI010152,M0618,2025-08-19,20,Yoga,71,Tuesday,2025-08,Night
CI010153,M0618,2025-04-27,7,Gym Floor,62,Sunday,2025-04,Early Morning
CI010154,M0618,2025-07-02,12,Gym Floor,60,Wednesday,2025-07,Morning
CI010155,M0618,2025-06-17,7,Strength Training,54,Tuesday,2025-06,Early Morning
CI010156,M0618,2025-04-03,12,Zumba,27,Thursday,2025-04,Morning
CI010157,M0618,2025-08-11,8,Spin,67,Monday,2025-08,Early Morning
CI010158,M0618,2025-06-22,7,Strength Training,22,Sunday,2025-06,Early Morning
CI010159,M0618,2025-08-29,21,Zumba,33,Friday,2025-08,Night
CI010160,M0618,2025-03-21,17,Gym Floor,87,Friday,2025-03,Evening
CI010161,M0618,2025-08-11,7,HIIT,24,Monday,2025-08,Early Morning
CI010162,M0618,2025-03-24,18,HIIT,41,Monday,2025-03,Evening
CI010163,M0618,2025-05-22,7,CrossFit,63,Thursday,2025-05,Early Morning
CI010164,M0618,2025-03-16,18,Gym Floor,83,Sunday,2025-03,Evening
CI010165,M0618,2025-03-15,8,Gym Floor,82,Saturday,2025-03,Early Morning
CI010166,M0618,2025-05-28,9,Gym Floor,37,Wednesday,2025-05,Early Morning
CI010167,M0618,2025-04-03,7,Gym Floor,49,Thursday,2025-04,Early Morning
CI010168,M0618,2025-05-24,10,Gym Floor,20,Saturday,2025-05,Morning
CI010169,M0618,2025-07-31,18,Gym Floor,41,Thursday,2025-07,Evening
CI010170,M0618,2025-07-28,9,Gym Floor,35,Monday,2025-07,Early Morning
CI010171,M0618,2025-05-09,10,Yoga,37,Friday,2025-05,Morning
CI010172,M0618,2025-08-22,16,Gym Floor,51,Friday,2025-08,Afternoon
CI010173,M0618,2025-07-10,6,HIIT,66,Thursday,2025-07,Early Morning
CI010174,M0618,2025-08-20,8,Zumba,52,Wednesday,2025-08,Early Morning
CI010175,M0618,2025-08-08,8,Gym Floor,48,Friday,2025-08,Early Morning
CI010176,M0618,2025-05-25,18,Yoga,45,Sunday,2025-05,Evening
CI010177,M0618,2025-08-10,19,Gym Floor,68,Sunday,2025-08,Evening
CI010178,M0618,2025-04-14,17,Gym Floor,70,Monday,2025-04,Evening
CI010179,M0618,2025-08-28,21,Pilates,68,Thursday,2025-08,Night
CI010180,M0618,2025-05-05,19,Zumba,42,Monday,2025-05,Evening
CI010181,M0618,2025-07-17,11,Pilates,71,Thursday,2025-07,Morning
CI010182,M0618,2025-07-05,9,Gym Floor,43,Saturday,2025-07,Early Morning
CI010183,M0618,2025-07-09,9,Gym Floor,71,Wednesday,2025-07,Early Morning
CI010184,M0618,2025-03-20,18,Spin,69,Thursday,2025-03,Evening
CI010185,M0618,2025-03-09,9,Spin,29,Sunday,2025-03,Early Morning
CI010186,M0618,2025-04-11,6,Pilates,73,Friday,2025-04,Early Morning
CI010187,M0618,2025-03-21,20,Gym Floor,35,Friday,2025-03,Night
CI010188,M0618,2025-07-30,18,HIIT,39,Wednesday,2025-07,Evening
CI010189,M0618,2025-07-08,20,Pilates,64,Tuesday,2025-07,Night
CI010190,M0618,2025-06-20,18,Gym Floor,65,Friday,2025-06,Evening
CI010191,M0618,2025-05-16,21,Gym Floor,38,Friday,2025-05,Night
CI010192,M0619,2025-05-22,10,Gym Floor,20,Thursday,2025-05,Morning
CI010193,M0619,2025-05-15,19,Gym Floor,46,Thursday,2025-05,Evening
CI010194,M0619,2025-04-01,8,Gym Floor,59,Tuesday,2025-04,Early Morning
CI010195,M0619,2025-04-21,20,Yoga,66,Monday,2025-04,Night
CI010196,M0619,2025-08-22,20,Gym Floor,56,Friday,2025-08,Night
CI010197,M0619,2025-03-09,12,Spin,80,Sunday,2025-03,Morning
CI010198,M0620,2025-06-29,9,Gym Floor,20,Sunday,2025-06,Early Morning
CI010199,M0620,2025-08-28,18,CrossFit,57,Thursday,2025-08,Evening
CI010200,M0620,2025-07-27,7,Gym Floor,63,Sunday,2025-07,Early Morning
CI010201,M0620,2025-04-03,19,Yoga,47,Thursday,2025-04,Evening
CI010202,M0620,2025-07-05,19,HIIT,40,Saturday,2025-07,Evening
CI010203,M0620,2025-03-26,7,Cardio,41,Wednesday,2025-03,Early Morning
CI010204,M0620,2025-07-18,19,Strength Training,79,Friday,2025-07,Evening
CI010205,M0620,2025-05-15,7,Cardio,56,Thursday,2025-05,Early Morning
CI010206,M0620,2025-08-30,12,Strength Training,69,Saturday,2025-08,Morning
CI010207,M0620,2025-03-12,11,Pilates,84,Wednesday,2025-03,Morning
CI010208,M0620,2025-06-22,12,Gym Floor,53,Sunday,2025-06,Morning
CI010209,M0620,2025-08-15,6,Gym Floor,42,Friday,2025-08,Early Morning
CI010210,M0620,2025-06-05,11,Strength Training,55,Thursday,2025-06,Morning
CI010211,M0620,2025-08-03,18,Gym Floor,24,Sunday,2025-08,Evening
CI010212,M0620,2025-03-09,17,Gym Floor,32,Sunday,2025-03,Evening
CI010213,M0620,2025-05-20,18,Strength Training,46,Tuesday,2025-05,Evening
CI010214,M0620,2025-06-09,19,Gym Floor,66,Monday,2025-06,Evening
CI010215,M0620,2025-06-13,20,Cardio,58,Friday,2025-06,Night
CI010216,M0620,2025-08-25,19,Pilates,67,Monday,2025-08,Evening
CI010217,M0620,2025-07-21,6,Spin,48,Monday,2025-07,Early Morning
CI010218,M0620,2025-04-08,11,Strength Training,55,Tuesday,2025-04,Morning
CI010219,M0620,2025-08-30,7,Gym Floor,37,Saturday,2025-08,Early Morning
CI010220,M0620,2025-08-31,12,Strength Training,80,Sunday,2025-08,Morning
CI010221,M0620,2025-03-16,7,Yoga,47,Sunday,2025-03,Early Morning
CI010222,M0620,2025-06-14,7,Cardio,73,Saturday,2025-06,Early Morning
CI010223,M0620,2025-07-01,9,Zumba,53,Tuesday,2025-07,Early Morning
CI010224,M0620,2025-04-26,8,Gym Floor,73,Saturday,2025-04,Early Morning
CI010225,M0621,2025-05-26,6,Yoga,42,Monday,2025-05,Early Morning
CI010226,M0621,2025-06-02,7,Gym Floor,20,Monday,2025-06,Early Morning
CI010227,M0621,2025-03-02,7,Strength Training,83,Sunday,2025-03,Early Morning
CI010228,M0621,2025-04-26,9,CrossFit,73,Saturday,2025-04,Early Morning
CI010229,M0621,2025-03-06,10,Gym Floor,31,Thursday,2025-03,Morning
CI010230,M0621,2025-06-01,19,Gym Floor,28,Sunday,2025-06,Evening
CI010231,M0621,2025-07-31,20,Zumba,37,Thursday,2025-07,Night
CI010232,M0621,2025-04-07,16,Strength Training,37,Monday,2025-04,Afternoon
CI010233,M0621,2025-05-15,17,Gym Floor,71,Thursday,2025-05,Evening
CI010234,M0621,2025-05-04,17,Gym Floor,72,Sunday,2025-05,Evening
CI010235,M0621,2025-08-27,20,Gym Floor,66,Wednesday,2025-08,Night
CI010236,M0622,2025-08-06,7,Pilates,49,Wednesday,2025-08,Early Morning
CI010237,M0622,2025-06-12,17,CrossFit,76,Thursday,2025-06,Evening
CI010238,M0622,2025-06-18,12,Gym Floor,66,Wednesday,2025-06,Morning
CI010239,M0622,2025-07-05,9,Gym Floor,35,Saturday,2025-07,Early Morning
CI010240,M0623,2025-06-17,16,Spin,55,Tuesday,2025-06,Afternoon
CI010241,M0623,2025-03-04,6,Gym Floor,77,Tuesday,2025-03,Early Morning
CI010242,M0623,2025-04-05,20,Gym Floor,39,Saturday,2025-04,Night
CI010243,M0623,2025-05-07,8,Zumba,66,Wednesday,2025-05,Early Morning
CI010244,M0623,2025-04-24,19,Yoga,30,Thursday,2025-04,Evening
CI010245,M0623,2025-07-08,6,CrossFit,57,Tuesday,2025-07,Early Morning
CI010246,M0623,2025-06-13,7,Pilates,49,Friday,2025-06,Early Morning
CI010247,M0623,2025-03-08,18,Pilates,59,Saturday,2025-03,Evening
CI010248,M0623,2025-05-06,17,Spin,51,Tuesday,2025-05,Evening
CI010249,M0624,2025-06-08,16,Gym Floor,84,Sunday,2025-06,Afternoon
CI010250,M0624,2025-04-12,18,HIIT,59,Saturday,2025-04,Evening
CI010251,M0624,2025-08-06,21,CrossFit,63,Wednesday,2025-08,Night
CI010252,M0624,2025-05-16,17,CrossFit,62,Friday,2025-05,Evening
CI010253,M0624,2025-03-08,17,CrossFit,45,Saturday,2025-03,Evening
CI010254,M0624,2025-08-16,6,Gym Floor,69,Saturday,2025-08,Early Morning
CI010255,M0624,2025-04-06,6,Zumba,60,Sunday,2025-04,Early Morning
CI010256,M0624,2025-06-09,16,HIIT,74,Monday,2025-06,Afternoon
CI010257,M0624,2025-06-29,19,Gym Floor,81,Sunday,2025-06,Evening
CI010258,M0624,2025-04-19,19,Gym Floor,54,Saturday,2025-04,Evening
CI010259,M0625,2025-06-05,7,HIIT,57,Thursday,2025-06,Early Morning
CI010260,M0625,2025-06-21,6,Gym Floor,51,Saturday,2025-06,Early Morning
CI010261,M0625,2025-06-18,18,Gym Floor,70,Wednesday,2025-06,Evening
CI010262,M0625,2025-07-05,7,Gym Floor,30,Saturday,2025-07,Early Morning
CI010263,M0625,2025-08-19,16,Gym Floor,35,Tuesday,2025-08,Afternoon
CI010264,M0625,2025-04-04,7,Gym Floor,43,Friday,2025-04,Early Morning
CI010265,M0625,2025-08-04,19,Yoga,64,Monday,2025-08,Evening
CI010266,M0625,2025-04-22,10,Strength Training,57,Tuesday,2025-04,Morning
CI010267,M0625,2025-06-07,17,Gym Floor,55,Saturday,2025-06,Evening
CI010268,M0625,2025-07-20,18,Gym Floor,60,Sunday,2025-07,Evening
CI010269,M0625,2025-05-23,19,Strength Training,54,Friday,2025-05,Evening
CI010270,M0625,2025-06-09,8,Gym Floor,68,Monday,2025-06,Early Morning
CI010271,M0625,2025-03-15,21,Gym Floor,59,Saturday,2025-03,Night
CI010272,M0625,2025-06-03,18,Spin,50,Tuesday,2025-06,Evening
CI010273,M0625,2025-07-23,11,Cardio,27,Wednesday,2025-07,Morning
CI010274,M0625,2025-04-19,10,Gym Floor,87,Saturday,2025-04,Morning
CI010275,M0625,2025-08-07,18,HIIT,51,Thursday,2025-08,Evening
CI010276,M0625,2025-05-02,16,HIIT,70,Friday,2025-05,Afternoon
CI010277,M0625,2025-05-12,8,Cardio,65,Monday,2025-05,Early Morning
CI010278,M0625,2025-07-06,7,Gym Floor,48,Sunday,2025-07,Early Morning
CI010279,M0625,2025-04-27,18,Yoga,52,Sunday,2025-04,Evening
CI010280,M0625,2025-03-24,9,CrossFit,55,Monday,2025-03,Early Morning
CI010281,M0625,2025-07-05,18,Gym Floor,51,Saturday,2025-07,Evening
CI010282,M0625,2025-05-09,18,Yoga,69,Friday,2025-05,Evening
CI010283,M0625,2025-03-07,18,HIIT,77,Friday,2025-03,Evening
CI010284,M0625,2025-03-11,16,Spin,40,Tuesday,2025-03,Afternoon
CI010285,M0625,2025-08-27,9,Pilates,41,Wednesday,2025-08,Early Morning
CI010286,M0625,2025-04-30,17,Spin,99,Wednesday,2025-04,Evening
CI010287,M0625,2025-07-22,11,Spin,45,Tuesday,2025-07,Morning
CI010288,M0625,2025-05-19,8,HIIT,66,Monday,2025-05,Early Morning
CI010289,M0625,2025-07-24,12,Pilates,74,Thursday,2025-07,Morning
CI010290,M0625,2025-07-20,17,Gym Floor,41,Sunday,2025-07,Evening
CI010291,M0625,2025-08-11,9,Yoga,61,Monday,2025-08,Early Morning
CI010292,M0625,2025-05-04,6,Gym Floor,32,Sunday,2025-05,Early Morning
CI010293,M0625,2025-05-21,6,HIIT,65,Wednesday,2025-05,Early Morning
CI010294,M0625,2025-05-20,7,Yoga,50,Tuesday,2025-05,Early Morning
CI010295,M0625,2025-04-05,18,Gym Floor,82,Saturday,2025-04,Evening
CI010296,M0625,2025-08-17,7,Gym Floor,67,Sunday,2025-08,Early Morning
CI010297,M0626,2025-03-01,18,Spin,67,Saturday,2025-03,Evening
CI010298,M0626,2025-08-19,18,Gym Floor,61,Tuesday,2025-08,Evening
CI010299,M0627,2025-06-03,17,HIIT,50,Tuesday,2025-06,Evening
CI010300,M0627,2025-05-23,18,Cardio,56,Friday,2025-05,Evening
CI010301,M0627,2025-07-27,10,Gym Floor,55,Sunday,2025-07,Morning
CI010302,M0627,2025-03-31,11,Yoga,84,Monday,2025-03,Morning
CI010303,M0627,2025-06-23,7,CrossFit,77,Monday,2025-06,Early Morning
CI010304,M0627,2025-03-08,6,HIIT,25,Saturday,2025-03,Early Morning
CI010305,M0627,2025-08-17,8,Gym Floor,35,Sunday,2025-08,Early Morning
CI010306,M0627,2025-04-02,18,Gym Floor,55,Wednesday,2025-04,Evening
CI010307,M0628,2025-05-23,9,Yoga,54,Friday,2025-05,Early Morning
CI010308,M0628,2025-05-22,10,HIIT,30,Thursday,2025-05,Morning
CI010309,M0628,2025-08-12,6,Strength Training,67,Tuesday,2025-08,Early Morning
CI010310,M0628,2025-03-12,11,Gym Floor,51,Wednesday,2025-03,Morning
CI010311,M0628,2025-04-12,12,Gym Floor,69,Saturday,2025-04,Morning
CI010312,M0628,2025-04-21,7,CrossFit,32,Monday,2025-04,Early Morning
CI010313,M0628,2025-08-27,17,Gym Floor,43,Wednesday,2025-08,Evening
CI010314,M0628,2025-08-05,8,HIIT,54,Tuesday,2025-08,Early Morning
CI010315,M0628,2025-08-27,9,Gym Floor,38,Wednesday,2025-08,Early Morning
CI010316,M0628,2025-08-02,9,CrossFit,58,Saturday,2025-08,Early Morning
CI010317,M0628,2025-05-06,9,Cardio,65,Tuesday,2025-05,Early Morning
CI010318,M0628,2025-04-02,17,Gym Floor,72,Wednesday,2025-04,Evening
CI010319,M0628,2025-04-23,7,Cardio,54,Wednesday,2025-04,Early Morning
CI010320,M0628,2025-05-12,17,Yoga,58,Monday,2025-05,Evening
CI010321,M0628,2025-07-29,19,Gym Floor,78,Tuesday,2025-07,Evening
CI010322,M0628,2025-04-22,6,Gym Floor,60,Tuesday,2025-04,Early Morning
CI010323,M0628,2025-07-08,18,Gym Floor,64,Tuesday,2025-07,Evening
CI010324,M0628,2025-07-13,17,Gym Floor,56,Sunday,2025-07,Evening
CI010325,M0628,2025-04-10,17,Yoga,66,Thursday,2025-04,Evening
CI010326,M0628,2025-08-18,11,Gym Floor,51,Monday,2025-08,Morning
CI010327,M0628,2025-08-12,17,Spin,56,Tuesday,2025-08,Evening
CI010328,M0628,2025-04-24,6,Gym Floor,54,Thursday,2025-04,Early Morning
CI010329,M0629,2025-04-23,19,Strength Training,61,Wednesday,2025-04,Evening
CI010330,M0629,2025-07-18,18,Strength Training,26,Friday,2025-07,Evening
CI010331,M0629,2025-05-27,7,Yoga,38,Tuesday,2025-05,Early Morning
CI010332,M0629,2025-03-06,18,HIIT,36,Thursday,2025-03,Evening
CI010333,M0629,2025-08-28,9,Gym Floor,48,Thursday,2025-08,Early Morning
CI010334,M0629,2025-03-21,7,Gym Floor,65,Friday,2025-03,Early Morning
CI010335,M0629,2025-05-10,16,Zumba,49,Saturday,2025-05,Afternoon
CI010336,M0629,2025-08-27,17,Gym Floor,35,Wednesday,2025-08,Evening
CI010337,M0629,2025-08-14,18,Gym Floor,54,Thursday,2025-08,Evening
CI010338,M0629,2025-07-19,8,Gym Floor,23,Saturday,2025-07,Early Morning
CI010339,M0629,2025-03-17,8,Gym Floor,49,Monday,2025-03,Early Morning
CI010340,M0629,2025-05-31,7,Gym Floor,76,Saturday,2025-05,Early Morning
CI010341,M0629,2025-04-19,17,Yoga,89,Saturday,2025-04,Evening
CI010342,M0629,2025-06-07,17,CrossFit,60,Saturday,2025-06,Evening
CI010343,M0629,2025-07-27,18,Gym Floor,25,Sunday,2025-07,Evening
CI010344,M0629,2025-04-06,12,HIIT,57,Sunday,2025-04,Morning
CI010345,M0629,2025-08-18,18,Gym Floor,55,Monday,2025-08,Evening
CI010346,M0629,2025-08-06,18,Spin,71,Wednesday,2025-08,Evening
CI010347,M0629,2025-04-07,7,Gym Floor,43,Monday,2025-04,Early Morning
CI010348,M0629,2025-06-10,6,CrossFit,61,Tuesday,2025-06,Early Morning
CI010349,M0629,2025-08-05,19,Yoga,36,Tuesday,2025-08,Evening
CI010350,M0629,2025-08-29,6,Cardio,54,Friday,2025-08,Early Morning
CI010351,M0629,2025-06-22,20,Cardio,49,Sunday,2025-06,Night
CI010352,M0629,2025-06-05,8,HIIT,72,Thursday,2025-06,Early Morning
CI010353,M0629,2025-05-18,19,Pilates,54,Sunday,2025-05,Evening
CI010354,M0629,2025-04-09,10,Cardio,97,Wednesday,2025-04,Morning
CI010355,M0629,2025-03-28,11,HIIT,60,Friday,2025-03,Morning
CI010356,M0629,2025-03-24,18,Pilates,68,Monday,2025-03,Evening
CI010357,M0629,2025-08-19,11,Gym Floor,81,Tuesday,2025-08,Morning
CI010358,M0629,2025-08-18,10,Gym Floor,38,Monday,2025-08,Morning
CI010359,M0629,2025-03-28,7,HIIT,43,Friday,2025-03,Early Morning
CI010360,M0629,2025-08-16,16,HIIT,29,Saturday,2025-08,Afternoon
CI010361,M0629,2025-08-29,19,Strength Training,37,Friday,2025-08,Evening
CI010362,M0629,2025-04-03,9,Gym Floor,42,Thursday,2025-04,Early Morning
CI010363,M0629,2025-06-21,20,Yoga,44,Saturday,2025-06,Night
CI010364,M0629,2025-06-15,12,Gym Floor,53,Sunday,2025-06,Morning
CI010365,M0629,2025-07-20,8,Pilates,69,Sunday,2025-07,Early Morning
CI010366,M0629,2025-04-16,9,Gym Floor,78,Wednesday,2025-04,Early Morning
CI010367,M0629,2025-08-27,12,Pilates,54,Wednesday,2025-08,Morning
CI010368,M0629,2025-05-11,6,Gym Floor,102,Sunday,2025-05,Early Morning
CI010369,M0629,2025-07-18,11,Gym Floor,61,Friday,2025-07,Morning
CI010370,M0629,2025-03-05,18,Strength Training,44,Wednesday,2025-03,Evening
CI010371,M0629,2025-03-23,6,Zumba,72,Sunday,2025-03,Early Morning
CI010372,M0629,2025-07-08,12,HIIT,52,Tuesday,2025-07,Morning
CI010373,M0630,2025-05-20,18,HIIT,21,Tuesday,2025-05,Evening
CI010374,M0630,2025-06-20,10,Gym Floor,53,Friday,2025-06,Morning
CI010375,M0632,2025-03-20,18,Strength Training,47,Thursday,2025-03,Evening
CI010376,M0632,2025-06-06,8,Pilates,61,Friday,2025-06,Early Morning
CI010377,M0632,2025-04-12,18,Gym Floor,38,Saturday,2025-04,Evening
CI010378,M0632,2025-05-16,19,Pilates,79,Friday,2025-05,Evening
CI010379,M0632,2025-08-08,12,Gym Floor,75,Friday,2025-08,Morning
CI010380,M0632,2025-03-01,17,Gym Floor,58,Saturday,2025-03,Evening
CI010381,M0632,2025-08-03,8,Pilates,65,Sunday,2025-08,Early Morning
CI010382,M0632,2025-06-24,12,Gym Floor,66,Tuesday,2025-06,Morning
CI010383,M0632,2025-07-28,11,HIIT,21,Monday,2025-07,Morning
CI010384,M0632,2025-03-02,10,Gym Floor,55,Sunday,2025-03,Morning
CI010385,M0632,2025-03-08,8,CrossFit,85,Saturday,2025-03,Early Morning
CI010386,M0632,2025-06-14,10,Pilates,56,Saturday,2025-06,Morning
CI010387,M0632,2025-05-04,18,HIIT,58,Sunday,2025-05,Evening
CI010388,M0632,2025-08-16,20,Gym Floor,53,Saturday,2025-08,Night
CI010389,M0632,2025-06-21,19,Gym Floor,57,Saturday,2025-06,Evening
CI010390,M0632,2025-07-14,8,Yoga,27,Monday,2025-07,Early Morning
CI010391,M0632,2025-03-21,19,Yoga,58,Friday,2025-03,Evening
CI010392,M0632,2025-05-21,7,Spin,63,Wednesday,2025-05,Early Morning
CI010393,M0632,2025-06-17,7,Gym Floor,72,Tuesday,2025-06,Early Morning
CI010394,M0632,2025-05-09,17,Gym Floor,51,Friday,2025-05,Evening
CI010395,M0632,2025-07-16,19,Yoga,58,Wednesday,2025-07,Evening
CI010396,M0633,2025-06-05,6,Gym Floor,44,Thursday,2025-06,Early Morning
CI010397,M0633,2025-03-05,7,Gym Floor,30,Wednesday,2025-03,Early Morning
CI010398,M0633,2025-07-24,9,HIIT,36,Thursday,2025-07,Early Morning
CI010399,M0633,2025-03-27,8,Gym Floor,55,Thursday,2025-03,Early Morning
CI010400,M0633,2025-06-07,17,Yoga,47,Saturday,2025-06,Evening
CI010401,M0633,2025-03-04,17,Cardio,69,Tuesday,2025-03,Evening
CI010402,M0633,2025-06-08,6,CrossFit,48,Sunday,2025-06,Early Morning
CI010403,M0633,2025-03-10,6,Gym Floor,57,Monday,2025-03,Early Morning
CI010404,M0633,2025-05-18,19,HIIT,99,Sunday,2025-05,Evening
CI010405,M0633,2025-03-08,10,Gym Floor,49,Saturday,2025-03,Morning
CI010406,M0633,2025-08-18,21,Gym Floor,83,Monday,2025-08,Night
CI010407,M0633,2025-05-23,7,Gym Floor,70,Friday,2025-05,Early Morning
CI010408,M0633,2025-05-27,8,Yoga,20,Tuesday,2025-05,Early Morning
CI010409,M0633,2025-06-22,9,Gym Floor,67,Sunday,2025-06,Early Morning
CI010410,M0633,2025-05-04,11,Gym Floor,50,Sunday,2025-05,Morning
CI010411,M0633,2025-04-04,18,Gym Floor,63,Friday,2025-04,Evening
CI010412,M0634,2025-04-29,18,Gym Floor,39,Tuesday,2025-04,Evening
CI010413,M0634,2025-08-30,18,CrossFit,46,Saturday,2025-08,Evening
CI010414,M0635,2025-08-27,18,Gym Floor,54,Wednesday,2025-08,Evening
CI010415,M0635,2025-07-15,6,Strength Training,71,Tuesday,2025-07,Early Morning
CI010416,M0635,2025-07-21,7,Gym Floor,20,Monday,2025-07,Early Morning
CI010417,M0635,2025-08-24,19,Spin,58,Sunday,2025-08,Evening
CI010418,M0635,2025-04-01,8,Gym Floor,75,Tuesday,2025-04,Early Morning
CI010419,M0635,2025-04-22,7,Pilates,40,Tuesday,2025-04,Early Morning
CI010420,M0635,2025-06-09,18,Zumba,77,Monday,2025-06,Evening
CI010421,M0635,2025-04-26,8,HIIT,70,Saturday,2025-04,Early Morning
CI010422,M0635,2025-03-03,17,Gym Floor,20,Monday,2025-03,Evening
CI010423,M0635,2025-05-06,17,Gym Floor,41,Tuesday,2025-05,Evening
CI010424,M0635,2025-05-15,17,Gym Floor,69,Thursday,2025-05,Evening
CI010425,M0635,2025-04-25,8,Gym Floor,89,Friday,2025-04,Early Morning
CI010426,M0635,2025-03-05,12,Gym Floor,57,Wednesday,2025-03,Morning
CI010427,M0635,2025-08-23,11,Gym Floor,22,Saturday,2025-08,Morning
CI010428,M0635,2025-04-30,9,Yoga,71,Wednesday,2025-04,Early Morning
CI010429,M0635,2025-03-08,7,Yoga,81,Saturday,2025-03,Early Morning
CI010430,M0635,2025-06-29,17,HIIT,69,Sunday,2025-06,Evening
CI010431,M0635,2025-06-15,6,Gym Floor,56,Sunday,2025-06,Early Morning
CI010432,M0635,2025-05-05,7,Spin,41,Monday,2025-05,Early Morning
CI010433,M0636,2025-04-18,8,Gym Floor,37,Friday,2025-04,Early Morning
CI010434,M0636,2025-04-26,8,Spin,67,Saturday,2025-04,Early Morning
CI010435,M0636,2025-08-28,21,Gym Floor,49,Thursday,2025-08,Night
CI010436,M0636,2025-03-25,17,Spin,47,Tuesday,2025-03,Evening
CI010437,M0636,2025-03-02,18,Gym Floor,38,Sunday,2025-03,Evening
CI010438,M0636,2025-06-02,16,Gym Floor,34,Monday,2025-06,Afternoon
CI010439,M0636,2025-06-10,19,Cardio,60,Tuesday,2025-06,Evening
CI010440,M0636,2025-04-13,10,Gym Floor,52,Sunday,2025-04,Morning
CI010441,M0636,2025-07-18,10,Gym Floor,75,Friday,2025-07,Morning
CI010442,M0636,2025-03-06,18,Gym Floor,62,Thursday,2025-03,Evening
CI010443,M0636,2025-04-14,10,Gym Floor,48,Monday,2025-04,Morning
CI010444,M0636,2025-03-01,6,Gym Floor,35,Saturday,2025-03,Early Morning
CI010445,M0636,2025-05-13,10,CrossFit,40,Tuesday,2025-05,Morning
CI010446,M0636,2025-08-12,20,Gym Floor,72,Tuesday,2025-08,Night
CI010447,M0636,2025-08-15,9,Cardio,50,Friday,2025-08,Early Morning
CI010448,M0636,2025-05-30,19,Gym Floor,52,Friday,2025-05,Evening
CI010449,M0636,2025-03-22,9,Gym Floor,30,Saturday,2025-03,Early Morning
CI010450,M0636,2025-04-21,6,Gym Floor,53,Monday,2025-04,Early Morning
CI010451,M0636,2025-06-01,18,Strength Training,37,Sunday,2025-06,Evening
CI010452,M0636,2025-08-26,9,Pilates,54,Tuesday,2025-08,Early Morning
CI010453,M0636,2025-05-21,10,Gym Floor,61,Wednesday,2025-05,Morning
CI010454,M0636,2025-06-08,18,Gym Floor,43,Sunday,2025-06,Evening
CI010455,M0636,2025-07-22,17,Gym Floor,43,Tuesday,2025-07,Evening
CI010456,M0636,2025-06-22,10,Gym Floor,20,Sunday,2025-06,Morning
CI010457,M0636,2025-04-23,18,Pilates,73,Wednesday,2025-04,Evening
CI010458,M0636,2025-04-26,10,HIIT,23,Saturday,2025-04,Morning
CI010459,M0636,2025-07-08,19,HIIT,61,Tuesday,2025-07,Evening
CI010460,M0636,2025-03-12,18,Zumba,62,Wednesday,2025-03,Evening
CI010461,M0636,2025-06-25,18,Strength Training,50,Wednesday,2025-06,Evening
CI010462,M0636,2025-08-22,6,Gym Floor,66,Friday,2025-08,Early Morning
CI010463,M0636,2025-07-03,9,Gym Floor,79,Thursday,2025-07,Early Morning
CI010464,M0636,2025-04-24,19,Gym Floor,48,Thursday,2025-04,Evening
CI010465,M0637,2025-06-23,8,Strength Training,57,Monday,2025-06,Early Morning
CI010466,M0637,2025-03-26,8,CrossFit,20,Wednesday,2025-03,Early Morning
CI010467,M0637,2025-08-29,17,CrossFit,40,Friday,2025-08,Evening
CI010468,M0637,2025-07-19,16,Yoga,70,Saturday,2025-07,Afternoon
CI010469,M0637,2025-05-23,21,CrossFit,40,Friday,2025-05,Night
CI010470,M0637,2025-06-04,19,Pilates,50,Wednesday,2025-06,Evening
CI010471,M0637,2025-03-11,8,Gym Floor,92,Tuesday,2025-03,Early Morning
CI010472,M0637,2025-08-24,20,CrossFit,47,Sunday,2025-08,Night
CI010473,M0637,2025-08-01,18,HIIT,72,Friday,2025-08,Evening
CI010474,M0637,2025-03-26,8,CrossFit,71,Wednesday,2025-03,Early Morning
CI010475,M0637,2025-06-08,16,Gym Floor,86,Sunday,2025-06,Afternoon
CI010476,M0638,2025-04-02,10,Gym Floor,26,Wednesday,2025-04,Morning
CI010477,M0638,2025-03-16,19,Gym Floor,97,Sunday,2025-03,Evening
CI010478,M0638,2025-03-17,21,Gym Floor,44,Monday,2025-03,Night
CI010479,M0638,2025-03-17,9,Cardio,50,Monday,2025-03,Early Morning
CI010480,M0638,2025-06-09,10,Zumba,52,Monday,2025-06,Morning
CI010481,M0638,2025-03-16,18,Gym Floor,45,Sunday,2025-03,Evening
CI010482,M0638,2025-04-04,6,CrossFit,48,Friday,2025-04,Early Morning
CI010483,M0638,2025-07-31,9,Gym Floor,72,Thursday,2025-07,Early Morning
CI010484,M0638,2025-06-05,17,Gym Floor,56,Thursday,2025-06,Evening
CI010485,M0638,2025-06-08,8,Spin,42,Sunday,2025-06,Early Morning
CI010486,M0638,2025-05-28,19,Strength Training,41,Wednesday,2025-05,Evening
CI010487,M0638,2025-07-27,7,CrossFit,42,Sunday,2025-07,Early Morning
CI010488,M0639,2025-04-01,18,Gym Floor,26,Tuesday,2025-04,Evening
CI010489,M0639,2025-08-16,17,Zumba,48,Saturday,2025-08,Evening
CI010490,M0639,2025-04-11,7,Gym Floor,72,Friday,2025-04,Early Morning
CI010491,M0639,2025-08-15,10,Pilates,58,Friday,2025-08,Morning
CI010492,M0639,2025-05-08,9,Zumba,32,Thursday,2025-05,Early Morning
CI010493,M0640,2025-07-06,19,CrossFit,53,Sunday,2025-07,Evening
CI010494,M0640,2025-07-18,7,HIIT,52,Friday,2025-07,Early Morning
CI010495,M0640,2025-08-23,8,Spin,55,Saturday,2025-08,Early Morning
CI010496,M0640,2025-08-06,19,Pilates,82,Wednesday,2025-08,Evening
CI010497,M0640,2025-08-12,16,Zumba,81,Tuesday,2025-08,Afternoon
CI010498,M0640,2025-07-30,17,Yoga,74,Wednesday,2025-07,Evening
CI010499,M0640,2025-03-19,21,Zumba,39,Wednesday,2025-03,Night
CI010500,M0640,2025-03-18,18,Strength Training,77,Tuesday,2025-03,Evening
CI010501,M0640,2025-03-16,19,Gym Floor,79,Sunday,2025-03,Evening
CI010502,M0640,2025-04-26,18,Gym Floor,22,Saturday,2025-04,Evening
CI010503,M0640,2025-04-20,19,Gym Floor,85,Sunday,2025-04,Evening
CI010504,M0640,2025-08-25,18,HIIT,40,Monday,2025-08,Evening
CI010505,M0640,2025-05-19,17,Gym Floor,82,Monday,2025-05,Evening
CI010506,M0640,2025-06-03,18,Gym Floor,35,Tuesday,2025-06,Evening
CI010507,M0640,2025-03-24,6,Yoga,62,Monday,2025-03,Early Morning
CI010508,M0640,2025-06-02,17,Spin,32,Monday,2025-06,Evening
CI010509,M0640,2025-06-22,7,Pilates,42,Sunday,2025-06,Early Morning
CI010510,M0640,2025-03-08,7,Pilates,56,Saturday,2025-03,Early Morning
CI010511,M0640,2025-06-01,7,Zumba,31,Sunday,2025-06,Early Morning
CI010512,M0640,2025-06-12,18,Gym Floor,51,Thursday,2025-06,Evening
CI010513,M0640,2025-08-02,8,HIIT,20,Saturday,2025-08,Early Morning
CI010514,M0640,2025-04-27,18,Gym Floor,65,Sunday,2025-04,Evening
CI010515,M0640,2025-04-19,17,Gym Floor,57,Saturday,2025-04,Evening
CI010516,M0640,2025-06-04,8,Yoga,20,Wednesday,2025-06,Early Morning
CI010517,M0640,2025-07-27,18,Zumba,51,Sunday,2025-07,Evening
CI010518,M0640,2025-03-11,8,Strength Training,36,Tuesday,2025-03,Early Morning
CI010519,M0640,2025-08-12,19,Cardio,60,Tuesday,2025-08,Evening
CI010520,M0640,2025-07-20,16,Spin,42,Sunday,2025-07,Afternoon
CI010521,M0640,2025-05-25,6,Gym Floor,65,Sunday,2025-05,Early Morning
CI010522,M0640,2025-06-21,9,HIIT,51,Saturday,2025-06,Early Morning
CI010523,M0640,2025-05-10,11,Yoga,57,Saturday,2025-05,Morning
CI010524,M0640,2025-08-31,17,Pilates,64,Sunday,2025-08,Evening
CI010525,M0640,2025-06-22,18,Gym Floor,62,Sunday,2025-06,Evening
CI010526,M0640,2025-07-04,17,Pilates,24,Friday,2025-07,Evening
CI010527,M0640,2025-06-21,10,Spin,46,Saturday,2025-06,Morning
CI010528,M0640,2025-04-09,12,Gym Floor,54,Wednesday,2025-04,Morning
CI010529,M0640,2025-05-07,8,HIIT,52,Wednesday,2025-05,Early Morning
CI010530,M0640,2025-08-31,17,Cardio,77,Sunday,2025-08,Evening
CI010531,M0640,2025-08-31,16,Gym Floor,56,Sunday,2025-08,Afternoon
CI010532,M0641,2025-06-15,20,Gym Floor,45,Sunday,2025-06,Night
CI010533,M0641,2025-08-03,17,Zumba,68,Sunday,2025-08,Evening
CI010534,M0641,2025-05-11,16,Strength Training,72,Sunday,2025-05,Afternoon
CI010535,M0641,2025-05-17,16,Gym Floor,79,Saturday,2025-05,Afternoon
CI010536,M0641,2025-04-19,7,Zumba,39,Saturday,2025-04,Early Morning
CI010537,M0641,2025-03-07,7,CrossFit,49,Friday,2025-03,Early Morning
CI010538,M0641,2025-03-28,18,Pilates,52,Friday,2025-03,Evening
CI010539,M0641,2025-05-17,11,CrossFit,61,Saturday,2025-05,Morning
CI010540,M0641,2025-05-22,8,Gym Floor,31,Thursday,2025-05,Early Morning
CI010541,M0641,2025-05-26,18,HIIT,20,Monday,2025-05,Evening
CI010542,M0641,2025-06-16,18,Gym Floor,45,Monday,2025-06,Evening
CI010543,M0642,2025-05-18,20,HIIT,36,Sunday,2025-05,Night
CI010544,M0642,2025-05-06,7,Gym Floor,70,Tuesday,2025-05,Early Morning
CI010545,M0642,2025-07-07,8,Gym Floor,41,Monday,2025-07,Early Morning
CI010546,M0642,2025-04-20,17,CrossFit,86,Sunday,2025-04,Evening
CI010547,M0642,2025-03-08,7,Yoga,51,Saturday,2025-03,Early Morning
CI010548,M0642,2025-05-10,9,Pilates,59,Saturday,2025-05,Early Morning
CI010549,M0642,2025-06-17,12,Strength Training,24,Tuesday,2025-06,Morning
CI010550,M0642,2025-08-10,21,Gym Floor,36,Sunday,2025-08,Night
CI010551,M0642,2025-07-16,10,Gym Floor,64,Wednesday,2025-07,Morning
CI010552,M0642,2025-03-08,17,Spin,97,Saturday,2025-03,Evening
CI010553,M0642,2025-08-08,16,Cardio,28,Friday,2025-08,Afternoon
CI010554,M0642,2025-08-25,17,Pilates,63,Monday,2025-08,Evening
CI010555,M0642,2025-08-03,18,Zumba,75,Sunday,2025-08,Evening
CI010556,M0643,2025-06-08,16,Yoga,56,Sunday,2025-06,Afternoon
CI010557,M0643,2025-07-23,7,Gym Floor,36,Wednesday,2025-07,Early Morning
CI010558,M0643,2025-05-29,10,Gym Floor,56,Thursday,2025-05,Morning
CI010559,M0643,2025-05-04,11,Gym Floor,80,Sunday,2025-05,Morning
CI010560,M0643,2025-07-20,9,Gym Floor,81,Sunday,2025-07,Early Morning
CI010561,M0643,2025-08-09,9,Cardio,61,Saturday,2025-08,Early Morning
CI010562,M0643,2025-05-29,7,Gym Floor,85,Thursday,2025-05,Early Morning
CI010563,M0643,2025-05-28,19,Gym Floor,55,Wednesday,2025-05,Evening
CI010564,M0643,2025-06-21,9,Gym Floor,101,Saturday,2025-06,Early Morning
CI010565,M0643,2025-08-04,18,Gym Floor,70,Monday,2025-08,Evening
CI010566,M0643,2025-04-12,12,Gym Floor,59,Saturday,2025-04,Morning
CI010567,M0643,2025-06-21,18,Yoga,107,Saturday,2025-06,Evening
CI010568,M0643,2025-06-11,12,Gym Floor,48,Wednesday,2025-06,Morning
CI010569,M0644,2025-03-24,7,Yoga,61,Monday,2025-03,Early Morning
CI010570,M0644,2025-08-07,20,Pilates,75,Thursday,2025-08,Night
CI010571,M0644,2025-03-31,19,Gym Floor,20,Monday,2025-03,Evening
CI010572,M0644,2025-06-16,18,Yoga,63,Monday,2025-06,Evening
CI010573,M0644,2025-06-27,21,Zumba,20,Friday,2025-06,Night
CI010574,M0644,2025-03-06,8,Gym Floor,27,Thursday,2025-03,Early Morning
CI010575,M0644,2025-03-26,17,Pilates,71,Wednesday,2025-03,Evening
CI010576,M0644,2025-05-29,20,Spin,55,Thursday,2025-05,Night
CI010577,M0644,2025-04-21,18,Gym Floor,74,Monday,2025-04,Evening
CI010578,M0644,2025-07-27,7,Gym Floor,62,Sunday,2025-07,Early Morning
CI010579,M0644,2025-04-26,8,Spin,54,Saturday,2025-04,Early Morning
CI010580,M0644,2025-07-11,8,Yoga,57,Friday,2025-07,Early Morning
CI010581,M0644,2025-06-17,18,Zumba,61,Tuesday,2025-06,Evening
CI010582,M0644,2025-06-03,19,Gym Floor,66,Tuesday,2025-06,Evening
CI010583,M0644,2025-06-29,11,Pilates,67,Sunday,2025-06,Morning
CI010584,M0644,2025-07-06,10,Zumba,42,Sunday,2025-07,Morning
CI010585,M0644,2025-05-01,16,Pilates,34,Thursday,2025-05,Afternoon
CI010586,M0645,2025-07-07,7,Gym Floor,23,Monday,2025-07,Early Morning
CI010587,M0645,2025-04-26,17,Strength Training,69,Saturday,2025-04,Evening
CI010588,M0645,2025-07-06,8,CrossFit,32,Sunday,2025-07,Early Morning
CI010589,M0645,2025-06-06,17,Gym Floor,69,Friday,2025-06,Evening
CI010590,M0645,2025-04-09,11,Gym Floor,85,Wednesday,2025-04,Morning
CI010591,M0645,2025-08-07,18,CrossFit,52,Thursday,2025-08,Evening
CI010592,M0646,2025-08-10,9,Zumba,54,Sunday,2025-08,Early Morning
CI010593,M0646,2025-04-05,6,HIIT,68,Saturday,2025-04,Early Morning
CI010594,M0646,2025-07-21,19,Gym Floor,56,Monday,2025-07,Evening
CI010595,M0646,2025-05-26,17,Cardio,65,Monday,2025-05,Evening
CI010596,M0646,2025-06-12,18,Zumba,82,Thursday,2025-06,Evening
CI010597,M0646,2025-07-30,12,CrossFit,75,Wednesday,2025-07,Morning
CI010598,M0646,2025-06-30,11,Gym Floor,20,Monday,2025-06,Morning
CI010599,M0646,2025-04-29,10,CrossFit,58,Tuesday,2025-04,Morning
CI010600,M0646,2025-05-22,7,Gym Floor,47,Thursday,2025-05,Early Morning
CI010601,M0647,2025-06-11,8,Gym Floor,72,Wednesday,2025-06,Early Morning
CI010602,M0647,2025-05-03,7,Strength Training,30,Saturday,2025-05,Early Morning
CI010603,M0647,2025-04-21,17,Gym Floor,67,Monday,2025-04,Evening
CI010604,M0647,2025-04-23,12,Spin,47,Wednesday,2025-04,Morning
CI010605,M0647,2025-03-24,18,Cardio,55,Monday,2025-03,Evening
CI010606,M0648,2025-03-12,8,Gym Floor,66,Wednesday,2025-03,Early Morning
CI010607,M0648,2025-03-25,8,Spin,50,Tuesday,2025-03,Early Morning
CI010608,M0648,2025-07-18,8,Gym Floor,60,Friday,2025-07,Early Morning
CI010609,M0648,2025-08-23,20,Spin,58,Saturday,2025-08,Night
CI010610,M0648,2025-04-20,9,Gym Floor,48,Sunday,2025-04,Early Morning
CI010611,M0649,2025-07-22,16,Gym Floor,58,Tuesday,2025-07,Afternoon
CI010612,M0649,2025-03-30,16,Gym Floor,52,Sunday,2025-03,Afternoon
CI010613,M0649,2025-05-18,17,Strength Training,83,Sunday,2025-05,Evening
CI010614,M0649,2025-08-23,18,Gym Floor,67,Saturday,2025-08,Evening
CI010615,M0649,2025-04-10,11,Gym Floor,72,Thursday,2025-04,Morning
CI010616,M0649,2025-04-11,6,Cardio,65,Friday,2025-04,Early Morning
CI010617,M0649,2025-06-22,21,Spin,36,Sunday,2025-06,Night
CI010618,M0649,2025-03-07,16,CrossFit,57,Friday,2025-03,Afternoon
CI010619,M0649,2025-03-29,19,HIIT,68,Saturday,2025-03,Evening
CI010620,M0649,2025-03-07,20,Yoga,69,Friday,2025-03,Night
CI010621,M0649,2025-08-26,18,Gym Floor,46,Tuesday,2025-08,Evening
CI010622,M0649,2025-05-24,18,Gym Floor,48,Saturday,2025-05,Evening
CI010623,M0649,2025-04-28,6,Pilates,54,Monday,2025-04,Early Morning
CI010624,M0649,2025-04-26,8,CrossFit,56,Saturday,2025-04,Early Morning
CI010625,M0649,2025-03-20,8,Spin,71,Thursday,2025-03,Early Morning
CI010626,M0649,2025-05-27,10,Gym Floor,59,Tuesday,2025-05,Morning
CI010627,M0649,2025-06-09,12,Cardio,33,Monday,2025-06,Morning
CI010628,M0649,2025-07-04,18,Gym Floor,43,Friday,2025-07,Evening
CI010629,M0649,2025-06-20,8,Gym Floor,48,Friday,2025-06,Early Morning
CI010630,M0650,2025-05-30,11,Pilates,32,Friday,2025-05,Morning
CI010631,M0650,2025-05-05,9,CrossFit,49,Monday,2025-05,Early Morning
CI010632,M0650,2025-08-28,18,Zumba,60,Thursday,2025-08,Evening
CI010633,M0650,2025-07-22,20,HIIT,88,Tuesday,2025-07,Night
CI010634,M0650,2025-06-13,19,Gym Floor,27,Friday,2025-06,Evening
CI010635,M0650,2025-03-31,7,Yoga,44,Monday,2025-03,Early Morning
CI010636,M0650,2025-06-19,10,Gym Floor,54,Thursday,2025-06,Morning
CI010637,M0650,2025-05-18,7,Gym Floor,44,Sunday,2025-05,Early Morning
CI010638,M0650,2025-03-26,7,Cardio,53,Wednesday,2025-03,Early Morning
CI010639,M0650,2025-06-05,7,Gym Floor,84,Thursday,2025-06,Early Morning
CI010640,M0650,2025-08-07,19,CrossFit,56,Thursday,2025-08,Evening
CI010641,M0650,2025-05-27,17,Pilates,55,Tuesday,2025-05,Evening
CI010642,M0650,2025-06-14,17,Yoga,20,Saturday,2025-06,Evening
CI010643,M0650,2025-04-15,10,CrossFit,63,Tuesday,2025-04,Morning
CI010644,M0650,2025-05-18,18,CrossFit,43,Sunday,2025-05,Evening
CI010645,M0650,2025-04-29,19,Pilates,83,Tuesday,2025-04,Evening
CI010646,M0651,2025-08-10,16,Gym Floor,67,Sunday,2025-08,Afternoon
CI010647,M0651,2025-07-07,7,Gym Floor,58,Monday,2025-07,Early Morning
CI010648,M0651,2025-07-28,18,Strength Training,67,Monday,2025-07,Evening
CI010649,M0651,2025-08-01,19,HIIT,26,Friday,2025-08,Evening
CI010650,M0651,2025-07-15,12,Gym Floor,55,Tuesday,2025-07,Morning
CI010651,M0651,2025-05-18,8,Yoga,84,Sunday,2025-05,Early Morning
CI010652,M0651,2025-06-29,17,Yoga,78,Sunday,2025-06,Evening
CI010653,M0651,2025-08-26,9,CrossFit,82,Tuesday,2025-08,Early Morning
CI010654,M0651,2025-05-12,17,Spin,66,Monday,2025-05,Evening
CI010655,M0651,2025-06-09,16,Gym Floor,72,Monday,2025-06,Afternoon
CI010656,M0651,2025-03-09,6,Spin,58,Sunday,2025-03,Early Morning
CI010657,M0651,2025-04-14,20,Yoga,86,Monday,2025-04,Night
CI010658,M0651,2025-05-29,7,Spin,48,Thursday,2025-05,Early Morning
CI010659,M0651,2025-03-18,9,Gym Floor,51,Tuesday,2025-03,Early Morning
CI010660,M0652,2025-07-22,7,HIIT,47,Tuesday,2025-07,Early Morning
CI010661,M0652,2025-06-27,17,Yoga,67,Friday,2025-06,Evening
CI010662,M0652,2025-03-04,19,HIIT,59,Tuesday,2025-03,Evening
CI010663,M0652,2025-06-21,19,Gym Floor,53,Saturday,2025-06,Evening
CI010664,M0652,2025-08-22,12,Gym Floor,44,Friday,2025-08,Morning
CI010665,M0652,2025-03-07,19,Spin,88,Friday,2025-03,Evening
CI010666,M0652,2025-06-01,19,Zumba,48,Sunday,2025-06,Evening
CI010667,M0652,2025-03-15,17,HIIT,43,Saturday,2025-03,Evening
CI010668,M0652,2025-03-29,7,CrossFit,54,Saturday,2025-03,Early Morning
CI010669,M0652,2025-06-23,10,Strength Training,37,Monday,2025-06,Morning
CI010670,M0652,2025-08-13,19,CrossFit,75,Wednesday,2025-08,Evening
CI010671,M0652,2025-06-29,10,Gym Floor,29,Sunday,2025-06,Morning
CI010672,M0653,2025-03-09,7,HIIT,68,Sunday,2025-03,Early Morning
CI010673,M0653,2025-04-11,20,Gym Floor,52,Friday,2025-04,Night
CI010674,M0653,2025-06-07,17,Strength Training,76,Saturday,2025-06,Evening
CI010675,M0653,2025-06-14,8,Pilates,50,Saturday,2025-06,Early Morning
CI010676,M0653,2025-07-10,17,Strength Training,46,Thursday,2025-07,Evening
CI010677,M0654,2025-04-14,8,HIIT,49,Monday,2025-04,Early Morning
CI010678,M0654,2025-07-05,20,Gym Floor,72,Saturday,2025-07,Night
CI010679,M0654,2025-05-20,18,Gym Floor,25,Tuesday,2025-05,Evening
CI010680,M0655,2025-06-17,7,Gym Floor,44,Tuesday,2025-06,Early Morning
CI010681,M0655,2025-03-11,12,Yoga,52,Tuesday,2025-03,Morning
CI010682,M0655,2025-08-05,18,Gym Floor,81,Tuesday,2025-08,Evening
CI010683,M0655,2025-05-01,19,Strength Training,41,Thursday,2025-05,Evening
CI010684,M0655,2025-07-30,6,Gym Floor,92,Wednesday,2025-07,Early Morning
CI010685,M0655,2025-06-20,19,Gym Floor,57,Friday,2025-06,Evening
CI010686,M0655,2025-08-18,11,Gym Floor,60,Monday,2025-08,Morning
CI010687,M0655,2025-07-29,20,Gym Floor,78,Tuesday,2025-07,Night
CI010688,M0655,2025-08-10,8,Pilates,75,Sunday,2025-08,Early Morning
CI010689,M0655,2025-08-06,6,Cardio,61,Wednesday,2025-08,Early Morning
CI010690,M0655,2025-07-23,7,Pilates,26,Wednesday,2025-07,Early Morning
CI010691,M0655,2025-05-03,9,Cardio,67,Saturday,2025-05,Early Morning
CI010692,M0655,2025-04-23,18,CrossFit,69,Wednesday,2025-04,Evening
CI010693,M0655,2025-05-27,17,Spin,90,Tuesday,2025-05,Evening
CI010694,M0655,2025-07-04,18,Gym Floor,61,Friday,2025-07,Evening
CI010695,M0655,2025-03-25,8,Zumba,48,Tuesday,2025-03,Early Morning
CI010696,M0655,2025-05-03,6,Strength Training,52,Saturday,2025-05,Early Morning
CI010697,M0655,2025-03-08,6,Gym Floor,68,Saturday,2025-03,Early Morning
CI010698,M0655,2025-04-21,17,Gym Floor,72,Monday,2025-04,Evening
CI010699,M0655,2025-06-04,17,Gym Floor,51,Wednesday,2025-06,Evening
CI010700,M0655,2025-04-18,7,Strength Training,53,Friday,2025-04,Early Morning
CI010701,M0655,2025-04-19,7,Gym Floor,70,Saturday,2025-04,Early Morning
CI010702,M0655,2025-04-18,18,Zumba,68,Friday,2025-04,Evening
CI010703,M0655,2025-05-15,18,Gym Floor,25,Thursday,2025-05,Evening
CI010704,M0655,2025-05-06,20,Cardio,63,Tuesday,2025-05,Night
CI010705,M0655,2025-04-11,8,Gym Floor,58,Friday,2025-04,Early Morning
CI010706,M0655,2025-08-29,8,Zumba,48,Friday,2025-08,Early Morning
CI010707,M0655,2025-03-24,17,HIIT,46,Monday,2025-03,Evening
CI010708,M0655,2025-05-03,18,Gym Floor,76,Saturday,2025-05,Evening
CI010709,M0655,2025-05-10,7,Yoga,47,Saturday,2025-05,Early Morning
CI010710,M0656,2025-06-27,10,Gym Floor,55,Friday,2025-06,Morning
CI010711,M0656,2025-03-07,19,Gym Floor,51,Friday,2025-03,Evening
CI010712,M0656,2025-06-25,17,Gym Floor,47,Wednesday,2025-06,Evening
CI010713,M0656,2025-03-16,17,Strength Training,33,Sunday,2025-03,Evening
CI010714,M0656,2025-08-15,8,Gym Floor,31,Friday,2025-08,Early Morning
CI010715,M0656,2025-05-31,7,Gym Floor,50,Saturday,2025-05,Early Morning
CI010716,M0656,2025-07-25,9,Strength Training,72,Friday,2025-07,Early Morning
CI010717,M0656,2025-05-30,8,Yoga,67,Friday,2025-05,Early Morning
CI010718,M0656,2025-05-05,18,Gym Floor,86,Monday,2025-05,Evening
CI010719,M0656,2025-05-28,18,Yoga,59,Wednesday,2025-05,Evening
CI010720,M0656,2025-03-31,18,Gym Floor,63,Monday,2025-03,Evening
CI010721,M0656,2025-06-12,6,Zumba,78,Thursday,2025-06,Early Morning
CI010722,M0656,2025-06-09,6,HIIT,60,Monday,2025-06,Early Morning
CI010723,M0656,2025-06-13,7,Zumba,84,Friday,2025-06,Early Morning
CI010724,M0656,2025-03-21,6,HIIT,51,Friday,2025-03,Early Morning
CI010725,M0656,2025-05-15,6,Gym Floor,79,Thursday,2025-05,Early Morning
CI010726,M0656,2025-06-25,9,Spin,54,Wednesday,2025-06,Early Morning
CI010727,M0656,2025-04-26,9,Gym Floor,20,Saturday,2025-04,Early Morning
CI010728,M0656,2025-04-23,20,Gym Floor,41,Wednesday,2025-04,Night
CI010729,M0656,2025-06-03,17,Gym Floor,72,Tuesday,2025-06,Evening
CI010730,M0656,2025-04-22,19,Pilates,48,Tuesday,2025-04,Evening
CI010731,M0656,2025-06-11,7,Zumba,56,Wednesday,2025-06,Early Morning
CI010732,M0656,2025-08-19,19,Gym Floor,37,Tuesday,2025-08,Evening
CI010733,M0656,2025-06-03,9,Gym Floor,76,Tuesday,2025-06,Early Morning
CI010734,M0656,2025-08-04,20,Strength Training,49,Monday,2025-08,Night
CI010735,M0656,2025-07-20,19,Cardio,41,Sunday,2025-07,Evening
CI010736,M0656,2025-06-20,17,Pilates,72,Friday,2025-06,Evening
CI010737,M0656,2025-07-26,7,Strength Training,55,Saturday,2025-07,Early Morning
CI010738,M0656,2025-03-21,18,HIIT,81,Friday,2025-03,Evening
CI010739,M0656,2025-06-06,8,Strength Training,48,Friday,2025-06,Early Morning
CI010740,M0656,2025-07-11,20,Yoga,38,Friday,2025-07,Night
CI010741,M0656,2025-05-18,17,CrossFit,80,Sunday,2025-05,Evening
CI010742,M0656,2025-06-01,18,Gym Floor,64,Sunday,2025-06,Evening
CI010743,M0657,2025-04-03,17,Gym Floor,44,Thursday,2025-04,Evening
CI010744,M0660,2025-05-02,7,Gym Floor,40,Friday,2025-05,Early Morning
CI010745,M0660,2025-08-11,12,Gym Floor,42,Monday,2025-08,Morning
CI010746,M0660,2025-08-25,8,Gym Floor,77,Monday,2025-08,Early Morning
CI010747,M0660,2025-08-02,19,Gym Floor,46,Saturday,2025-08,Evening
CI010748,M0660,2025-04-25,6,Strength Training,54,Friday,2025-04,Early Morning
CI010749,M0660,2025-06-03,12,Pilates,58,Tuesday,2025-06,Morning
CI010750,M0660,2025-07-02,19,Gym Floor,66,Wednesday,2025-07,Evening
CI010751,M0660,2025-06-01,18,Gym Floor,20,Sunday,2025-06,Evening
CI010752,M0660,2025-06-14,11,Gym Floor,71,Saturday,2025-06,Morning
CI010753,M0660,2025-06-03,17,Gym Floor,52,Tuesday,2025-06,Evening
CI010754,M0660,2025-06-20,18,Zumba,55,Friday,2025-06,Evening
CI010755,M0660,2025-06-21,19,Gym Floor,74,Saturday,2025-06,Evening
CI010756,M0660,2025-05-23,7,Gym Floor,75,Friday,2025-05,Early Morning
CI010757,M0660,2025-06-21,19,CrossFit,45,Saturday,2025-06,Evening
CI010758,M0660,2025-08-05,7,Pilates,46,Tuesday,2025-08,Early Morning
CI010759,M0660,2025-04-28,18,Spin,64,Monday,2025-04,Evening
CI010760,M0660,2025-06-11,11,Gym Floor,49,Wednesday,2025-06,Morning
CI010761,M0660,2025-05-07,11,Gym Floor,76,Wednesday,2025-05,Morning
CI010762,M0660,2025-04-23,9,Gym Floor,69,Wednesday,2025-04,Early Morning
CI010763,M0660,2025-08-03,18,CrossFit,64,Sunday,2025-08,Evening
CI010764,M0660,2025-05-21,17,Gym Floor,71,Wednesday,2025-05,Evening
CI010765,M0660,2025-04-22,8,Cardio,59,Tuesday,2025-04,Early Morning
CI010766,M0661,2025-04-03,19,Gym Floor,66,Thursday,2025-04,Evening
CI010767,M0661,2025-03-03,18,Spin,67,Monday,2025-03,Evening
CI010768,M0662,2025-08-13,6,Gym Floor,53,Wednesday,2025-08,Early Morning
CI010769,M0662,2025-07-06,11,Gym Floor,35,Sunday,2025-07,Morning
CI010770,M0662,2025-06-04,16,Gym Floor,36,Wednesday,2025-06,Afternoon
CI010771,M0662,2025-03-24,9,Pilates,70,Monday,2025-03,Early Morning
CI010772,M0662,2025-04-23,20,Spin,49,Wednesday,2025-04,Night
CI010773,M0662,2025-07-03,16,Gym Floor,59,Thursday,2025-07,Afternoon
CI010774,M0662,2025-08-13,7,Gym Floor,98,Wednesday,2025-08,Early Morning
CI010775,M0662,2025-07-12,18,Gym Floor,27,Saturday,2025-07,Evening
CI010776,M0662,2025-03-24,19,Yoga,67,Monday,2025-03,Evening
CI010777,M0662,2025-04-02,8,Spin,46,Wednesday,2025-04,Early Morning
CI010778,M0662,2025-07-12,6,Strength Training,76,Saturday,2025-07,Early Morning
CI010779,M0662,2025-05-23,10,Pilates,20,Friday,2025-05,Morning
CI010780,M0662,2025-06-08,16,Gym Floor,29,Sunday,2025-06,Afternoon
CI010781,M0662,2025-04-26,11,Gym Floor,60,Saturday,2025-04,Morning
CI010782,M0662,2025-05-04,16,Gym Floor,40,Sunday,2025-05,Afternoon
CI010783,M0662,2025-04-23,16,Gym Floor,70,Wednesday,2025-04,Afternoon
CI010784,M0662,2025-05-28,17,Cardio,71,Wednesday,2025-05,Evening
CI010785,M0662,2025-04-23,9,Gym Floor,89,Wednesday,2025-04,Early Morning
CI010786,M0662,2025-05-08,21,Gym Floor,53,Thursday,2025-05,Night
CI010787,M0662,2025-06-29,17,Zumba,51,Sunday,2025-06,Evening
CI010788,M0662,2025-06-02,7,Gym Floor,39,Monday,2025-06,Early Morning
CI010789,M0663,2025-06-24,20,Strength Training,54,Tuesday,2025-06,Night
CI010790,M0664,2025-06-21,19,Gym Floor,28,Saturday,2025-06,Evening
CI010791,M0664,2025-03-07,16,Spin,106,Friday,2025-03,Afternoon
CI010792,M0664,2025-03-25,7,Pilates,78,Tuesday,2025-03,Early Morning
CI010793,M0664,2025-04-07,16,Gym Floor,60,Monday,2025-04,Afternoon
CI010794,M0664,2025-04-30,19,Gym Floor,88,Wednesday,2025-04,Evening
CI010795,M0664,2025-05-17,12,Gym Floor,56,Saturday,2025-05,Morning
CI010796,M0664,2025-05-22,17,CrossFit,35,Thursday,2025-05,Evening
CI010797,M0664,2025-07-18,7,Spin,51,Friday,2025-07,Early Morning
CI010798,M0664,2025-07-22,10,Strength Training,65,Tuesday,2025-07,Morning
CI010799,M0664,2025-04-04,17,Zumba,42,Friday,2025-04,Evening
CI010800,M0664,2025-06-08,18,Gym Floor,57,Sunday,2025-06,Evening
CI010801,M0664,2025-04-06,19,Gym Floor,54,Sunday,2025-04,Evening
CI010802,M0664,2025-03-06,18,Cardio,40,Thursday,2025-03,Evening
CI010803,M0664,2025-05-24,18,Gym Floor,77,Saturday,2025-05,Evening
CI010804,M0664,2025-04-03,17,Gym Floor,41,Thursday,2025-04,Evening
CI010805,M0664,2025-05-18,19,Pilates,57,Sunday,2025-05,Evening
CI010806,M0664,2025-04-21,8,CrossFit,63,Monday,2025-04,Early Morning
CI010807,M0664,2025-06-26,8,HIIT,57,Thursday,2025-06,Early Morning
CI010808,M0664,2025-08-03,12,Yoga,58,Sunday,2025-08,Morning
CI010809,M0664,2025-08-25,7,Spin,67,Monday,2025-08,Early Morning
CI010810,M0664,2025-04-24,7,Spin,61,Thursday,2025-04,Early Morning
CI010811,M0664,2025-07-27,7,Cardio,64,Sunday,2025-07,Early Morning
CI010812,M0664,2025-04-23,16,Pilates,75,Wednesday,2025-04,Afternoon
CI010813,M0664,2025-06-18,11,Cardio,55,Wednesday,2025-06,Morning
CI010814,M0664,2025-04-09,16,Zumba,45,Wednesday,2025-04,Afternoon
CI010815,M0664,2025-06-25,16,Zumba,60,Wednesday,2025-06,Afternoon
CI010816,M0664,2025-06-16,6,Yoga,39,Monday,2025-06,Early Morning
CI010817,M0664,2025-06-04,19,Gym Floor,55,Wednesday,2025-06,Evening
CI010818,M0664,2025-06-17,19,Pilates,60,Tuesday,2025-06,Evening
CI010819,M0664,2025-04-17,20,Yoga,75,Thursday,2025-04,Night
CI010820,M0664,2025-07-23,10,Gym Floor,73,Wednesday,2025-07,Morning
CI010821,M0664,2025-07-26,17,Pilates,77,Saturday,2025-07,Evening
CI010822,M0664,2025-08-18,12,CrossFit,60,Monday,2025-08,Morning
CI010823,M0665,2025-06-04,19,HIIT,57,Wednesday,2025-06,Evening
CI010824,M0665,2025-07-28,6,Strength Training,50,Monday,2025-07,Early Morning
CI010825,M0665,2025-05-03,19,Spin,78,Saturday,2025-05,Evening
CI010826,M0665,2025-03-30,19,Pilates,72,Sunday,2025-03,Evening
CI010827,M0665,2025-03-09,6,Pilates,80,Sunday,2025-03,Early Morning
CI010828,M0665,2025-03-21,16,Gym Floor,68,Friday,2025-03,Afternoon
CI010829,M0665,2025-03-02,19,Gym Floor,49,Sunday,2025-03,Evening
CI010830,M0665,2025-06-16,19,HIIT,41,Monday,2025-06,Evening
CI010831,M0665,2025-06-20,19,Gym Floor,81,Friday,2025-06,Evening
CI010832,M0665,2025-05-18,19,Gym Floor,59,Sunday,2025-05,Evening
CI010833,M0665,2025-07-06,19,Yoga,55,Sunday,2025-07,Evening
CI010834,M0665,2025-04-29,8,Gym Floor,66,Tuesday,2025-04,Early Morning
CI010835,M0665,2025-06-10,20,Gym Floor,45,Tuesday,2025-06,Night
CI010836,M0665,2025-03-04,7,CrossFit,59,Tuesday,2025-03,Early Morning
CI010837,M0665,2025-08-07,17,Yoga,47,Thursday,2025-08,Evening
CI010838,M0665,2025-04-16,8,Cardio,42,Wednesday,2025-04,Early Morning
CI010839,M0665,2025-08-18,18,Strength Training,30,Monday,2025-08,Evening
CI010840,M0665,2025-07-05,7,HIIT,57,Saturday,2025-07,Early Morning
CI010841,M0665,2025-04-13,7,Gym Floor,58,Sunday,2025-04,Early Morning
CI010842,M0665,2025-08-14,18,Gym Floor,64,Thursday,2025-08,Evening
CI010843,M0665,2025-05-01,19,Gym Floor,37,Thursday,2025-05,Evening
CI010844,M0665,2025-04-07,19,Cardio,56,Monday,2025-04,Evening
CI010845,M0665,2025-03-22,18,Gym Floor,44,Saturday,2025-03,Evening
CI010846,M0665,2025-05-24,8,Gym Floor,76,Saturday,2025-05,Early Morning
CI010847,M0665,2025-04-23,18,Yoga,75,Wednesday,2025-04,Evening
CI010848,M0665,2025-06-25,6,Pilates,76,Wednesday,2025-06,Early Morning
CI010849,M0665,2025-04-24,9,Spin,42,Thursday,2025-04,Early Morning
CI010850,M0665,2025-03-20,19,Gym Floor,66,Thursday,2025-03,Evening
CI010851,M0665,2025-05-07,8,Gym Floor,51,Wednesday,2025-05,Early Morning
CI010852,M0665,2025-06-13,6,Spin,82,Friday,2025-06,Early Morning
CI010853,M0665,2025-05-12,19,Zumba,44,Monday,2025-05,Evening
CI010854,M0665,2025-08-01,8,Gym Floor,92,Friday,2025-08,Early Morning
CI010855,M0665,2025-06-03,7,HIIT,72,Tuesday,2025-06,Early Morning
CI010856,M0665,2025-04-10,20,Gym Floor,63,Thursday,2025-04,Night
CI010857,M0665,2025-07-27,20,Gym Floor,57,Sunday,2025-07,Night
CI010858,M0666,2025-08-16,19,Gym Floor,61,Saturday,2025-08,Evening
CI010859,M0666,2025-08-14,8,CrossFit,43,Thursday,2025-08,Early Morning
CI010860,M0666,2025-03-06,12,Gym Floor,77,Thursday,2025-03,Morning
CI010861,M0666,2025-06-18,8,Spin,47,Wednesday,2025-06,Early Morning
CI010862,M0666,2025-07-13,8,Spin,49,Sunday,2025-07,Early Morning
CI010863,M0666,2025-06-16,18,CrossFit,83,Monday,2025-06,Evening
CI010864,M0666,2025-03-17,9,Cardio,39,Monday,2025-03,Early Morning
CI010865,M0666,2025-05-10,8,Gym Floor,44,Saturday,2025-05,Early Morning
CI010866,M0666,2025-08-12,11,CrossFit,51,Tuesday,2025-08,Morning
CI010867,M0666,2025-07-24,18,Strength Training,79,Thursday,2025-07,Evening
CI010868,M0666,2025-07-24,7,CrossFit,75,Thursday,2025-07,Early Morning
CI010869,M0667,2025-03-17,18,Gym Floor,61,Monday,2025-03,Evening
CI010870,M0668,2025-03-05,6,Pilates,55,Wednesday,2025-03,Early Morning
CI010871,M0668,2025-04-21,18,HIIT,21,Monday,2025-04,Evening
CI010872,M0668,2025-07-04,8,HIIT,72,Friday,2025-07,Early Morning
CI010873,M0668,2025-04-20,9,Gym Floor,47,Sunday,2025-04,Early Morning
CI010874,M0668,2025-07-02,8,Gym Floor,60,Wednesday,2025-07,Early Morning
CI010875,M0668,2025-03-07,17,Gym Floor,78,Friday,2025-03,Evening
CI010876,M0668,2025-03-31,17,CrossFit,75,Monday,2025-03,Evening
CI010877,M0669,2025-04-24,7,Yoga,47,Thursday,2025-04,Early Morning
CI010878,M0669,2025-05-20,17,Gym Floor,64,Tuesday,2025-05,Evening
CI010879,M0670,2025-08-07,10,Gym Floor,58,Thursday,2025-08,Morning
CI010880,M0670,2025-03-09,11,Gym Floor,35,Sunday,2025-03,Morning
CI010881,M0670,2025-07-28,6,Gym Floor,76,Monday,2025-07,Early Morning
CI010882,M0670,2025-03-21,16,Spin,31,Friday,2025-03,Afternoon
CI010883,M0670,2025-03-14,19,Gym Floor,69,Friday,2025-03,Evening
CI010884,M0670,2025-03-18,8,Pilates,68,Tuesday,2025-03,Early Morning
CI010885,M0670,2025-07-08,8,Gym Floor,31,Tuesday,2025-07,Early Morning
CI010886,M0670,2025-06-20,20,Strength Training,74,Friday,2025-06,Night
CI010887,M0670,2025-05-18,9,Gym Floor,65,Sunday,2025-05,Early Morning
CI010888,M0670,2025-07-21,6,Gym Floor,49,Monday,2025-07,Early Morning
CI010889,M0670,2025-05-19,12,Gym Floor,39,Monday,2025-05,Morning
CI010890,M0670,2025-08-19,6,Gym Floor,76,Tuesday,2025-08,Early Morning
CI010891,M0670,2025-06-29,19,Gym Floor,48,Sunday,2025-06,Evening
CI010892,M0671,2025-06-30,18,Gym Floor,29,Monday,2025-06,Evening
CI010893,M0671,2025-07-09,17,Gym Floor,73,Wednesday,2025-07,Evening
CI010894,M0671,2025-07-24,18,Gym Floor,84,Thursday,2025-07,Evening
CI010895,M0671,2025-03-20,7,Gym Floor,44,Thursday,2025-03,Early Morning
CI010896,M0671,2025-05-17,20,Gym Floor,60,Saturday,2025-05,Night
CI010897,M0671,2025-06-20,19,Zumba,63,Friday,2025-06,Evening
CI010898,M0671,2025-03-02,19,Spin,25,Sunday,2025-03,Evening
CI010899,M0671,2025-05-27,10,Strength Training,75,Tuesday,2025-05,Morning
CI010900,M0671,2025-08-27,7,Gym Floor,47,Wednesday,2025-08,Early Morning
CI010901,M0671,2025-04-03,11,Cardio,61,Thursday,2025-04,Morning
CI010902,M0671,2025-04-23,6,Gym Floor,50,Wednesday,2025-04,Early Morning
CI010903,M0671,2025-07-24,17,CrossFit,26,Thursday,2025-07,Evening
CI010904,M0671,2025-05-27,21,Gym Floor,38,Tuesday,2025-05,Night
CI010905,M0671,2025-04-23,18,Gym Floor,54,Wednesday,2025-04,Evening
CI010906,M0671,2025-05-16,17,Gym Floor,55,Friday,2025-05,Evening
CI010907,M0671,2025-08-27,18,Gym Floor,40,Wednesday,2025-08,Evening
CI010908,M0671,2025-04-13,16,Cardio,47,Sunday,2025-04,Afternoon
CI010909,M0671,2025-08-18,8,Spin,28,Monday,2025-08,Early Morning
CI010910,M0671,2025-04-15,6,Zumba,52,Tuesday,2025-04,Early Morning
CI010911,M0671,2025-06-15,19,Cardio,78,Sunday,2025-06,Evening
CI010912,M0671,2025-06-05,20,Zumba,48,Thursday,2025-06,Night
CI010913,M0671,2025-08-29,19,Gym Floor,66,Friday,2025-08,Evening
CI010914,M0671,2025-04-11,16,Spin,55,Friday,2025-04,Afternoon
CI010915,M0671,2025-05-25,12,Cardio,65,Sunday,2025-05,Morning
CI010916,M0671,2025-05-10,7,Zumba,59,Saturday,2025-05,Early Morning
CI010917,M0671,2025-03-04,18,HIIT,22,Tuesday,2025-03,Evening
CI010918,M0671,2025-07-02,19,Yoga,79,Wednesday,2025-07,Evening
CI010919,M0671,2025-08-12,10,Zumba,30,Tuesday,2025-08,Morning
CI010920,M0671,2025-07-21,17,Zumba,58,Monday,2025-07,Evening
CI010921,M0672,2025-05-09,19,HIIT,63,Friday,2025-05,Evening
CI010922,M0672,2025-06-23,20,Gym Floor,62,Monday,2025-06,Night
CI010923,M0673,2025-05-22,19,HIIT,70,Thursday,2025-05,Evening
CI010924,M0673,2025-04-22,17,Gym Floor,47,Tuesday,2025-04,Evening
CI010925,M0673,2025-03-28,8,Zumba,36,Friday,2025-03,Early Morning
CI010926,M0673,2025-08-14,19,Gym Floor,69,Thursday,2025-08,Evening
CI010927,M0673,2025-04-16,19,Gym Floor,57,Wednesday,2025-04,Evening
CI010928,M0673,2025-04-05,17,Gym Floor,42,Saturday,2025-04,Evening
CI010929,M0673,2025-08-11,18,Gym Floor,27,Monday,2025-08,Evening
CI010930,M0673,2025-06-06,10,Strength Training,49,Friday,2025-06,Morning
CI010931,M0673,2025-08-10,19,Pilates,28,Sunday,2025-08,Evening
CI010932,M0673,2025-08-02,10,Gym Floor,73,Saturday,2025-08,Morning
CI010933,M0673,2025-04-28,10,Gym Floor,51,Monday,2025-04,Morning
CI010934,M0673,2025-06-08,18,Gym Floor,44,Sunday,2025-06,Evening
CI010935,M0673,2025-06-09,16,Pilates,60,Monday,2025-06,Afternoon
CI010936,M0673,2025-05-04,7,Spin,82,Sunday,2025-05,Early Morning
CI010937,M0674,2025-04-28,6,HIIT,53,Monday,2025-04,Early Morning
CI010938,M0674,2025-04-25,8,Spin,25,Friday,2025-04,Early Morning
CI010939,M0674,2025-04-28,10,Cardio,47,Monday,2025-04,Morning
CI010940,M0674,2025-07-11,19,Gym Floor,66,Friday,2025-07,Evening
CI010941,M0674,2025-06-01,19,CrossFit,64,Sunday,2025-06,Evening
CI010942,M0674,2025-05-08,19,Gym Floor,21,Thursday,2025-05,Evening
CI010943,M0675,2025-05-05,8,Zumba,75,Monday,2025-05,Early Morning
CI010944,M0675,2025-07-29,19,HIIT,67,Tuesday,2025-07,Evening
CI010945,M0675,2025-08-01,6,Pilates,42,Friday,2025-08,Early Morning
CI010946,M0675,2025-08-10,9,Cardio,50,Sunday,2025-08,Early Morning
CI010947,M0675,2025-03-02,16,Gym Floor,73,Sunday,2025-03,Afternoon
CI010948,M0675,2025-05-26,7,Gym Floor,51,Monday,2025-05,Early Morning
CI010949,M0675,2025-06-07,19,Gym Floor,51,Saturday,2025-06,Evening
CI010950,M0675,2025-07-03,18,Gym Floor,59,Thursday,2025-07,Evening
CI010951,M0675,2025-03-24,16,HIIT,91,Monday,2025-03,Afternoon
CI010952,M0675,2025-06-19,16,Gym Floor,79,Thursday,2025-06,Afternoon
CI010953,M0675,2025-06-26,17,Pilates,74,Thursday,2025-06,Evening
CI010954,M0675,2025-05-29,20,Gym Floor,51,Thursday,2025-05,Night
CI010955,M0675,2025-07-10,7,Gym Floor,88,Thursday,2025-07,Early Morning
CI010956,M0675,2025-07-20,19,Gym Floor,37,Sunday,2025-07,Evening
CI010957,M0675,2025-07-11,19,Spin,50,Friday,2025-07,Evening
CI010958,M0675,2025-04-06,21,Gym Floor,56,Sunday,2025-04,Night
CI010959,M0675,2025-07-03,19,Zumba,47,Thursday,2025-07,Evening
CI010960,M0675,2025-08-29,19,CrossFit,21,Friday,2025-08,Evening
CI010961,M0675,2025-06-21,6,Gym Floor,49,Saturday,2025-06,Early Morning
CI010962,M0675,2025-06-21,10,HIIT,54,Saturday,2025-06,Morning
CI010963,M0676,2025-06-15,8,Gym Floor,51,Sunday,2025-06,Early Morning
CI010964,M0676,2025-08-08,19,Gym Floor,36,Friday,2025-08,Evening
CI010965,M0676,2025-03-14,20,Gym Floor,41,Friday,2025-03,Night
CI010966,M0676,2025-05-03,18,Spin,69,Saturday,2025-05,Evening
CI010967,M0676,2025-05-19,17,Zumba,46,Monday,2025-05,Evening
CI010968,M0676,2025-06-18,10,Gym Floor,59,Wednesday,2025-06,Morning
CI010969,M0676,2025-08-09,17,Gym Floor,53,Saturday,2025-08,Evening
CI010970,M0676,2025-05-04,19,Cardio,86,Sunday,2025-05,Evening
CI010971,M0676,2025-08-29,18,Gym Floor,58,Friday,2025-08,Evening
CI010972,M0676,2025-05-08,18,Pilates,44,Thursday,2025-05,Evening
CI010973,M0676,2025-08-03,6,Gym Floor,66,Sunday,2025-08,Early Morning
CI010974,M0676,2025-04-05,6,Gym Floor,65,Saturday,2025-04,Early Morning
CI010975,M0676,2025-04-12,11,Spin,88,Saturday,2025-04,Morning
CI010976,M0676,2025-07-11,7,Gym Floor,20,Friday,2025-07,Early Morning
CI010977,M0677,2025-05-20,21,Yoga,57,Tuesday,2025-05,Night
CI010978,M0677,2025-05-27,6,HIIT,90,Tuesday,2025-05,Early Morning
CI010979,M0677,2025-05-19,19,Gym Floor,33,Monday,2025-05,Evening
CI010980,M0677,2025-06-05,9,Gym Floor,42,Thursday,2025-06,Early Morning
CI010981,M0677,2025-04-06,17,Gym Floor,49,Sunday,2025-04,Evening
CI010982,M0677,2025-07-31,9,Gym Floor,42,Thursday,2025-07,Early Morning
CI010983,M0677,2025-06-19,17,Strength Training,48,Thursday,2025-06,Evening
CI010984,M0677,2025-04-26,17,Gym Floor,65,Saturday,2025-04,Evening
CI010985,M0677,2025-07-25,12,Gym Floor,68,Friday,2025-07,Morning
CI010986,M0677,2025-04-23,8,HIIT,29,Wednesday,2025-04,Early Morning
CI010987,M0677,2025-04-13,18,Gym Floor,60,Sunday,2025-04,Evening
CI010988,M0677,2025-05-25,7,Gym Floor,60,Sunday,2025-05,Early Morning
CI010989,M0677,2025-07-07,20,HIIT,64,Monday,2025-07,Night
CI010990,M0678,2025-03-26,10,Spin,53,Wednesday,2025-03,Morning
CI010991,M0678,2025-05-02,7,Gym Floor,59,Friday,2025-05,Early Morning
CI010992,M0678,2025-07-11,10,Zumba,38,Friday,2025-07,Morning
CI010993,M0678,2025-05-10,12,Gym Floor,70,Saturday,2025-05,Morning
CI010994,M0678,2025-07-29,7,HIIT,48,Tuesday,2025-07,Early Morning
CI010995,M0678,2025-04-02,8,HIIT,21,Wednesday,2025-04,Early Morning
CI010996,M0678,2025-03-19,10,Strength Training,47,Wednesday,2025-03,Morning
CI010997,M0678,2025-08-04,16,Cardio,54,Monday,2025-08,Afternoon
CI010998,M0678,2025-06-17,9,Gym Floor,49,Tuesday,2025-06,Early Morning
CI010999,M0678,2025-03-02,19,Cardio,54,Sunday,2025-03,Evening
CI011000,M0678,2025-08-27,11,Gym Floor,55,Wednesday,2025-08,Morning
CI011001,M0678,2025-04-14,16,Gym Floor,56,Monday,2025-04,Afternoon
CI011002,M0678,2025-03-11,11,Gym Floor,68,Tuesday,2025-03,Morning
CI011003,M0678,2025-07-09,8,Gym Floor,58,Wednesday,2025-07,Early Morning
CI011004,M0679,2025-05-19,12,Yoga,60,Monday,2025-05,Morning
CI011005,M0679,2025-04-20,19,Gym Floor,31,Sunday,2025-04,Evening
CI011006,M0679,2025-04-08,18,Yoga,20,Tuesday,2025-04,Evening
CI011007,M0679,2025-08-03,17,Gym Floor,74,Sunday,2025-08,Evening
CI011008,M0679,2025-04-15,7,Gym Floor,31,Tuesday,2025-04,Early Morning
CI011009,M0679,2025-04-20,19,Spin,82,Sunday,2025-04,Evening
CI011010,M0679,2025-07-22,19,Gym Floor,45,Tuesday,2025-07,Evening
CI011011,M0679,2025-06-25,16,Gym Floor,36,Wednesday,2025-06,Afternoon
CI011012,M0679,2025-05-17,16,Zumba,47,Saturday,2025-05,Afternoon
CI011013,M0679,2025-08-07,19,Gym Floor,51,Thursday,2025-08,Evening
CI011014,M0679,2025-04-23,8,Cardio,57,Wednesday,2025-04,Early Morning
CI011015,M0679,2025-08-27,18,HIIT,27,Wednesday,2025-08,Evening
CI011016,M0680,2025-08-31,10,Gym Floor,81,Sunday,2025-08,Morning
CI011017,M0680,2025-06-29,7,CrossFit,57,Sunday,2025-06,Early Morning
CI011018,M0680,2025-07-28,18,HIIT,58,Monday,2025-07,Evening
CI011019,M0680,2025-03-24,11,Yoga,35,Monday,2025-03,Morning
CI011020,M0680,2025-07-24,9,Gym Floor,53,Thursday,2025-07,Early Morning
CI011021,M0680,2025-05-05,17,Strength Training,54,Monday,2025-05,Evening
CI011022,M0680,2025-03-11,17,Gym Floor,37,Tuesday,2025-03,Evening
CI011023,M0680,2025-03-27,6,Spin,95,Thursday,2025-03,Early Morning
CI011024,M0680,2025-04-08,18,HIIT,29,Tuesday,2025-04,Evening
CI011025,M0680,2025-03-21,12,Strength Training,66,Friday,2025-03,Morning
CI011026,M0680,2025-08-16,6,Gym Floor,46,Saturday,2025-08,Early Morning
CI011027,M0680,2025-07-02,12,Gym Floor,47,Wednesday,2025-07,Morning
CI011028,M0681,2025-03-29,19,Gym Floor,50,Saturday,2025-03,Evening
CI011029,M0681,2025-04-26,6,Strength Training,50,Saturday,2025-04,Early Morning
CI011030,M0681,2025-04-27,21,Cardio,46,Sunday,2025-04,Night
CI011031,M0681,2025-05-09,11,Gym Floor,43,Friday,2025-05,Morning
CI011032,M0681,2025-06-24,19,Strength Training,36,Tuesday,2025-06,Evening
CI011033,M0681,2025-08-25,20,Gym Floor,64,Monday,2025-08,Night
CI011034,M0681,2025-04-20,16,Spin,51,Sunday,2025-04,Afternoon
CI011035,M0681,2025-06-26,17,Gym Floor,46,Thursday,2025-06,Evening
CI011036,M0681,2025-04-21,17,Gym Floor,48,Monday,2025-04,Evening
CI011037,M0681,2025-04-18,10,Gym Floor,56,Friday,2025-04,Morning
CI011038,M0681,2025-08-18,17,Spin,78,Monday,2025-08,Evening
CI011039,M0681,2025-03-04,18,Zumba,65,Tuesday,2025-03,Evening
CI011040,M0681,2025-03-24,17,Yoga,37,Monday,2025-03,Evening
CI011041,M0681,2025-05-08,11,Gym Floor,58,Thursday,2025-05,Morning
CI011042,M0681,2025-04-23,17,CrossFit,20,Wednesday,2025-04,Evening
CI011043,M0682,2025-07-22,18,Yoga,20,Tuesday,2025-07,Evening
CI011044,M0682,2025-05-17,19,Gym Floor,70,Saturday,2025-05,Evening
CI011045,M0682,2025-05-28,20,Gym Floor,20,Wednesday,2025-05,Night
CI011046,M0682,2025-05-07,7,Gym Floor,59,Wednesday,2025-05,Early Morning
CI011047,M0682,2025-03-24,18,Gym Floor,61,Monday,2025-03,Evening
CI011048,M0682,2025-05-14,18,CrossFit,28,Wednesday,2025-05,Evening
CI011049,M0682,2025-05-20,11,Strength Training,20,Tuesday,2025-05,Morning
CI011050,M0682,2025-05-22,6,Spin,46,Thursday,2025-05,Early Morning
CI011051,M0682,2025-08-27,16,HIIT,63,Wednesday,2025-08,Afternoon
CI011052,M0682,2025-05-27,10,Spin,44,Tuesday,2025-05,Morning
CI011053,M0682,2025-03-18,9,Gym Floor,26,Tuesday,2025-03,Early Morning
CI011054,M0682,2025-05-30,18,Strength Training,38,Friday,2025-05,Evening
CI011055,M0682,2025-03-27,12,Gym Floor,33,Thursday,2025-03,Morning
CI011056,M0682,2025-04-26,19,Gym Floor,41,Saturday,2025-04,Evening
CI011057,M0682,2025-05-07,19,Gym Floor,41,Wednesday,2025-05,Evening
CI011058,M0682,2025-06-19,6,Yoga,58,Thursday,2025-06,Early Morning
CI011059,M0682,2025-06-03,10,Strength Training,66,Tuesday,2025-06,Morning
CI011060,M0682,2025-05-07,9,Spin,61,Wednesday,2025-05,Early Morning
CI011061,M0682,2025-05-22,10,Spin,56,Thursday,2025-05,Morning
CI011062,M0682,2025-03-20,19,Cardio,63,Thursday,2025-03,Evening
CI011063,M0684,2025-04-13,9,Gym Floor,61,Sunday,2025-04,Early Morning
CI011064,M0684,2025-04-30,19,Gym Floor,22,Wednesday,2025-04,Evening
CI011065,M0684,2025-05-11,19,Cardio,36,Sunday,2025-05,Evening
CI011066,M0684,2025-07-23,8,Gym Floor,61,Wednesday,2025-07,Early Morning
CI011067,M0684,2025-05-13,17,Strength Training,20,Tuesday,2025-05,Evening
CI011068,M0684,2025-07-14,10,Yoga,41,Monday,2025-07,Morning
CI011069,M0684,2025-03-09,17,CrossFit,20,Sunday,2025-03,Evening
CI011070,M0685,2025-04-09,17,Spin,49,Wednesday,2025-04,Evening
CI011071,M0685,2025-05-22,8,HIIT,80,Thursday,2025-05,Early Morning
CI011072,M0685,2025-08-03,10,Pilates,82,Sunday,2025-08,Morning
CI011073,M0685,2025-07-17,18,CrossFit,29,Thursday,2025-07,Evening
CI011074,M0685,2025-08-20,12,Gym Floor,47,Wednesday,2025-08,Morning
CI011075,M0685,2025-03-04,17,Gym Floor,68,Tuesday,2025-03,Evening
CI011076,M0686,2025-04-11,6,Yoga,34,Friday,2025-04,Early Morning
CI011077,M0686,2025-07-04,10,Spin,70,Friday,2025-07,Morning
CI011078,M0686,2025-05-04,9,HIIT,59,Sunday,2025-05,Early Morning
CI011079,M0686,2025-06-19,11,Gym Floor,60,Thursday,2025-06,Morning
CI011080,M0686,2025-06-03,17,HIIT,63,Tuesday,2025-06,Evening
CI011081,M0686,2025-08-20,11,Gym Floor,61,Wednesday,2025-08,Morning
CI011082,M0686,2025-05-03,6,Gym Floor,83,Saturday,2025-05,Early Morning
CI011083,M0686,2025-04-13,16,Spin,72,Sunday,2025-04,Afternoon
CI011084,M0686,2025-03-18,6,Pilates,27,Tuesday,2025-03,Early Morning
CI011085,M0686,2025-07-23,19,Cardio,33,Wednesday,2025-07,Evening
CI011086,M0686,2025-08-21,19,Cardio,34,Thursday,2025-08,Evening
CI011087,M0686,2025-08-10,16,Spin,64,Sunday,2025-08,Afternoon
CI011088,M0686,2025-04-28,17,Cardio,61,Monday,2025-04,Evening
CI011089,M0686,2025-06-08,12,HIIT,70,Sunday,2025-06,Morning
CI011090,M0686,2025-07-03,17,Gym Floor,34,Thursday,2025-07,Evening
CI011091,M0686,2025-03-13,11,Gym Floor,40,Thursday,2025-03,Morning
CI011092,M0686,2025-06-24,16,Zumba,71,Tuesday,2025-06,Afternoon
CI011093,M0686,2025-06-24,7,Gym Floor,54,Tuesday,2025-06,Early Morning
CI011094,M0686,2025-06-16,19,Gym Floor,55,Monday,2025-06,Evening
CI011095,M0686,2025-08-10,12,HIIT,35,Sunday,2025-08,Morning
CI011096,M0686,2025-04-11,7,Zumba,56,Friday,2025-04,Early Morning
CI011097,M0686,2025-04-19,8,Yoga,38,Saturday,2025-04,Early Morning
CI011098,M0686,2025-06-25,19,Pilates,47,Wednesday,2025-06,Evening
CI011099,M0686,2025-05-06,8,Gym Floor,59,Tuesday,2025-05,Early Morning
CI011100,M0686,2025-06-17,16,Gym Floor,62,Tuesday,2025-06,Afternoon
CI011101,M0687,2025-04-08,10,Strength Training,55,Tuesday,2025-04,Morning
CI011102,M0687,2025-04-28,11,Pilates,37,Monday,2025-04,Morning
CI011103,M0687,2025-07-09,17,Gym Floor,65,Wednesday,2025-07,Evening
CI011104,M0687,2025-05-13,19,Gym Floor,23,Tuesday,2025-05,Evening
CI011105,M0688,2025-06-20,19,HIIT,69,Friday,2025-06,Evening
CI011106,M0688,2025-06-27,6,HIIT,60,Friday,2025-06,Early Morning
CI011107,M0688,2025-04-18,9,Gym Floor,43,Friday,2025-04,Early Morning
CI011108,M0688,2025-07-20,17,Gym Floor,32,Sunday,2025-07,Evening
CI011109,M0688,2025-07-19,8,Gym Floor,51,Saturday,2025-07,Early Morning
CI011110,M0688,2025-03-28,8,Gym Floor,60,Friday,2025-03,Early Morning
CI011111,M0688,2025-08-09,8,Strength Training,53,Saturday,2025-08,Early Morning
CI011112,M0688,2025-03-17,10,HIIT,30,Monday,2025-03,Morning
CI011113,M0688,2025-06-03,18,Gym Floor,49,Tuesday,2025-06,Evening
CI011114,M0688,2025-05-08,17,Gym Floor,28,Thursday,2025-05,Evening
CI011115,M0688,2025-07-15,20,HIIT,45,Tuesday,2025-07,Night
CI011116,M0688,2025-03-10,18,HIIT,40,Monday,2025-03,Evening
CI011117,M0688,2025-03-08,17,Cardio,73,Saturday,2025-03,Evening
CI011118,M0688,2025-05-17,18,Zumba,57,Saturday,2025-05,Evening
CI011119,M0688,2025-04-12,18,Cardio,42,Saturday,2025-04,Evening
CI011120,M0688,2025-08-27,7,HIIT,50,Wednesday,2025-08,Early Morning
CI011121,M0688,2025-04-05,20,Gym Floor,33,Saturday,2025-04,Night
CI011122,M0688,2025-04-10,12,Gym Floor,82,Thursday,2025-04,Morning
CI011123,M0689,2025-06-09,17,Yoga,77,Monday,2025-06,Evening
CI011124,M0689,2025-07-25,10,Gym Floor,61,Friday,2025-07,Morning
CI011125,M0689,2025-03-25,7,Gym Floor,76,Tuesday,2025-03,Early Morning
CI011126,M0689,2025-05-03,21,Gym Floor,39,Saturday,2025-05,Night
CI011127,M0689,2025-06-14,18,CrossFit,53,Saturday,2025-06,Evening
CI011128,M0689,2025-06-23,18,Gym Floor,27,Monday,2025-06,Evening
CI011129,M0689,2025-05-20,6,Gym Floor,37,Tuesday,2025-05,Early Morning
CI011130,M0689,2025-03-14,18,Pilates,34,Friday,2025-03,Evening
CI011131,M0689,2025-06-24,19,HIIT,65,Tuesday,2025-06,Evening
CI011132,M0689,2025-04-28,19,Cardio,30,Monday,2025-04,Evening
CI011133,M0689,2025-08-19,21,Gym Floor,57,Tuesday,2025-08,Night
CI011134,M0689,2025-07-18,8,Zumba,34,Friday,2025-07,Early Morning
CI011135,M0689,2025-08-12,9,CrossFit,82,Tuesday,2025-08,Early Morning
CI011136,M0689,2025-03-05,19,HIIT,63,Wednesday,2025-03,Evening
CI011137,M0689,2025-03-21,17,Gym Floor,40,Friday,2025-03,Evening
CI011138,M0689,2025-06-03,9,HIIT,53,Tuesday,2025-06,Early Morning
CI011139,M0689,2025-06-22,6,Gym Floor,41,Sunday,2025-06,Early Morning
CI011140,M0689,2025-03-02,8,Gym Floor,51,Sunday,2025-03,Early Morning
CI011141,M0689,2025-08-25,18,Zumba,48,Monday,2025-08,Evening
CI011142,M0689,2025-03-17,7,Pilates,73,Monday,2025-03,Early Morning
CI011143,M0689,2025-05-17,19,Gym Floor,90,Saturday,2025-05,Evening
CI011144,M0689,2025-05-19,18,Strength Training,69,Monday,2025-05,Evening
CI011145,M0689,2025-04-12,16,Gym Floor,55,Saturday,2025-04,Afternoon
CI011146,M0689,2025-08-11,11,Gym Floor,44,Monday,2025-08,Morning
CI011147,M0689,2025-03-09,19,Spin,28,Sunday,2025-03,Evening
CI011148,M0689,2025-04-25,9,Gym Floor,62,Friday,2025-04,Early Morning
CI011149,M0689,2025-04-15,10,CrossFit,51,Tuesday,2025-04,Morning
CI011150,M0689,2025-06-02,18,Yoga,75,Monday,2025-06,Evening
CI011151,M0690,2025-08-12,6,Gym Floor,37,Tuesday,2025-08,Early Morning
CI011152,M0690,2025-04-26,7,Yoga,59,Saturday,2025-04,Early Morning
CI011153,M0690,2025-07-09,7,CrossFit,65,Wednesday,2025-07,Early Morning
CI011154,M0690,2025-03-23,21,CrossFit,86,Sunday,2025-03,Night
CI011155,M0690,2025-06-12,9,Gym Floor,65,Thursday,2025-06,Early Morning
CI011156,M0690,2025-07-28,10,Pilates,28,Monday,2025-07,Morning
CI011157,M0690,2025-04-08,18,HIIT,52,Tuesday,2025-04,Evening
CI011158,M0690,2025-04-03,18,Strength Training,62,Thursday,2025-04,Evening
CI011159,M0691,2025-04-22,12,Gym Floor,46,Tuesday,2025-04,Morning
CI011160,M0691,2025-07-10,17,Yoga,49,Thursday,2025-07,Evening
CI011161,M0691,2025-04-22,18,Gym Floor,55,Tuesday,2025-04,Evening
CI011162,M0691,2025-03-15,7,CrossFit,50,Saturday,2025-03,Early Morning
CI011163,M0691,2025-03-20,11,HIIT,60,Thursday,2025-03,Morning
CI011164,M0691,2025-03-11,8,Gym Floor,66,Tuesday,2025-03,Early Morning
CI011165,M0692,2025-05-27,12,Strength Training,53,Tuesday,2025-05,Morning
CI011166,M0692,2025-03-16,11,Gym Floor,72,Sunday,2025-03,Morning
CI011167,M0692,2025-06-19,19,Gym Floor,34,Thursday,2025-06,Evening
CI011168,M0693,2025-08-28,6,Pilates,39,Thursday,2025-08,Early Morning
CI011169,M0693,2025-08-21,17,CrossFit,50,Thursday,2025-08,Evening
CI011170,M0693,2025-03-15,8,Gym Floor,60,Saturday,2025-03,Early Morning
CI011171,M0693,2025-04-28,16,CrossFit,64,Monday,2025-04,Afternoon
CI011172,M0693,2025-03-07,18,Gym Floor,27,Friday,2025-03,Evening
CI011173,M0693,2025-03-20,8,Gym Floor,59,Thursday,2025-03,Early Morning
CI011174,M0693,2025-05-08,9,Zumba,84,Thursday,2025-05,Early Morning
CI011175,M0694,2025-06-18,6,Gym Floor,80,Wednesday,2025-06,Early Morning
CI011176,M0694,2025-03-23,18,Gym Floor,38,Sunday,2025-03,Evening
CI011177,M0694,2025-04-20,7,Yoga,44,Sunday,2025-04,Early Morning
CI011178,M0694,2025-08-13,8,Spin,56,Wednesday,2025-08,Early Morning
CI011179,M0694,2025-07-02,18,Gym Floor,49,Wednesday,2025-07,Evening
CI011180,M0694,2025-04-08,10,Pilates,48,Tuesday,2025-04,Morning
CI011181,M0694,2025-04-22,7,Strength Training,51,Tuesday,2025-04,Early Morning
CI011182,M0694,2025-08-15,19,Gym Floor,75,Friday,2025-08,Evening
CI011183,M0694,2025-03-19,12,Pilates,65,Wednesday,2025-03,Morning
CI011184,M0694,2025-06-18,19,Pilates,65,Wednesday,2025-06,Evening
CI011185,M0694,2025-06-03,10,HIIT,79,Tuesday,2025-06,Morning
CI011186,M0694,2025-08-12,19,Gym Floor,55,Tuesday,2025-08,Evening
CI011187,M0694,2025-07-24,6,Yoga,45,Thursday,2025-07,Early Morning
CI011188,M0694,2025-08-12,16,CrossFit,93,Tuesday,2025-08,Afternoon
CI011189,M0695,2025-04-21,19,Gym Floor,27,Monday,2025-04,Evening
CI011190,M0695,2025-03-20,19,Yoga,63,Thursday,2025-03,Evening
CI011191,M0695,2025-06-14,17,Gym Floor,87,Saturday,2025-06,Evening
CI011192,M0695,2025-04-29,17,Gym Floor,56,Tuesday,2025-04,Evening
CI011193,M0695,2025-03-29,17,Yoga,54,Saturday,2025-03,Evening
CI011194,M0695,2025-06-29,10,Gym Floor,61,Sunday,2025-06,Morning
CI011195,M0695,2025-04-23,10,Cardio,94,Wednesday,2025-04,Morning
CI011196,M0696,2025-03-16,7,Zumba,58,Sunday,2025-03,Early Morning
CI011197,M0696,2025-08-22,17,Gym Floor,73,Friday,2025-08,Evening
CI011198,M0696,2025-04-03,12,CrossFit,88,Thursday,2025-04,Morning
CI011199,M0696,2025-08-05,10,Yoga,63,Tuesday,2025-08,Morning
CI011200,M0696,2025-07-06,16,Gym Floor,71,Sunday,2025-07,Afternoon
CI011201,M0696,2025-03-29,6,Spin,64,Saturday,2025-03,Early Morning
CI011202,M0696,2025-05-24,11,Zumba,78,Saturday,2025-05,Morning
CI011203,M0696,2025-07-29,17,Pilates,94,Tuesday,2025-07,Evening
CI011204,M0697,2025-08-30,16,Gym Floor,78,Saturday,2025-08,Afternoon
CI011205,M0697,2025-08-18,19,Cardio,69,Monday,2025-08,Evening
CI011206,M0697,2025-04-19,11,Zumba,34,Saturday,2025-04,Morning
CI011207,M0697,2025-05-08,16,Zumba,53,Thursday,2025-05,Afternoon
CI011208,M0697,2025-07-29,20,Yoga,43,Tuesday,2025-07,Night
CI011209,M0697,2025-06-24,17,CrossFit,43,Tuesday,2025-06,Evening
CI011210,M0697,2025-07-15,17,HIIT,66,Tuesday,2025-07,Evening
CI011211,M0697,2025-04-19,8,Yoga,47,Saturday,2025-04,Early Morning
CI011212,M0697,2025-05-06,11,Zumba,46,Tuesday,2025-05,Morning
CI011213,M0697,2025-08-14,20,Gym Floor,69,Thursday,2025-08,Night
CI011214,M0697,2025-06-28,8,Gym Floor,37,Saturday,2025-06,Early Morning
CI011215,M0697,2025-07-14,19,Gym Floor,27,Monday,2025-07,Evening
CI011216,M0697,2025-05-24,16,Gym Floor,70,Saturday,2025-05,Afternoon
CI011217,M0697,2025-03-28,6,Gym Floor,44,Friday,2025-03,Early Morning
CI011218,M0697,2025-04-07,6,Strength Training,58,Monday,2025-04,Early Morning
CI011219,M0697,2025-03-27,8,Gym Floor,68,Thursday,2025-03,Early Morning
CI011220,M0697,2025-06-09,18,Gym Floor,41,Monday,2025-06,Evening
CI011221,M0698,2025-06-06,7,Gym Floor,52,Friday,2025-06,Early Morning
CI011222,M0698,2025-04-20,12,Gym Floor,62,Sunday,2025-04,Morning
CI011223,M0698,2025-07-23,8,Yoga,32,Wednesday,2025-07,Early Morning
CI011224,M0698,2025-05-14,12,Cardio,64,Wednesday,2025-05,Morning
CI011225,M0698,2025-04-08,17,Gym Floor,34,Tuesday,2025-04,Evening
CI011226,M0698,2025-07-02,7,Gym Floor,72,Wednesday,2025-07,Early Morning
CI011227,M0698,2025-05-21,6,Gym Floor,93,Wednesday,2025-05,Early Morning
CI011228,M0698,2025-05-25,8,CrossFit,65,Sunday,2025-05,Early Morning
CI011229,M0698,2025-04-26,8,Gym Floor,57,Saturday,2025-04,Early Morning
CI011230,M0698,2025-03-09,7,Gym Floor,65,Sunday,2025-03,Early Morning
CI011231,M0698,2025-06-21,7,Gym Floor,91,Saturday,2025-06,Early Morning
CI011232,M0698,2025-03-08,11,Pilates,36,Saturday,2025-03,Morning
CI011233,M0698,2025-04-16,7,Gym Floor,90,Wednesday,2025-04,Early Morning
CI011234,M0698,2025-08-12,6,Cardio,55,Tuesday,2025-08,Early Morning
CI011235,M0698,2025-08-02,18,Spin,54,Saturday,2025-08,Evening
CI011236,M0698,2025-07-18,21,Gym Floor,78,Friday,2025-07,Night
CI011237,M0698,2025-03-08,19,Gym Floor,55,Saturday,2025-03,Evening
CI011238,M0698,2025-04-12,18,Strength Training,60,Saturday,2025-04,Evening
CI011239,M0698,2025-07-09,6,Zumba,47,Wednesday,2025-07,Early Morning
CI011240,M0698,2025-07-08,17,Zumba,60,Tuesday,2025-07,Evening
CI011241,M0698,2025-07-22,18,Gym Floor,43,Tuesday,2025-07,Evening
CI011242,M0698,2025-03-21,17,Yoga,43,Friday,2025-03,Evening
CI011243,M0699,2025-06-04,18,Gym Floor,32,Wednesday,2025-06,Evening
CI011244,M0699,2025-08-16,19,Cardio,58,Saturday,2025-08,Evening
CI011245,M0699,2025-04-26,7,HIIT,70,Saturday,2025-04,Early Morning
CI011246,M0699,2025-04-18,7,Yoga,20,Friday,2025-04,Early Morning
CI011247,M0699,2025-03-16,21,Yoga,23,Sunday,2025-03,Night
CI011248,M0699,2025-03-13,18,Gym Floor,39,Thursday,2025-03,Evening
CI011249,M0699,2025-06-09,19,Zumba,74,Monday,2025-06,Evening
CI011250,M0699,2025-07-25,18,Yoga,55,Friday,2025-07,Evening
CI011251,M0699,2025-06-08,9,Gym Floor,80,Sunday,2025-06,Early Morning
CI011252,M0699,2025-07-14,12,Gym Floor,55,Monday,2025-07,Morning
CI011253,M0699,2025-07-16,18,Gym Floor,93,Wednesday,2025-07,Evening
CI011254,M0699,2025-08-08,19,Strength Training,44,Friday,2025-08,Evening
CI011255,M0699,2025-08-19,18,Zumba,85,Tuesday,2025-08,Evening
CI011256,M0699,2025-08-15,18,Strength Training,54,Friday,2025-08,Evening
CI011257,M0699,2025-05-13,12,HIIT,41,Tuesday,2025-05,Morning
CI011258,M0699,2025-07-09,17,Yoga,93,Wednesday,2025-07,Evening
CI011259,M0699,2025-05-26,17,Gym Floor,41,Monday,2025-05,Evening
CI011260,M0699,2025-08-18,7,HIIT,72,Monday,2025-08,Early Morning
CI011261,M0699,2025-08-05,17,Gym Floor,53,Tuesday,2025-08,Evening
CI011262,M0699,2025-05-05,8,Gym Floor,45,Monday,2025-05,Early Morning
CI011263,M0700,2025-05-29,7,CrossFit,57,Thursday,2025-05,Early Morning
CI011264,M0700,2025-05-31,11,CrossFit,56,Saturday,2025-05,Morning
CI011265,M0700,2025-07-13,7,Zumba,66,Sunday,2025-07,Early Morning
CI011266,M0700,2025-07-31,11,Yoga,74,Thursday,2025-07,Morning
CI011267,M0701,2025-07-09,18,CrossFit,56,Wednesday,2025-07,Evening
CI011268,M0701,2025-08-13,7,Yoga,44,Wednesday,2025-08,Early Morning
CI011269,M0701,2025-03-09,20,Gym Floor,58,Sunday,2025-03,Night
CI011270,M0701,2025-06-17,11,HIIT,47,Tuesday,2025-06,Morning
CI011271,M0701,2025-04-13,12,Gym Floor,53,Sunday,2025-04,Morning
CI011272,M0702,2025-03-10,18,Gym Floor,34,Monday,2025-03,Evening
CI011273,M0702,2025-04-01,18,Gym Floor,102,Tuesday,2025-04,Evening
CI011274,M0702,2025-03-15,19,Zumba,58,Saturday,2025-03,Evening
CI011275,M0702,2025-04-05,9,HIIT,66,Saturday,2025-04,Early Morning
CI011276,M0702,2025-06-08,19,Gym Floor,45,Sunday,2025-06,Evening
CI011277,M0702,2025-03-26,8,Gym Floor,30,Wednesday,2025-03,Early Morning
CI011278,M0702,2025-06-19,17,Cardio,58,Thursday,2025-06,Evening
CI011279,M0702,2025-07-26,17,Strength Training,59,Saturday,2025-07,Evening
CI011280,M0702,2025-04-21,12,Cardio,22,Monday,2025-04,Morning
CI011281,M0702,2025-07-27,8,Spin,67,Sunday,2025-07,Early Morning
CI011282,M0702,2025-03-17,18,Gym Floor,52,Monday,2025-03,Evening
CI011283,M0702,2025-08-14,17,Gym Floor,52,Thursday,2025-08,Evening
CI011284,M0702,2025-04-19,10,HIIT,55,Saturday,2025-04,Morning
CI011285,M0702,2025-07-06,16,Gym Floor,30,Sunday,2025-07,Afternoon
CI011286,M0702,2025-05-28,8,Spin,46,Wednesday,2025-05,Early Morning
CI011287,M0702,2025-07-23,8,Zumba,47,Wednesday,2025-07,Early Morning
CI011288,M0702,2025-04-22,9,Strength Training,42,Tuesday,2025-04,Early Morning
CI011289,M0703,2025-04-09,18,Yoga,43,Wednesday,2025-04,Evening
CI011290,M0703,2025-06-07,18,Gym Floor,53,Saturday,2025-06,Evening
CI011291,M0703,2025-07-09,17,Spin,56,Wednesday,2025-07,Evening
CI011292,M0703,2025-07-25,18,CrossFit,57,Friday,2025-07,Evening
CI011293,M0703,2025-06-09,18,HIIT,21,Monday,2025-06,Evening
CI011294,M0703,2025-03-30,19,Cardio,84,Sunday,2025-03,Evening
CI011295,M0703,2025-06-24,18,Gym Floor,63,Tuesday,2025-06,Evening
CI011296,M0703,2025-03-30,16,Gym Floor,60,Sunday,2025-03,Afternoon
CI011297,M0703,2025-08-03,10,Gym Floor,74,Sunday,2025-08,Morning
CI011298,M0703,2025-06-24,18,CrossFit,71,Tuesday,2025-06,Evening
CI011299,M0703,2025-08-07,19,Spin,75,Thursday,2025-08,Evening
CI011300,M0703,2025-04-10,16,Gym Floor,80,Thursday,2025-04,Afternoon
CI011301,M0703,2025-04-24,6,Gym Floor,37,Thursday,2025-04,Early Morning
CI011302,M0703,2025-06-04,17,Zumba,56,Wednesday,2025-06,Evening
CI011303,M0703,2025-04-17,10,Yoga,76,Thursday,2025-04,Morning
CI011304,M0703,2025-07-09,8,Gym Floor,36,Wednesday,2025-07,Early Morning
CI011305,M0703,2025-08-14,16,Gym Floor,22,Thursday,2025-08,Afternoon
CI011306,M0703,2025-03-11,10,Gym Floor,52,Tuesday,2025-03,Morning
CI011307,M0703,2025-03-28,11,Yoga,105,Friday,2025-03,Morning
CI011308,M0703,2025-05-22,18,Pilates,80,Thursday,2025-05,Evening
CI011309,M0703,2025-04-14,8,Gym Floor,40,Monday,2025-04,Early Morning
CI011310,M0703,2025-06-07,19,Cardio,54,Saturday,2025-06,Evening
CI011311,M0703,2025-04-15,19,Zumba,60,Tuesday,2025-04,Evening
CI011312,M0703,2025-05-11,9,CrossFit,25,Sunday,2025-05,Early Morning
CI011313,M0703,2025-06-02,16,Zumba,62,Monday,2025-06,Afternoon
CI011314,M0703,2025-03-15,7,Spin,43,Saturday,2025-03,Early Morning
CI011315,M0703,2025-06-14,19,Spin,77,Saturday,2025-06,Evening
CI011316,M0703,2025-04-24,16,Pilates,40,Thursday,2025-04,Afternoon
CI011317,M0703,2025-08-29,19,Pilates,42,Friday,2025-08,Evening
CI011318,M0703,2025-05-26,12,Cardio,76,Monday,2025-05,Morning
CI011319,M0703,2025-04-03,16,Yoga,80,Thursday,2025-04,Afternoon
CI011320,M0703,2025-04-13,10,Strength Training,48,Sunday,2025-04,Morning
CI011321,M0703,2025-04-28,18,CrossFit,61,Monday,2025-04,Evening
CI011322,M0703,2025-06-14,11,Gym Floor,44,Saturday,2025-06,Morning
CI011323,M0705,2025-05-29,18,Zumba,42,Thursday,2025-05,Evening
CI011324,M0705,2025-04-11,16,Gym Floor,62,Friday,2025-04,Afternoon
CI011325,M0705,2025-04-07,7,Gym Floor,41,Monday,2025-04,Early Morning
CI011326,M0705,2025-03-24,11,Gym Floor,55,Monday,2025-03,Morning
CI011327,M0705,2025-03-18,17,Yoga,60,Tuesday,2025-03,Evening
CI011328,M0705,2025-06-26,6,Gym Floor,47,Thursday,2025-06,Early Morning
CI011329,M0705,2025-08-26,19,Spin,65,Tuesday,2025-08,Evening
CI011330,M0705,2025-08-18,7,Gym Floor,20,Monday,2025-08,Early Morning
CI011331,M0705,2025-08-31,12,Pilates,34,Sunday,2025-08,Morning
CI011332,M0705,2025-07-25,19,Spin,47,Friday,2025-07,Evening
CI011333,M0705,2025-06-17,20,Gym Floor,45,Tuesday,2025-06,Night
CI011334,M0705,2025-08-13,9,Spin,66,Wednesday,2025-08,Early Morning
CI011335,M0705,2025-04-16,7,Pilates,59,Wednesday,2025-04,Early Morning
CI011336,M0705,2025-08-29,16,Gym Floor,61,Friday,2025-08,Afternoon
CI011337,M0705,2025-04-05,16,CrossFit,65,Saturday,2025-04,Afternoon
CI011338,M0705,2025-08-05,12,Cardio,49,Tuesday,2025-08,Morning
CI011339,M0705,2025-05-01,6,Yoga,61,Thursday,2025-05,Early Morning
CI011340,M0705,2025-07-30,19,HIIT,25,Wednesday,2025-07,Evening
CI011341,M0705,2025-05-29,19,CrossFit,25,Thursday,2025-05,Evening
CI011342,M0705,2025-08-11,6,Zumba,22,Monday,2025-08,Early Morning
CI011343,M0705,2025-04-29,7,HIIT,52,Tuesday,2025-04,Early Morning
CI011344,M0706,2025-04-30,8,Zumba,43,Wednesday,2025-04,Early Morning
CI011345,M0706,2025-03-14,10,Strength Training,28,Friday,2025-03,Morning
CI011346,M0706,2025-07-29,12,Strength Training,86,Tuesday,2025-07,Morning
CI011347,M0706,2025-05-06,17,Cardio,38,Tuesday,2025-05,Evening
CI011348,M0706,2025-04-14,12,Gym Floor,30,Monday,2025-04,Morning
CI011349,M0706,2025-03-31,16,Strength Training,44,Monday,2025-03,Afternoon
CI011350,M0706,2025-08-26,8,Cardio,40,Tuesday,2025-08,Early Morning
CI011351,M0706,2025-08-08,17,HIIT,73,Friday,2025-08,Evening
CI011352,M0706,2025-08-13,17,Gym Floor,45,Wednesday,2025-08,Evening
CI011353,M0706,2025-04-23,9,Yoga,35,Wednesday,2025-04,Early Morning
CI011354,M0706,2025-06-20,19,Strength Training,71,Friday,2025-06,Evening
CI011355,M0706,2025-06-19,20,Cardio,71,Thursday,2025-06,Night
CI011356,M0707,2025-05-27,16,CrossFit,57,Tuesday,2025-05,Afternoon
CI011357,M0707,2025-03-01,9,Gym Floor,40,Saturday,2025-03,Early Morning
CI011358,M0707,2025-08-20,19,Cardio,56,Wednesday,2025-08,Evening
CI011359,M0707,2025-04-17,17,HIIT,53,Thursday,2025-04,Evening
CI011360,M0707,2025-07-16,20,Gym Floor,59,Wednesday,2025-07,Night
CI011361,M0708,2025-05-16,17,Cardio,71,Friday,2025-05,Evening
CI011362,M0708,2025-06-05,19,Gym Floor,61,Thursday,2025-06,Evening
CI011363,M0708,2025-03-12,19,Zumba,77,Wednesday,2025-03,Evening
CI011364,M0708,2025-07-17,18,Gym Floor,91,Thursday,2025-07,Evening
CI011365,M0708,2025-03-07,6,Zumba,45,Friday,2025-03,Early Morning
CI011366,M0708,2025-08-09,12,HIIT,71,Saturday,2025-08,Morning
CI011367,M0708,2025-08-07,8,HIIT,43,Thursday,2025-08,Early Morning
CI011368,M0708,2025-08-21,8,Gym Floor,79,Thursday,2025-08,Early Morning
CI011369,M0708,2025-04-27,12,Gym Floor,64,Sunday,2025-04,Morning
CI011370,M0708,2025-08-27,17,Gym Floor,52,Wednesday,2025-08,Evening
CI011371,M0708,2025-04-21,11,HIIT,55,Monday,2025-04,Morning
CI011372,M0708,2025-07-17,7,Gym Floor,58,Thursday,2025-07,Early Morning
CI011373,M0708,2025-04-01,20,Gym Floor,48,Tuesday,2025-04,Night
CI011374,M0708,2025-07-19,18,Gym Floor,48,Saturday,2025-07,Evening
CI011375,M0708,2025-08-01,19,Cardio,50,Friday,2025-08,Evening
CI011376,M0708,2025-07-01,10,CrossFit,22,Tuesday,2025-07,Morning
CI011377,M0708,2025-03-18,18,Gym Floor,48,Tuesday,2025-03,Evening
CI011378,M0708,2025-06-08,16,Gym Floor,80,Sunday,2025-06,Afternoon
CI011379,M0708,2025-05-12,11,Yoga,75,Monday,2025-05,Morning
CI011380,M0708,2025-03-10,6,Gym Floor,54,Monday,2025-03,Early Morning
CI011381,M0708,2025-06-10,18,Zumba,53,Tuesday,2025-06,Evening
CI011382,M0708,2025-03-30,18,Gym Floor,50,Sunday,2025-03,Evening
CI011383,M0709,2025-08-31,9,Strength Training,37,Sunday,2025-08,Early Morning
CI011384,M0709,2025-07-13,9,Spin,20,Sunday,2025-07,Early Morning
CI011385,M0709,2025-05-07,11,Gym Floor,40,Wednesday,2025-05,Morning
CI011386,M0709,2025-07-18,19,Gym Floor,51,Friday,2025-07,Evening
CI011387,M0709,2025-06-06,6,Gym Floor,63,Friday,2025-06,Early Morning
CI011388,M0709,2025-08-29,18,Cardio,62,Friday,2025-08,Evening
CI011389,M0710,2025-06-26,6,Yoga,44,Thursday,2025-06,Early Morning
CI011390,M0710,2025-05-10,20,Gym Floor,78,Saturday,2025-05,Night
CI011391,M0710,2025-08-18,9,Gym Floor,40,Monday,2025-08,Early Morning
CI011392,M0711,2025-08-11,6,CrossFit,66,Monday,2025-08,Early Morning
CI011393,M0711,2025-05-20,20,Gym Floor,69,Tuesday,2025-05,Night
CI011394,M0711,2025-03-09,8,Gym Floor,27,Sunday,2025-03,Early Morning
CI011395,M0711,2025-06-21,10,Gym Floor,65,Saturday,2025-06,Morning
CI011396,M0711,2025-04-07,16,Yoga,78,Monday,2025-04,Afternoon
CI011397,M0711,2025-03-14,6,Cardio,55,Friday,2025-03,Early Morning
CI011398,M0711,2025-05-08,8,Cardio,74,Thursday,2025-05,Early Morning
CI011399,M0711,2025-05-22,7,Cardio,63,Thursday,2025-05,Early Morning
CI011400,M0711,2025-05-15,7,Gym Floor,47,Thursday,2025-05,Early Morning
CI011401,M0711,2025-06-03,18,Gym Floor,63,Tuesday,2025-06,Evening
CI011402,M0711,2025-07-05,16,Gym Floor,23,Saturday,2025-07,Afternoon
CI011403,M0711,2025-04-25,18,Spin,67,Friday,2025-04,Evening
CI011404,M0711,2025-03-03,7,Cardio,47,Monday,2025-03,Early Morning
CI011405,M0711,2025-04-24,20,Gym Floor,50,Thursday,2025-04,Night
CI011406,M0711,2025-05-08,6,Yoga,55,Thursday,2025-05,Early Morning
CI011407,M0711,2025-04-29,12,Gym Floor,72,Tuesday,2025-04,Morning
CI011408,M0711,2025-05-27,6,Gym Floor,37,Tuesday,2025-05,Early Morning
CI011409,M0711,2025-03-24,6,Zumba,48,Monday,2025-03,Early Morning
CI011410,M0711,2025-08-30,18,Gym Floor,68,Saturday,2025-08,Evening
CI011411,M0711,2025-07-25,19,Strength Training,43,Friday,2025-07,Evening
CI011412,M0711,2025-07-05,21,Gym Floor,50,Saturday,2025-07,Night
CI011413,M0711,2025-03-15,19,Gym Floor,33,Saturday,2025-03,Evening
CI011414,M0711,2025-06-21,7,Gym Floor,33,Saturday,2025-06,Early Morning
CI011415,M0711,2025-05-19,6,Gym Floor,70,Monday,2025-05,Early Morning
CI011416,M0711,2025-04-18,21,Gym Floor,29,Friday,2025-04,Night
CI011417,M0711,2025-08-03,16,Gym Floor,79,Sunday,2025-08,Afternoon
CI011418,M0711,2025-06-12,6,Spin,50,Thursday,2025-06,Early Morning
CI011419,M0711,2025-08-08,18,Yoga,78,Friday,2025-08,Evening
CI011420,M0711,2025-06-23,6,Gym Floor,47,Monday,2025-06,Early Morning
CI011421,M0711,2025-06-20,16,Cardio,75,Friday,2025-06,Afternoon
CI011422,M0711,2025-05-17,18,Gym Floor,37,Saturday,2025-05,Evening
CI011423,M0711,2025-04-18,18,Gym Floor,24,Friday,2025-04,Evening
CI011424,M0711,2025-05-15,9,Yoga,50,Thursday,2025-05,Early Morning
CI011425,M0711,2025-08-11,6,Spin,89,Monday,2025-08,Early Morning
CI011426,M0711,2025-06-15,18,Gym Floor,20,Sunday,2025-06,Evening
CI011427,M0711,2025-03-02,17,Strength Training,70,Sunday,2025-03,Evening
CI011428,M0711,2025-06-01,18,Gym Floor,53,Sunday,2025-06,Evening
CI011429,M0711,2025-04-28,16,Cardio,73,Monday,2025-04,Afternoon
CI011430,M0711,2025-04-10,18,Strength Training,40,Thursday,2025-04,Evening
CI011431,M0711,2025-04-22,6,Zumba,44,Tuesday,2025-04,Early Morning
CI011432,M0711,2025-05-01,19,HIIT,78,Thursday,2025-05,Evening
CI011433,M0712,2025-04-12,18,CrossFit,53,Saturday,2025-04,Evening
CI011434,M0712,2025-07-31,11,Gym Floor,22,Thursday,2025-07,Morning
CI011435,M0712,2025-07-22,19,Zumba,61,Tuesday,2025-07,Evening
CI011436,M0712,2025-03-31,17,Gym Floor,48,Monday,2025-03,Evening
CI011437,M0712,2025-08-06,16,Spin,42,Wednesday,2025-08,Afternoon
CI011438,M0712,2025-05-23,8,Spin,48,Friday,2025-05,Early Morning
CI011439,M0712,2025-08-23,19,Gym Floor,59,Saturday,2025-08,Evening
CI011440,M0712,2025-07-05,6,Gym Floor,45,Saturday,2025-07,Early Morning
CI011441,M0712,2025-08-20,19,Gym Floor,81,Wednesday,2025-08,Evening
CI011442,M0712,2025-07-24,17,Gym Floor,48,Thursday,2025-07,Evening
CI011443,M0712,2025-04-21,18,Gym Floor,38,Monday,2025-04,Evening
CI011444,M0712,2025-03-16,10,Yoga,45,Sunday,2025-03,Morning
CI011445,M0712,2025-05-17,11,Cardio,73,Saturday,2025-05,Morning
CI011446,M0712,2025-04-20,8,Zumba,55,Sunday,2025-04,Early Morning
CI011447,M0712,2025-03-10,6,Gym Floor,28,Monday,2025-03,Early Morning
CI011448,M0712,2025-05-12,7,HIIT,64,Monday,2025-05,Early Morning
CI011449,M0712,2025-06-08,18,Strength Training,50,Sunday,2025-06,Evening
CI011450,M0712,2025-03-15,18,Zumba,39,Saturday,2025-03,Evening
CI011451,M0712,2025-05-14,7,Gym Floor,54,Wednesday,2025-05,Early Morning
CI011452,M0712,2025-03-11,18,Pilates,63,Tuesday,2025-03,Evening
CI011453,M0712,2025-05-07,18,Yoga,47,Wednesday,2025-05,Evening
CI011454,M0712,2025-07-18,19,Pilates,62,Friday,2025-07,Evening
CI011455,M0712,2025-04-03,16,Gym Floor,20,Thursday,2025-04,Afternoon
CI011456,M0712,2025-08-05,17,CrossFit,64,Tuesday,2025-08,Evening
CI011457,M0712,2025-08-06,12,Gym Floor,77,Wednesday,2025-08,Morning
CI011458,M0712,2025-06-06,12,Gym Floor,58,Friday,2025-06,Morning
CI011459,M0712,2025-06-15,8,Gym Floor,26,Sunday,2025-06,Early Morning
CI011460,M0713,2025-05-07,18,Cardio,36,Wednesday,2025-05,Evening
CI011461,M0713,2025-06-30,9,CrossFit,67,Monday,2025-06,Early Morning
CI011462,M0713,2025-05-09,17,Gym Floor,65,Friday,2025-05,Evening
CI011463,M0713,2025-04-01,20,HIIT,82,Tuesday,2025-04,Night
CI011464,M0713,2025-03-14,9,CrossFit,54,Friday,2025-03,Early Morning
CI011465,M0713,2025-04-10,8,Gym Floor,51,Thursday,2025-04,Early Morning
CI011466,M0713,2025-07-01,7,HIIT,69,Tuesday,2025-07,Early Morning
CI011467,M0714,2025-08-13,21,Pilates,23,Wednesday,2025-08,Night
CI011468,M0714,2025-07-11,7,Pilates,63,Friday,2025-07,Early Morning
CI011469,M0714,2025-06-13,7,Spin,47,Friday,2025-06,Early Morning
CI011470,M0716,2025-07-14,17,Yoga,57,Monday,2025-07,Evening
CI011471,M0716,2025-08-11,8,Gym Floor,50,Monday,2025-08,Early Morning
CI011472,M0716,2025-08-05,18,Cardio,72,Tuesday,2025-08,Evening
CI011473,M0716,2025-08-10,19,Gym Floor,51,Sunday,2025-08,Evening
CI011474,M0716,2025-08-19,7,Cardio,58,Tuesday,2025-08,Early Morning
CI011475,M0716,2025-05-11,9,Pilates,61,Sunday,2025-05,Early Morning
CI011476,M0716,2025-08-02,19,CrossFit,58,Saturday,2025-08,Evening
CI011477,M0716,2025-05-06,12,Zumba,40,Tuesday,2025-05,Morning
CI011478,M0716,2025-06-24,12,Gym Floor,69,Tuesday,2025-06,Morning
CI011479,M0716,2025-03-10,16,Gym Floor,56,Monday,2025-03,Afternoon
CI011480,M0716,2025-03-02,18,Gym Floor,71,Sunday,2025-03,Evening
CI011481,M0716,2025-05-03,19,Gym Floor,21,Saturday,2025-05,Evening
CI011482,M0716,2025-07-05,16,Gym Floor,94,Saturday,2025-07,Afternoon
CI011483,M0716,2025-03-16,8,Yoga,66,Sunday,2025-03,Early Morning
CI011484,M0716,2025-07-26,16,Strength Training,37,Saturday,2025-07,Afternoon
CI011485,M0716,2025-07-16,20,HIIT,71,Wednesday,2025-07,Night
CI011486,M0716,2025-05-19,18,Gym Floor,71,Monday,2025-05,Evening
CI011487,M0716,2025-05-25,19,Cardio,53,Sunday,2025-05,Evening
CI011488,M0716,2025-07-23,17,Gym Floor,47,Wednesday,2025-07,Evening
CI011489,M0716,2025-08-22,17,Spin,78,Friday,2025-08,Evening
CI011490,M0716,2025-05-29,18,Gym Floor,27,Thursday,2025-05,Evening
CI011491,M0716,2025-04-10,18,Gym Floor,38,Thursday,2025-04,Evening
CI011492,M0716,2025-06-04,17,Gym Floor,37,Wednesday,2025-06,Evening
CI011493,M0716,2025-03-05,8,Yoga,52,Wednesday,2025-03,Early Morning
CI011494,M0716,2025-07-21,8,Gym Floor,68,Monday,2025-07,Early Morning
CI011495,M0716,2025-08-26,6,Pilates,20,Tuesday,2025-08,Early Morning
CI011496,M0716,2025-07-28,16,Gym Floor,53,Monday,2025-07,Afternoon
CI011497,M0716,2025-08-02,17,Zumba,47,Saturday,2025-08,Evening
CI011498,M0716,2025-06-08,9,Gym Floor,57,Sunday,2025-06,Early Morning
CI011499,M0716,2025-03-05,11,HIIT,74,Wednesday,2025-03,Morning
CI011500,M0716,2025-06-02,9,Gym Floor,67,Monday,2025-06,Early Morning
CI011501,M0716,2025-06-29,20,Gym Floor,53,Sunday,2025-06,Night
CI011502,M0716,2025-05-01,17,Strength Training,57,Thursday,2025-05,Evening
CI011503,M0716,2025-08-04,10,Gym Floor,44,Monday,2025-08,Morning
CI011504,M0716,2025-08-29,12,Strength Training,73,Friday,2025-08,Morning
CI011505,M0716,2025-03-04,19,Gym Floor,86,Tuesday,2025-03,Evening
CI011506,M0716,2025-06-04,18,Pilates,61,Wednesday,2025-06,Evening
CI011507,M0717,2025-08-02,21,Gym Floor,40,Saturday,2025-08,Night
CI011508,M0717,2025-07-21,8,Spin,41,Monday,2025-07,Early Morning
CI011509,M0718,2025-04-11,8,Gym Floor,51,Friday,2025-04,Early Morning
CI011510,M0718,2025-05-27,18,Gym Floor,60,Tuesday,2025-05,Evening
CI011511,M0718,2025-05-29,17,Spin,69,Thursday,2025-05,Evening
CI011512,M0718,2025-08-08,6,Pilates,44,Friday,2025-08,Early Morning
CI011513,M0718,2025-07-19,18,Gym Floor,47,Saturday,2025-07,Evening
CI011514,M0718,2025-03-10,6,Cardio,38,Monday,2025-03,Early Morning
CI011515,M0718,2025-07-25,11,Gym Floor,46,Friday,2025-07,Morning
CI011516,M0719,2025-05-25,6,Pilates,86,Sunday,2025-05,Early Morning
CI011517,M0719,2025-08-27,10,HIIT,24,Wednesday,2025-08,Morning
CI011518,M0720,2025-08-31,9,Yoga,48,Sunday,2025-08,Early Morning
CI011519,M0720,2025-03-05,6,HIIT,49,Wednesday,2025-03,Early Morning
CI011520,M0720,2025-03-01,8,Yoga,74,Saturday,2025-03,Early Morning
CI011521,M0720,2025-08-15,8,Gym Floor,53,Friday,2025-08,Early Morning
CI011522,M0720,2025-07-30,6,Gym Floor,23,Wednesday,2025-07,Early Morning
CI011523,M0720,2025-06-18,18,Cardio,83,Wednesday,2025-06,Evening
CI011524,M0720,2025-08-03,20,Gym Floor,47,Sunday,2025-08,Night
CI011525,M0720,2025-06-19,7,Gym Floor,67,Thursday,2025-06,Early Morning
CI011526,M0720,2025-04-23,17,Gym Floor,65,Wednesday,2025-04,Evening
CI011527,M0720,2025-06-22,21,Gym Floor,62,Sunday,2025-06,Night
CI011528,M0720,2025-03-15,17,Spin,73,Saturday,2025-03,Evening
CI011529,M0720,2025-06-03,6,Gym Floor,38,Tuesday,2025-06,Early Morning
CI011530,M0720,2025-05-03,19,Gym Floor,67,Saturday,2025-05,Evening
CI011531,M0720,2025-07-22,18,CrossFit,49,Tuesday,2025-07,Evening
CI011532,M0721,2025-04-16,18,CrossFit,57,Wednesday,2025-04,Evening
CI011533,M0721,2025-03-02,18,HIIT,74,Sunday,2025-03,Evening
CI011534,M0721,2025-08-27,18,Gym Floor,38,Wednesday,2025-08,Evening
CI011535,M0721,2025-06-12,11,Gym Floor,68,Thursday,2025-06,Morning
CI011536,M0721,2025-08-26,17,Gym Floor,66,Tuesday,2025-08,Evening
CI011537,M0721,2025-06-06,7,Cardio,61,Friday,2025-06,Early Morning
CI011538,M0721,2025-04-16,17,Pilates,35,Wednesday,2025-04,Evening
CI011539,M0721,2025-06-02,7,Yoga,49,Monday,2025-06,Early Morning
CI011540,M0721,2025-08-23,8,HIIT,46,Saturday,2025-08,Early Morning
CI011541,M0721,2025-07-23,7,Yoga,46,Wednesday,2025-07,Early Morning
CI011542,M0721,2025-05-04,9,Pilates,64,Sunday,2025-05,Early Morning
CI011543,M0721,2025-06-15,9,Yoga,83,Sunday,2025-06,Early Morning
CI011544,M0721,2025-08-16,8,Yoga,49,Saturday,2025-08,Early Morning
CI011545,M0722,2025-05-25,17,Zumba,76,Sunday,2025-05,Evening
CI011546,M0722,2025-08-16,18,Gym Floor,20,Saturday,2025-08,Evening
CI011547,M0722,2025-06-03,8,Gym Floor,99,Tuesday,2025-06,Early Morning
CI011548,M0722,2025-04-02,18,Pilates,40,Wednesday,2025-04,Evening
CI011549,M0722,2025-03-21,9,Strength Training,69,Friday,2025-03,Early Morning
CI011550,M0722,2025-04-13,7,Spin,46,Sunday,2025-04,Early Morning
CI011551,M0722,2025-03-10,6,Gym Floor,57,Monday,2025-03,Early Morning
CI011552,M0722,2025-08-30,18,HIIT,54,Saturday,2025-08,Evening
CI011553,M0722,2025-06-05,19,Yoga,57,Thursday,2025-06,Evening
CI011554,M0722,2025-08-08,18,Strength Training,67,Friday,2025-08,Evening
CI011555,M0722,2025-05-26,16,Zumba,64,Monday,2025-05,Afternoon
CI011556,M0722,2025-03-08,7,Gym Floor,52,Saturday,2025-03,Early Morning
CI011557,M0722,2025-04-22,17,HIIT,53,Tuesday,2025-04,Evening
CI011558,M0722,2025-06-16,18,HIIT,46,Monday,2025-06,Evening
CI011559,M0722,2025-03-30,18,Gym Floor,108,Sunday,2025-03,Evening
CI011560,M0722,2025-07-21,18,Gym Floor,80,Monday,2025-07,Evening
CI011561,M0722,2025-08-17,8,Spin,65,Sunday,2025-08,Early Morning
CI011562,M0722,2025-08-13,18,Gym Floor,66,Wednesday,2025-08,Evening
CI011563,M0722,2025-04-15,19,Cardio,49,Tuesday,2025-04,Evening
CI011564,M0722,2025-07-12,18,Strength Training,92,Saturday,2025-07,Evening
CI011565,M0722,2025-05-29,19,Gym Floor,39,Thursday,2025-05,Evening
CI011566,M0722,2025-08-03,19,Cardio,46,Sunday,2025-08,Evening
CI011567,M0722,2025-05-26,19,Gym Floor,41,Monday,2025-05,Evening
CI011568,M0722,2025-05-06,11,Gym Floor,59,Tuesday,2025-05,Morning
CI011569,M0722,2025-08-01,7,Zumba,24,Friday,2025-08,Early Morning
CI011570,M0722,2025-08-28,19,Gym Floor,26,Thursday,2025-08,Evening
CI011571,M0722,2025-07-20,7,Gym Floor,85,Sunday,2025-07,Early Morning
CI011572,M0722,2025-04-03,16,Pilates,43,Thursday,2025-04,Afternoon
CI011573,M0722,2025-03-09,10,Zumba,70,Sunday,2025-03,Morning
CI011574,M0722,2025-05-08,8,HIIT,64,Thursday,2025-05,Early Morning
CI011575,M0722,2025-08-27,18,Gym Floor,37,Wednesday,2025-08,Evening
CI011576,M0722,2025-04-11,20,Zumba,61,Friday,2025-04,Night
CI011577,M0722,2025-08-31,19,Gym Floor,52,Sunday,2025-08,Evening
CI011578,M0722,2025-04-29,20,HIIT,53,Tuesday,2025-04,Night
CI011579,M0722,2025-03-07,6,Gym Floor,64,Friday,2025-03,Early Morning
CI011580,M0722,2025-07-15,18,Spin,62,Tuesday,2025-07,Evening
CI011581,M0722,2025-08-12,16,Cardio,59,Tuesday,2025-08,Afternoon
CI011582,M0722,2025-07-28,16,HIIT,76,Monday,2025-07,Afternoon
CI011583,M0722,2025-04-30,6,Gym Floor,56,Wednesday,2025-04,Early Morning
CI011584,M0723,2025-08-07,7,Cardio,58,Thursday,2025-08,Early Morning
CI011585,M0723,2025-05-08,10,Yoga,69,Thursday,2025-05,Morning
CI011586,M0723,2025-05-04,6,Gym Floor,47,Sunday,2025-05,Early Morning
CI011587,M0723,2025-03-18,17,CrossFit,58,Tuesday,2025-03,Evening
CI011588,M0723,2025-07-13,18,Gym Floor,57,Sunday,2025-07,Evening
CI011589,M0723,2025-05-22,19,Cardio,55,Thursday,2025-05,Evening
CI011590,M0723,2025-05-16,8,CrossFit,43,Friday,2025-05,Early Morning
CI011591,M0724,2025-03-04,17,HIIT,20,Tuesday,2025-03,Evening
CI011592,M0724,2025-03-02,8,Gym Floor,68,Sunday,2025-03,Early Morning
CI011593,M0724,2025-05-27,19,Zumba,46,Tuesday,2025-05,Evening
CI011594,M0724,2025-08-19,7,Zumba,75,Tuesday,2025-08,Early Morning
CI011595,M0724,2025-08-04,18,CrossFit,68,Monday,2025-08,Evening
CI011596,M0724,2025-07-20,9,Yoga,102,Sunday,2025-07,Early Morning
CI011597,M0724,2025-06-20,17,Gym Floor,57,Friday,2025-06,Evening
CI011598,M0724,2025-04-01,8,Gym Floor,70,Tuesday,2025-04,Early Morning
CI011599,M0724,2025-07-03,19,Gym Floor,39,Thursday,2025-07,Evening
CI011600,M0724,2025-08-02,18,Gym Floor,20,Saturday,2025-08,Evening
CI011601,M0724,2025-05-26,7,Gym Floor,75,Monday,2025-05,Early Morning
CI011602,M0724,2025-03-29,19,Yoga,80,Saturday,2025-03,Evening
CI011603,M0724,2025-07-28,19,Gym Floor,64,Monday,2025-07,Evening
CI011604,M0724,2025-07-10,12,Gym Floor,59,Thursday,2025-07,Morning
CI011605,M0724,2025-07-27,20,Spin,45,Sunday,2025-07,Night
CI011606,M0724,2025-06-04,18,Strength Training,49,Wednesday,2025-06,Evening
CI011607,M0724,2025-08-10,12,Yoga,58,Sunday,2025-08,Morning
CI011608,M0724,2025-03-30,7,Cardio,74,Sunday,2025-03,Early Morning
CI011609,M0724,2025-08-02,9,Gym Floor,52,Saturday,2025-08,Early Morning
CI011610,M0724,2025-07-06,6,Gym Floor,20,Sunday,2025-07,Early Morning
CI011611,M0724,2025-07-06,19,HIIT,45,Sunday,2025-07,Evening
CI011612,M0724,2025-04-13,16,Gym Floor,43,Sunday,2025-04,Afternoon
CI011613,M0724,2025-03-01,18,Gym Floor,65,Saturday,2025-03,Evening
CI011614,M0724,2025-08-21,18,Cardio,26,Thursday,2025-08,Evening
CI011615,M0724,2025-04-19,17,Pilates,47,Saturday,2025-04,Evening
CI011616,M0724,2025-03-23,16,Gym Floor,77,Sunday,2025-03,Afternoon
CI011617,M0724,2025-04-30,17,Gym Floor,20,Wednesday,2025-04,Evening
CI011618,M0724,2025-04-10,8,Yoga,65,Thursday,2025-04,Early Morning
CI011619,M0724,2025-05-30,12,Cardio,71,Friday,2025-05,Morning
CI011620,M0724,2025-07-08,19,Strength Training,67,Tuesday,2025-07,Evening
CI011621,M0724,2025-03-04,17,Gym Floor,60,Tuesday,2025-03,Evening
CI011622,M0724,2025-03-29,19,Gym Floor,86,Saturday,2025-03,Evening
CI011623,M0724,2025-04-18,17,HIIT,27,Friday,2025-04,Evening
CI011624,M0724,2025-06-15,19,Gym Floor,52,Sunday,2025-06,Evening
CI011625,M0724,2025-05-10,6,Gym Floor,55,Saturday,2025-05,Early Morning
CI011626,M0724,2025-07-21,19,Gym Floor,63,Monday,2025-07,Evening
CI011627,M0724,2025-03-19,18,Gym Floor,40,Wednesday,2025-03,Evening
CI011628,M0724,2025-08-20,19,Gym Floor,27,Wednesday,2025-08,Evening
CI011629,M0724,2025-03-26,17,CrossFit,75,Wednesday,2025-03,Evening
CI011630,M0724,2025-03-05,11,Gym Floor,52,Wednesday,2025-03,Morning
CI011631,M0724,2025-03-14,9,Gym Floor,52,Friday,2025-03,Early Morning
CI011632,M0724,2025-06-08,7,HIIT,48,Sunday,2025-06,Early Morning
CI011633,M0724,2025-03-21,7,Spin,62,Friday,2025-03,Early Morning
CI011634,M0724,2025-03-04,17,Spin,47,Tuesday,2025-03,Evening
CI011635,M0724,2025-07-20,21,Gym Floor,73,Sunday,2025-07,Night
CI011636,M0724,2025-08-23,6,Cardio,61,Saturday,2025-08,Early Morning
CI011637,M0724,2025-05-20,18,Zumba,86,Tuesday,2025-05,Evening
CI011638,M0724,2025-06-08,8,CrossFit,61,Sunday,2025-06,Early Morning
CI011639,M0725,2025-06-10,17,Zumba,66,Tuesday,2025-06,Evening
CI011640,M0725,2025-07-07,8,Gym Floor,38,Monday,2025-07,Early Morning
CI011641,M0725,2025-04-08,11,Gym Floor,20,Tuesday,2025-04,Morning
CI011642,M0725,2025-05-10,21,Yoga,47,Saturday,2025-05,Night
CI011643,M0725,2025-03-04,10,Gym Floor,95,Tuesday,2025-03,Morning
CI011644,M0725,2025-07-25,8,Gym Floor,58,Friday,2025-07,Early Morning
CI011645,M0725,2025-07-25,18,Gym Floor,50,Friday,2025-07,Evening
CI011646,M0725,2025-03-25,19,Gym Floor,44,Tuesday,2025-03,Evening
CI011647,M0725,2025-03-01,12,Gym Floor,52,Saturday,2025-03,Morning
CI011648,M0725,2025-07-02,16,CrossFit,54,Wednesday,2025-07,Afternoon
CI011649,M0725,2025-06-21,19,HIIT,59,Saturday,2025-06,Evening
CI011650,M0725,2025-04-15,10,Gym Floor,46,Tuesday,2025-04,Morning
CI011651,M0725,2025-06-17,18,Yoga,42,Tuesday,2025-06,Evening
CI011652,M0726,2025-08-01,11,Spin,53,Friday,2025-08,Morning
CI011653,M0727,2025-07-16,8,Gym Floor,56,Wednesday,2025-07,Early Morning
CI011654,M0727,2025-07-14,9,Pilates,45,Monday,2025-07,Early Morning
CI011655,M0727,2025-05-02,17,Gym Floor,58,Friday,2025-05,Evening
CI011656,M0727,2025-04-27,19,Gym Floor,57,Sunday,2025-04,Evening
CI011657,M0727,2025-04-26,16,Gym Floor,57,Saturday,2025-04,Afternoon
CI011658,M0727,2025-04-17,18,Gym Floor,73,Thursday,2025-04,Evening
CI011659,M0727,2025-08-20,19,Cardio,41,Wednesday,2025-08,Evening
CI011660,M0727,2025-03-15,12,Strength Training,85,Saturday,2025-03,Morning
CI011661,M0727,2025-08-21,7,Pilates,45,Thursday,2025-08,Early Morning
CI011662,M0727,2025-03-17,10,Spin,48,Monday,2025-03,Morning
CI011663,M0727,2025-06-03,9,Gym Floor,61,Tuesday,2025-06,Early Morning
CI011664,M0727,2025-07-04,7,Gym Floor,65,Friday,2025-07,Early Morning
CI011665,M0727,2025-08-15,6,Zumba,71,Friday,2025-08,Early Morning
CI011666,M0728,2025-08-19,10,Gym Floor,52,Tuesday,2025-08,Morning
CI011667,M0728,2025-07-19,18,Spin,28,Saturday,2025-07,Evening
CI011668,M0728,2025-03-13,18,Yoga,36,Thursday,2025-03,Evening
CI011669,M0728,2025-08-17,7,Zumba,46,Sunday,2025-08,Early Morning
CI011670,M0728,2025-05-19,17,Gym Floor,43,Monday,2025-05,Evening
CI011671,M0728,2025-04-27,8,CrossFit,66,Sunday,2025-04,Early Morning
CI011672,M0728,2025-07-03,6,Gym Floor,81,Thursday,2025-07,Early Morning
CI011673,M0729,2025-07-28,18,Gym Floor,52,Monday,2025-07,Evening
CI011674,M0729,2025-07-22,8,Gym Floor,59,Tuesday,2025-07,Early Morning
CI011675,M0729,2025-03-24,18,Gym Floor,35,Monday,2025-03,Evening
CI011676,M0729,2025-04-25,17,Cardio,42,Friday,2025-04,Evening
CI011677,M0729,2025-05-16,18,Pilates,51,Friday,2025-05,Evening
CI011678,M0729,2025-03-21,6,Gym Floor,55,Friday,2025-03,Early Morning
CI011679,M0729,2025-03-25,19,Gym Floor,70,Tuesday,2025-03,Evening
CI011680,M0729,2025-06-19,17,Gym Floor,57,Thursday,2025-06,Evening
CI011681,M0729,2025-03-18,20,Gym Floor,41,Tuesday,2025-03,Night
CI011682,M0729,2025-05-13,19,Cardio,66,Tuesday,2025-05,Evening
CI011683,M0729,2025-05-18,11,Zumba,51,Sunday,2025-05,Morning
CI011684,M0729,2025-07-04,6,Strength Training,57,Friday,2025-07,Early Morning
CI011685,M0729,2025-07-07,8,Gym Floor,59,Monday,2025-07,Early Morning
CI011686,M0729,2025-08-23,16,HIIT,64,Saturday,2025-08,Afternoon
CI011687,M0729,2025-04-22,7,Yoga,75,Tuesday,2025-04,Early Morning
CI011688,M0729,2025-08-08,17,Cardio,53,Friday,2025-08,Evening
CI011689,M0730,2025-06-06,8,Yoga,41,Friday,2025-06,Early Morning
CI011690,M0730,2025-06-06,6,Strength Training,58,Friday,2025-06,Early Morning
CI011691,M0730,2025-05-07,17,Cardio,54,Wednesday,2025-05,Evening
CI011692,M0730,2025-04-26,7,HIIT,73,Saturday,2025-04,Early Morning
CI011693,M0730,2025-04-13,16,Gym Floor,99,Sunday,2025-04,Afternoon
CI011694,M0730,2025-05-08,19,Cardio,57,Thursday,2025-05,Evening
CI011695,M0730,2025-05-12,17,Spin,20,Monday,2025-05,Evening
CI011696,M0730,2025-07-16,17,Gym Floor,64,Wednesday,2025-07,Evening
CI011697,M0730,2025-03-15,6,Zumba,84,Saturday,2025-03,Early Morning
CI011698,M0730,2025-04-07,21,Gym Floor,70,Monday,2025-04,Night
CI011699,M0730,2025-08-04,19,Gym Floor,46,Monday,2025-08,Evening
CI011700,M0730,2025-05-20,18,Yoga,51,Tuesday,2025-05,Evening
CI011701,M0730,2025-07-24,8,Pilates,72,Thursday,2025-07,Early Morning
CI011702,M0730,2025-03-10,20,HIIT,39,Monday,2025-03,Night
CI011703,M0730,2025-06-13,17,Gym Floor,68,Friday,2025-06,Evening
CI011704,M0730,2025-06-17,7,Gym Floor,39,Tuesday,2025-06,Early Morning
CI011705,M0730,2025-03-06,20,Gym Floor,76,Thursday,2025-03,Night
CI011706,M0730,2025-08-09,8,CrossFit,72,Saturday,2025-08,Early Morning
CI011707,M0730,2025-08-31,18,Gym Floor,93,Sunday,2025-08,Evening
CI011708,M0730,2025-06-12,8,CrossFit,48,Thursday,2025-06,Early Morning
CI011709,M0730,2025-03-24,18,Gym Floor,63,Monday,2025-03,Evening
CI011710,M0730,2025-05-12,20,Pilates,51,Monday,2025-05,Night
CI011711,M0730,2025-08-07,6,Zumba,67,Thursday,2025-08,Early Morning
CI011712,M0730,2025-04-28,18,Gym Floor,49,Monday,2025-04,Evening
CI011713,M0730,2025-07-31,16,Zumba,63,Thursday,2025-07,Afternoon
CI011714,M0730,2025-06-11,18,HIIT,81,Wednesday,2025-06,Evening
CI011715,M0731,2025-08-13,12,Zumba,27,Wednesday,2025-08,Morning
CI011716,M0731,2025-07-16,9,HIIT,68,Wednesday,2025-07,Early Morning
CI011717,M0731,2025-03-31,19,Gym Floor,65,Monday,2025-03,Evening
CI011718,M0731,2025-04-20,9,Zumba,54,Sunday,2025-04,Early Morning
CI011719,M0731,2025-03-11,19,Gym Floor,84,Tuesday,2025-03,Evening
CI011720,M0731,2025-06-08,7,Gym Floor,61,Sunday,2025-06,Early Morning
CI011721,M0731,2025-03-20,11,Gym Floor,53,Thursday,2025-03,Morning
CI011722,M0731,2025-07-25,18,Gym Floor,72,Friday,2025-07,Evening
CI011723,M0731,2025-05-19,9,Gym Floor,60,Monday,2025-05,Early Morning
CI011724,M0731,2025-03-24,12,Gym Floor,41,Monday,2025-03,Morning
CI011725,M0731,2025-08-01,21,Spin,50,Friday,2025-08,Night
CI011726,M0731,2025-08-31,7,Gym Floor,21,Sunday,2025-08,Early Morning
CI011727,M0731,2025-08-20,19,Gym Floor,57,Wednesday,2025-08,Evening
CI011728,M0731,2025-06-08,19,Pilates,62,Sunday,2025-06,Evening
CI011729,M0731,2025-05-10,11,Gym Floor,42,Saturday,2025-05,Morning
CI011730,M0731,2025-04-12,6,Gym Floor,45,Saturday,2025-04,Early Morning
CI011731,M0731,2025-04-07,20,Gym Floor,20,Monday,2025-04,Night
CI011732,M0731,2025-04-04,8,Cardio,54,Friday,2025-04,Early Morning
CI011733,M0731,2025-06-16,18,Zumba,72,Monday,2025-06,Evening
CI011734,M0731,2025-08-04,16,Gym Floor,76,Monday,2025-08,Afternoon
CI011735,M0731,2025-08-20,19,HIIT,69,Wednesday,2025-08,Evening
CI011736,M0731,2025-05-23,16,Gym Floor,55,Friday,2025-05,Afternoon
CI011737,M0731,2025-04-16,19,Gym Floor,89,Wednesday,2025-04,Evening
CI011738,M0731,2025-08-19,18,Spin,66,Tuesday,2025-08,Evening
CI011739,M0732,2025-08-03,11,Cardio,51,Sunday,2025-08,Morning
CI011740,M0732,2025-03-14,8,Gym Floor,63,Friday,2025-03,Early Morning
CI011741,M0732,2025-04-26,17,Gym Floor,39,Saturday,2025-04,Evening
CI011742,M0732,2025-06-10,7,Strength Training,51,Tuesday,2025-06,Early Morning
CI011743,M0732,2025-06-21,8,Gym Floor,73,Saturday,2025-06,Early Morning
CI011744,M0732,2025-03-16,11,Gym Floor,50,Sunday,2025-03,Morning
CI011745,M0733,2025-07-02,7,Cardio,40,Wednesday,2025-07,Early Morning
CI011746,M0733,2025-05-23,8,Gym Floor,69,Friday,2025-05,Early Morning
CI011747,M0733,2025-03-23,19,Yoga,57,Sunday,2025-03,Evening
CI011748,M0733,2025-03-27,19,Zumba,46,Thursday,2025-03,Evening
CI011749,M0733,2025-03-10,6,Cardio,56,Monday,2025-03,Early Morning
CI011750,M0733,2025-05-06,18,Pilates,55,Tuesday,2025-05,Evening
CI011751,M0733,2025-06-06,10,Gym Floor,96,Friday,2025-06,Morning
CI011752,M0733,2025-07-09,18,CrossFit,69,Wednesday,2025-07,Evening
CI011753,M0733,2025-07-02,19,Gym Floor,66,Wednesday,2025-07,Evening
CI011754,M0733,2025-06-13,19,Gym Floor,44,Friday,2025-06,Evening
CI011755,M0733,2025-08-11,16,Gym Floor,53,Monday,2025-08,Afternoon
CI011756,M0733,2025-04-20,11,Gym Floor,74,Sunday,2025-04,Morning
CI011757,M0733,2025-07-26,9,Zumba,66,Saturday,2025-07,Early Morning
CI011758,M0733,2025-06-30,8,Cardio,63,Monday,2025-06,Early Morning
CI011759,M0733,2025-07-21,17,Gym Floor,43,Monday,2025-07,Evening
CI011760,M0733,2025-08-11,18,Gym Floor,64,Monday,2025-08,Evening
CI011761,M0733,2025-04-25,16,Zumba,66,Friday,2025-04,Afternoon
CI011762,M0733,2025-05-10,21,Gym Floor,41,Saturday,2025-05,Night
CI011763,M0733,2025-07-22,17,Strength Training,88,Tuesday,2025-07,Evening
CI011764,M0733,2025-06-23,7,Strength Training,57,Monday,2025-06,Early Morning
CI011765,M0733,2025-03-26,11,Strength Training,89,Wednesday,2025-03,Morning
CI011766,M0733,2025-03-04,12,Gym Floor,82,Tuesday,2025-03,Morning
CI011767,M0733,2025-08-09,12,Pilates,31,Saturday,2025-08,Morning
CI011768,M0733,2025-05-02,6,Yoga,45,Friday,2025-05,Early Morning
CI011769,M0733,2025-08-30,9,Yoga,20,Saturday,2025-08,Early Morning
CI011770,M0733,2025-06-12,18,Gym Floor,67,Thursday,2025-06,Evening
CI011771,M0733,2025-08-08,17,Gym Floor,38,Friday,2025-08,Evening
CI011772,M0733,2025-05-20,18,CrossFit,83,Tuesday,2025-05,Evening
CI011773,M0733,2025-04-30,18,Yoga,82,Wednesday,2025-04,Evening
CI011774,M0733,2025-03-25,16,Gym Floor,29,Tuesday,2025-03,Afternoon
CI011775,M0733,2025-03-19,18,CrossFit,38,Wednesday,2025-03,Evening
CI011776,M0733,2025-08-07,19,CrossFit,58,Thursday,2025-08,Evening
CI011777,M0733,2025-07-08,21,Strength Training,45,Tuesday,2025-07,Night
CI011778,M0733,2025-04-01,16,Gym Floor,25,Tuesday,2025-04,Afternoon
CI011779,M0733,2025-07-01,19,Zumba,54,Tuesday,2025-07,Evening
CI011780,M0733,2025-04-26,16,CrossFit,53,Saturday,2025-04,Afternoon
CI011781,M0733,2025-07-03,7,HIIT,56,Thursday,2025-07,Early Morning
CI011782,M0733,2025-04-28,18,Gym Floor,49,Monday,2025-04,Evening
CI011783,M0733,2025-06-13,19,Gym Floor,20,Friday,2025-06,Evening
CI011784,M0733,2025-08-06,10,Gym Floor,43,Wednesday,2025-08,Morning
CI011785,M0733,2025-06-17,8,Gym Floor,58,Tuesday,2025-06,Early Morning
CI011786,M0733,2025-05-25,6,Cardio,44,Sunday,2025-05,Early Morning
CI011787,M0733,2025-05-23,19,Gym Floor,42,Friday,2025-05,Evening
CI011788,M0734,2025-06-01,7,Gym Floor,63,Sunday,2025-06,Early Morning
CI011789,M0734,2025-07-29,17,Zumba,20,Tuesday,2025-07,Evening
CI011790,M0734,2025-03-13,16,Yoga,74,Thursday,2025-03,Afternoon
CI011791,M0734,2025-07-16,10,Strength Training,56,Wednesday,2025-07,Morning
CI011792,M0734,2025-06-27,17,Gym Floor,31,Friday,2025-06,Evening
CI011793,M0734,2025-08-12,6,Gym Floor,31,Tuesday,2025-08,Early Morning
CI011794,M0734,2025-03-10,6,Gym Floor,51,Monday,2025-03,Early Morning
CI011795,M0734,2025-05-18,18,Cardio,100,Sunday,2025-05,Evening
CI011796,M0734,2025-08-20,18,Gym Floor,57,Wednesday,2025-08,Evening
CI011797,M0734,2025-05-30,8,Gym Floor,53,Friday,2025-05,Early Morning
CI011798,M0734,2025-07-04,8,Strength Training,78,Friday,2025-07,Early Morning
CI011799,M0734,2025-07-16,16,Zumba,39,Wednesday,2025-07,Afternoon
CI011800,M0734,2025-08-08,17,Gym Floor,82,Friday,2025-08,Evening
CI011801,M0734,2025-03-31,18,Gym Floor,37,Monday,2025-03,Evening
CI011802,M0734,2025-04-07,7,Gym Floor,38,Monday,2025-04,Early Morning
CI011803,M0734,2025-03-27,19,Gym Floor,20,Thursday,2025-03,Evening
CI011804,M0734,2025-03-14,17,Gym Floor,37,Friday,2025-03,Evening
CI011805,M0734,2025-03-28,20,Strength Training,56,Friday,2025-03,Night
CI011806,M0734,2025-03-12,8,Gym Floor,57,Wednesday,2025-03,Early Morning
CI011807,M0734,2025-08-10,8,Zumba,85,Sunday,2025-08,Early Morning
CI011808,M0734,2025-03-13,11,Cardio,100,Thursday,2025-03,Morning
CI011809,M0734,2025-06-17,18,Yoga,36,Tuesday,2025-06,Evening
CI011810,M0734,2025-05-29,18,HIIT,84,Thursday,2025-05,Evening
CI011811,M0734,2025-08-09,12,Gym Floor,57,Saturday,2025-08,Morning
CI011812,M0734,2025-05-10,7,Gym Floor,61,Saturday,2025-05,Early Morning
CI011813,M0734,2025-04-25,6,Gym Floor,34,Friday,2025-04,Early Morning
CI011814,M0734,2025-05-13,9,Cardio,59,Tuesday,2025-05,Early Morning
CI011815,M0734,2025-07-12,17,Strength Training,78,Saturday,2025-07,Evening
CI011816,M0734,2025-08-10,19,Yoga,69,Sunday,2025-08,Evening
CI011817,M0734,2025-08-01,18,Gym Floor,78,Friday,2025-08,Evening
CI011818,M0734,2025-07-09,17,Gym Floor,55,Wednesday,2025-07,Evening
CI011819,M0735,2025-06-17,16,Cardio,32,Tuesday,2025-06,Afternoon
CI011820,M0735,2025-05-12,8,Gym Floor,85,Monday,2025-05,Early Morning
CI011821,M0735,2025-03-17,16,Zumba,27,Monday,2025-03,Afternoon
CI011822,M0735,2025-08-16,10,Gym Floor,57,Saturday,2025-08,Morning
CI011823,M0735,2025-05-15,9,Pilates,57,Thursday,2025-05,Early Morning
CI011824,M0735,2025-08-21,19,Gym Floor,37,Thursday,2025-08,Evening
CI011825,M0735,2025-08-31,6,Gym Floor,60,Sunday,2025-08,Early Morning
CI011826,M0735,2025-04-04,16,Gym Floor,64,Friday,2025-04,Afternoon
CI011827,M0735,2025-05-29,6,CrossFit,37,Thursday,2025-05,Early Morning
CI011828,M0736,2025-08-14,17,HIIT,71,Thursday,2025-08,Evening
CI011829,M0736,2025-06-25,17,Spin,47,Wednesday,2025-06,Evening
CI011830,M0736,2025-03-08,9,CrossFit,55,Saturday,2025-03,Early Morning
CI011831,M0736,2025-05-08,19,Gym Floor,57,Thursday,2025-05,Evening
CI011832,M0736,2025-06-18,7,Zumba,77,Wednesday,2025-06,Early Morning
CI011833,M0736,2025-03-13,10,Gym Floor,44,Thursday,2025-03,Morning
CI011834,M0736,2025-05-27,7,Cardio,29,Tuesday,2025-05,Early Morning
CI011835,M0736,2025-07-23,7,Gym Floor,38,Wednesday,2025-07,Early Morning
CI011836,M0736,2025-03-29,16,Gym Floor,41,Saturday,2025-03,Afternoon
CI011837,M0737,2025-03-16,21,Yoga,45,Sunday,2025-03,Night
CI011838,M0737,2025-04-27,18,Yoga,80,Sunday,2025-04,Evening
CI011839,M0737,2025-04-27,19,Gym Floor,75,Sunday,2025-04,Evening
CI011840,M0737,2025-03-23,19,Gym Floor,84,Sunday,2025-03,Evening
CI011841,M0737,2025-03-28,9,Strength Training,30,Friday,2025-03,Early Morning
CI011842,M0737,2025-04-21,6,Gym Floor,23,Monday,2025-04,Early Morning
CI011843,M0737,2025-05-21,8,Gym Floor,88,Wednesday,2025-05,Early Morning
CI011844,M0737,2025-08-09,10,Gym Floor,59,Saturday,2025-08,Morning
CI011845,M0737,2025-06-09,8,Cardio,74,Monday,2025-06,Early Morning
CI011846,M0737,2025-06-06,8,CrossFit,48,Friday,2025-06,Early Morning
CI011847,M0737,2025-03-21,17,Zumba,34,Friday,2025-03,Evening
CI011848,M0737,2025-05-01,7,Gym Floor,53,Thursday,2025-05,Early Morning
CI011849,M0737,2025-04-09,7,Gym Floor,61,Wednesday,2025-04,Early Morning
CI011850,M0737,2025-08-11,8,Cardio,66,Monday,2025-08,Early Morning
CI011851,M0737,2025-06-24,11,Pilates,57,Tuesday,2025-06,Morning
CI011852,M0737,2025-07-30,17,Pilates,44,Wednesday,2025-07,Evening
CI011853,M0737,2025-06-08,16,Pilates,52,Sunday,2025-06,Afternoon
CI011854,M0737,2025-04-08,18,HIIT,51,Tuesday,2025-04,Evening
CI011855,M0737,2025-08-29,21,HIIT,68,Friday,2025-08,Night
CI011856,M0737,2025-03-23,11,Yoga,82,Sunday,2025-03,Morning
CI011857,M0737,2025-04-11,16,Zumba,36,Friday,2025-04,Afternoon
CI011858,M0737,2025-04-19,6,Gym Floor,20,Saturday,2025-04,Early Morning
CI011859,M0737,2025-03-01,6,Spin,45,Saturday,2025-03,Early Morning
CI011860,M0737,2025-08-15,6,Gym Floor,70,Friday,2025-08,Early Morning
CI011861,M0737,2025-06-10,16,Pilates,49,Tuesday,2025-06,Afternoon
CI011862,M0737,2025-06-10,20,Gym Floor,87,Tuesday,2025-06,Night
CI011863,M0738,2025-07-21,6,Gym Floor,58,Monday,2025-07,Early Morning
CI011864,M0738,2025-08-31,19,Cardio,44,Sunday,2025-08,Evening
CI011865,M0738,2025-07-05,10,Gym Floor,53,Saturday,2025-07,Morning
CI011866,M0738,2025-08-20,9,Gym Floor,31,Wednesday,2025-08,Early Morning
CI011867,M0738,2025-07-09,7,Zumba,77,Wednesday,2025-07,Early Morning
CI011868,M0738,2025-07-08,18,CrossFit,35,Tuesday,2025-07,Evening
CI011869,M0738,2025-07-16,7,Yoga,56,Wednesday,2025-07,Early Morning
CI011870,M0738,2025-05-15,8,Gym Floor,84,Thursday,2025-05,Early Morning
CI011871,M0738,2025-04-18,21,Gym Floor,32,Friday,2025-04,Night
CI011872,M0738,2025-06-20,6,Gym Floor,35,Friday,2025-06,Early Morning
CI011873,M0738,2025-06-21,21,Gym Floor,69,Saturday,2025-06,Night
CI011874,M0738,2025-07-22,16,Gym Floor,72,Tuesday,2025-07,Afternoon
CI011875,M0738,2025-06-11,20,Gym Floor,51,Wednesday,2025-06,Night
CI011876,M0738,2025-07-24,8,Gym Floor,23,Thursday,2025-07,Early Morning
CI011877,M0738,2025-05-26,7,Zumba,57,Monday,2025-05,Early Morning
CI011878,M0738,2025-04-16,19,Zumba,69,Wednesday,2025-04,Evening
CI011879,M0738,2025-05-14,21,Pilates,25,Wednesday,2025-05,Night
CI011880,M0738,2025-07-06,19,Gym Floor,42,Sunday,2025-07,Evening
CI011881,M0738,2025-06-29,18,Gym Floor,50,Sunday,2025-06,Evening
CI011882,M0738,2025-03-22,18,Gym Floor,32,Saturday,2025-03,Evening
CI011883,M0738,2025-08-09,19,Gym Floor,51,Saturday,2025-08,Evening
CI011884,M0738,2025-06-03,7,Cardio,45,Tuesday,2025-06,Early Morning
CI011885,M0738,2025-04-16,16,Gym Floor,66,Wednesday,2025-04,Afternoon
CI011886,M0739,2025-08-04,19,CrossFit,32,Monday,2025-08,Evening
CI011887,M0739,2025-06-12,20,Gym Floor,53,Thursday,2025-06,Night
CI011888,M0739,2025-05-29,11,Yoga,34,Thursday,2025-05,Morning
CI011889,M0739,2025-08-15,17,Gym Floor,59,Friday,2025-08,Evening
CI011890,M0739,2025-03-15,17,Strength Training,70,Saturday,2025-03,Evening
CI011891,M0740,2025-04-14,9,Gym Floor,20,Monday,2025-04,Early Morning
CI011892,M0740,2025-05-24,12,Strength Training,26,Saturday,2025-05,Morning
CI011893,M0740,2025-07-28,18,Strength Training,62,Monday,2025-07,Evening
CI011894,M0740,2025-07-11,11,HIIT,57,Friday,2025-07,Morning
CI011895,M0740,2025-07-21,10,Cardio,81,Monday,2025-07,Morning
CI011896,M0740,2025-07-15,7,Zumba,56,Tuesday,2025-07,Early Morning
CI011897,M0740,2025-03-13,8,Gym Floor,20,Thursday,2025-03,Early Morning
CI011898,M0740,2025-07-27,17,Gym Floor,66,Sunday,2025-07,Evening
CI011899,M0741,2025-03-08,9,Spin,42,Saturday,2025-03,Early Morning
CI011900,M0741,2025-06-29,8,Cardio,49,Sunday,2025-06,Early Morning
CI011901,M0741,2025-03-16,7,Gym Floor,58,Sunday,2025-03,Early Morning
CI011902,M0741,2025-04-16,11,Gym Floor,60,Wednesday,2025-04,Morning
CI011903,M0741,2025-08-11,8,Cardio,64,Monday,2025-08,Early Morning
CI011904,M0741,2025-06-15,16,Pilates,50,Sunday,2025-06,Afternoon
CI011905,M0741,2025-06-30,19,Strength Training,21,Monday,2025-06,Evening
CI011906,M0741,2025-08-10,18,HIIT,89,Sunday,2025-08,Evening
CI011907,M0741,2025-03-06,18,Yoga,43,Thursday,2025-03,Evening
CI011908,M0741,2025-03-25,21,Zumba,46,Tuesday,2025-03,Night
CI011909,M0742,2025-05-05,19,Strength Training,47,Monday,2025-05,Evening
CI011910,M0742,2025-07-29,12,Zumba,69,Tuesday,2025-07,Morning
CI011911,M0742,2025-08-31,18,CrossFit,68,Sunday,2025-08,Evening
CI011912,M0742,2025-08-26,12,HIIT,49,Tuesday,2025-08,Morning
CI011913,M0742,2025-05-31,17,Gym Floor,41,Saturday,2025-05,Evening
CI011914,M0742,2025-05-30,18,Gym Floor,40,Friday,2025-05,Evening
CI011915,M0742,2025-07-18,6,Yoga,62,Friday,2025-07,Early Morning
CI011916,M0742,2025-08-29,19,Gym Floor,69,Friday,2025-08,Evening
CI011917,M0742,2025-05-12,7,Gym Floor,44,Monday,2025-05,Early Morning
CI011918,M0742,2025-08-04,16,Cardio,69,Monday,2025-08,Afternoon
CI011919,M0742,2025-03-28,9,Cardio,62,Friday,2025-03,Early Morning
CI011920,M0742,2025-06-15,19,Cardio,33,Sunday,2025-06,Evening
CI011921,M0742,2025-03-23,18,HIIT,61,Sunday,2025-03,Evening
CI011922,M0742,2025-05-31,18,Yoga,34,Saturday,2025-05,Evening
CI011923,M0742,2025-03-29,7,HIIT,36,Saturday,2025-03,Early Morning
CI011924,M0742,2025-06-12,7,Gym Floor,20,Thursday,2025-06,Early Morning
CI011925,M0742,2025-06-01,9,Zumba,42,Sunday,2025-06,Early Morning
CI011926,M0742,2025-08-25,17,Zumba,38,Monday,2025-08,Evening
CI011927,M0742,2025-05-29,21,Zumba,62,Thursday,2025-05,Night
CI011928,M0742,2025-05-20,19,Spin,22,Tuesday,2025-05,Evening
CI011929,M0742,2025-04-09,17,Cardio,72,Wednesday,2025-04,Evening
CI011930,M0742,2025-03-09,11,CrossFit,44,Sunday,2025-03,Morning
CI011931,M0742,2025-04-18,19,CrossFit,33,Friday,2025-04,Evening
CI011932,M0744,2025-04-12,18,HIIT,49,Saturday,2025-04,Evening
CI011933,M0744,2025-03-01,17,Spin,71,Saturday,2025-03,Evening
CI011934,M0744,2025-07-02,7,Pilates,67,Wednesday,2025-07,Early Morning
CI011935,M0744,2025-08-30,8,Gym Floor,45,Saturday,2025-08,Early Morning
CI011936,M0744,2025-08-31,18,Gym Floor,74,Sunday,2025-08,Evening
CI011937,M0745,2025-07-04,19,Yoga,50,Friday,2025-07,Evening
CI011938,M0745,2025-07-02,6,Strength Training,63,Wednesday,2025-07,Early Morning
CI011939,M0745,2025-08-27,12,Gym Floor,45,Wednesday,2025-08,Morning
CI011940,M0745,2025-06-08,19,Zumba,44,Sunday,2025-06,Evening
CI011941,M0745,2025-05-08,6,Cardio,53,Thursday,2025-05,Early Morning
CI011942,M0745,2025-04-24,19,Gym Floor,39,Thursday,2025-04,Evening
CI011943,M0745,2025-03-12,21,Spin,54,Wednesday,2025-03,Night
CI011944,M0745,2025-06-29,16,Gym Floor,60,Sunday,2025-06,Afternoon
CI011945,M0745,2025-07-30,8,HIIT,53,Wednesday,2025-07,Early Morning
CI011946,M0745,2025-06-02,8,CrossFit,33,Monday,2025-06,Early Morning
CI011947,M0745,2025-07-19,16,Pilates,66,Saturday,2025-07,Afternoon
CI011948,M0745,2025-06-19,18,Cardio,47,Thursday,2025-06,Evening
CI011949,M0745,2025-05-23,10,Gym Floor,72,Friday,2025-05,Morning
CI011950,M0745,2025-05-25,18,Pilates,63,Sunday,2025-05,Evening
CI011951,M0745,2025-05-30,6,Yoga,75,Friday,2025-05,Early Morning
CI011952,M0745,2025-04-27,20,Strength Training,37,Sunday,2025-04,Night
CI011953,M0745,2025-05-22,18,Gym Floor,59,Thursday,2025-05,Evening
CI011954,M0745,2025-05-13,18,HIIT,33,Tuesday,2025-05,Evening
CI011955,M0745,2025-08-27,18,Gym Floor,55,Wednesday,2025-08,Evening
CI011956,M0745,2025-06-08,19,Zumba,20,Sunday,2025-06,Evening
CI011957,M0745,2025-08-15,17,Zumba,56,Friday,2025-08,Evening
CI011958,M0745,2025-04-29,11,Cardio,59,Tuesday,2025-04,Morning
CI011959,M0745,2025-05-24,18,Gym Floor,78,Saturday,2025-05,Evening
CI011960,M0745,2025-03-06,20,Strength Training,78,Thursday,2025-03,Night
CI011961,M0745,2025-03-17,16,Gym Floor,47,Monday,2025-03,Afternoon
CI011962,M0745,2025-06-25,9,Gym Floor,25,Wednesday,2025-06,Early Morning
CI011963,M0745,2025-06-29,17,CrossFit,42,Sunday,2025-06,Evening
CI011964,M0745,2025-03-09,12,HIIT,65,Sunday,2025-03,Morning
CI011965,M0745,2025-05-09,9,CrossFit,37,Friday,2025-05,Early Morning
CI011966,M0745,2025-05-21,19,Pilates,20,Wednesday,2025-05,Evening
CI011967,M0745,2025-03-25,16,Gym Floor,43,Tuesday,2025-03,Afternoon
CI011968,M0745,2025-05-12,17,Gym Floor,76,Monday,2025-05,Evening
CI011969,M0745,2025-05-27,18,Gym Floor,35,Tuesday,2025-05,Evening
CI011970,M0745,2025-06-17,6,Zumba,45,Tuesday,2025-06,Early Morning
CI011971,M0746,2025-06-12,18,Strength Training,57,Thursday,2025-06,Evening
CI011972,M0746,2025-08-28,17,Zumba,34,Thursday,2025-08,Evening
CI011973,M0746,2025-05-27,17,Strength Training,87,Tuesday,2025-05,Evening
CI011974,M0746,2025-06-13,17,Spin,52,Friday,2025-06,Evening
CI011975,M0746,2025-04-21,7,Gym Floor,67,Monday,2025-04,Early Morning
CI011976,M0746,2025-06-21,8,Gym Floor,70,Saturday,2025-06,Early Morning
CI011977,M0746,2025-08-21,19,Cardio,100,Thursday,2025-08,Evening
CI011978,M0746,2025-08-12,21,Gym Floor,52,Tuesday,2025-08,Night
CI011979,M0746,2025-03-14,11,Pilates,62,Friday,2025-03,Morning
CI011980,M0746,2025-07-05,11,Gym Floor,62,Saturday,2025-07,Morning
CI011981,M0746,2025-08-23,18,Gym Floor,39,Saturday,2025-08,Evening
CI011982,M0746,2025-08-23,19,Gym Floor,62,Saturday,2025-08,Evening
CI011983,M0746,2025-07-06,8,Cardio,55,Sunday,2025-07,Early Morning
CI011984,M0746,2025-03-23,18,Spin,62,Sunday,2025-03,Evening
CI011985,M0746,2025-06-13,17,Gym Floor,53,Friday,2025-06,Evening
CI011986,M0746,2025-07-14,7,Gym Floor,53,Monday,2025-07,Early Morning
CI011987,M0746,2025-05-31,16,Cardio,63,Saturday,2025-05,Afternoon
CI011988,M0746,2025-08-15,6,Strength Training,34,Friday,2025-08,Early Morning
CI011989,M0746,2025-06-18,17,Gym Floor,68,Wednesday,2025-06,Evening
CI011990,M0746,2025-07-13,17,Gym Floor,36,Sunday,2025-07,Evening
CI011991,M0746,2025-03-23,17,Spin,73,Sunday,2025-03,Evening
CI011992,M0746,2025-07-20,17,Zumba,75,Sunday,2025-07,Evening
CI011993,M0746,2025-06-30,7,Gym Floor,36,Monday,2025-06,Early Morning
CI011994,M0746,2025-05-16,7,CrossFit,47,Friday,2025-05,Early Morning
CI011995,M0746,2025-08-20,20,Gym Floor,62,Wednesday,2025-08,Night
CI011996,M0746,2025-07-08,18,Gym Floor,50,Tuesday,2025-07,Evening
CI011997,M0747,2025-04-20,8,Zumba,40,Sunday,2025-04,Early Morning
CI011998,M0747,2025-03-30,19,Gym Floor,48,Sunday,2025-03,Evening
CI011999,M0748,2025-03-03,21,Strength Training,48,Monday,2025-03,Night
CI012000,M0748,2025-04-09,6,Pilates,44,Wednesday,2025-04,Early Morning
CI012001,M0748,2025-06-13,10,Gym Floor,60,Friday,2025-06,Morning
CI012002,M0748,2025-05-19,18,HIIT,31,Monday,2025-05,Evening
CI012003,M0748,2025-05-21,6,Gym Floor,69,Wednesday,2025-05,Early Morning
CI012004,M0748,2025-04-25,19,Strength Training,34,Friday,2025-04,Evening
CI012005,M0748,2025-04-21,10,Pilates,47,Monday,2025-04,Morning
CI012006,M0748,2025-06-15,9,HIIT,75,Sunday,2025-06,Early Morning
CI012007,M0748,2025-04-04,6,Gym Floor,48,Friday,2025-04,Early Morning
CI012008,M0748,2025-03-08,9,Gym Floor,55,Saturday,2025-03,Early Morning
CI012009,M0748,2025-06-01,21,Cardio,44,Sunday,2025-06,Night
CI012010,M0748,2025-03-01,21,Spin,39,Saturday,2025-03,Night
CI012011,M0748,2025-03-05,7,Gym Floor,38,Wednesday,2025-03,Early Morning
CI012012,M0748,2025-06-11,8,Gym Floor,44,Wednesday,2025-06,Early Morning
CI012013,M0749,2025-06-22,8,Gym Floor,80,Sunday,2025-06,Early Morning
CI012014,M0749,2025-03-09,19,Gym Floor,69,Sunday,2025-03,Evening
CI012015,M0750,2025-08-19,19,Gym Floor,36,Tuesday,2025-08,Evening
CI012016,M0750,2025-07-14,10,Gym Floor,31,Monday,2025-07,Morning
CI012017,M0750,2025-07-21,17,HIIT,52,Monday,2025-07,Evening
CI012018,M0750,2025-05-20,19,Cardio,42,Tuesday,2025-05,Evening
CI012019,M0750,2025-08-05,9,Strength Training,83,Tuesday,2025-08,Early Morning
CI012020,M0750,2025-03-08,8,Spin,42,Saturday,2025-03,Early Morning
CI012021,M0750,2025-07-18,8,Gym Floor,61,Friday,2025-07,Early Morning
CI012022,M0751,2025-03-17,17,Gym Floor,43,Monday,2025-03,Evening
CI012023,M0751,2025-08-25,6,Yoga,43,Monday,2025-08,Early Morning
CI012024,M0751,2025-08-16,9,Strength Training,53,Saturday,2025-08,Early Morning
CI012025,M0751,2025-06-21,7,Gym Floor,49,Saturday,2025-06,Early Morning
CI012026,M0751,2025-05-26,20,Gym Floor,67,Monday,2025-05,Night
CI012027,M0751,2025-05-31,21,Gym Floor,59,Saturday,2025-05,Night
CI012028,M0751,2025-03-28,9,Pilates,37,Friday,2025-03,Early Morning
CI012029,M0751,2025-04-07,7,Gym Floor,45,Monday,2025-04,Early Morning
CI012030,M0751,2025-06-17,18,CrossFit,66,Tuesday,2025-06,Evening
CI012031,M0751,2025-04-23,6,HIIT,42,Wednesday,2025-04,Early Morning
CI012032,M0751,2025-03-30,7,Yoga,56,Sunday,2025-03,Early Morning
CI012033,M0751,2025-07-19,6,Strength Training,74,Saturday,2025-07,Early Morning
CI012034,M0751,2025-06-28,19,Yoga,23,Saturday,2025-06,Evening
CI012035,M0751,2025-04-21,8,CrossFit,44,Monday,2025-04,Early Morning
CI012036,M0752,2025-06-11,8,Yoga,50,Wednesday,2025-06,Early Morning
CI012037,M0752,2025-06-11,11,Yoga,62,Wednesday,2025-06,Morning
CI012038,M0752,2025-07-31,19,Yoga,63,Thursday,2025-07,Evening
CI012039,M0752,2025-05-26,12,Gym Floor,62,Monday,2025-05,Morning
CI012040,M0753,2025-07-25,7,Gym Floor,78,Friday,2025-07,Early Morning
CI012041,M0753,2025-06-28,16,Gym Floor,60,Saturday,2025-06,Afternoon
CI012042,M0753,2025-04-02,10,Zumba,82,Wednesday,2025-04,Morning
CI012043,M0753,2025-05-18,7,HIIT,67,Sunday,2025-05,Early Morning
CI012044,M0753,2025-04-28,10,Gym Floor,75,Monday,2025-04,Morning
CI012045,M0753,2025-03-05,19,CrossFit,21,Wednesday,2025-03,Evening
CI012046,M0753,2025-04-18,9,Gym Floor,49,Friday,2025-04,Early Morning
CI012047,M0753,2025-07-12,19,Cardio,23,Saturday,2025-07,Evening
CI012048,M0753,2025-06-06,7,Gym Floor,68,Friday,2025-06,Early Morning
CI012049,M0753,2025-07-15,6,Strength Training,46,Tuesday,2025-07,Early Morning
CI012050,M0753,2025-05-04,18,Gym Floor,27,Sunday,2025-05,Evening
CI012051,M0753,2025-08-17,6,Cardio,41,Sunday,2025-08,Early Morning
CI012052,M0753,2025-04-30,18,Gym Floor,69,Wednesday,2025-04,Evening
CI012053,M0753,2025-07-28,17,Zumba,64,Monday,2025-07,Evening
CI012054,M0753,2025-04-09,9,Strength Training,80,Wednesday,2025-04,Early Morning
CI012055,M0753,2025-08-16,7,Gym Floor,67,Saturday,2025-08,Early Morning
CI012056,M0753,2025-04-22,19,Pilates,47,Tuesday,2025-04,Evening
CI012057,M0753,2025-04-06,21,Cardio,52,Sunday,2025-04,Night
CI012058,M0753,2025-03-05,17,Gym Floor,50,Wednesday,2025-03,Evening
CI012059,M0753,2025-08-23,12,Zumba,70,Saturday,2025-08,Morning
CI012060,M0753,2025-08-06,19,Cardio,57,Wednesday,2025-08,Evening
CI012061,M0753,2025-05-31,8,Gym Floor,43,Saturday,2025-05,Early Morning
CI012062,M0753,2025-06-06,17,Zumba,76,Friday,2025-06,Evening
CI012063,M0753,2025-03-04,18,Gym Floor,41,Tuesday,2025-03,Evening
CI012064,M0753,2025-05-21,17,HIIT,20,Wednesday,2025-05,Evening
CI012065,M0753,2025-08-11,6,Strength Training,74,Monday,2025-08,Early Morning
CI012066,M0753,2025-04-02,7,Spin,67,Wednesday,2025-04,Early Morning
CI012067,M0753,2025-03-10,6,Gym Floor,70,Monday,2025-03,Early Morning
CI012068,M0753,2025-04-02,9,Gym Floor,55,Wednesday,2025-04,Early Morning
CI012069,M0753,2025-08-21,7,Zumba,60,Thursday,2025-08,Early Morning
CI012070,M0753,2025-05-02,9,Gym Floor,57,Friday,2025-05,Early Morning
CI012071,M0753,2025-04-02,17,Gym Floor,32,Wednesday,2025-04,Evening
CI012072,M0753,2025-06-24,6,Yoga,20,Tuesday,2025-06,Early Morning
CI012073,M0753,2025-07-19,18,Gym Floor,66,Saturday,2025-07,Evening
CI012074,M0753,2025-08-12,9,Gym Floor,44,Tuesday,2025-08,Early Morning
CI012075,M0753,2025-08-04,7,Cardio,65,Monday,2025-08,Early Morning
CI012076,M0753,2025-08-26,19,Gym Floor,78,Tuesday,2025-08,Evening
CI012077,M0753,2025-06-22,12,Gym Floor,45,Sunday,2025-06,Morning
CI012078,M0753,2025-07-14,8,Gym Floor,65,Monday,2025-07,Early Morning
CI012079,M0753,2025-06-25,7,Yoga,79,Wednesday,2025-06,Early Morning
CI012080,M0753,2025-04-20,6,Gym Floor,66,Sunday,2025-04,Early Morning
CI012081,M0753,2025-05-24,9,Gym Floor,69,Saturday,2025-05,Early Morning
CI012082,M0753,2025-06-11,17,Zumba,52,Wednesday,2025-06,Evening
CI012083,M0753,2025-08-28,19,Pilates,55,Thursday,2025-08,Evening
CI012084,M0753,2025-07-25,19,Gym Floor,64,Friday,2025-07,Evening
CI012085,M0753,2025-03-02,9,Gym Floor,62,Sunday,2025-03,Early Morning
CI012086,M0753,2025-08-17,8,Zumba,36,Sunday,2025-08,Early Morning
CI012087,M0753,2025-08-13,19,Gym Floor,35,Wednesday,2025-08,Evening
CI012088,M0754,2025-08-19,8,HIIT,40,Tuesday,2025-08,Early Morning
CI012089,M0754,2025-03-25,6,Gym Floor,54,Tuesday,2025-03,Early Morning
CI012090,M0754,2025-08-28,17,Yoga,87,Thursday,2025-08,Evening
CI012091,M0754,2025-05-31,17,Zumba,29,Saturday,2025-05,Evening
CI012092,M0755,2025-05-24,17,Gym Floor,54,Saturday,2025-05,Evening
CI012093,M0755,2025-05-10,10,Zumba,72,Saturday,2025-05,Morning
CI012094,M0755,2025-08-03,17,Strength Training,37,Sunday,2025-08,Evening
CI012095,M0755,2025-03-25,18,Gym Floor,46,Tuesday,2025-03,Evening
CI012096,M0755,2025-08-11,18,Gym Floor,92,Monday,2025-08,Evening
CI012097,M0755,2025-08-26,6,Gym Floor,95,Tuesday,2025-08,Early Morning
CI012098,M0755,2025-06-13,9,Gym Floor,20,Friday,2025-06,Early Morning
CI012099,M0755,2025-03-01,9,Gym Floor,74,Saturday,2025-03,Early Morning
CI012100,M0755,2025-05-29,16,Gym Floor,51,Thursday,2025-05,Afternoon
CI012101,M0756,2025-03-16,9,Gym Floor,64,Sunday,2025-03,Early Morning
CI012102,M0756,2025-08-29,7,Gym Floor,61,Friday,2025-08,Early Morning
CI012103,M0756,2025-07-25,7,Zumba,67,Friday,2025-07,Early Morning
CI012104,M0757,2025-05-02,19,CrossFit,46,Friday,2025-05,Evening
CI012105,M0757,2025-08-24,8,Gym Floor,54,Sunday,2025-08,Early Morning
CI012106,M0757,2025-07-28,21,Gym Floor,41,Monday,2025-07,Night
CI012107,M0757,2025-07-12,6,Pilates,65,Saturday,2025-07,Early Morning
CI012108,M0757,2025-05-26,9,Strength Training,66,Monday,2025-05,Early Morning
CI012109,M0757,2025-05-15,18,Gym Floor,77,Thursday,2025-05,Evening
CI012110,M0757,2025-04-27,17,Pilates,45,Sunday,2025-04,Evening
CI012111,M0757,2025-05-07,17,HIIT,67,Wednesday,2025-05,Evening
CI012112,M0757,2025-03-28,17,Gym Floor,25,Friday,2025-03,Evening
CI012113,M0757,2025-08-14,8,Strength Training,74,Thursday,2025-08,Early Morning
CI012114,M0757,2025-07-12,18,HIIT,72,Saturday,2025-07,Evening
CI012115,M0757,2025-06-15,8,Gym Floor,52,Sunday,2025-06,Early Morning
CI012116,M0757,2025-04-18,20,Strength Training,43,Friday,2025-04,Night
CI012117,M0757,2025-05-09,6,HIIT,73,Friday,2025-05,Early Morning
CI012118,M0757,2025-03-17,11,Gym Floor,34,Monday,2025-03,Morning
CI012119,M0757,2025-05-29,18,Yoga,22,Thursday,2025-05,Evening
CI012120,M0757,2025-07-26,11,Strength Training,47,Saturday,2025-07,Morning
CI012121,M0757,2025-04-18,20,Gym Floor,59,Friday,2025-04,Night
CI012122,M0757,2025-04-06,19,Yoga,61,Sunday,2025-04,Evening
CI012123,M0757,2025-05-19,7,HIIT,43,Monday,2025-05,Early Morning
CI012124,M0757,2025-05-30,20,Pilates,57,Friday,2025-05,Night
CI012125,M0757,2025-07-18,7,Gym Floor,24,Friday,2025-07,Early Morning
CI012126,M0757,2025-08-11,10,Pilates,62,Monday,2025-08,Morning
CI012127,M0757,2025-04-29,8,Strength Training,57,Tuesday,2025-04,Early Morning
CI012128,M0757,2025-06-15,20,Gym Floor,69,Sunday,2025-06,Night
CI012129,M0757,2025-05-01,7,Zumba,44,Thursday,2025-05,Early Morning
CI012130,M0758,2025-08-10,8,Gym Floor,67,Sunday,2025-08,Early Morning
CI012131,M0758,2025-08-19,16,Cardio,67,Tuesday,2025-08,Afternoon
CI012132,M0758,2025-07-03,17,Gym Floor,38,Thursday,2025-07,Evening
CI012133,M0758,2025-07-19,11,Gym Floor,80,Saturday,2025-07,Morning
CI012134,M0758,2025-08-19,18,Strength Training,28,Tuesday,2025-08,Evening
CI012135,M0758,2025-08-10,16,Gym Floor,53,Sunday,2025-08,Afternoon
CI012136,M0758,2025-07-21,11,Gym Floor,45,Monday,2025-07,Morning
CI012137,M0758,2025-08-15,6,Gym Floor,75,Friday,2025-08,Early Morning
CI012138,M0758,2025-06-20,20,Strength Training,57,Friday,2025-06,Night
CI012139,M0759,2025-05-17,6,Gym Floor,50,Saturday,2025-05,Early Morning
CI012140,M0759,2025-07-28,19,Cardio,26,Monday,2025-07,Evening
CI012141,M0759,2025-05-23,21,Gym Floor,38,Friday,2025-05,Night
CI012142,M0759,2025-08-03,10,Zumba,52,Sunday,2025-08,Morning
CI012143,M0759,2025-07-21,19,Gym Floor,79,Monday,2025-07,Evening
CI012144,M0759,2025-08-18,18,HIIT,59,Monday,2025-08,Evening
CI012145,M0759,2025-06-05,17,Gym Floor,46,Thursday,2025-06,Evening
CI012146,M0760,2025-04-15,7,Gym Floor,41,Tuesday,2025-04,Early Morning
CI012147,M0760,2025-04-09,7,Cardio,50,Wednesday,2025-04,Early Morning
CI012148,M0760,2025-05-22,19,Gym Floor,51,Thursday,2025-05,Evening
CI012149,M0760,2025-06-29,6,Spin,72,Sunday,2025-06,Early Morning
CI012150,M0760,2025-05-31,18,Spin,77,Saturday,2025-05,Evening
CI012151,M0760,2025-07-22,18,Gym Floor,54,Tuesday,2025-07,Evening
CI012152,M0760,2025-05-24,12,Pilates,57,Saturday,2025-05,Morning
CI012153,M0760,2025-03-30,18,Spin,97,Sunday,2025-03,Evening
CI012154,M0760,2025-04-23,20,Zumba,67,Wednesday,2025-04,Night
CI012155,M0760,2025-07-09,8,Spin,60,Wednesday,2025-07,Early Morning
CI012156,M0760,2025-03-09,6,Gym Floor,62,Sunday,2025-03,Early Morning
CI012157,M0760,2025-03-28,18,Zumba,62,Friday,2025-03,Evening
CI012158,M0760,2025-06-16,16,Gym Floor,65,Monday,2025-06,Afternoon
CI012159,M0760,2025-07-09,20,Gym Floor,77,Wednesday,2025-07,Night
CI012160,M0760,2025-07-31,17,CrossFit,78,Thursday,2025-07,Evening
CI012161,M0760,2025-07-19,9,Gym Floor,62,Saturday,2025-07,Early Morning
CI012162,M0760,2025-08-24,18,Spin,62,Sunday,2025-08,Evening
CI012163,M0760,2025-05-13,11,CrossFit,26,Tuesday,2025-05,Morning
CI012164,M0760,2025-06-13,7,Zumba,71,Friday,2025-06,Early Morning
CI012165,M0760,2025-03-04,12,HIIT,59,Tuesday,2025-03,Morning
CI012166,M0760,2025-07-12,18,Spin,46,Saturday,2025-07,Evening
CI012167,M0760,2025-05-12,8,Gym Floor,64,Monday,2025-05,Early Morning
CI012168,M0760,2025-07-07,21,Gym Floor,62,Monday,2025-07,Night
CI012169,M0760,2025-04-20,10,Gym Floor,48,Sunday,2025-04,Morning
CI012170,M0760,2025-07-23,9,Gym Floor,67,Wednesday,2025-07,Early Morning
CI012171,M0760,2025-05-28,18,Zumba,69,Wednesday,2025-05,Evening
CI012172,M0760,2025-03-21,7,Gym Floor,80,Friday,2025-03,Early Morning
CI012173,M0760,2025-03-10,8,Gym Floor,41,Monday,2025-03,Early Morning
CI012174,M0760,2025-05-04,17,Gym Floor,60,Sunday,2025-05,Evening
CI012175,M0760,2025-06-11,8,Spin,60,Wednesday,2025-06,Early Morning
CI012176,M0760,2025-08-18,8,Strength Training,60,Monday,2025-08,Early Morning
CI012177,M0761,2025-05-19,10,Gym Floor,63,Monday,2025-05,Morning
CI012178,M0762,2025-08-19,7,HIIT,75,Tuesday,2025-08,Early Morning
CI012179,M0762,2025-05-10,6,Pilates,66,Saturday,2025-05,Early Morning
CI012180,M0762,2025-07-09,20,Cardio,48,Wednesday,2025-07,Night
CI012181,M0762,2025-07-12,19,Pilates,20,Saturday,2025-07,Evening
CI012182,M0762,2025-05-11,8,Pilates,54,Sunday,2025-05,Early Morning
CI012183,M0762,2025-04-02,21,Gym Floor,42,Wednesday,2025-04,Night
CI012184,M0762,2025-08-11,20,Strength Training,33,Monday,2025-08,Night
CI012185,M0762,2025-03-11,17,Gym Floor,61,Tuesday,2025-03,Evening
CI012186,M0762,2025-07-13,18,Gym Floor,53,Sunday,2025-07,Evening
CI012187,M0762,2025-03-09,7,HIIT,56,Sunday,2025-03,Early Morning
CI012188,M0762,2025-07-29,18,Strength Training,71,Tuesday,2025-07,Evening
CI012189,M0762,2025-05-02,19,Gym Floor,55,Friday,2025-05,Evening
CI012190,M0762,2025-07-06,6,Pilates,43,Sunday,2025-07,Early Morning
CI012191,M0762,2025-03-06,19,Gym Floor,77,Thursday,2025-03,Evening
CI012192,M0762,2025-07-30,18,Gym Floor,53,Wednesday,2025-07,Evening
CI012193,M0762,2025-07-02,16,Gym Floor,56,Wednesday,2025-07,Afternoon
CI012194,M0762,2025-04-06,6,Gym Floor,79,Sunday,2025-04,Early Morning
CI012195,M0762,2025-03-14,17,Gym Floor,65,Friday,2025-03,Evening
CI012196,M0762,2025-05-18,18,Gym Floor,51,Sunday,2025-05,Evening
CI012197,M0762,2025-03-11,16,Gym Floor,57,Tuesday,2025-03,Afternoon
CI012198,M0762,2025-06-18,6,Yoga,33,Wednesday,2025-06,Early Morning
CI012199,M0762,2025-03-03,8,CrossFit,31,Monday,2025-03,Early Morning
CI012200,M0762,2025-07-21,18,Zumba,65,Monday,2025-07,Evening
CI012201,M0762,2025-06-10,11,Pilates,82,Tuesday,2025-06,Morning
CI012202,M0762,2025-03-11,17,Gym Floor,61,Tuesday,2025-03,Evening
CI012203,M0762,2025-08-01,6,Yoga,59,Friday,2025-08,Early Morning
CI012204,M0762,2025-03-23,17,Pilates,52,Sunday,2025-03,Evening
CI012205,M0762,2025-08-01,7,Gym Floor,75,Friday,2025-08,Early Morning
CI012206,M0762,2025-03-11,20,HIIT,61,Tuesday,2025-03,Night
CI012207,M0762,2025-05-20,16,Gym Floor,34,Tuesday,2025-05,Afternoon
CI012208,M0762,2025-04-21,7,Zumba,67,Monday,2025-04,Early Morning
CI012209,M0762,2025-03-20,18,Pilates,48,Thursday,2025-03,Evening
CI012210,M0762,2025-05-17,18,HIIT,47,Saturday,2025-05,Evening
CI012211,M0762,2025-08-14,17,Gym Floor,54,Thursday,2025-08,Evening
CI012212,M0764,2025-08-21,18,Pilates,57,Thursday,2025-08,Evening
CI012213,M0764,2025-08-27,17,Gym Floor,34,Wednesday,2025-08,Evening
CI012214,M0765,2025-03-10,9,Spin,25,Monday,2025-03,Early Morning
CI012215,M0765,2025-06-08,19,HIIT,86,Sunday,2025-06,Evening
CI012216,M0765,2025-08-27,19,Gym Floor,22,Wednesday,2025-08,Evening
CI012217,M0765,2025-03-14,6,Zumba,29,Friday,2025-03,Early Morning
CI012218,M0765,2025-04-02,10,Spin,59,Wednesday,2025-04,Morning
CI012219,M0765,2025-07-08,10,Strength Training,45,Tuesday,2025-07,Morning
CI012220,M0765,2025-07-04,9,Gym Floor,48,Friday,2025-07,Early Morning
CI012221,M0765,2025-03-29,21,Gym Floor,70,Saturday,2025-03,Night
CI012222,M0765,2025-05-07,18,Gym Floor,84,Wednesday,2025-05,Evening
CI012223,M0765,2025-07-30,16,Strength Training,66,Wednesday,2025-07,Afternoon
CI012224,M0765,2025-03-06,10,CrossFit,64,Thursday,2025-03,Morning
CI012225,M0765,2025-08-11,12,CrossFit,67,Monday,2025-08,Morning
CI012226,M0765,2025-03-24,8,Gym Floor,43,Monday,2025-03,Early Morning
CI012227,M0765,2025-05-25,10,Yoga,66,Sunday,2025-05,Morning
CI012228,M0765,2025-04-06,16,Zumba,86,Sunday,2025-04,Afternoon
CI012229,M0765,2025-04-07,16,Gym Floor,30,Monday,2025-04,Afternoon
CI012230,M0765,2025-07-26,7,Gym Floor,45,Saturday,2025-07,Early Morning
CI012231,M0765,2025-05-20,10,Gym Floor,46,Tuesday,2025-05,Morning
CI012232,M0765,2025-08-28,16,Gym Floor,64,Thursday,2025-08,Afternoon
CI012233,M0765,2025-04-14,19,Gym Floor,52,Monday,2025-04,Evening
CI012234,M0765,2025-03-27,18,Gym Floor,49,Thursday,2025-03,Evening
CI012235,M0765,2025-07-12,12,Gym Floor,33,Saturday,2025-07,Morning
CI012236,M0765,2025-08-31,17,Pilates,46,Sunday,2025-08,Evening
CI012237,M0766,2025-04-23,19,Gym Floor,74,Wednesday,2025-04,Evening
CI012238,M0766,2025-08-22,11,Strength Training,64,Friday,2025-08,Morning
CI012239,M0766,2025-08-17,18,Gym Floor,42,Sunday,2025-08,Evening
CI012240,M0766,2025-06-06,19,Strength Training,35,Friday,2025-06,Evening
CI012241,M0766,2025-03-29,10,Gym Floor,87,Saturday,2025-03,Morning
CI012242,M0766,2025-07-07,8,Gym Floor,37,Monday,2025-07,Early Morning
CI012243,M0766,2025-06-06,11,Gym Floor,88,Friday,2025-06,Morning
CI012244,M0766,2025-06-27,8,Zumba,61,Friday,2025-06,Early Morning
CI012245,M0766,2025-04-15,20,HIIT,64,Tuesday,2025-04,Night
CI012246,M0766,2025-03-31,17,Gym Floor,73,Monday,2025-03,Evening
CI012247,M0766,2025-05-04,7,Pilates,43,Sunday,2025-05,Early Morning
CI012248,M0766,2025-07-06,21,Strength Training,59,Sunday,2025-07,Night
CI012249,M0766,2025-06-24,6,Gym Floor,53,Tuesday,2025-06,Early Morning
CI012250,M0766,2025-04-20,18,Spin,20,Sunday,2025-04,Evening
CI012251,M0766,2025-06-30,16,Gym Floor,72,Monday,2025-06,Afternoon
CI012252,M0766,2025-03-29,12,Strength Training,62,Saturday,2025-03,Morning
CI012253,M0766,2025-03-14,19,Gym Floor,63,Friday,2025-03,Evening
CI012254,M0766,2025-06-14,9,Yoga,60,Saturday,2025-06,Early Morning
CI012255,M0766,2025-05-30,8,Strength Training,44,Friday,2025-05,Early Morning
CI012256,M0766,2025-05-13,20,Spin,46,Tuesday,2025-05,Night
CI012257,M0766,2025-07-30,20,Gym Floor,56,Wednesday,2025-07,Night
CI012258,M0766,2025-05-01,16,HIIT,48,Thursday,2025-05,Afternoon
CI012259,M0766,2025-06-09,20,Pilates,58,Monday,2025-06,Night
CI012260,M0766,2025-05-11,18,Cardio,87,Sunday,2025-05,Evening
CI012261,M0767,2025-04-08,18,Yoga,77,Tuesday,2025-04,Evening
CI012262,M0767,2025-06-07,8,Gym Floor,76,Saturday,2025-06,Early Morning
CI012263,M0767,2025-08-29,12,Gym Floor,53,Friday,2025-08,Morning
CI012264,M0767,2025-04-07,11,Pilates,33,Monday,2025-04,Morning
CI012265,M0767,2025-03-02,20,Gym Floor,46,Sunday,2025-03,Night
CI012266,M0767,2025-04-07,8,Yoga,48,Monday,2025-04,Early Morning
CI012267,M0767,2025-04-28,6,HIIT,98,Monday,2025-04,Early Morning
CI012268,M0767,2025-06-25,7,Gym Floor,41,Wednesday,2025-06,Early Morning
CI012269,M0767,2025-04-21,8,Pilates,117,Monday,2025-04,Early Morning
CI012270,M0767,2025-06-14,10,Gym Floor,65,Saturday,2025-06,Morning
CI012271,M0767,2025-08-05,18,HIIT,44,Tuesday,2025-08,Evening
CI012272,M0767,2025-06-30,6,Pilates,66,Monday,2025-06,Early Morning
CI012273,M0767,2025-08-23,9,Gym Floor,85,Saturday,2025-08,Early Morning
CI012274,M0767,2025-08-09,7,Gym Floor,42,Saturday,2025-08,Early Morning
CI012275,M0767,2025-05-22,8,Gym Floor,44,Thursday,2025-05,Early Morning
CI012276,M0767,2025-07-11,8,Cardio,90,Friday,2025-07,Early Morning
CI012277,M0767,2025-07-08,8,Spin,35,Tuesday,2025-07,Early Morning
CI012278,M0767,2025-04-14,18,Gym Floor,53,Monday,2025-04,Evening
CI012279,M0767,2025-04-30,19,Gym Floor,50,Wednesday,2025-04,Evening
CI012280,M0767,2025-06-10,20,Gym Floor,34,Tuesday,2025-06,Night
CI012281,M0767,2025-04-25,17,HIIT,61,Friday,2025-04,Evening
CI012282,M0767,2025-04-01,9,CrossFit,45,Tuesday,2025-04,Early Morning
CI012283,M0767,2025-08-04,10,Gym Floor,53,Monday,2025-08,Morning
CI012284,M0768,2025-07-03,21,Cardio,84,Thursday,2025-07,Night
CI012285,M0768,2025-03-22,8,Gym Floor,49,Saturday,2025-03,Early Morning
CI012286,M0768,2025-03-26,7,Gym Floor,61,Wednesday,2025-03,Early Morning
CI012287,M0768,2025-07-04,17,CrossFit,53,Friday,2025-07,Evening
CI012288,M0768,2025-03-08,9,Pilates,34,Saturday,2025-03,Early Morning
CI012289,M0768,2025-06-25,12,HIIT,37,Wednesday,2025-06,Morning
CI012290,M0768,2025-07-07,18,Strength Training,53,Monday,2025-07,Evening
CI012291,M0769,2025-06-21,6,Gym Floor,63,Saturday,2025-06,Early Morning
CI012292,M0769,2025-03-18,12,HIIT,74,Tuesday,2025-03,Morning
CI012293,M0769,2025-06-13,7,Spin,88,Friday,2025-06,Early Morning
CI012294,M0769,2025-08-03,19,Gym Floor,55,Sunday,2025-08,Evening
CI012295,M0769,2025-08-09,8,Pilates,50,Saturday,2025-08,Early Morning
CI012296,M0769,2025-06-10,8,Gym Floor,36,Tuesday,2025-06,Early Morning
CI012297,M0769,2025-06-27,11,Pilates,84,Friday,2025-06,Morning
CI012298,M0769,2025-04-23,17,Gym Floor,38,Wednesday,2025-04,Evening
CI012299,M0769,2025-06-07,17,CrossFit,35,Saturday,2025-06,Evening
CI012300,M0769,2025-05-24,8,CrossFit,65,Saturday,2025-05,Early Morning
CI012301,M0769,2025-06-19,18,Strength Training,48,Thursday,2025-06,Evening
CI012302,M0769,2025-07-04,16,Gym Floor,59,Friday,2025-07,Afternoon
CI012303,M0769,2025-05-02,18,Pilates,80,Friday,2025-05,Evening
CI012304,M0769,2025-03-25,6,Yoga,45,Tuesday,2025-03,Early Morning
CI012305,M0769,2025-04-04,16,Zumba,20,Friday,2025-04,Afternoon
CI012306,M0769,2025-03-02,8,Gym Floor,66,Sunday,2025-03,Early Morning
CI012307,M0769,2025-03-21,8,Gym Floor,53,Friday,2025-03,Early Morning
CI012308,M0769,2025-04-08,12,Gym Floor,45,Tuesday,2025-04,Morning
CI012309,M0769,2025-03-02,7,Gym Floor,56,Sunday,2025-03,Early Morning
CI012310,M0769,2025-05-14,6,Gym Floor,60,Wednesday,2025-05,Early Morning
CI012311,M0769,2025-06-02,16,Zumba,47,Monday,2025-06,Afternoon
CI012312,M0770,2025-05-02,7,Gym Floor,79,Friday,2025-05,Early Morning
CI012313,M0770,2025-08-02,17,Gym Floor,50,Saturday,2025-08,Evening
CI012314,M0770,2025-06-05,17,Cardio,57,Thursday,2025-06,Evening
CI012315,M0770,2025-06-10,16,Pilates,80,Tuesday,2025-06,Afternoon
CI012316,M0770,2025-08-30,19,Gym Floor,75,Saturday,2025-08,Evening
CI012317,M0770,2025-03-30,16,Yoga,67,Sunday,2025-03,Afternoon
CI012318,M0770,2025-05-04,10,Spin,54,Sunday,2025-05,Morning
CI012319,M0770,2025-06-13,7,Pilates,57,Friday,2025-06,Early Morning
CI012320,M0770,2025-07-07,18,Yoga,68,Monday,2025-07,Evening
CI012321,M0770,2025-05-07,11,Gym Floor,26,Wednesday,2025-05,Morning
CI012322,M0770,2025-03-11,11,Pilates,45,Tuesday,2025-03,Morning
CI012323,M0770,2025-07-31,9,Gym Floor,44,Thursday,2025-07,Early Morning
CI012324,M0770,2025-03-03,12,Spin,89,Monday,2025-03,Morning
CI012325,M0770,2025-04-02,18,Gym Floor,69,Wednesday,2025-04,Evening
CI012326,M0770,2025-04-26,7,Gym Floor,76,Saturday,2025-04,Early Morning
CI012327,M0770,2025-03-03,19,Gym Floor,33,Monday,2025-03,Evening
CI012328,M0770,2025-08-16,19,Yoga,69,Saturday,2025-08,Evening
CI012329,M0770,2025-03-02,20,Zumba,65,Sunday,2025-03,Night
CI012330,M0770,2025-04-25,16,Gym Floor,91,Friday,2025-04,Afternoon
CI012331,M0771,2025-08-22,17,Strength Training,63,Friday,2025-08,Evening
CI012332,M0771,2025-08-14,16,Pilates,64,Thursday,2025-08,Afternoon
CI012333,M0771,2025-05-03,20,Gym Floor,38,Saturday,2025-05,Night
CI012334,M0771,2025-07-06,19,Gym Floor,37,Sunday,2025-07,Evening
CI012335,M0771,2025-08-05,16,Gym Floor,61,Tuesday,2025-08,Afternoon
CI012336,M0771,2025-05-31,19,Cardio,85,Saturday,2025-05,Evening
CI012337,M0771,2025-08-23,17,Zumba,27,Saturday,2025-08,Evening
CI012338,M0771,2025-05-20,17,Gym Floor,72,Tuesday,2025-05,Evening
CI012339,M0771,2025-05-13,18,Zumba,87,Tuesday,2025-05,Evening
CI012340,M0771,2025-05-17,19,Cardio,20,Saturday,2025-05,Evening
CI012341,M0771,2025-08-31,16,Gym Floor,75,Sunday,2025-08,Afternoon
CI012342,M0771,2025-06-18,20,Gym Floor,30,Wednesday,2025-06,Night
CI012343,M0771,2025-08-24,8,Yoga,82,Sunday,2025-08,Early Morning
CI012344,M0771,2025-04-20,11,Gym Floor,43,Sunday,2025-04,Morning
CI012345,M0771,2025-03-05,8,Gym Floor,55,Wednesday,2025-03,Early Morning
CI012346,M0771,2025-05-04,8,Gym Floor,43,Sunday,2025-05,Early Morning
CI012347,M0771,2025-07-09,18,CrossFit,63,Wednesday,2025-07,Evening
CI012348,M0771,2025-04-15,16,Yoga,24,Tuesday,2025-04,Afternoon
CI012349,M0771,2025-03-29,7,Gym Floor,40,Saturday,2025-03,Early Morning
CI012350,M0771,2025-03-02,19,Gym Floor,59,Sunday,2025-03,Evening
CI012351,M0771,2025-06-03,21,Gym Floor,81,Tuesday,2025-06,Night
CI012352,M0771,2025-07-30,6,Zumba,69,Wednesday,2025-07,Early Morning
CI012353,M0771,2025-03-30,9,Gym Floor,52,Sunday,2025-03,Early Morning
CI012354,M0773,2025-06-17,7,HIIT,40,Tuesday,2025-06,Early Morning
CI012355,M0774,2025-05-15,20,Gym Floor,54,Thursday,2025-05,Night
CI012356,M0774,2025-04-06,18,Gym Floor,89,Sunday,2025-04,Evening
CI012357,M0774,2025-04-07,19,Gym Floor,48,Monday,2025-04,Evening
CI012358,M0774,2025-08-30,7,Gym Floor,68,Saturday,2025-08,Early Morning
CI012359,M0774,2025-05-21,17,Gym Floor,66,Wednesday,2025-05,Evening
CI012360,M0774,2025-04-06,21,Gym Floor,76,Sunday,2025-04,Night
CI012361,M0774,2025-08-31,18,Yoga,76,Sunday,2025-08,Evening
CI012362,M0774,2025-04-19,19,HIIT,75,Saturday,2025-04,Evening
CI012363,M0774,2025-08-28,16,Gym Floor,67,Thursday,2025-08,Afternoon
CI012364,M0774,2025-07-10,19,Gym Floor,35,Thursday,2025-07,Evening
CI012365,M0774,2025-05-09,9,Gym Floor,52,Friday,2025-05,Early Morning
CI012366,M0774,2025-03-27,16,Strength Training,84,Thursday,2025-03,Afternoon
CI012367,M0774,2025-06-26,6,Cardio,42,Thursday,2025-06,Early Morning
CI012368,M0774,2025-08-13,6,Gym Floor,31,Wednesday,2025-08,Early Morning
CI012369,M0774,2025-07-12,8,Spin,47,Saturday,2025-07,Early Morning
CI012370,M0775,2025-08-09,11,Gym Floor,80,Saturday,2025-08,Morning
CI012371,M0775,2025-06-10,16,Cardio,58,Tuesday,2025-06,Afternoon
CI012372,M0775,2025-07-25,9,Gym Floor,68,Friday,2025-07,Early Morning
CI012373,M0775,2025-05-08,9,Gym Floor,20,Thursday,2025-05,Early Morning
CI012374,M0775,2025-06-21,19,Gym Floor,50,Saturday,2025-06,Evening
CI012375,M0775,2025-06-24,17,Cardio,54,Tuesday,2025-06,Evening
CI012376,M0775,2025-07-29,16,Gym Floor,31,Tuesday,2025-07,Afternoon
CI012377,M0775,2025-07-06,9,Yoga,63,Sunday,2025-07,Early Morning
CI012378,M0775,2025-08-31,8,CrossFit,20,Sunday,2025-08,Early Morning
CI012379,M0775,2025-05-02,11,Pilates,41,Friday,2025-05,Morning
CI012380,M0775,2025-03-25,17,Gym Floor,29,Tuesday,2025-03,Evening
CI012381,M0775,2025-04-26,7,Cardio,20,Saturday,2025-04,Early Morning
CI012382,M0775,2025-06-27,6,Yoga,53,Friday,2025-06,Early Morning
CI012383,M0775,2025-06-19,9,Gym Floor,73,Thursday,2025-06,Early Morning
CI012384,M0775,2025-08-01,19,Gym Floor,45,Friday,2025-08,Evening
CI012385,M0775,2025-07-14,20,Cardio,63,Monday,2025-07,Night
CI012386,M0775,2025-05-13,18,Zumba,68,Tuesday,2025-05,Evening
CI012387,M0775,2025-05-19,18,HIIT,43,Monday,2025-05,Evening
CI012388,M0775,2025-03-25,8,Cardio,63,Tuesday,2025-03,Early Morning
CI012389,M0775,2025-08-18,8,Gym Floor,96,Monday,2025-08,Early Morning
CI012390,M0775,2025-03-10,18,Gym Floor,70,Monday,2025-03,Evening
CI012391,M0775,2025-04-12,11,Gym Floor,78,Saturday,2025-04,Morning
CI012392,M0775,2025-03-11,12,Gym Floor,75,Tuesday,2025-03,Morning
CI012393,M0775,2025-03-22,19,Pilates,59,Saturday,2025-03,Evening
CI012394,M0775,2025-04-12,16,Gym Floor,54,Saturday,2025-04,Afternoon
CI012395,M0775,2025-05-06,19,Gym Floor,64,Tuesday,2025-05,Evening
CI012396,M0775,2025-07-30,19,Gym Floor,20,Wednesday,2025-07,Evening
CI012397,M0775,2025-04-07,9,HIIT,39,Monday,2025-04,Early Morning
CI012398,M0776,2025-08-15,18,Pilates,35,Friday,2025-08,Evening
CI012399,M0776,2025-06-23,20,Cardio,73,Monday,2025-06,Night
CI012400,M0776,2025-08-04,20,HIIT,47,Monday,2025-08,Night
CI012401,M0776,2025-06-06,20,Gym Floor,68,Friday,2025-06,Night
CI012402,M0776,2025-08-31,18,Pilates,64,Sunday,2025-08,Evening
CI012403,M0776,2025-05-18,20,CrossFit,24,Sunday,2025-05,Night
CI012404,M0776,2025-05-09,7,Yoga,40,Friday,2025-05,Early Morning
CI012405,M0776,2025-06-06,18,Gym Floor,65,Friday,2025-06,Evening
CI012406,M0776,2025-03-14,16,Pilates,63,Friday,2025-03,Afternoon
CI012407,M0776,2025-07-04,7,Gym Floor,50,Friday,2025-07,Early Morning
CI012408,M0776,2025-04-16,9,Yoga,61,Wednesday,2025-04,Early Morning
CI012409,M0776,2025-08-14,19,Spin,38,Thursday,2025-08,Evening
CI012410,M0776,2025-06-07,17,HIIT,54,Saturday,2025-06,Evening
CI012411,M0776,2025-06-20,10,Spin,71,Friday,2025-06,Morning
CI012412,M0776,2025-03-13,6,Gym Floor,67,Thursday,2025-03,Early Morning
CI012413,M0776,2025-06-02,7,Yoga,60,Monday,2025-06,Early Morning
CI012414,M0776,2025-04-12,7,Gym Floor,51,Saturday,2025-04,Early Morning
CI012415,M0776,2025-04-13,19,Zumba,62,Sunday,2025-04,Evening
CI012416,M0776,2025-07-16,6,Gym Floor,92,Wednesday,2025-07,Early Morning
CI012417,M0776,2025-04-26,6,Gym Floor,33,Saturday,2025-04,Early Morning
CI012418,M0776,2025-03-11,6,Gym Floor,90,Tuesday,2025-03,Early Morning
CI012419,M0776,2025-05-18,7,Gym Floor,55,Sunday,2025-05,Early Morning
CI012420,M0776,2025-05-12,11,Gym Floor,61,Monday,2025-05,Morning
CI012421,M0776,2025-03-31,7,Cardio,40,Monday,2025-03,Early Morning
CI012422,M0776,2025-05-28,20,Gym Floor,52,Wednesday,2025-05,Night
CI012423,M0776,2025-08-13,6,CrossFit,87,Wednesday,2025-08,Early Morning
CI012424,M0776,2025-07-08,17,CrossFit,35,Tuesday,2025-07,Evening
CI012425,M0776,2025-04-15,6,Gym Floor,49,Tuesday,2025-04,Early Morning
CI012426,M0777,2025-06-17,6,Spin,80,Tuesday,2025-06,Early Morning
CI012427,M0778,2025-04-09,18,Gym Floor,48,Wednesday,2025-04,Evening
CI012428,M0778,2025-08-17,18,Strength Training,50,Sunday,2025-08,Evening
CI012429,M0778,2025-07-30,9,Gym Floor,77,Wednesday,2025-07,Early Morning
CI012430,M0778,2025-03-02,7,Gym Floor,52,Sunday,2025-03,Early Morning
CI012431,M0778,2025-08-30,19,Yoga,34,Saturday,2025-08,Evening
CI012432,M0778,2025-04-21,7,Gym Floor,54,Monday,2025-04,Early Morning
CI012433,M0779,2025-07-08,7,Gym Floor,39,Tuesday,2025-07,Early Morning
CI012434,M0779,2025-05-09,20,Gym Floor,57,Friday,2025-05,Night
CI012435,M0779,2025-06-05,19,Pilates,98,Thursday,2025-06,Evening
CI012436,M0779,2025-07-19,6,CrossFit,62,Saturday,2025-07,Early Morning
CI012437,M0779,2025-05-27,8,Yoga,46,Tuesday,2025-05,Early Morning
CI012438,M0779,2025-04-14,18,Spin,72,Monday,2025-04,Evening
CI012439,M0779,2025-03-02,21,Gym Floor,64,Sunday,2025-03,Night
CI012440,M0779,2025-07-11,17,Cardio,58,Friday,2025-07,Evening
CI012441,M0779,2025-05-03,19,Strength Training,54,Saturday,2025-05,Evening
CI012442,M0779,2025-06-23,10,Yoga,46,Monday,2025-06,Morning
CI012443,M0779,2025-08-14,10,Pilates,72,Thursday,2025-08,Morning
CI012444,M0779,2025-07-10,9,Gym Floor,73,Thursday,2025-07,Early Morning
CI012445,M0779,2025-03-24,6,Gym Floor,38,Monday,2025-03,Early Morning
CI012446,M0779,2025-07-16,19,Cardio,71,Wednesday,2025-07,Evening
CI012447,M0779,2025-08-19,18,Cardio,20,Tuesday,2025-08,Evening
CI012448,M0779,2025-03-03,18,Gym Floor,64,Monday,2025-03,Evening
CI012449,M0779,2025-08-31,17,Gym Floor,51,Sunday,2025-08,Evening
CI012450,M0779,2025-08-29,19,Zumba,60,Friday,2025-08,Evening
CI012451,M0779,2025-04-01,6,Pilates,53,Tuesday,2025-04,Early Morning
CI012452,M0779,2025-03-04,19,Yoga,71,Tuesday,2025-03,Evening
CI012453,M0779,2025-04-21,17,Yoga,76,Monday,2025-04,Evening
CI012454,M0779,2025-04-07,20,HIIT,60,Monday,2025-04,Night
CI012455,M0779,2025-08-10,6,Yoga,89,Sunday,2025-08,Early Morning
CI012456,M0779,2025-06-21,7,Spin,74,Saturday,2025-06,Early Morning
CI012457,M0779,2025-05-28,17,Pilates,42,Wednesday,2025-05,Evening
CI012458,M0779,2025-04-01,8,CrossFit,42,Tuesday,2025-04,Early Morning
CI012459,M0779,2025-07-03,10,Gym Floor,72,Thursday,2025-07,Morning
CI012460,M0779,2025-05-08,18,Cardio,54,Thursday,2025-05,Evening
CI012461,M0779,2025-04-05,6,CrossFit,48,Saturday,2025-04,Early Morning
CI012462,M0780,2025-08-09,17,Gym Floor,52,Saturday,2025-08,Evening
CI012463,M0780,2025-08-08,10,Gym Floor,75,Friday,2025-08,Morning
CI012464,M0780,2025-03-13,7,Strength Training,92,Thursday,2025-03,Early Morning
CI012465,M0780,2025-08-30,18,Yoga,53,Saturday,2025-08,Evening
CI012466,M0780,2025-08-16,6,Cardio,81,Saturday,2025-08,Early Morning
CI012467,M0780,2025-03-31,17,Yoga,35,Monday,2025-03,Evening
CI012468,M0780,2025-06-14,8,Zumba,53,Saturday,2025-06,Early Morning
CI012469,M0780,2025-03-27,9,HIIT,98,Thursday,2025-03,Early Morning
CI012470,M0780,2025-03-22,17,Gym Floor,84,Saturday,2025-03,Evening
CI012471,M0780,2025-05-28,16,HIIT,43,Wednesday,2025-05,Afternoon
CI012472,M0780,2025-03-01,17,Gym Floor,56,Saturday,2025-03,Evening
CI012473,M0780,2025-05-16,9,CrossFit,62,Friday,2025-05,Early Morning
CI012474,M0780,2025-07-27,16,Yoga,67,Sunday,2025-07,Afternoon
CI012475,M0780,2025-05-18,18,Strength Training,28,Sunday,2025-05,Evening
CI012476,M0780,2025-07-11,19,Gym Floor,38,Friday,2025-07,Evening
CI012477,M0780,2025-04-08,7,HIIT,42,Tuesday,2025-04,Early Morning
CI012478,M0780,2025-04-17,17,Pilates,32,Thursday,2025-04,Evening
CI012479,M0780,2025-03-17,7,Gym Floor,59,Monday,2025-03,Early Morning
CI012480,M0780,2025-03-10,21,Gym Floor,39,Monday,2025-03,Night
CI012481,M0780,2025-03-11,19,Gym Floor,69,Tuesday,2025-03,Evening
CI012482,M0780,2025-06-27,10,Gym Floor,79,Friday,2025-06,Morning
CI012483,M0780,2025-06-23,21,Pilates,61,Monday,2025-06,Night
CI012484,M0780,2025-06-26,17,Gym Floor,55,Thursday,2025-06,Evening
CI012485,M0780,2025-05-08,7,Gym Floor,60,Thursday,2025-05,Early Morning
CI012486,M0780,2025-07-20,17,Gym Floor,59,Sunday,2025-07,Evening
CI012487,M0780,2025-05-31,8,Gym Floor,46,Saturday,2025-05,Early Morning
CI012488,M0780,2025-08-26,11,CrossFit,66,Tuesday,2025-08,Morning
CI012489,M0780,2025-08-20,7,Gym Floor,53,Wednesday,2025-08,Early Morning
CI012490,M0780,2025-07-01,16,Gym Floor,75,Tuesday,2025-07,Afternoon
CI012491,M0780,2025-03-03,6,Gym Floor,32,Monday,2025-03,Early Morning
CI012492,M0780,2025-05-04,18,Gym Floor,59,Sunday,2025-05,Evening
CI012493,M0781,2025-05-31,7,Gym Floor,53,Saturday,2025-05,Early Morning
CI012494,M0781,2025-06-07,19,Spin,64,Saturday,2025-06,Evening
CI012495,M0781,2025-08-20,19,Pilates,35,Wednesday,2025-08,Evening
CI012496,M0781,2025-07-27,6,Pilates,59,Sunday,2025-07,Early Morning
CI012497,M0781,2025-03-20,17,Gym Floor,61,Thursday,2025-03,Evening
CI012498,M0781,2025-08-09,6,CrossFit,38,Saturday,2025-08,Early Morning
CI012499,M0781,2025-06-05,18,Yoga,49,Thursday,2025-06,Evening
CI012500,M0781,2025-08-28,8,Gym Floor,64,Thursday,2025-08,Early Morning
CI012501,M0781,2025-05-31,19,Gym Floor,41,Saturday,2025-05,Evening
CI012502,M0781,2025-04-07,18,Gym Floor,45,Monday,2025-04,Evening
CI012503,M0781,2025-03-14,11,Gym Floor,39,Friday,2025-03,Morning
CI012504,M0781,2025-04-11,20,Gym Floor,67,Friday,2025-04,Night
CI012505,M0781,2025-03-18,8,Gym Floor,70,Tuesday,2025-03,Early Morning
CI012506,M0781,2025-08-07,18,Gym Floor,52,Thursday,2025-08,Evening
CI012507,M0781,2025-03-02,7,Strength Training,38,Sunday,2025-03,Early Morning
CI012508,M0781,2025-07-19,8,Zumba,66,Saturday,2025-07,Early Morning
CI012509,M0781,2025-05-29,19,Gym Floor,67,Thursday,2025-05,Evening
CI012510,M0781,2025-07-12,6,Spin,103,Saturday,2025-07,Early Morning
CI012511,M0781,2025-07-26,11,CrossFit,71,Saturday,2025-07,Morning
CI012512,M0781,2025-08-07,16,Gym Floor,92,Thursday,2025-08,Afternoon
CI012513,M0781,2025-06-17,19,Cardio,61,Tuesday,2025-06,Evening
CI012514,M0781,2025-06-28,11,Gym Floor,41,Saturday,2025-06,Morning
CI012515,M0781,2025-05-26,10,Spin,73,Monday,2025-05,Morning
CI012516,M0781,2025-08-13,19,Pilates,56,Wednesday,2025-08,Evening
CI012517,M0781,2025-04-07,16,Yoga,43,Monday,2025-04,Afternoon
CI012518,M0783,2025-05-18,8,Spin,91,Sunday,2025-05,Early Morning
CI012519,M0783,2025-05-24,10,Gym Floor,47,Saturday,2025-05,Morning
CI012520,M0783,2025-03-07,18,Gym Floor,54,Friday,2025-03,Evening
CI012521,M0783,2025-03-02,19,Gym Floor,65,Sunday,2025-03,Evening
CI012522,M0783,2025-06-23,19,Zumba,69,Monday,2025-06,Evening
CI012523,M0783,2025-05-30,20,Pilates,44,Friday,2025-05,Night
CI012524,M0783,2025-03-05,10,Spin,48,Wednesday,2025-03,Morning
CI012525,M0783,2025-04-20,18,Zumba,53,Sunday,2025-04,Evening
CI012526,M0783,2025-06-12,19,Gym Floor,82,Thursday,2025-06,Evening
CI012527,M0783,2025-08-09,6,Pilates,65,Saturday,2025-08,Early Morning
CI012528,M0783,2025-08-08,20,Gym Floor,25,Friday,2025-08,Night
CI012529,M0783,2025-03-13,18,Gym Floor,84,Thursday,2025-03,Evening
CI012530,M0783,2025-04-12,7,Gym Floor,38,Saturday,2025-04,Early Morning
CI012531,M0783,2025-04-15,18,Yoga,38,Tuesday,2025-04,Evening
CI012532,M0783,2025-06-30,18,Yoga,28,Monday,2025-06,Evening
CI012533,M0783,2025-05-20,7,Spin,20,Tuesday,2025-05,Early Morning
CI012534,M0783,2025-05-30,18,Gym Floor,49,Friday,2025-05,Evening
CI012535,M0783,2025-05-16,17,HIIT,48,Friday,2025-05,Evening
CI012536,M0783,2025-06-24,20,Gym Floor,91,Tuesday,2025-06,Night
CI012537,M0783,2025-05-10,21,Gym Floor,85,Saturday,2025-05,Night
CI012538,M0783,2025-03-02,17,Gym Floor,81,Sunday,2025-03,Evening
CI012539,M0783,2025-04-16,7,Gym Floor,76,Wednesday,2025-04,Early Morning
CI012540,M0783,2025-05-25,18,CrossFit,56,Sunday,2025-05,Evening
CI012541,M0783,2025-08-30,7,HIIT,72,Saturday,2025-08,Early Morning
CI012542,M0783,2025-07-06,6,Gym Floor,60,Sunday,2025-07,Early Morning
CI012543,M0783,2025-04-06,6,Yoga,68,Sunday,2025-04,Early Morning
CI012544,M0783,2025-03-22,11,Gym Floor,40,Saturday,2025-03,Morning
CI012545,M0783,2025-05-11,7,Strength Training,49,Sunday,2025-05,Early Morning
CI012546,M0783,2025-07-26,6,Strength Training,56,Saturday,2025-07,Early Morning
CI012547,M0783,2025-04-16,20,Pilates,104,Wednesday,2025-04,Night
CI012548,M0783,2025-06-01,9,Yoga,47,Sunday,2025-06,Early Morning
CI012549,M0783,2025-07-20,7,Gym Floor,49,Sunday,2025-07,Early Morning
CI012550,M0783,2025-08-11,19,Cardio,44,Monday,2025-08,Evening
CI012551,M0783,2025-06-15,16,Gym Floor,63,Sunday,2025-06,Afternoon
CI012552,M0783,2025-05-12,18,Gym Floor,28,Monday,2025-05,Evening
CI012553,M0783,2025-06-02,10,Gym Floor,43,Monday,2025-06,Morning
CI012554,M0783,2025-03-06,18,Spin,33,Thursday,2025-03,Evening
CI012555,M0783,2025-07-01,20,Pilates,54,Tuesday,2025-07,Night
CI012556,M0783,2025-07-15,18,Gym Floor,77,Tuesday,2025-07,Evening
CI012557,M0783,2025-07-14,6,Gym Floor,82,Monday,2025-07,Early Morning
CI012558,M0784,2025-03-11,6,CrossFit,76,Tuesday,2025-03,Early Morning
CI012559,M0784,2025-04-24,11,Cardio,75,Thursday,2025-04,Morning
CI012560,M0784,2025-07-06,12,Strength Training,43,Sunday,2025-07,Morning
CI012561,M0784,2025-04-09,10,Gym Floor,46,Wednesday,2025-04,Morning
CI012562,M0784,2025-03-29,18,Pilates,42,Saturday,2025-03,Evening
CI012563,M0785,2025-05-19,18,Gym Floor,60,Monday,2025-05,Evening
CI012564,M0785,2025-07-12,6,Cardio,81,Saturday,2025-07,Early Morning
CI012565,M0785,2025-05-24,19,Gym Floor,65,Saturday,2025-05,Evening
CI012566,M0785,2025-07-27,17,Spin,67,Sunday,2025-07,Evening
CI012567,M0785,2025-03-27,8,CrossFit,38,Thursday,2025-03,Early Morning
CI012568,M0785,2025-03-15,16,Gym Floor,55,Saturday,2025-03,Afternoon
CI012569,M0785,2025-04-09,16,Yoga,24,Wednesday,2025-04,Afternoon
CI012570,M0785,2025-04-05,18,Gym Floor,40,Saturday,2025-04,Evening
CI012571,M0785,2025-07-13,11,HIIT,84,Sunday,2025-07,Morning
CI012572,M0785,2025-07-27,17,Gym Floor,56,Sunday,2025-07,Evening
CI012573,M0785,2025-07-06,10,CrossFit,77,Sunday,2025-07,Morning
CI012574,M0785,2025-08-25,8,Gym Floor,41,Monday,2025-08,Early Morning
CI012575,M0785,2025-06-15,19,Gym Floor,39,Sunday,2025-06,Evening
CI012576,M0785,2025-03-16,8,Gym Floor,49,Sunday,2025-03,Early Morning
CI012577,M0785,2025-04-12,17,Gym Floor,58,Saturday,2025-04,Evening
CI012578,M0785,2025-07-27,19,Cardio,52,Sunday,2025-07,Evening
CI012579,M0785,2025-07-08,19,CrossFit,35,Tuesday,2025-07,Evening
CI012580,M0785,2025-03-25,20,Cardio,64,Tuesday,2025-03,Night
CI012581,M0785,2025-08-15,12,Zumba,72,Friday,2025-08,Morning
CI012582,M0785,2025-07-29,16,Gym Floor,45,Tuesday,2025-07,Afternoon
CI012583,M0785,2025-07-21,8,CrossFit,58,Monday,2025-07,Early Morning
CI012584,M0785,2025-05-25,16,Gym Floor,69,Sunday,2025-05,Afternoon
CI012585,M0785,2025-06-06,6,HIIT,44,Friday,2025-06,Early Morning
CI012586,M0786,2025-07-04,6,Gym Floor,50,Friday,2025-07,Early Morning
CI012587,M0786,2025-04-24,11,Gym Floor,40,Thursday,2025-04,Morning
CI012588,M0786,2025-05-26,19,Gym Floor,56,Monday,2025-05,Evening
CI012589,M0786,2025-05-17,18,Yoga,47,Saturday,2025-05,Evening
CI012590,M0786,2025-06-24,6,HIIT,58,Tuesday,2025-06,Early Morning
CI012591,M0786,2025-07-31,11,Gym Floor,98,Thursday,2025-07,Morning
CI012592,M0786,2025-07-15,18,Pilates,53,Tuesday,2025-07,Evening
CI012593,M0786,2025-08-15,19,Cardio,53,Friday,2025-08,Evening
CI012594,M0786,2025-06-16,18,Pilates,66,Monday,2025-06,Evening
CI012595,M0786,2025-08-01,7,Gym Floor,69,Friday,2025-08,Early Morning
CI012596,M0786,2025-08-28,19,Gym Floor,20,Thursday,2025-08,Evening
CI012597,M0786,2025-04-18,9,HIIT,63,Friday,2025-04,Early Morning
CI012598,M0786,2025-03-22,17,Pilates,58,Saturday,2025-03,Evening
CI012599,M0786,2025-04-29,8,Gym Floor,60,Tuesday,2025-04,Early Morning
CI012600,M0786,2025-04-27,9,Cardio,47,Sunday,2025-04,Early Morning
CI012601,M0786,2025-08-25,6,HIIT,44,Monday,2025-08,Early Morning
CI012602,M0786,2025-06-16,9,Gym Floor,60,Monday,2025-06,Early Morning
CI012603,M0786,2025-06-22,9,CrossFit,54,Sunday,2025-06,Early Morning
CI012604,M0786,2025-07-21,17,Cardio,57,Monday,2025-07,Evening
CI012605,M0786,2025-06-12,17,Yoga,54,Thursday,2025-06,Evening
CI012606,M0787,2025-05-22,7,Yoga,47,Thursday,2025-05,Early Morning
CI012607,M0787,2025-05-16,11,Gym Floor,38,Friday,2025-05,Morning
CI012608,M0787,2025-03-30,16,Spin,80,Sunday,2025-03,Afternoon
CI012609,M0787,2025-03-15,11,Gym Floor,86,Saturday,2025-03,Morning
CI012610,M0787,2025-08-28,19,CrossFit,32,Thursday,2025-08,Evening
CI012611,M0787,2025-06-08,17,CrossFit,54,Sunday,2025-06,Evening
CI012612,M0787,2025-04-30,18,Gym Floor,41,Wednesday,2025-04,Evening
CI012613,M0788,2025-07-08,18,Zumba,80,Tuesday,2025-07,Evening
CI012614,M0788,2025-07-15,21,CrossFit,53,Tuesday,2025-07,Night
CI012615,M0788,2025-04-18,20,Zumba,62,Friday,2025-04,Night
CI012616,M0788,2025-07-12,8,Gym Floor,43,Saturday,2025-07,Early Morning
CI012617,M0788,2025-04-30,19,Strength Training,47,Wednesday,2025-04,Evening
CI012618,M0789,2025-05-22,18,Strength Training,35,Thursday,2025-05,Evening
CI012619,M0789,2025-05-16,9,Gym Floor,37,Friday,2025-05,Early Morning
CI012620,M0789,2025-06-06,19,Gym Floor,26,Friday,2025-06,Evening
CI012621,M0789,2025-04-24,6,HIIT,71,Thursday,2025-04,Early Morning
CI012622,M0789,2025-05-19,18,Gym Floor,79,Monday,2025-05,Evening
CI012623,M0789,2025-08-27,18,Gym Floor,66,Wednesday,2025-08,Evening
CI012624,M0789,2025-08-11,17,CrossFit,65,Monday,2025-08,Evening
CI012625,M0789,2025-04-21,16,Gym Floor,58,Monday,2025-04,Afternoon
CI012626,M0789,2025-07-13,7,Gym Floor,58,Sunday,2025-07,Early Morning
CI012627,M0789,2025-04-10,18,HIIT,58,Thursday,2025-04,Evening
CI012628,M0789,2025-05-02,18,Gym Floor,45,Friday,2025-05,Evening
CI012629,M0789,2025-06-15,10,Cardio,29,Sunday,2025-06,Morning
CI012630,M0789,2025-07-05,16,Gym Floor,61,Saturday,2025-07,Afternoon
CI012631,M0789,2025-06-17,16,Cardio,69,Tuesday,2025-06,Afternoon
CI012632,M0789,2025-03-30,8,Strength Training,42,Sunday,2025-03,Early Morning
CI012633,M0789,2025-06-02,18,Zumba,74,Monday,2025-06,Evening
CI012634,M0789,2025-08-14,8,Yoga,46,Thursday,2025-08,Early Morning
CI012635,M0789,2025-05-18,19,Gym Floor,31,Sunday,2025-05,Evening
CI012636,M0789,2025-07-16,19,Gym Floor,50,Wednesday,2025-07,Evening
CI012637,M0789,2025-07-06,17,Yoga,85,Sunday,2025-07,Evening
CI012638,M0789,2025-08-03,9,Yoga,38,Sunday,2025-08,Early Morning
CI012639,M0789,2025-07-28,20,HIIT,55,Monday,2025-07,Night
CI012640,M0789,2025-06-15,17,Gym Floor,65,Sunday,2025-06,Evening
CI012641,M0789,2025-03-26,10,Gym Floor,60,Wednesday,2025-03,Morning
CI012642,M0789,2025-04-15,19,Gym Floor,64,Tuesday,2025-04,Evening
CI012643,M0789,2025-08-11,19,Strength Training,56,Monday,2025-08,Evening
CI012644,M0789,2025-07-25,12,Gym Floor,47,Friday,2025-07,Morning
CI012645,M0789,2025-07-10,6,Pilates,23,Thursday,2025-07,Early Morning
CI012646,M0789,2025-06-28,18,Cardio,32,Saturday,2025-06,Evening
CI012647,M0789,2025-05-12,19,Pilates,64,Monday,2025-05,Evening
CI012648,M0789,2025-04-25,20,Gym Floor,54,Friday,2025-04,Night
CI012649,M0789,2025-06-04,9,Gym Floor,20,Wednesday,2025-06,Early Morning
CI012650,M0789,2025-03-03,8,Pilates,26,Monday,2025-03,Early Morning
CI012651,M0789,2025-05-12,19,Gym Floor,71,Monday,2025-05,Evening
CI012652,M0789,2025-06-25,21,Gym Floor,60,Wednesday,2025-06,Night
CI012653,M0789,2025-08-09,6,Pilates,28,Saturday,2025-08,Early Morning
CI012654,M0789,2025-07-15,11,Gym Floor,30,Tuesday,2025-07,Morning
CI012655,M0789,2025-04-21,8,Gym Floor,35,Monday,2025-04,Early Morning
CI012656,M0789,2025-03-12,18,HIIT,40,Wednesday,2025-03,Evening
CI012657,M0789,2025-06-01,18,Yoga,28,Sunday,2025-06,Evening
CI012658,M0789,2025-06-26,10,Gym Floor,66,Thursday,2025-06,Morning
CI012659,M0790,2025-07-09,19,Strength Training,54,Wednesday,2025-07,Evening
CI012660,M0790,2025-05-07,17,Zumba,25,Wednesday,2025-05,Evening
CI012661,M0790,2025-08-30,8,CrossFit,50,Saturday,2025-08,Early Morning
CI012662,M0790,2025-04-03,10,HIIT,65,Thursday,2025-04,Morning
CI012663,M0790,2025-03-11,19,Gym Floor,46,Tuesday,2025-03,Evening
CI012664,M0790,2025-05-01,8,HIIT,79,Thursday,2025-05,Early Morning
CI012665,M0790,2025-03-17,16,CrossFit,75,Monday,2025-03,Afternoon
CI012666,M0791,2025-08-28,16,Gym Floor,31,Thursday,2025-08,Afternoon
CI012667,M0791,2025-08-25,6,CrossFit,53,Monday,2025-08,Early Morning
CI012668,M0791,2025-06-20,7,Zumba,46,Friday,2025-06,Early Morning
CI012669,M0791,2025-06-23,7,HIIT,63,Monday,2025-06,Early Morning
CI012670,M0791,2025-03-06,18,Spin,43,Thursday,2025-03,Evening
CI012671,M0791,2025-05-14,7,Zumba,48,Wednesday,2025-05,Early Morning
CI012672,M0791,2025-06-21,18,Gym Floor,62,Saturday,2025-06,Evening
CI012673,M0791,2025-03-18,8,Pilates,40,Tuesday,2025-03,Early Morning
CI012674,M0791,2025-04-28,16,Gym Floor,63,Monday,2025-04,Afternoon
CI012675,M0791,2025-05-20,19,Strength Training,81,Tuesday,2025-05,Evening
CI012676,M0791,2025-06-30,8,Pilates,43,Monday,2025-06,Early Morning
CI012677,M0791,2025-05-12,11,CrossFit,67,Monday,2025-05,Morning
CI012678,M0791,2025-05-01,8,Gym Floor,37,Thursday,2025-05,Early Morning
CI012679,M0791,2025-08-13,6,Gym Floor,39,Wednesday,2025-08,Early Morning
CI012680,M0791,2025-07-16,9,Strength Training,46,Wednesday,2025-07,Early Morning
CI012681,M0791,2025-03-20,20,Gym Floor,28,Thursday,2025-03,Night
CI012682,M0791,2025-05-29,20,Gym Floor,31,Thursday,2025-05,Night
CI012683,M0791,2025-04-02,17,Gym Floor,52,Wednesday,2025-04,Evening
CI012684,M0791,2025-06-06,9,Gym Floor,52,Friday,2025-06,Early Morning
CI012685,M0791,2025-08-07,6,Gym Floor,46,Thursday,2025-08,Early Morning
CI012686,M0792,2025-06-06,9,Yoga,36,Friday,2025-06,Early Morning
CI012687,M0792,2025-07-14,8,Gym Floor,58,Monday,2025-07,Early Morning
CI012688,M0792,2025-03-18,11,Gym Floor,40,Tuesday,2025-03,Morning
CI012689,M0792,2025-08-31,16,HIIT,53,Sunday,2025-08,Afternoon
CI012690,M0792,2025-04-30,10,Gym Floor,87,Wednesday,2025-04,Morning
CI012691,M0792,2025-04-30,10,Gym Floor,49,Wednesday,2025-04,Morning
CI012692,M0792,2025-03-01,16,Yoga,55,Saturday,2025-03,Afternoon
CI012693,M0792,2025-07-02,10,Gym Floor,43,Wednesday,2025-07,Morning
CI012694,M0792,2025-05-27,19,Gym Floor,81,Tuesday,2025-05,Evening
CI012695,M0792,2025-08-02,17,Gym Floor,26,Saturday,2025-08,Evening
CI012696,M0792,2025-06-12,20,Gym Floor,51,Thursday,2025-06,Night
CI012697,M0792,2025-06-23,6,Gym Floor,82,Monday,2025-06,Early Morning
CI012698,M0792,2025-04-04,20,Cardio,60,Friday,2025-04,Night
CI012699,M0792,2025-03-19,19,Gym Floor,60,Wednesday,2025-03,Evening
CI012700,M0792,2025-06-06,10,CrossFit,72,Friday,2025-06,Morning
CI012701,M0792,2025-06-14,18,HIIT,20,Saturday,2025-06,Evening
CI012702,M0792,2025-08-04,21,CrossFit,70,Monday,2025-08,Night
CI012703,M0792,2025-04-30,7,Gym Floor,90,Wednesday,2025-04,Early Morning
CI012704,M0792,2025-03-17,7,Zumba,31,Monday,2025-03,Early Morning
CI012705,M0792,2025-03-14,16,Gym Floor,71,Friday,2025-03,Afternoon
CI012706,M0792,2025-04-13,17,Pilates,34,Sunday,2025-04,Evening
CI012707,M0792,2025-07-07,6,Yoga,76,Monday,2025-07,Early Morning
CI012708,M0792,2025-08-24,18,Zumba,75,Sunday,2025-08,Evening
CI012709,M0792,2025-06-29,6,Gym Floor,79,Sunday,2025-06,Early Morning
CI012710,M0792,2025-07-23,20,Spin,64,Wednesday,2025-07,Night
CI012711,M0793,2025-08-03,20,Pilates,53,Sunday,2025-08,Night
CI012712,M0793,2025-06-26,17,Strength Training,24,Thursday,2025-06,Evening
CI012713,M0793,2025-05-03,20,CrossFit,20,Saturday,2025-05,Night
CI012714,M0793,2025-04-03,7,Cardio,51,Thursday,2025-04,Early Morning
CI012715,M0793,2025-05-20,12,Pilates,64,Tuesday,2025-05,Morning
CI012716,M0793,2025-03-28,19,Zumba,43,Friday,2025-03,Evening
CI012717,M0793,2025-07-16,8,Zumba,47,Wednesday,2025-07,Early Morning
CI012718,M0794,2025-04-21,20,Pilates,50,Monday,2025-04,Night
CI012719,M0794,2025-04-18,12,Yoga,55,Friday,2025-04,Morning
CI012720,M0794,2025-08-28,17,Gym Floor,76,Thursday,2025-08,Evening
CI012721,M0794,2025-05-21,9,Gym Floor,63,Wednesday,2025-05,Early Morning
CI012722,M0794,2025-08-01,17,Cardio,40,Friday,2025-08,Evening
CI012723,M0794,2025-03-12,17,Strength Training,49,Wednesday,2025-03,Evening
CI012724,M0794,2025-06-14,7,Gym Floor,57,Saturday,2025-06,Early Morning
CI012725,M0794,2025-04-04,18,HIIT,55,Friday,2025-04,Evening
CI012726,M0794,2025-06-27,17,Gym Floor,61,Friday,2025-06,Evening
CI012727,M0794,2025-05-10,11,Cardio,73,Saturday,2025-05,Morning
CI012728,M0795,2025-08-01,21,Gym Floor,73,Friday,2025-08,Night
CI012729,M0795,2025-03-15,18,Gym Floor,41,Saturday,2025-03,Evening
CI012730,M0795,2025-07-16,18,Strength Training,110,Wednesday,2025-07,Evening
CI012731,M0795,2025-06-21,17,Cardio,63,Saturday,2025-06,Evening
CI012732,M0795,2025-08-14,17,Pilates,84,Thursday,2025-08,Evening
CI012733,M0795,2025-08-25,21,Gym Floor,45,Monday,2025-08,Night
CI012734,M0795,2025-08-03,6,CrossFit,94,Sunday,2025-08,Early Morning
CI012735,M0795,2025-06-26,18,Gym Floor,90,Thursday,2025-06,Evening
CI012736,M0795,2025-03-27,17,Spin,48,Thursday,2025-03,Evening
CI012737,M0795,2025-07-28,19,Gym Floor,48,Monday,2025-07,Evening
CI012738,M0795,2025-06-13,7,Spin,50,Friday,2025-06,Early Morning
CI012739,M0795,2025-04-09,9,Gym Floor,20,Wednesday,2025-04,Early Morning
CI012740,M0795,2025-08-08,8,Gym Floor,59,Friday,2025-08,Early Morning
CI012741,M0795,2025-08-29,20,Zumba,40,Friday,2025-08,Night
CI012742,M0795,2025-07-15,6,Strength Training,66,Tuesday,2025-07,Early Morning
CI012743,M0795,2025-04-11,18,Gym Floor,75,Friday,2025-04,Evening
CI012744,M0795,2025-03-13,20,Gym Floor,45,Thursday,2025-03,Night
CI012745,M0795,2025-04-07,8,CrossFit,51,Monday,2025-04,Early Morning
CI012746,M0795,2025-07-31,17,Gym Floor,56,Thursday,2025-07,Evening
CI012747,M0795,2025-03-17,10,Spin,70,Monday,2025-03,Morning
CI012748,M0795,2025-04-10,11,Gym Floor,70,Thursday,2025-04,Morning
CI012749,M0795,2025-08-29,16,HIIT,46,Friday,2025-08,Afternoon
CI012750,M0795,2025-07-11,17,Yoga,45,Friday,2025-07,Evening
CI012751,M0795,2025-05-17,11,Gym Floor,63,Saturday,2025-05,Morning
CI012752,M0795,2025-04-29,6,Gym Floor,48,Tuesday,2025-04,Early Morning
CI012753,M0795,2025-04-08,11,Gym Floor,23,Tuesday,2025-04,Morning
CI012754,M0795,2025-06-17,8,Pilates,71,Tuesday,2025-06,Early Morning
CI012755,M0795,2025-07-15,16,Gym Floor,71,Tuesday,2025-07,Afternoon
CI012756,M0795,2025-08-24,19,Strength Training,43,Sunday,2025-08,Evening
CI012757,M0795,2025-06-18,18,Yoga,28,Wednesday,2025-06,Evening
CI012758,M0795,2025-04-15,16,Gym Floor,51,Tuesday,2025-04,Afternoon
CI012759,M0795,2025-03-03,17,Gym Floor,71,Monday,2025-03,Evening
CI012760,M0795,2025-05-27,16,CrossFit,20,Tuesday,2025-05,Afternoon
CI012761,M0795,2025-06-10,21,Pilates,61,Tuesday,2025-06,Night
CI012762,M0795,2025-08-18,9,CrossFit,51,Monday,2025-08,Early Morning
CI012763,M0795,2025-07-02,16,Pilates,20,Wednesday,2025-07,Afternoon
CI012764,M0795,2025-06-06,12,Yoga,41,Friday,2025-06,Morning
CI012765,M0795,2025-08-19,8,Zumba,26,Tuesday,2025-08,Early Morning
CI012766,M0795,2025-05-23,10,Gym Floor,54,Friday,2025-05,Morning
CI012767,M0795,2025-03-11,6,Zumba,76,Tuesday,2025-03,Early Morning
CI012768,M0795,2025-06-06,21,Yoga,32,Friday,2025-06,Night
CI012769,M0795,2025-08-11,19,Yoga,99,Monday,2025-08,Evening
CI012770,M0795,2025-04-13,8,Cardio,79,Sunday,2025-04,Early Morning
CI012771,M0795,2025-06-14,8,Pilates,61,Saturday,2025-06,Early Morning
CI012772,M0795,2025-03-05,8,Gym Floor,56,Wednesday,2025-03,Early Morning
CI012773,M0795,2025-04-12,18,Gym Floor,37,Saturday,2025-04,Evening
CI012774,M0795,2025-06-19,17,Pilates,43,Thursday,2025-06,Evening
CI012775,M0796,2025-08-07,6,Yoga,47,Thursday,2025-08,Early Morning
CI012776,M0796,2025-05-09,21,HIIT,33,Friday,2025-05,Night
CI012777,M0796,2025-06-01,6,Gym Floor,79,Sunday,2025-06,Early Morning
CI012778,M0796,2025-05-30,20,Strength Training,48,Friday,2025-05,Night
CI012779,M0796,2025-06-05,17,Gym Floor,87,Thursday,2025-06,Evening
CI012780,M0796,2025-06-05,9,HIIT,85,Thursday,2025-06,Early Morning
CI012781,M0797,2025-08-31,16,Gym Floor,61,Sunday,2025-08,Afternoon
CI012782,M0797,2025-08-08,18,CrossFit,31,Friday,2025-08,Evening
CI012783,M0797,2025-04-15,16,Zumba,40,Tuesday,2025-04,Afternoon
CI012784,M0797,2025-04-13,10,HIIT,56,Sunday,2025-04,Morning
CI012785,M0797,2025-08-29,7,Cardio,49,Friday,2025-08,Early Morning
CI012786,M0797,2025-04-02,16,Strength Training,75,Wednesday,2025-04,Afternoon
CI012787,M0797,2025-03-07,18,Gym Floor,77,Friday,2025-03,Evening
CI012788,M0797,2025-04-06,11,Gym Floor,42,Sunday,2025-04,Morning
CI012789,M0797,2025-04-30,16,Gym Floor,66,Wednesday,2025-04,Afternoon
CI012790,M0797,2025-08-13,7,Gym Floor,68,Wednesday,2025-08,Early Morning
CI012791,M0797,2025-03-14,17,Zumba,25,Friday,2025-03,Evening
CI012792,M0797,2025-03-09,18,Spin,56,Sunday,2025-03,Evening
CI012793,M0797,2025-06-14,6,Spin,39,Saturday,2025-06,Early Morning
CI012794,M0797,2025-08-19,19,HIIT,52,Tuesday,2025-08,Evening
CI012795,M0797,2025-07-31,18,Pilates,72,Thursday,2025-07,Evening
CI012796,M0797,2025-04-13,8,Spin,70,Sunday,2025-04,Early Morning
CI012797,M0797,2025-05-31,18,Gym Floor,74,Saturday,2025-05,Evening
CI012798,M0797,2025-05-25,19,HIIT,51,Sunday,2025-05,Evening
CI012799,M0797,2025-06-14,16,Pilates,52,Saturday,2025-06,Afternoon
CI012800,M0797,2025-04-11,17,Gym Floor,46,Friday,2025-04,Evening
CI012801,M0797,2025-08-20,7,Zumba,46,Wednesday,2025-08,Early Morning
CI012802,M0797,2025-06-01,17,Spin,46,Sunday,2025-06,Evening
CI012803,M0797,2025-04-13,7,Yoga,57,Sunday,2025-04,Early Morning
CI012804,M0797,2025-03-22,18,Gym Floor,80,Saturday,2025-03,Evening
CI012805,M0797,2025-03-06,20,Strength Training,29,Thursday,2025-03,Night
CI012806,M0797,2025-05-01,11,Zumba,62,Thursday,2025-05,Morning
CI012807,M0797,2025-03-15,9,Pilates,21,Saturday,2025-03,Early Morning
CI012808,M0797,2025-08-10,6,Gym Floor,36,Sunday,2025-08,Early Morning
CI012809,M0797,2025-07-14,8,Strength Training,56,Monday,2025-07,Early Morning
CI012810,M0797,2025-06-07,7,Gym Floor,49,Saturday,2025-06,Early Morning
CI012811,M0797,2025-08-07,17,Gym Floor,66,Thursday,2025-08,Evening
CI012812,M0798,2025-05-05,18,Zumba,49,Monday,2025-05,Evening
CI012813,M0798,2025-06-24,12,Strength Training,50,Tuesday,2025-06,Morning
CI012814,M0798,2025-06-29,19,Gym Floor,64,Sunday,2025-06,Evening
CI012815,M0798,2025-03-25,9,Pilates,38,Tuesday,2025-03,Early Morning
CI012816,M0798,2025-05-22,12,Gym Floor,42,Thursday,2025-05,Morning
CI012817,M0798,2025-03-29,17,Gym Floor,44,Saturday,2025-03,Evening
CI012818,M0798,2025-08-19,17,Cardio,59,Tuesday,2025-08,Evening
CI012819,M0798,2025-08-03,17,Zumba,55,Sunday,2025-08,Evening
CI012820,M0798,2025-06-19,20,Strength Training,20,Thursday,2025-06,Night
CI012821,M0799,2025-03-15,16,Gym Floor,53,Saturday,2025-03,Afternoon
CI012822,M0799,2025-08-14,18,CrossFit,53,Thursday,2025-08,Evening
CI012823,M0799,2025-07-20,19,Gym Floor,24,Sunday,2025-07,Evening
CI012824,M0799,2025-07-14,19,Gym Floor,62,Monday,2025-07,Evening
CI012825,M0799,2025-04-27,7,Gym Floor,41,Sunday,2025-04,Early Morning
CI012826,M0799,2025-07-29,7,Pilates,44,Tuesday,2025-07,Early Morning
CI012827,M0800,2025-05-23,20,Gym Floor,69,Friday,2025-05,Night
CI012828,M0800,2025-07-29,17,Gym Floor,64,Tuesday,2025-07,Evening
CI012829,M0800,2025-06-14,16,Gym Floor,56,Saturday,2025-06,Afternoon
CI012830,M0800,2025-07-18,12,Gym Floor,62,Friday,2025-07,Morning
CI012831,M0800,2025-08-22,6,Gym Floor,65,Friday,2025-08,Early Morning
CI012832,M0800,2025-07-08,19,Gym Floor,67,Tuesday,2025-07,Evening
CI012833,M0800,2025-07-25,6,Cardio,71,Friday,2025-07,Early Morning
CI012834,M0800,2025-06-22,18,Gym Floor,51,Sunday,2025-06,Evening
CI012835,M0800,2025-05-15,17,Gym Floor,71,Thursday,2025-05,Evening
CI012836,M0800,2025-05-06,18,Gym Floor,51,Tuesday,2025-05,Evening
CI012837,M0800,2025-05-14,19,Gym Floor,48,Wednesday,2025-05,Evening
CI012838,M0800,2025-06-13,12,Gym Floor,47,Friday,2025-06,Morning
CI012839,M0800,2025-07-07,18,Gym Floor,52,Monday,2025-07,Evening
CI012840,M0800,2025-07-20,9,CrossFit,65,Sunday,2025-07,Early Morning
CI012841,M0800,2025-08-07,10,Spin,73,Thursday,2025-08,Morning
CI012842,M0800,2025-07-08,18,Strength Training,70,Tuesday,2025-07,Evening
CI012843,M0800,2025-06-16,21,Gym Floor,56,Monday,2025-06,Night
CI012844,M0800,2025-04-03,19,Pilates,27,Thursday,2025-04,Evening
CI012845,M0800,2025-03-02,19,CrossFit,60,Sunday,2025-03,Evening
CI012846,M0800,2025-05-22,10,Cardio,24,Thursday,2025-05,Morning
CI012847,M0800,2025-06-11,17,Cardio,38,Wednesday,2025-06,Evening
CI012848,M0800,2025-04-23,12,HIIT,37,Wednesday,2025-04,Morning
CI012849,M0800,2025-08-13,7,Gym Floor,51,Wednesday,2025-08,Early Morning
CI012850,M0800,2025-04-28,6,HIIT,36,Monday,2025-04,Early Morning
CI012851,M0800,2025-07-03,6,Zumba,67,Thursday,2025-07,Early Morning
CI012852,M0800,2025-08-28,10,Yoga,61,Thursday,2025-08,Morning
CI012853,M0800,2025-05-30,12,Yoga,66,Friday,2025-05,Morning
CI012854,M0800,2025-05-24,18,Gym Floor,78,Saturday,2025-05,Evening
CI012855,M0800,2025-08-20,17,Gym Floor,51,Wednesday,2025-08,Evening
CI012856,M0800,2025-08-22,8,HIIT,62,Friday,2025-08,Early Morning
CI012857,M0800,2025-08-17,7,Pilates,62,Sunday,2025-08,Early Morning
CI012858,M0800,2025-04-28,19,Cardio,65,Monday,2025-04,Evening
CI012859,M0800,2025-08-06,19,Zumba,30,Wednesday,2025-08,Evening
CI012860,M0800,2025-08-05,9,Gym Floor,49,Tuesday,2025-08,Early Morning
