CheckInID,MemberID,CheckInDate,CheckInHour,ClassAttended,DurationMinutes
CI000001,M0001,2025-05-18,10,HIIT,52
CI000002,M0002,2025-08-06,7,Pilates,32
CI000003,M0002,2025-07-14,11,Spin,72
CI000004,M0002,2025-06-01,16,Pilates,85
CI000005,M0002,2025-04-04,19,Gym Floor,39
CI000006,M0002,2025-05-19,8,Gym Floor,62
CI000007,M0002,2025-05-24,18,Gym Floor,70
CI000008,M0002,2025-05-08,20,Yoga,46
CI000009,M0002,2025-08-12,8,Yoga,57
CI000010,M0002,2025-05-25,19,Gym Floor,37
CI000011,M0002,2025-08-30,18,Gym Floor,61
CI000012,M0002,2025-07-05,12,Cardio,66
CI000013,M0002,2025-07-03,10,CrossFit,37
CI000014,M0002,2025-08-30,6,Gym Floor,68
CI000015,M0002,2025-04-03,6,CrossFit,42
CI000016,M0002,2025-08-29,10,Zumba,58
CI000017,M0002,2025-08-17,19,Gym Floor,53
CI000018,M0002,2025-06-06,16,Gym Floor,55
CI000019,M0002,2025-07-24,21,Gym Floor,59
CI000020,M0002,2025-04-18,19,Spin,25
CI000021,M0002,2025-05-17,19,HIIT,66
CI000022,M0002,2025-07-06,19,CrossFit,45
CI000023,M0002,2025-05-04,20,CrossFit,23
CI000024,M0002,2025-06-07,10,Strength Training,63
CI000025,M0002,2025-07-04,16,HIIT,46
CI000026,M0002,2025-07-24,9,Pilates,72
CI000027,M0002,2025-06-18,19,Gym Floor,37
CI000028,M0002,2025-04-04,18,Spin,33
CI000029,M0003,2025-08-12,7,Spin,51
CI000030,M0003,2025-04-30,16,Cardio,58
CI000031,M0003,2025-05-04,19,Yoga,43
CI000032,M0003,2025-05-18,19,Gym Floor,38
CI000033,M0004,2025-05-17,12,Gym Floor,38
CI000034,M0004,2025-05-20,16,Gym Floor,66
CI000035,M0004,2025-04-01,11,Gym Floor,50
CI000036,M0004,2025-07-24,8,Zumba,38
CI000037,M0004,2025-08-01,8,Strength Training,48
CI000038,M0004,2025-06-17,19,Spin,52
CI000039,M0004,2025-04-30,16,Gym Floor,97
CI000040,M0004,2025-05-17,16,Gym Floor,57
CI000041,M0004,2025-05-06,8,Yoga,84
CI000042,M0004,2025-04-27,17,Gym Floor,58
CI000043,M0004,2025-07-13,19,Gym Floor,64
CI000044,M0004,2025-03-10,7,Gym Floor,58
CI000045,M0004,2025-07-27,11,HIIT,56
CI000046,M0004,2025-04-20,17,Gym Floor,58
CI000047,M0004,2025-04-10,16,Gym Floor,39
CI000048,M0004,2025-07-08,10,Spin,66
CI000049,M0004,2025-03-15,8,CrossFit,35
CI000050,M0004,2025-05-13,18,Spin,75
CI000051,M0005,2025-04-10,7,CrossFit,27
CI000052,M0005,2025-04-26,6,Pilates,59
CI000053,M0005,2025-07-15,10,HIIT,60
CI000054,M0005,2025-08-30,9,Yoga,84
CI000055,M0005,2025-03-18,18,Spin,35
CI000056,M0005,2025-08-24,7,Strength Training,28
CI000057,M0005,2025-07-26,17,Gym Floor,52
CI000058,M0005,2025-08-02,16,Strength Training,48
CI000059,M0005,2025-05-29,19,HIIT,68
CI000060,M0005,2025-08-28,8,Gym Floor,29
CI000061,M0005,2025-03-19,17,Gym Floor,45
CI000062,M0005,2025-06-15,18,Gym Floor,74
CI000063,M0005,2025-04-21,18,Gym Floor,65
CI000064,M0005,2025-07-30,19,Yoga,20
CI000065,M0005,2025-03-25,11,Gym Floor,84
CI000066,M0005,2025-05-31,17,Zumba,49
CI000067,M0005,2025-05-17,17,Zumba,46
CI000068,M0005,2025-05-02,7,HIIT,54
CI000069,M0005,2025-03-02,12,Cardio,55
CI000070,M0005,2025-05-17,8,HIIT,64
CI000071,M0005,2025-07-27,8,HIIT,54
CI000072,M0005,2025-03-23,11,HIIT,53
CI000073,M0005,2025-05-23,19,Gym Floor,89
CI000074,M0005,2025-06-08,11,Cardio,53
CI000075,M0005,2025-07-12,16,HIIT,73
CI000076,M0005,2025-06-25,11,CrossFit,45
CI000077,M0005,2025-03-19,10,Gym Floor,56
CI000078,M0005,2025-05-08,8,HIIT,52
CI000079,M0005,2025-05-08,18,Zumba,47
CI000080,M0005,2025-08-01,6,Strength Training,41
CI000081,M0005,2025-08-13,19,Gym Floor,65
CI000082,M0005,2025-03-14,18,Zumba,53
CI000083,M0005,2025-04-03,6,Gym Floor,48
CI000084,M0005,2025-06-23,16,HIIT,42
CI000085,M0005,2025-07-19,18,Gym Floor,58
CI000086,M0005,2025-03-19,20,Gym Floor,71
CI000087,M0005,2025-06-06,8,Strength Training,79
CI000088,M0005,2025-05-12,11,Cardio,84
CI000089,M0005,2025-04-22,18,Gym Floor,70
CI000090,M0005,2025-06-14,12,Gym Floor,41
CI000091,M0005,2025-08-29,18,Gym Floor,50
CI000092,M0005,2025-07-15,9,Gym Floor,70
CI000093,M0005,2025-04-13,9,Gym Floor,44
CI000094,M0005,2025-04-20,7,Gym Floor,58
CI000095,M0005,2025-05-09,17,CrossFit,81
CI000096,M0005,2025-04-26,12,Gym Floor,52
CI000097,M0005,2025-04-11,8,Cardio,57
CI000098,M0005,2025-03-25,7,Cardio,54
CI000099,M0005,2025-07-04,11,Gym Floor,67
CI000100,M0006,2025-03-18,7,Cardio,56
CI000101,M0007,2025-08-26,17,Gym Floor,32
CI000102,M0007,2025-07-03,19,Zumba,34
CI000103,M0007,2025-08-27,21,Gym Floor,67
CI000104,M0007,2025-03-13,18,Strength Training,104
CI000105,M0007,2025-06-02,16,Gym Floor,37
CI000106,M0007,2025-03-24,11,HIIT,34
CI000107,M0007,2025-04-26,17,Pilates,41
CI000108,M0008,2025-07-01,7,Gym Floor,32
CI000109,M0008,2025-07-08,6,Gym Floor,79
CI000110,M0008,2025-03-02,6,HIIT,25
CI000111,M0008,2025-05-27,10,Pilates,45
CI000112,M0008,2025-07-19,17,Gym Floor,80
CI000113,M0008,2025-05-16,9,Zumba,68
CI000114,M0008,2025-07-21,8,Gym Floor,75
CI000115,M0008,2025-05-04,8,Gym Floor,25
CI000116,M0008,2025-08-15,8,Gym Floor,49
CI000117,M0008,2025-05-07,19,Gym Floor,27
CI000118,M0008,2025-06-05,7,Pilates,38
CI000119,M0008,2025-08-29,17,HIIT,58
CI000120,M0009,2025-05-14,20,Yoga,62
CI000121,M0009,2025-05-10,18,Gym Floor,66
CI000122,M0009,2025-03-05,11,HIIT,69
CI000123,M0009,2025-07-18,20,Gym Floor,52
CI000124,M0009,2025-06-06,19,Spin,48
CI000125,M0009,2025-04-22,8,Gym Floor,42
CI000126,M0009,2025-06-13,17,Zumba,35
CI000127,M0009,2025-08-20,8,CrossFit,52
CI000128,M0009,2025-03-01,7,CrossFit,49
CI000129,M0009,2025-05-30,19,Gym Floor,74
CI000130,M0009,2025-07-10,18,Zumba,44
CI000131,M0009,2025-07-08,20,Pilates,53
CI000132,M0009,2025-08-15,9,Zumba,48
CI000133,M0009,2025-08-24,18,Gym Floor,61
CI000134,M0009,2025-08-05,20,Gym Floor,60
CI000135,M0009,2025-05-25,19,Gym Floor,37
CI000136,M0009,2025-04-25,18,Gym Floor,51
CI000137,M0009,2025-05-26,7,Zumba,55
CI000138,M0009,2025-07-23,16,Gym Floor,63
CI000139,M0009,2025-08-05,17,Cardio,72
CI000140,M0009,2025-06-17,8,Spin,42
CI000141,M0009,2025-05-07,10,Gym Floor,54
CI000142,M0009,2025-04-10,7,Gym Floor,51
CI000143,M0009,2025-07-16,8,CrossFit,37
CI000144,M0009,2025-05-24,18,Yoga,72
CI000145,M0010,2025-04-27,7,Spin,53
CI000146,M0010,2025-07-25,18,Pilates,68
CI000147,M0010,2025-06-05,17,Gym Floor,71
CI000148,M0010,2025-05-10,10,Gym Floor,55
CI000149,M0011,2025-04-25,20,Pilates,59
CI000150,M0011,2025-04-26,9,Yoga,35
CI000151,M0011,2025-07-09,19,CrossFit,51
CI000152,M0011,2025-04-24,6,HIIT,33
CI000153,M0011,2025-08-31,20,Gym Floor,69
CI000154,M0011,2025-05-26,18,Gym Floor,21
CI000155,M0011,2025-03-19,20,Zumba,65
CI000156,M0011,2025-05-12,6,Zumba,57
CI000157,M0011,2025-05-01,18,Gym Floor,90
CI000158,M0011,2025-04-05,7,Yoga,96
CI000159,M0011,2025-08-05,16,Gym Floor,59
CI000160,M0011,2025-03-14,9,Strength Training,27
CI000161,M0011,2025-03-12,7,Gym Floor,58
CI000162,M0011,2025-03-27,10,Gym Floor,20
CI000163,M0011,2025-05-04,8,Gym Floor,44
CI000164,M0011,2025-06-04,17,HIIT,47
CI000165,M0011,2025-06-20,20,Gym Floor,74
CI000166,M0011,2025-04-23,20,Gym Floor,58
CI000167,M0011,2025-08-11,7,Zumba,84
CI000168,M0011,2025-08-26,20,Cardio,65
CI000169,M0012,2025-03-04,19,Cardio,60
CI000170,M0012,2025-07-28,8,Spin,20
CI000171,M0012,2025-08-13,7,Gym Floor,62
CI000172,M0012,2025-06-03,16,HIIT,44
CI000173,M0012,2025-04-11,9,Gym Floor,31
CI000174,M0012,2025-06-16,21,Pilates,20
CI000175,M0012,2025-04-10,18,Gym Floor,59
CI000176,M0012,2025-04-14,18,Cardio,44
CI000177,M0012,2025-03-15,6,Gym Floor,28
CI000178,M0012,2025-05-25,20,Cardio,51
CI000179,M0012,2025-06-01,10,Gym Floor,36
CI000180,M0012,2025-05-27,8,Spin,57
CI000181,M0012,2025-07-15,8,CrossFit,29
CI000182,M0012,2025-06-09,6,Zumba,20
CI000183,M0012,2025-04-25,16,Gym Floor,56
CI000184,M0012,2025-08-02,17,Yoga,56
CI000185,M0012,2025-06-07,17,Gym Floor,42
CI000186,M0012,2025-05-31,18,Gym Floor,67
CI000187,M0012,2025-06-19,7,Gym Floor,75
CI000188,M0012,2025-06-05,11,CrossFit,99
CI000189,M0012,2025-08-20,6,HIIT,71
CI000190,M0012,2025-08-31,17,Gym Floor,58
CI000191,M0012,2025-05-06,6,Zumba,62
CI000192,M0012,2025-08-07,17,CrossFit,51
CI000193,M0012,2025-07-31,17,Spin,62
CI000194,M0012,2025-05-30,17,CrossFit,67
CI000195,M0012,2025-05-23,7,Gym Floor,59
CI000196,M0012,2025-04-21,8,Gym Floor,76
CI000197,M0012,2025-07-11,6,Gym Floor,52
CI000198,M0012,2025-05-03,17,CrossFit,40
CI000199,M0012,2025-04-13,18,Pilates,48
CI000200,M0012,2025-03-02,16,Strength Training,102
CI000201,M0012,2025-05-08,17,Gym Floor,62
CI000202,M0012,2025-05-30,9,Gym Floor,74
CI000203,M0012,2025-08-01,8,Spin,49
CI000204,M0012,2025-04-22,19,Gym Floor,37
CI000205,M0012,2025-06-03,17,Gym Floor,50
CI000206,M0012,2025-04-08,21,CrossFit,59
CI000207,M0012,2025-03-29,20,HIIT,23
CI000208,M0012,2025-05-05,6,Gym Floor,36
CI000209,M0012,2025-05-21,19,Strength Training,52
CI000210,M0013,2025-04-20,7,Spin,70
CI000211,M0013,2025-05-08,19,Pilates,58
CI000212,M0014,2025-08-11,16,Pilates,65
CI000213,M0014,2025-08-24,21,Gym Floor,65
CI000214,M0014,2025-05-29,18,CrossFit,68
CI000215,M0014,2025-03-05,7,Gym Floor,56
CI000216,M0014,2025-08-27,18,Gym Floor,46
CI000217,M0014,2025-04-24,16,Gym Floor,55
CI000218,M0014,2025-05-01,12,Gym Floor,86
CI000219,M0014,2025-07-17,10,Zumba,51
CI000220,M0014,2025-06-01,17,HIIT,76
CI000221,M0014,2025-07-16,17,Cardio,47
CI000222,M0014,2025-05-10,17,Gym Floor,32
CI000223,M0014,2025-05-19,16,Zumba,45
CI000224,M0014,2025-05-12,9,Gym Floor,72
CI000225,M0014,2025-05-29,12,Cardio,83
CI000226,M0014,2025-07-11,19,Gym Floor,64
CI000227,M0014,2025-06-13,7,Yoga,66
CI000228,M0014,2025-05-26,17,Pilates,79
CI000229,M0014,2025-07-03,19,Gym Floor,78
CI000230,M0014,2025-05-21,19,Spin,64
CI000231,M0014,2025-07-26,19,Yoga,54
CI000232,M0014,2025-06-25,6,Gym Floor,48
CI000233,M0014,2025-03-03,18,Pilates,46
CI000234,M0014,2025-05-16,8,Strength Training,57
CI000235,M0015,2025-03-28,8,Strength Training,32
CI000236,M0015,2025-07-22,17,Yoga,67
CI000237,M0015,2025-05-18,16,Gym Floor,52
CI000238,M0015,2025-03-07,19,CrossFit,77
CI000239,M0015,2025-05-18,8,Gym Floor,59
CI000240,M0015,2025-06-25,20,Gym Floor,28
CI000241,M0015,2025-03-01,16,Pilates,51
CI000242,M0017,2025-07-06,12,Spin,38
CI000243,M0017,2025-06-24,19,Cardio,79
CI000244,M0017,2025-03-22,8,Cardio,32
CI000245,M0017,2025-06-11,6,HIIT,72
CI000246,M0017,2025-08-06,7,Yoga,53
CI000247,M0017,2025-06-09,8,Pilates,35
CI000248,M0017,2025-03-02,7,Gym Floor,69
CI000249,M0017,2025-05-21,11,Gym Floor,23
CI000250,M0017,2025-06-07,17,CrossFit,20
CI000251,M0018,2025-08-18,7,Gym Floor,39
CI000252,M0018,2025-06-08,19,Spin,70
CI000253,M0018,2025-07-03,7,Pilates,81
CI000254,M0018,2025-08-24,19,Pilates,29
CI000255,M0018,2025-07-09,11,Gym Floor,50
CI000256,M0018,2025-04-27,6,Gym Floor,62
CI000257,M0018,2025-06-27,18,Gym Floor,55
CI000258,M0018,2025-07-11,7,Gym Floor,70
CI000259,M0018,2025-07-15,6,Gym Floor,28
CI000260,M0018,2025-03-29,19,Pilates,57
CI000261,M0018,2025-07-15,10,Gym Floor,33
CI000262,M0018,2025-07-19,19,Zumba,87
CI000263,M0018,2025-07-15,6,Cardio,58
CI000264,M0018,2025-07-08,8,Spin,37
CI000265,M0019,2025-04-13,17,Gym Floor,78
CI000266,M0019,2025-03-30,6,Zumba,42
CI000267,M0019,2025-05-06,21,Pilates,47
CI000268,M0019,2025-04-18,19,HIIT,71
CI000269,M0019,2025-03-11,17,Spin,49
CI000270,M0019,2025-04-13,19,HIIT,56
CI000271,M0019,2025-07-03,9,Yoga,71
CI000272,M0019,2025-05-14,18,Zumba,77
CI000273,M0019,2025-08-02,6,Gym Floor,75
CI000274,M0019,2025-08-17,18,Gym Floor,20
CI000275,M0019,2025-04-02,12,Gym Floor,67
CI000276,M0019,2025-03-26,7,HIIT,44
CI000277,M0019,2025-06-25,19,Pilates,43
CI000278,M0019,2025-03-18,8,Gym Floor,56
CI000279,M0020,2025-04-08,16,Yoga,69
CI000280,M0020,2025-04-15,19,HIIT,57
CI000281,M0020,2025-08-02,18,Gym Floor,67
CI000282,M0020,2025-03-06,16,Gym Floor,45
CI000283,M0020,2025-07-20,17,Zumba,31
CI000284,M0020,2025-08-30,8,HIIT,51
CI000285,M0020,2025-07-31,20,Gym Floor,65
CI000286,M0020,2025-06-28,19,CrossFit,20
CI000287,M0020,2025-07-25,7,Gym Floor,63
CI000288,M0020,2025-07-17,9,Yoga,36
CI000289,M0020,2025-05-30,6,Cardio,50
CI000290,M0020,2025-08-20,11,Pilates,44
CI000291,M0020,2025-06-08,21,Gym Floor,62
CI000292,M0020,2025-07-21,11,Strength Training,73
CI000293,M0020,2025-05-13,7,Gym Floor,35
CI000294,M0020,2025-05-05,18,Gym Floor,38
CI000295,M0020,2025-03-26,21,Gym Floor,60
CI000296,M0020,2025-07-24,10,Gym Floor,39
CI000297,M0020,2025-05-04,11,Gym Floor,80
CI000298,M0020,2025-06-08,7,Gym Floor,46
CI000299,M0021,2025-08-15,10,Zumba,44
CI000300,M0021,2025-08-05,7,Gym Floor,65
CI000301,M0021,2025-05-08,6,CrossFit,59
CI000302,M0021,2025-03-31,16,CrossFit,54
CI000303,M0021,2025-06-13,6,Spin,20
CI000304,M0021,2025-04-30,6,Gym Floor,93
CI000305,M0021,2025-07-08,18,Yoga,62
CI000306,M0021,2025-04-20,19,CrossFit,37
CI000307,M0021,2025-07-31,7,Gym Floor,63
CI000308,M0021,2025-06-11,8,Gym Floor,81
CI000309,M0022,2025-07-02,21,CrossFit,66
CI000310,M0022,2025-08-25,18,Gym Floor,62
CI000311,M0022,2025-06-24,11,Gym Floor,50
CI000312,M0022,2025-04-16,12,Zumba,47
CI000313,M0022,2025-07-06,17,Gym Floor,60
CI000314,M0022,2025-05-02,9,HIIT,65
CI000315,M0022,2025-03-24,19,Cardio,37
CI000316,M0022,2025-03-16,12,Spin,59
CI000317,M0022,2025-07-29,19,Gym Floor,20
CI000318,M0022,2025-07-20,16,Gym Floor,47
CI000319,M0022,2025-08-28,16,Zumba,47
CI000320,M0022,2025-03-18,17,Gym Floor,52
CI000321,M0022,2025-08-29,17,Strength Training,66
CI000322,M0022,2025-07-31,7,Spin,98
CI000323,M0023,2025-05-30,18,Pilates,63
CI000324,M0023,2025-08-15,7,Spin,20
CI000325,M0023,2025-08-25,9,CrossFit,50
CI000326,M0023,2025-07-26,18,Spin,26
CI000327,M0023,2025-04-30,8,Zumba,68
CI000328,M0023,2025-04-14,18,HIIT,20
CI000329,M0023,2025-06-29,8,Gym Floor,78
CI000330,M0023,2025-04-28,19,Yoga,39
CI000331,M0023,2025-07-20,16,CrossFit,58
CI000332,M0023,2025-05-30,10,Gym Floor,37
CI000333,M0024,2025-06-18,8,Gym Floor,70
CI000334,M0024,2025-08-05,7,Zumba,33
CI000335,M0024,2025-03-11,19,Gym Floor,20
CI000336,M0024,2025-07-18,17,Gym Floor,56
CI000337,M0024,2025-08-12,18,HIIT,72
CI000338,M0024,2025-07-10,18,Strength Training,27
CI000339,M0024,2025-05-29,16,HIIT,44
CI000340,M0024,2025-04-19,6,Yoga,63
CI000341,M0024,2025-07-17,17,Spin,55
CI000342,M0024,2025-05-14,6,Gym Floor,87
CI000343,M0024,2025-08-18,21,Gym Floor,69
CI000344,M0024,2025-04-19,18,Gym Floor,54
CI000345,M0024,2025-05-17,12,Strength Training,57
CI000346,M0024,2025-05-20,19,Pilates,45
CI000347,M0024,2025-05-06,19,Gym Floor,76
CI000348,M0024,2025-08-04,8,Cardio,38
CI000349,M0024,2025-07-20,6,Gym Floor,42
CI000350,M0024,2025-03-06,8,CrossFit,72
CI000351,M0024,2025-03-24,8,Gym Floor,55
CI000352,M0024,2025-08-10,18,Gym Floor,72
CI000353,M0024,2025-07-01,10,CrossFit,67
CI000354,M0024,2025-04-22,11,Spin,60
CI000355,M0025,2025-04-18,8,Zumba,36
CI000356,M0025,2025-03-07,18,Pilates,48
CI000357,M0025,2025-06-11,7,Gym Floor,45
CI000358,M0025,2025-03-07,16,Cardio,78
CI000359,M0025,2025-06-19,10,Gym Floor,79
CI000360,M0026,2025-03-07,18,HIIT,78
CI000361,M0026,2025-06-14,18,Strength Training,34
CI000362,M0027,2025-03-25,18,Strength Training,61
CI000363,M0027,2025-04-08,7,CrossFit,50
CI000364,M0027,2025-07-25,17,Gym Floor,38
CI000365,M0027,2025-08-08,19,Pilates,55
CI000366,M0027,2025-04-23,19,Cardio,77
CI000367,M0027,2025-07-01,10,Gym Floor,56
CI000368,M0027,2025-08-30,18,Gym Floor,41
CI000369,M0027,2025-06-05,19,CrossFit,55
CI000370,M0027,2025-03-01,18,CrossFit,80
CI000371,M0028,2025-03-17,12,Gym Floor,34
CI000372,M0028,2025-08-10,20,Gym Floor,52
CI000373,M0028,2025-04-23,19,Gym Floor,43
CI000374,M0028,2025-07-30,10,CrossFit,50
CI000375,M0028,2025-03-08,6,Gym Floor,59
CI000376,M0028,2025-08-12,10,CrossFit,33
CI000377,M0028,2025-05-18,19,Zumba,86
CI000378,M0029,2025-04-02,20,Gym Floor,52
CI000379,M0029,2025-07-27,9,Pilates,58
CI000380,M0029,2025-05-04,6,CrossFit,98
CI000381,M0029,2025-03-10,18,Strength Training,43
CI000382,M0029,2025-08-24,21,Cardio,54
CI000383,M0029,2025-04-08,12,CrossFit,47
CI000384,M0029,2025-07-10,19,Gym Floor,46
CI000385,M0029,2025-04-04,17,Gym Floor,49
CI000386,M0029,2025-05-19,19,CrossFit,77
CI000387,M0029,2025-04-27,18,Cardio,49
CI000388,M0029,2025-05-29,17,Spin,81
CI000389,M0029,2025-05-16,18,CrossFit,56
CI000390,M0029,2025-08-06,12,Gym Floor,71
CI000391,M0030,2025-04-02,19,Gym Floor,64
CI000392,M0030,2025-06-20,18,Zumba,51
CI000393,M0030,2025-05-24,17,Gym Floor,64
CI000394,M0030,2025-06-23,8,Pilates,38
CI000395,M0030,2025-05-06,21,Zumba,39
CI000396,M0030,2025-04-21,18,Gym Floor,57
CI000397,M0030,2025-04-11,12,Gym Floor,51
CI000398,M0030,2025-06-14,12,Pilates,75
CI000399,M0030,2025-06-22,19,Strength Training,47
CI000400,M0030,2025-04-07,16,Gym Floor,55
CI000401,M0030,2025-05-29,8,Zumba,32
CI000402,M0030,2025-08-17,19,Gym Floor,47
CI000403,M0030,2025-06-11,18,HIIT,71
CI000404,M0030,2025-05-01,18,Yoga,23
CI000405,M0030,2025-06-04,16,Zumba,82
CI000406,M0030,2025-07-26,17,Strength Training,56
CI000407,M0030,2025-08-29,8,Strength Training,35
CI000408,M0030,2025-04-06,16,Gym Floor,65
CI000409,M0030,2025-06-12,12,Cardio,22
CI000410,M0031,2025-06-26,17,Pilates,42
CI000411,M0031,2025-08-09,21,Gym Floor,89
CI000412,M0031,2025-04-14,16,Strength Training,52
CI000413,M0031,2025-08-24,18,Gym Floor,63
CI000414,M0031,2025-07-01,17,Gym Floor,74
CI000415,M0031,2025-06-09,17,Cardio,59
CI000416,M0031,2025-05-21,10,Zumba,37
CI000417,M0031,2025-03-06,7,Cardio,32
CI000418,M0031,2025-08-24,9,Zumba,20
CI000419,M0031,2025-06-18,8,Spin,49
CI000420,M0031,2025-03-25,7,Spin,38
CI000421,M0031,2025-06-02,17,Gym Floor,32
CI000422,M0031,2025-07-19,19,Gym Floor,72
CI000423,M0031,2025-08-14,8,Gym Floor,61
CI000424,M0031,2025-03-31,18,Gym Floor,72
CI000425,M0031,2025-05-14,18,Gym Floor,65
CI000426,M0031,2025-08-14,6,Gym Floor,54
CI000427,M0031,2025-08-19,18,CrossFit,58
CI000428,M0032,2025-04-30,8,Gym Floor,76
CI000429,M0032,2025-05-09,16,HIIT,33
CI000430,M0032,2025-06-21,17,Pilates,62
CI000431,M0032,2025-07-31,18,Gym Floor,69
CI000432,M0032,2025-07-17,10,Cardio,39
CI000433,M0032,2025-04-21,8,Zumba,45
CI000434,M0032,2025-06-01,9,Gym Floor,52
CI000435,M0032,2025-07-23,9,Zumba,36
CI000436,M0032,2025-03-06,18,Gym Floor,65
CI000437,M0032,2025-05-28,18,Yoga,58
CI000438,M0032,2025-03-16,6,CrossFit,46
CI000439,M0032,2025-05-27,16,Gym Floor,20
CI000440,M0032,2025-06-21,16,HIIT,56
CI000441,M0033,2025-08-02,10,Strength Training,73
CI000442,M0033,2025-06-02,11,Gym Floor,48
CI000443,M0033,2025-03-12,8,Gym Floor,73
CI000444,M0033,2025-04-26,20,Yoga,98
CI000445,M0033,2025-06-29,16,Cardio,68
CI000446,M0033,2025-04-12,8,Yoga,56
CI000447,M0033,2025-04-06,6,Pilates,72
CI000448,M0033,2025-05-18,16,Gym Floor,86
CI000449,M0033,2025-08-23,16,Gym Floor,67
CI000450,M0033,2025-04-15,7,Gym Floor,68
CI000451,M0033,2025-03-11,10,Gym Floor,78
CI000452,M0033,2025-03-31,18,HIIT,50
CI000453,M0033,2025-08-31,10,Gym Floor,40
CI000454,M0033,2025-07-08,18,Gym Floor,58
CI000455,M0033,2025-08-06,18,Strength Training,70
CI000456,M0033,2025-07-16,8,Gym Floor,51
CI000457,M0033,2025-05-10,8,Yoga,45
CI000458,M0034,2025-04-12,8,HIIT,42
CI000459,M0035,2025-07-17,17,Strength Training,77
CI000460,M0035,2025-07-27,18,Pilates,40
CI000461,M0035,2025-07-26,7,Yoga,70
CI000462,M0035,2025-03-24,19,Gym Floor,61
CI000463,M0035,2025-03-24,16,Gym Floor,61
CI000464,M0035,2025-08-10,9,Gym Floor,64
CI000465,M0035,2025-04-23,10,Strength Training,65
CI000466,M0035,2025-07-20,11,CrossFit,44
CI000467,M0035,2025-04-01,16,Gym Floor,77
CI000468,M0036,2025-07-08,9,Zumba,26
CI000469,M0036,2025-04-21,8,Pilates,91
CI000470,M0036,2025-08-15,10,CrossFit,65
CI000471,M0036,2025-07-28,8,Zumba,40
CI000472,M0036,2025-07-04,8,CrossFit,51
CI000473,M0036,2025-07-07,19,Gym Floor,80
CI000474,M0036,2025-05-11,7,Gym Floor,61
CI000475,M0036,2025-03-30,16,Strength Training,51
CI000476,M0036,2025-07-10,18,Gym Floor,64
CI000477,M0036,2025-07-24,19,CrossFit,74
CI000478,M0036,2025-07-03,18,Gym Floor,58
CI000479,M0036,2025-07-15,6,Gym Floor,26
CI000480,M0036,2025-07-28,16,Gym Floor,42
CI000481,M0036,2025-04-25,6,Yoga,41
CI000482,M0037,2025-04-20,17,HIIT,53
CI000483,M0037,2025-08-16,17,Gym Floor,98
CI000484,M0037,2025-03-08,9,Cardio,62
CI000485,M0037,2025-04-20,9,Gym Floor,59
CI000486,M0037,2025-06-14,7,Spin,54
CI000487,M0037,2025-05-04,17,Cardio,62
CI000488,M0037,2025-06-06,11,Cardio,61
CI000489,M0037,2025-05-04,7,Gym Floor,39
CI000490,M0037,2025-03-23,9,Yoga,39
CI000491,M0037,2025-06-06,6,HIIT,65
CI000492,M0037,2025-05-03,18,Gym Floor,20
CI000493,M0037,2025-03-10,19,Gym Floor,57
CI000494,M0037,2025-04-17,16,Cardio,47
CI000495,M0037,2025-06-08,20,Gym Floor,52
CI000496,M0037,2025-04-03,21,Gym Floor,88
CI000497,M0037,2025-05-09,8,CrossFit,66
CI000498,M0037,2025-05-11,20,Spin,35
CI000499,M0037,2025-08-19,19,Gym Floor,47
CI000500,M0037,2025-07-01,18,Cardio,36
CI000501,M0037,2025-03-21,17,Gym Floor,56
CI000502,M0037,2025-06-18,8,Cardio,85
CI000503,M0037,2025-05-09,6,CrossFit,82
CI000504,M0037,2025-08-26,6,Strength Training,38
CI000505,M0037,2025-08-05,21,Gym Floor,31
CI000506,M0037,2025-05-28,20,Yoga,44
CI000507,M0037,2025-03-23,18,HIIT,64
CI000508,M0037,2025-08-10,12,Gym Floor,56
CI000509,M0037,2025-08-07,10,Gym Floor,30
CI000510,M0037,2025-06-04,16,Gym Floor,49
CI000511,M0037,2025-08-12,18,Zumba,75
CI000512,M0037,2025-08-22,20,Spin,57
CI000513,M0037,2025-07-23,7,Spin,20
CI000514,M0037,2025-03-20,11,Pilates,81
CI000515,M0037,2025-03-31,19,CrossFit,23
CI000516,M0037,2025-03-19,19,Gym Floor,104
CI000517,M0037,2025-03-03,8,Yoga,70
CI000518,M0037,2025-03-09,16,Spin,43
CI000519,M0037,2025-07-17,20,Gym Floor,79
CI000520,M0037,2025-03-04,19,Gym Floor,43
CI000521,M0037,2025-04-16,19,Gym Floor,60
CI000522,M0037,2025-05-07,17,Gym Floor,50
CI000523,M0037,2025-03-04,17,Gym Floor,29
CI000524,M0037,2025-05-16,16,CrossFit,74
CI000525,M0037,2025-06-21,16,Spin,79
CI000526,M0038,2025-04-27,17,CrossFit,43
CI000527,M0038,2025-05-23,6,CrossFit,48
CI000528,M0038,2025-04-16,6,Gym Floor,45
CI000529,M0038,2025-04-12,12,Cardio,60
CI000530,M0038,2025-04-28,18,Gym Floor,69
CI000531,M0038,2025-04-18,16,Strength Training,86
CI000532,M0038,2025-06-02,10,Gym Floor,42
CI000533,M0038,2025-03-15,8,Gym Floor,52
CI000534,M0038,2025-08-19,12,Gym Floor,43
CI000535,M0038,2025-04-21,18,HIIT,87
CI000536,M0038,2025-03-25,19,Gym Floor,56
CI000537,M0038,2025-05-26,19,CrossFit,50
CI000538,M0038,2025-03-14,19,HIIT,52
CI000539,M0038,2025-05-06,18,Gym Floor,68
CI000540,M0038,2025-06-21,10,Gym Floor,33
CI000541,M0038,2025-06-28,10,Spin,60
CI000542,M0038,2025-08-12,8,Gym Floor,42
CI000543,M0039,2025-07-08,18,CrossFit,51
CI000544,M0039,2025-04-20,19,Cardio,53
CI000545,M0039,2025-07-24,20,Gym Floor,52
CI000546,M0039,2025-08-18,18,Gym Floor,100
CI000547,M0039,2025-07-30,7,Gym Floor,66
CI000548,M0039,2025-06-17,12,Gym Floor,25
CI000549,M0039,2025-07-24,21,Zumba,75
CI000550,M0039,2025-03-25,16,HIIT,66
CI000551,M0039,2025-05-28,18,Gym Floor,47
CI000552,M0039,2025-05-11,19,Strength Training,60
CI000553,M0039,2025-03-23,9,CrossFit,43
CI000554,M0039,2025-03-01,11,Zumba,68
CI000555,M0039,2025-05-29,9,Spin,59
CI000556,M0039,2025-05-22,11,HIIT,37
CI000557,M0039,2025-06-07,16,Zumba,42
CI000558,M0039,2025-06-14,19,Zumba,58
CI000559,M0039,2025-06-21,17,CrossFit,48
CI000560,M0039,2025-07-02,6,Gym Floor,82
CI000561,M0039,2025-03-11,17,Yoga,54
CI000562,M0039,2025-07-06,18,Cardio,58
CI000563,M0039,2025-07-16,17,Gym Floor,29
CI000564,M0039,2025-03-31,16,Gym Floor,67
CI000565,M0039,2025-03-10,19,Pilates,50
CI000566,M0039,2025-04-12,8,CrossFit,51
CI000567,M0039,2025-05-15,19,HIIT,43
CI000568,M0039,2025-06-17,7,CrossFit,61
CI000569,M0039,2025-08-26,11,CrossFit,54
CI000570,M0039,2025-06-15,18,Gym Floor,41
CI000571,M0039,2025-05-11,18,CrossFit,70
CI000572,M0039,2025-04-04,7,Gym Floor,68
CI000573,M0039,2025-08-27,6,Gym Floor,70
CI000574,M0039,2025-06-17,6,Strength Training,59
CI000575,M0039,2025-08-03,20,Gym Floor,69
CI000576,M0039,2025-06-15,9,Gym Floor,44
CI000577,M0039,2025-05-12,17,Gym Floor,86
CI000578,M0039,2025-08-26,18,CrossFit,33
CI000579,M0039,2025-05-17,8,Spin,45
CI000580,M0040,2025-06-30,7,Cardio,74
CI000581,M0040,2025-06-28,12,Spin,46
CI000582,M0040,2025-04-30,9,Yoga,29
CI000583,M0040,2025-05-06,17,Yoga,60
CI000584,M0040,2025-03-27,16,Spin,51
CI000585,M0040,2025-06-11,19,Spin,52
CI000586,M0040,2025-06-11,16,Yoga,64
CI000587,M0040,2025-05-22,8,Zumba,46
CI000588,M0040,2025-03-23,8,Pilates,81
CI000589,M0040,2025-08-16,17,Gym Floor,60
CI000590,M0040,2025-04-16,20,Strength Training,57
CI000591,M0040,2025-07-02,9,Gym Floor,52
CI000592,M0040,2025-06-01,18,Strength Training,54
CI000593,M0040,2025-03-31,10,Pilates,61
CI000594,M0040,2025-07-21,20,Gym Floor,70
CI000595,M0040,2025-06-08,16,Pilates,54
CI000596,M0040,2025-03-26,7,Yoga,42
CI000597,M0040,2025-03-01,19,Gym Floor,31
CI000598,M0040,2025-05-20,6,CrossFit,84
CI000599,M0040,2025-03-21,12,Pilates,48
CI000600,M0040,2025-04-25,18,Strength Training,77
CI000601,M0040,2025-06-22,12,HIIT,57
CI000602,M0040,2025-05-03,6,HIIT,54
CI000603,M0040,2025-05-20,9,Yoga,56
CI000604,M0040,2025-04-10,16,CrossFit,73
CI000605,M0040,2025-08-24,20,Gym Floor,48
CI000606,M0040,2025-05-28,6,Gym Floor,58
CI000607,M0040,2025-07-09,7,Spin,29
CI000608,M0040,2025-04-30,19,Cardio,71
CI000609,M0040,2025-08-25,19,Cardio,35
CI000610,M0040,2025-08-17,16,Zumba,49
CI000611,M0040,2025-07-26,6,Gym Floor,56
CI000612,M0041,2025-05-27,20,Yoga,49
CI000613,M0041,2025-07-04,16,Gym Floor,67
CI000614,M0041,2025-03-12,17,Yoga,39
CI000615,M0041,2025-08-28,7,Gym Floor,55
CI000616,M0041,2025-08-29,18,Spin,34
CI000617,M0042,2025-08-05,7,Gym Floor,74
CI000618,M0042,2025-03-27,9,Cardio,67
CI000619,M0042,2025-05-19,17,Cardio,37
CI000620,M0042,2025-08-01,8,Gym Floor,64
CI000621,M0042,2025-08-03,12,Spin,66
CI000622,M0042,2025-05-24,16,Gym Floor,40
CI000623,M0042,2025-07-22,18,CrossFit,58
CI000624,M0042,2025-04-26,8,Pilates,39
CI000625,M0042,2025-07-19,17,Spin,82
CI000626,M0042,2025-04-30,17,Gym Floor,55
CI000627,M0043,2025-03-31,7,Gym Floor,44
CI000628,M0043,2025-07-06,7,Pilates,24
CI000629,M0043,2025-04-16,17,Gym Floor,50
CI000630,M0043,2025-07-12,18,Yoga,58
CI000631,M0043,2025-06-03,7,Pilates,32
CI000632,M0043,2025-08-11,16,Yoga,44
CI000633,M0043,2025-07-23,7,Spin,67
CI000634,M0043,2025-03-21,18,Gym Floor,45
CI000635,M0043,2025-05-06,8,HIIT,36
CI000636,M0043,2025-05-07,11,Strength Training,92
CI000637,M0043,2025-08-28,10,Strength Training,37
CI000638,M0043,2025-05-03,8,Cardio,67
CI000639,M0043,2025-03-01,19,Spin,56
CI000640,M0043,2025-03-14,18,Gym Floor,57
CI000641,M0043,2025-08-23,18,Gym Floor,69
CI000642,M0044,2025-03-26,12,CrossFit,32
CI000643,M0044,2025-03-11,19,Gym Floor,28
CI000644,M0044,2025-04-30,9,Gym Floor,85
CI000645,M0044,2025-03-22,10,Gym Floor,29
CI000646,M0044,2025-05-16,19,Gym Floor,28
CI000647,M0044,2025-04-20,17,Spin,32
CI000648,M0044,2025-03-31,16,Spin,35
CI000649,M0044,2025-04-21,18,Zumba,55
CI000650,M0044,2025-05-26,18,HIIT,54
CI000651,M0044,2025-05-08,20,Gym Floor,38
CI000652,M0044,2025-07-24,8,Gym Floor,64
CI000653,M0044,2025-06-05,19,CrossFit,58
CI000654,M0044,2025-08-08,9,Gym Floor,20
CI000655,M0044,2025-06-30,20,Pilates,57
CI000656,M0044,2025-03-20,8,CrossFit,72
CI000657,M0045,2025-05-21,19,Cardio,69
CI000658,M0045,2025-06-23,18,Gym Floor,67
CI000659,M0045,2025-03-16,18,Strength Training,37
CI000660,M0045,2025-07-19,12,Spin,72
CI000661,M0045,2025-07-25,19,Yoga,63
CI000662,M0045,2025-08-14,8,Gym Floor,70
CI000663,M0045,2025-03-09,9,Gym Floor,47
CI000664,M0045,2025-05-09,12,Cardio,80
CI000665,M0045,2025-06-02,17,HIIT,86
CI000666,M0045,2025-03-08,16,Yoga,37
CI000667,M0045,2025-08-02,16,HIIT,28
CI000668,M0045,2025-03-31,16,Gym Floor,77
CI000669,M0045,2025-05-27,19,Cardio,53
CI000670,M0045,2025-08-31,7,Gym Floor,48
CI000671,M0045,2025-05-03,7,Gym Floor,63
CI000672,M0045,2025-08-27,18,Pilates,59
CI000673,M0045,2025-03-09,18,Gym Floor,20
CI000674,M0045,2025-07-24,19,Gym Floor,51
CI000675,M0045,2025-03-06,20,CrossFit,71
CI000676,M0045,2025-05-21,18,Zumba,32
CI000677,M0045,2025-07-24,19,Gym Floor,62
CI000678,M0045,2025-08-16,8,Zumba,60
CI000679,M0045,2025-06-20,19,Strength Training,57
CI000680,M0045,2025-05-15,18,Gym Floor,48
CI000681,M0045,2025-05-28,8,Gym Floor,59
CI000682,M0045,2025-04-02,16,Gym Floor,46
CI000683,M0045,2025-07-15,12,Gym Floor,53
CI000684,M0047,2025-04-15,21,Gym Floor,84
CI000685,M0047,2025-03-23,20,Spin,20
CI000686,M0047,2025-06-06,10,Pilates,44
CI000687,M0047,2025-06-26,8,HIIT,58
CI000688,M0047,2025-07-14,18,Gym Floor,72
CI000689,M0047,2025-03-04,7,Gym Floor,58
CI000690,M0047,2025-05-08,9,Pilates,51
CI000691,M0047,2025-05-28,6,Gym Floor,49
CI000692,M0047,2025-05-16,18,Gym Floor,76
CI000693,M0047,2025-06-18,21,Gym Floor,68
CI000694,M0047,2025-06-05,20,Zumba,55
CI000695,M0047,2025-07-09,7,Gym Floor,84
CI000696,M0047,2025-03-30,18,Gym Floor,61
CI000697,M0047,2025-04-29,9,Gym Floor,65
CI000698,M0047,2025-07-21,7,Spin,27
CI000699,M0047,2025-05-29,19,Spin,30
CI000700,M0047,2025-05-22,17,Gym Floor,79
CI000701,M0047,2025-06-03,19,Pilates,24
CI000702,M0047,2025-05-13,6,Gym Floor,46
CI000703,M0047,2025-03-27,18,Spin,55
CI000704,M0047,2025-03-19,7,CrossFit,60
CI000705,M0047,2025-04-09,6,Yoga,56
CI000706,M0047,2025-03-08,7,Gym Floor,68
CI000707,M0047,2025-07-15,19,Pilates,67
CI000708,M0047,2025-07-25,18,CrossFit,104
CI000709,M0047,2025-04-13,7,Gym Floor,48
CI000710,M0047,2025-08-16,12,Spin,21
CI000711,M0047,2025-05-05,20,Cardio,41
CI000712,M0048,2025-04-07,8,Gym Floor,61
CI000713,M0048,2025-05-28,19,Gym Floor,63
CI000714,M0048,2025-03-13,11,Gym Floor,32
CI000715,M0048,2025-04-26,21,Pilates,40
CI000716,M0048,2025-04-16,10,Pilates,50
CI000717,M0048,2025-05-04,9,Gym Floor,68
CI000718,M0048,2025-06-09,19,Gym Floor,40
CI000719,M0048,2025-07-19,20,Gym Floor,71
CI000720,M0048,2025-08-22,20,Strength Training,30
CI000721,M0048,2025-04-15,20,Yoga,28
CI000722,M0048,2025-04-02,12,Gym Floor,42
CI000723,M0048,2025-04-21,8,Pilates,46
CI000724,M0048,2025-07-22,19,HIIT,43
CI000725,M0048,2025-05-16,9,Zumba,68
CI000726,M0048,2025-04-13,19,Zumba,63
CI000727,M0048,2025-06-23,7,CrossFit,75
CI000728,M0048,2025-07-08,20,Gym Floor,22
CI000729,M0048,2025-06-15,17,Gym Floor,87
CI000730,M0048,2025-04-23,12,Gym Floor,61
CI000731,M0048,2025-04-04,8,Cardio,30
CI000732,M0048,2025-08-13,16,Gym Floor,47
CI000733,M0048,2025-07-09,17,Gym Floor,72
CI000734,M0048,2025-05-01,8,Gym Floor,49
CI000735,M0048,2025-04-12,16,Gym Floor,75
CI000736,M0048,2025-07-22,6,Gym Floor,61
CI000737,M0048,2025-08-16,9,Gym Floor,42
CI000738,M0048,2025-08-12,12,Spin,72
CI000739,M0048,2025-06-13,19,Zumba,28
CI000740,M0048,2025-04-01,8,Cardio,73
CI000741,M0048,2025-07-05,9,Gym Floor,68
CI000742,M0048,2025-04-09,19,Pilates,69
CI000743,M0048,2025-06-22,12,Yoga,93
CI000744,M0048,2025-05-31,17,Strength Training,21
CI000745,M0048,2025-07-22,11,Gym Floor,103
CI000746,M0048,2025-08-02,19,Pilates,42
CI000747,M0048,2025-04-04,19,Gym Floor,24
CI000748,M0048,2025-04-21,11,Strength Training,53
CI000749,M0048,2025-04-24,18,Yoga,46
CI000750,M0048,2025-04-16,19,Gym Floor,78
CI000751,M0049,2025-03-15,6,CrossFit,49
CI000752,M0049,2025-08-20,7,Yoga,82
CI000753,M0049,2025-05-10,18,Cardio,34
CI000754,M0049,2025-05-06,19,Gym Floor,34
CI000755,M0049,2025-06-19,7,Cardio,64
CI000756,M0049,2025-06-28,6,Strength Training,80
CI000757,M0049,2025-07-05,10,Gym Floor,90
CI000758,M0049,2025-08-16,7,Cardio,70
CI000759,M0049,2025-08-20,17,Gym Floor,52
CI000760,M0049,2025-08-11,7,Zumba,60
CI000761,M0049,2025-04-07,19,HIIT,69
CI000762,M0049,2025-03-24,7,Spin,41
CI000763,M0049,2025-04-13,6,Pilates,66
CI000764,M0049,2025-04-06,21,Gym Floor,57
CI000765,M0049,2025-08-05,6,Zumba,69
CI000766,M0049,2025-08-29,8,Strength Training,71
CI000767,M0049,2025-08-02,8,HIIT,71
CI000768,M0049,2025-04-30,18,Gym Floor,46
CI000769,M0049,2025-04-10,18,Gym Floor,75
CI000770,M0049,2025-07-09,8,Yoga,92
CI000771,M0049,2025-07-31,18,Gym Floor,20
CI000772,M0049,2025-04-17,19,Zumba,72
CI000773,M0050,2025-07-08,19,Spin,64
CI000774,M0050,2025-07-06,18,Zumba,20
CI000775,M0050,2025-07-16,18,Zumba,62
CI000776,M0050,2025-03-29,12,Gym Floor,63
CI000777,M0050,2025-08-09,19,CrossFit,26
CI000778,M0050,2025-03-21,7,Zumba,80
CI000779,M0050,2025-03-10,16,Yoga,47
CI000780,M0050,2025-05-01,19,Yoga,87
CI000781,M0050,2025-05-15,7,Yoga,64
CI000782,M0050,2025-05-02,19,Pilates,59
CI000783,M0050,2025-07-14,8,Cardio,20
CI000784,M0050,2025-03-21,20,Strength Training,31
CI000785,M0050,2025-03-07,10,HIIT,45
CI000786,M0050,2025-08-08,18,Gym Floor,48
CI000787,M0050,2025-05-26,9,Gym Floor,59
CI000788,M0050,2025-04-11,16,Yoga,86
CI000789,M0050,2025-03-09,18,Gym Floor,81
CI000790,M0050,2025-06-27,18,Cardio,20
CI000791,M0050,2025-07-28,10,Spin,55
CI000792,M0050,2025-03-03,7,Pilates,62
CI000793,M0050,2025-05-04,8,Gym Floor,44
CI000794,M0050,2025-05-07,19,Gym Floor,79
CI000795,M0050,2025-04-26,16,Gym Floor,54
CI000796,M0050,2025-03-16,18,Pilates,83
CI000797,M0050,2025-03-22,10,Gym Floor,71
CI000798,M0050,2025-04-23,16,Spin,45
CI000799,M0050,2025-05-24,7,Gym Floor,48
CI000800,M0050,2025-07-15,17,Gym Floor,64
CI000801,M0050,2025-08-27,18,Cardio,82
CI000802,M0050,2025-08-02,9,HIIT,71
CI000803,M0050,2025-04-30,17,Yoga,43
CI000804,M0050,2025-07-01,20,Yoga,61
CI000805,M0050,2025-04-20,18,Strength Training,65
CI000806,M0050,2025-08-11,7,Gym Floor,39
CI000807,M0050,2025-04-28,20,Zumba,59
CI000808,M0050,2025-06-11,6,Gym Floor,57
CI000809,M0050,2025-05-01,12,Cardio,34
CI000810,M0050,2025-07-25,9,Gym Floor,65
CI000811,M0051,2025-07-07,8,Gym Floor,41
CI000812,M0051,2025-05-10,8,Cardio,46
CI000813,M0051,2025-03-10,6,HIIT,35
CI000814,M0051,2025-06-26,9,Gym Floor,43
CI000815,M0051,2025-08-04,18,Gym Floor,80
CI000816,M0051,2025-03-01,6,HIIT,46
CI000817,M0051,2025-07-06,7,Gym Floor,55
CI000818,M0051,2025-07-23,10,Strength Training,49
CI000819,M0051,2025-06-30,21,Gym Floor,46
CI000820,M0051,2025-03-15,10,Gym Floor,42
CI000821,M0052,2025-04-28,7,Gym Floor,29
CI000822,M0052,2025-07-27,16,CrossFit,57
CI000823,M0052,2025-06-04,17,Gym Floor,64
CI000824,M0052,2025-03-18,6,CrossFit,77
CI000825,M0052,2025-03-24,18,Zumba,35
CI000826,M0052,2025-07-09,19,Gym Floor,66
CI000827,M0052,2025-07-02,19,Gym Floor,43
CI000828,M0052,2025-08-01,7,Zumba,41
CI000829,M0052,2025-04-26,9,Pilates,65
CI000830,M0053,2025-08-06,19,Zumba,42
CI000831,M0053,2025-07-26,16,Gym Floor,34
CI000832,M0053,2025-06-01,16,Gym Floor,54
CI000833,M0053,2025-08-31,12,Yoga,45
CI000834,M0053,2025-07-13,19,HIIT,43
CI000835,M0053,2025-07-17,7,Gym Floor,67
CI000836,M0053,2025-05-24,20,Gym Floor,60
CI000837,M0054,2025-05-27,8,Gym Floor,61
CI000838,M0054,2025-08-15,18,Spin,74
CI000839,M0054,2025-06-11,16,Pilates,45
CI000840,M0054,2025-03-19,18,Gym Floor,46
CI000841,M0054,2025-05-26,16,Spin,51
CI000842,M0054,2025-05-28,18,Gym Floor,66
CI000843,M0054,2025-05-30,7,CrossFit,49
CI000844,M0054,2025-06-02,8,Gym Floor,29
CI000845,M0054,2025-07-30,19,Gym Floor,84
CI000846,M0054,2025-05-08,19,HIIT,50
CI000847,M0054,2025-03-04,20,HIIT,78
CI000848,M0054,2025-04-17,17,Zumba,89
CI000849,M0054,2025-06-25,19,Pilates,54
CI000850,M0054,2025-06-16,12,Gym Floor,45
CI000851,M0054,2025-06-24,19,Cardio,46
CI000852,M0054,2025-04-10,16,Yoga,73
CI000853,M0054,2025-03-24,7,Pilates,81
CI000854,M0054,2025-05-31,12,Gym Floor,71
CI000855,M0054,2025-07-20,12,Spin,20
CI000856,M0054,2025-06-07,16,Strength Training,32
CI000857,M0054,2025-03-27,16,Strength Training,31
CI000858,M0054,2025-06-23,6,Gym Floor,56
CI000859,M0054,2025-08-06,16,Gym Floor,72
CI000860,M0054,2025-08-26,20,Gym Floor,24
CI000861,M0054,2025-03-24,20,Gym Floor,67
CI000862,M0054,2025-06-10,10,CrossFit,72
CI000863,M0054,2025-05-08,16,Gym Floor,74
CI000864,M0054,2025-08-04,8,Spin,97
CI000865,M0054,2025-03-18,16,Yoga,68
CI000866,M0054,2025-05-29,6,Gym Floor,68
CI000867,M0054,2025-06-15,18,Spin,95
CI000868,M0054,2025-03-26,6,Cardio,46
CI000869,M0054,2025-08-15,7,Gym Floor,41
CI000870,M0054,2025-08-29,17,CrossFit,47
CI000871,M0054,2025-04-01,20,Strength Training,77
CI000872,M0054,2025-05-01,18,Cardio,38
CI000873,M0054,2025-03-25,8,Gym Floor,35
CI000874,M0054,2025-05-21,18,Zumba,40
CI000875,M0054,2025-04-24,19,Gym Floor,40
CI000876,M0055,2025-06-05,8,Gym Floor,66
CI000877,M0055,2025-08-20,19,Zumba,62
CI000878,M0055,2025-04-22,12,CrossFit,57
CI000879,M0055,2025-06-23,6,HIIT,59
CI000880,M0055,2025-03-22,17,Gym Floor,63
CI000881,M0055,2025-04-16,11,Cardio,71
CI000882,M0055,2025-05-10,18,HIIT,68
CI000883,M0055,2025-05-15,7,Gym Floor,47
CI000884,M0055,2025-08-09,21,Gym Floor,67
CI000885,M0055,2025-07-13,6,Gym Floor,93
CI000886,M0055,2025-07-01,18,Spin,74
CI000887,M0055,2025-04-29,19,Spin,52
CI000888,M0055,2025-05-10,18,CrossFit,73
CI000889,M0055,2025-07-03,20,Gym Floor,76
CI000890,M0055,2025-08-26,16,Gym Floor,52
CI000891,M0055,2025-04-06,12,CrossFit,60
CI000892,M0055,2025-03-21,18,Gym Floor,89
CI000893,M0055,2025-07-21,6,Gym Floor,58
CI000894,M0055,2025-08-22,7,Spin,81
CI000895,M0055,2025-05-23,18,Gym Floor,50
CI000896,M0055,2025-05-27,17,Pilates,58
CI000897,M0055,2025-04-21,19,Gym Floor,52
CI000898,M0055,2025-04-18,11,Cardio,61
CI000899,M0055,2025-03-15,10,Zumba,48
CI000900,M0055,2025-05-02,20,Gym Floor,61
CI000901,M0055,2025-04-21,16,HIIT,20
CI000902,M0055,2025-05-19,12,Zumba,52
CI000903,M0055,2025-03-02,9,Gym Floor,39
CI000904,M0056,2025-07-15,6,Strength Training,33
CI000905,M0056,2025-07-09,19,Yoga,48
CI000906,M0056,2025-04-03,18,Zumba,60
CI000907,M0056,2025-03-03,19,Cardio,85
CI000908,M0056,2025-04-14,17,Yoga,74
CI000909,M0056,2025-07-23,16,Gym Floor,84
CI000910,M0056,2025-03-23,19,Gym Floor,43
CI000911,M0056,2025-05-03,17,CrossFit,70
CI000912,M0056,2025-04-16,9,HIIT,60
CI000913,M0056,2025-04-27,19,Pilates,76
CI000914,M0056,2025-04-21,19,Gym Floor,55
CI000915,M0056,2025-05-28,19,Strength Training,26
CI000916,M0056,2025-08-08,17,Gym Floor,51
CI000917,M0056,2025-04-04,19,Gym Floor,95
CI000918,M0056,2025-06-19,10,CrossFit,38
CI000919,M0056,2025-06-09,17,Gym Floor,20
CI000920,M0057,2025-03-01,18,Strength Training,54
CI000921,M0057,2025-04-13,11,Pilates,52
CI000922,M0057,2025-07-10,16,CrossFit,37
CI000923,M0057,2025-03-10,19,Pilates,53
CI000924,M0057,2025-03-28,8,Zumba,55
CI000925,M0057,2025-05-05,6,Zumba,62
CI000926,M0058,2025-07-25,7,Spin,41
CI000927,M0058,2025-04-12,7,Gym Floor,71
CI000928,M0058,2025-03-04,17,Zumba,23
CI000929,M0058,2025-04-03,16,Yoga,98
CI000930,M0058,2025-05-06,6,Gym Floor,62
CI000931,M0058,2025-05-15,17,Gym Floor,45
CI000932,M0058,2025-06-16,16,Gym Floor,72
CI000933,M0058,2025-05-18,18,Spin,43
CI000934,M0058,2025-04-17,12,Gym Floor,71
CI000935,M0058,2025-04-02,6,CrossFit,20
CI000936,M0058,2025-07-27,18,Gym Floor,54
CI000937,M0058,2025-03-30,19,Gym Floor,30
CI000938,M0058,2025-07-30,17,Strength Training,46
CI000939,M0058,2025-05-13,8,CrossFit,52
CI000940,M0058,2025-07-08,6,Spin,22
CI000941,M0058,2025-06-19,17,Pilates,68
CI000942,M0058,2025-05-03,17,Gym Floor,39
CI000943,M0058,2025-05-08,7,HIIT,41
CI000944,M0058,2025-05-17,19,Strength Training,66
CI000945,M0058,2025-08-11,11,Gym Floor,83
CI000946,M0058,2025-03-21,19,Cardio,45
CI000947,M0058,2025-08-01,17,Spin,50
CI000948,M0058,2025-07-23,19,Gym Floor,37
CI000949,M0058,2025-04-28,17,Zumba,37
CI000950,M0058,2025-03-05,8,Gym Floor,77
CI000951,M0058,2025-08-19,10,Gym Floor,38
CI000952,M0058,2025-03-29,17,Spin,46
CI000953,M0058,2025-06-14,18,CrossFit,59
CI000954,M0058,2025-08-07,7,Gym Floor,53
CI000955,M0058,2025-08-27,9,Cardio,35
CI000956,M0058,2025-06-01,18,Pilates,55
CI000957,M0058,2025-06-16,7,Gym Floor,40
CI000958,M0058,2025-03-14,18,Cardio,72
CI000959,M0058,2025-04-14,17,Pilates,78
CI000960,M0058,2025-04-13,7,Gym Floor,31
CI000961,M0058,2025-03-07,17,Spin,28
CI000962,M0058,2025-06-12,18,CrossFit,71
CI000963,M0058,2025-04-01,9,Yoga,43
CI000964,M0058,2025-08-31,18,Zumba,57
CI000965,M0059,2025-06-25,18,Gym Floor,30
CI000966,M0059,2025-06-08,8,Gym Floor,37
CI000967,M0059,2025-07-06,7,HIIT,41
CI000968,M0059,2025-07-27,6,Spin,89
CI000969,M0059,2025-08-30,7,Gym Floor,57
CI000970,M0059,2025-08-12,6,Gym Floor,54
CI000971,M0059,2025-06-02,16,Gym Floor,60
CI000972,M0059,2025-04-15,18,Gym Floor,73
CI000973,M0059,2025-05-11,17,Gym Floor,66
CI000974,M0059,2025-05-16,8,Zumba,50
CI000975,M0059,2025-05-14,17,Zumba,34
CI000976,M0059,2025-07-19,19,Gym Floor,28
CI000977,M0059,2025-05-28,6,CrossFit,53
CI000978,M0059,2025-03-04,7,HIIT,42
CI000979,M0059,2025-06-03,19,Cardio,47
CI000980,M0059,2025-05-17,20,Cardio,39
CI000981,M0059,2025-07-08,19,Gym Floor,65
CI000982,M0059,2025-07-01,19,Gym Floor,80
CI000983,M0059,2025-07-18,17,Gym Floor,70
CI000984,M0059,2025-03-14,19,Pilates,68
CI000985,M0059,2025-06-03,7,Gym Floor,81
CI000986,M0059,2025-08-19,16,Spin,66
CI000987,M0059,2025-03-25,19,Yoga,47
CI000988,M0059,2025-07-18,12,Gym Floor,72
CI000989,M0060,2025-05-02,8,Cardio,26
CI000990,M0060,2025-04-26,19,Gym Floor,38
CI000991,M0060,2025-04-09,8,Spin,25
CI000992,M0060,2025-06-01,7,Gym Floor,65
CI000993,M0060,2025-08-13,10,HIIT,29
CI000994,M0061,2025-05-26,18,Strength Training,60
CI000995,M0061,2025-06-15,6,Gym Floor,72
CI000996,M0061,2025-08-13,12,Cardio,86
CI000997,M0061,2025-03-15,9,Cardio,64
CI000998,M0061,2025-05-16,17,Strength Training,39
CI000999,M0061,2025-06-28,17,Gym Floor,65
CI001000,M0061,2025-04-19,16,Spin,52
CI001001,M0061,2025-08-26,18,Gym Floor,40
CI001002,M0061,2025-08-28,7,Gym Floor,59
CI001003,M0061,2025-07-19,17,HIIT,86
CI001004,M0061,2025-06-29,19,Gym Floor,58
CI001005,M0061,2025-03-20,7,Yoga,39
CI001006,M0061,2025-04-26,17,Gym Floor,29
CI001007,M0061,2025-08-02,18,Gym Floor,26
CI001008,M0062,2025-04-20,18,Cardio,68
CI001009,M0062,2025-05-23,7,Gym Floor,80
CI001010,M0062,2025-05-01,21,HIIT,55
CI001011,M0062,2025-08-27,18,Yoga,55
CI001012,M0062,2025-04-19,7,Gym Floor,47
CI001013,M0062,2025-07-19,17,Gym Floor,51
CI001014,M0062,2025-03-18,8,Strength Training,35
CI001015,M0062,2025-04-23,11,Gym Floor,55
CI001016,M0062,2025-07-16,9,Pilates,66
CI001017,M0062,2025-08-15,17,Gym Floor,47
CI001018,M0062,2025-05-01,9,Gym Floor,64
CI001019,M0062,2025-07-21,19,Gym Floor,56
CI001020,M0062,2025-05-09,8,Zumba,20
CI001021,M0062,2025-03-09,19,Spin,65
CI001022,M0062,2025-05-03,19,Gym Floor,20
CI001023,M0062,2025-03-12,18,Gym Floor,44
CI001024,M0062,2025-06-04,18,Gym Floor,35
CI001025,M0062,2025-04-16,9,Spin,61
CI001026,M0062,2025-03-21,10,Spin,62
CI001027,M0062,2025-04-23,17,Gym Floor,52
CI001028,M0062,2025-04-26,7,Gym Floor,36
CI001029,M0063,2025-08-09,17,Gym Floor,76
CI001030,M0063,2025-05-09,10,Gym Floor,37
CI001031,M0063,2025-06-17,19,Spin,71
CI001032,M0063,2025-03-12,17,Yoga,36
CI001033,M0063,2025-08-02,16,Gym Floor,92
CI001034,M0063,2025-08-20,20,Gym Floor,47
CI001035,M0063,2025-03-11,11,Gym Floor,57
CI001036,M0063,2025-03-17,16,Gym Floor,56
CI001037,M0063,2025-08-21,8,Gym Floor,90
CI001038,M0063,2025-04-17,16,Gym Floor,66
CI001039,M0063,2025-04-29,16,Gym Floor,34
CI001040,M0063,2025-06-13,6,Gym Floor,88
CI001041,M0063,2025-06-21,8,Gym Floor,63
CI001042,M0063,2025-05-14,17,Yoga,74
CI001043,M0063,2025-04-18,8,Gym Floor,34
CI001044,M0064,2025-06-01,9,CrossFit,43
CI001045,M0064,2025-05-04,7,Pilates,51
CI001046,M0064,2025-03-03,17,Gym Floor,48
CI001047,M0064,2025-08-23,17,Yoga,46
CI001048,M0064,2025-08-01,18,Gym Floor,47
CI001049,M0064,2025-05-01,21,Yoga,67
CI001050,M0064,2025-06-03,19,CrossFit,87
CI001051,M0064,2025-06-20,16,Pilates,90
CI001052,M0064,2025-03-19,10,HIIT,55
CI001053,M0064,2025-08-08,6,CrossFit,25
CI001054,M0064,2025-04-04,19,Gym Floor,70
CI001055,M0064,2025-06-17,17,Cardio,24
CI001056,M0064,2025-08-29,12,Strength Training,59
CI001057,M0064,2025-05-09,12,Yoga,36
CI001058,M0064,2025-08-03,8,CrossFit,53
CI001059,M0064,2025-06-15,7,Gym Floor,39
CI001060,M0064,2025-06-22,18,Gym Floor,48
CI001061,M0064,2025-08-03,16,Gym Floor,20
CI001062,M0064,2025-03-21,16,Gym Floor,43
CI001063,M0064,2025-04-29,17,Cardio,66
CI001064,M0064,2025-05-29,8,Yoga,44
CI001065,M0064,2025-06-12,7,Zumba,21
CI001066,M0064,2025-06-28,19,Strength Training,41
CI001067,M0064,2025-08-23,9,Pilates,67
CI001068,M0064,2025-07-13,18,Spin,35
CI001069,M0064,2025-04-25,10,CrossFit,55
CI001070,M0064,2025-06-09,18,HIIT,72
CI001071,M0064,2025-04-05,17,Gym Floor,95
CI001072,M0064,2025-06-22,16,HIIT,44
CI001073,M0064,2025-08-08,17,Gym Floor,50
CI001074,M0064,2025-08-06,8,CrossFit,46
CI001075,M0064,2025-06-09,7,Gym Floor,73
CI001076,M0064,2025-03-07,10,Pilates,54
CI001077,M0064,2025-06-04,18,Cardio,51
CI001078,M0064,2025-05-02,10,Gym Floor,100
CI001079,M0064,2025-03-27,8,Gym Floor,60
CI001080,M0064,2025-07-09,8,Gym Floor,54
CI001081,M0064,2025-05-09,19,Pilates,65
CI001082,M0064,2025-06-20,19,CrossFit,71
CI001083,M0064,2025-07-11,18,Pilates,47
CI001084,M0064,2025-07-10,18,Gym Floor,20
CI001085,M0064,2025-07-15,18,Strength Training,71
CI001086,M0064,2025-04-26,17,Gym Floor,59
CI001087,M0064,2025-06-20,17,Zumba,64
CI001088,M0064,2025-06-16,7,Gym Floor,63
CI001089,M0064,2025-04-11,16,Gym Floor,31
CI001090,M0065,2025-04-29,16,Pilates,48
CI001091,M0065,2025-04-22,18,Gym Floor,43
CI001092,M0065,2025-06-19,6,Gym Floor,65
CI001093,M0065,2025-03-26,17,Gym Floor,45
CI001094,M0065,2025-03-07,19,HIIT,57
CI001095,M0065,2025-08-28,17,Gym Floor,59
CI001096,M0065,2025-06-11,6,Yoga,41
CI001097,M0065,2025-03-04,16,HIIT,61
CI001098,M0065,2025-05-20,9,Pilates,48
CI001099,M0065,2025-07-04,9,Zumba,32
CI001100,M0065,2025-03-20,18,Spin,55
CI001101,M0066,2025-03-13,17,Pilates,64
CI001102,M0066,2025-04-01,11,Gym Floor,31
CI001103,M0066,2025-04-29,9,Gym Floor,77
CI001104,M0066,2025-08-18,18,Yoga,50
CI001105,M0066,2025-06-20,9,Gym Floor,40
CI001106,M0066,2025-08-09,18,Pilates,64
CI001107,M0066,2025-05-23,6,Gym Floor,35
CI001108,M0067,2025-08-27,18,Gym Floor,58
CI001109,M0067,2025-07-28,12,Spin,42
CI001110,M0067,2025-03-21,9,Gym Floor,29
CI001111,M0067,2025-07-27,12,HIIT,20
CI001112,M0067,2025-03-22,18,Yoga,58
CI001113,M0067,2025-06-15,19,Gym Floor,48
CI001114,M0067,2025-04-14,18,Gym Floor,66
CI001115,M0067,2025-03-10,6,Gym Floor,95
CI001116,M0067,2025-03-20,6,Pilates,55
CI001117,M0067,2025-08-24,16,Zumba,96
CI001118,M0067,2025-05-21,20,Gym Floor,42
CI001119,M0067,2025-08-12,20,Pilates,27
CI001120,M0067,2025-06-09,6,Gym Floor,69
CI001121,M0067,2025-04-17,6,Gym Floor,33
CI001122,M0067,2025-03-10,17,Pilates,63
CI001123,M0067,2025-06-24,9,Gym Floor,58
CI001124,M0067,2025-04-22,10,Cardio,63
CI001125,M0067,2025-08-03,7,HIIT,73
CI001126,M0067,2025-08-23,6,Gym Floor,47
CI001127,M0067,2025-05-17,18,Strength Training,71
CI001128,M0067,2025-07-11,7,HIIT,42
CI001129,M0067,2025-05-15,20,Strength Training,32
CI001130,M0067,2025-07-04,17,Gym Floor,35
CI001131,M0067,2025-08-17,9,HIIT,76
CI001132,M0067,2025-03-08,17,Pilates,60
CI001133,M0068,2025-04-02,12,Gym Floor,20
CI001134,M0068,2025-07-07,7,Zumba,53
CI001135,M0068,2025-08-19,11,HIIT,46
CI001136,M0068,2025-05-01,9,Yoga,43
CI001137,M0068,2025-08-18,7,Gym Floor,45
CI001138,M0068,2025-05-07,10,Gym Floor,63
CI001139,M0068,2025-05-13,12,HIIT,28
CI001140,M0068,2025-06-18,19,HIIT,43
CI001141,M0068,2025-06-28,8,Gym Floor,81
CI001142,M0068,2025-06-26,6,Gym Floor,56
CI001143,M0068,2025-07-11,19,Cardio,66
CI001144,M0068,2025-06-21,16,Zumba,40
CI001145,M0068,2025-06-15,21,Gym Floor,36
CI001146,M0068,2025-03-26,18,Spin,73
CI001147,M0068,2025-06-02,6,Spin,75
CI001148,M0068,2025-03-19,17,Gym Floor,20
CI001149,M0068,2025-07-01,21,Gym Floor,63
CI001150,M0068,2025-05-05,18,Strength Training,70
CI001151,M0068,2025-03-03,19,Gym Floor,65
CI001152,M0068,2025-05-27,16,Cardio,65
CI001153,M0068,2025-07-29,10,Gym Floor,57
CI001154,M0068,2025-03-07,9,Yoga,81
CI001155,M0068,2025-07-14,20,Zumba,103
CI001156,M0068,2025-08-28,8,Gym Floor,70
CI001157,M0068,2025-05-05,9,Cardio,74
CI001158,M0068,2025-08-20,11,Gym Floor,39
CI001159,M0068,2025-06-01,17,Strength Training,35
CI001160,M0068,2025-03-21,12,Cardio,48
CI001161,M0068,2025-08-05,17,Zumba,47
CI001162,M0068,2025-07-20,19,Gym Floor,55
CI001163,M0068,2025-08-22,11,Gym Floor,53
CI001164,M0068,2025-07-19,9,Gym Floor,63
CI001165,M0068,2025-08-01,17,Cardio,50
CI001166,M0068,2025-08-08,8,CrossFit,38
CI001167,M0068,2025-07-17,19,CrossFit,54
CI001168,M0068,2025-03-10,16,Pilates,54
CI001169,M0068,2025-07-15,17,HIIT,51
CI001170,M0068,2025-05-24,18,Yoga,20
CI001171,M0069,2025-04-13,18,HIIT,42
CI001172,M0069,2025-06-30,10,Gym Floor,70
CI001173,M0070,2025-07-22,7,Strength Training,46
CI001174,M0070,2025-07-12,12,Gym Floor,70
CI001175,M0070,2025-08-18,6,Pilates,47
CI001176,M0070,2025-08-19,16,Gym Floor,81
CI001177,M0070,2025-04-11,10,Gym Floor,65
CI001178,M0070,2025-05-15,10,Strength Training,58
CI001179,M0070,2025-06-30,18,Cardio,50
CI001180,M0070,2025-03-17,8,Gym Floor,52
CI001181,M0070,2025-04-28,7,Gym Floor,65
CI001182,M0070,2025-07-12,18,CrossFit,32
CI001183,M0071,2025-06-21,10,Strength Training,61
CI001184,M0071,2025-04-09,8,Cardio,90
CI001185,M0071,2025-07-01,7,Gym Floor,53
CI001186,M0071,2025-06-29,17,Gym Floor,45
CI001187,M0071,2025-08-11,17,Yoga,48
CI001188,M0071,2025-04-14,16,Gym Floor,55
CI001189,M0071,2025-04-29,20,Gym Floor,67
CI001190,M0071,2025-05-17,18,Gym Floor,52
CI001191,M0071,2025-06-22,18,Gym Floor,67
CI001192,M0071,2025-07-19,21,Cardio,69
CI001193,M0071,2025-07-20,6,CrossFit,55
CI001194,M0071,2025-07-31,16,Cardio,57
CI001195,M0071,2025-05-18,17,Gym Floor,36
CI001196,M0071,2025-07-25,21,Gym Floor,65
CI001197,M0071,2025-08-19,11,HIIT,71
CI001198,M0071,2025-03-05,21,Pilates,51
CI001199,M0071,2025-03-13,19,Pilates,47
CI001200,M0071,2025-06-14,18,Yoga,79
CI001201,M0071,2025-06-25,19,Strength Training,56
CI001202,M0071,2025-07-18,17,Gym Floor,71
CI001203,M0071,2025-08-13,19,Zumba,38
CI001204,M0071,2025-06-09,10,Gym Floor,46
CI001205,M0072,2025-07-04,18,Gym Floor,51
CI001206,M0072,2025-07-19,7,HIIT,53
CI001207,M0072,2025-04-26,8,HIIT,54
CI001208,M0072,2025-04-02,18,Gym Floor,24
CI001209,M0072,2025-06-12,17,Spin,67
CI001210,M0072,2025-07-19,19,Gym Floor,38
CI001211,M0072,2025-05-02,17,Cardio,72
CI001212,M0072,2025-03-16,20,Gym Floor,71
CI001213,M0072,2025-03-26,19,Cardio,41
CI001214,M0072,2025-05-15,17,Gym Floor,20
CI001215,M0073,2025-04-26,6,Cardio,53
CI001216,M0073,2025-08-13,18,HIIT,54
CI001217,M0073,2025-05-17,7,Strength Training,50
CI001218,M0073,2025-06-21,17,Gym Floor,65
CI001219,M0073,2025-05-30,7,Zumba,73
CI001220,M0073,2025-08-11,19,CrossFit,67
CI001221,M0073,2025-07-29,20,HIIT,91
CI001222,M0073,2025-04-08,19,Gym Floor,49
CI001223,M0073,2025-07-18,6,Cardio,35
CI001224,M0073,2025-04-03,16,Zumba,51
CI001225,M0074,2025-08-01,16,HIIT,46
CI001226,M0074,2025-06-30,18,Gym Floor,36
CI001227,M0074,2025-04-10,8,Gym Floor,44
CI001228,M0074,2025-05-05,6,Spin,103
CI001229,M0074,2025-06-22,7,Gym Floor,53
CI001230,M0074,2025-07-26,16,Pilates,42
CI001231,M0074,2025-03-31,17,CrossFit,25
CI001232,M0074,2025-08-14,20,Gym Floor,70
CI001233,M0074,2025-08-10,9,CrossFit,44
CI001234,M0074,2025-08-10,9,Spin,50
CI001235,M0074,2025-07-02,19,Yoga,52
CI001236,M0074,2025-06-12,18,Gym Floor,65
CI001237,M0074,2025-06-22,7,Gym Floor,75
CI001238,M0074,2025-05-12,20,Cardio,53
CI001239,M0074,2025-04-17,18,Gym Floor,50
CI001240,M0074,2025-08-09,16,Pilates,100
CI001241,M0074,2025-04-25,8,Pilates,81
CI001242,M0074,2025-03-08,17,Strength Training,65
CI001243,M0074,2025-07-22,19,Gym Floor,78
CI001244,M0074,2025-08-02,19,Gym Floor,76
CI001245,M0074,2025-03-26,10,Gym Floor,64
CI001246,M0074,2025-03-08,16,Gym Floor,23
CI001247,M0074,2025-05-04,8,Gym Floor,65
CI001248,M0074,2025-07-03,6,Gym Floor,79
CI001249,M0074,2025-03-04,19,Gym Floor,49
CI001250,M0074,2025-03-20,16,Spin,88
CI001251,M0074,2025-07-04,18,Yoga,86
CI001252,M0074,2025-08-30,17,Zumba,60
CI001253,M0074,2025-08-20,17,Gym Floor,55
CI001254,M0074,2025-04-16,19,Gym Floor,84
CI001255,M0074,2025-06-30,17,Pilates,56
CI001256,M0074,2025-08-09,12,Yoga,35
CI001257,M0074,2025-03-02,17,Gym Floor,54
CI001258,M0074,2025-07-20,11,Yoga,93
CI001259,M0074,2025-03-18,6,CrossFit,44
CI001260,M0074,2025-07-02,16,Gym Floor,46
CI001261,M0074,2025-08-27,11,Gym Floor,38
CI001262,M0074,2025-05-20,16,Gym Floor,69
CI001263,M0074,2025-05-11,21,Pilates,20
CI001264,M0074,2025-03-23,16,Yoga,50
CI001265,M0074,2025-04-15,8,Zumba,56
CI001266,M0075,2025-04-08,18,Gym Floor,50
CI001267,M0076,2025-08-07,20,HIIT,63
CI001268,M0076,2025-04-25,6,Gym Floor,49
CI001269,M0076,2025-07-04,16,Gym Floor,84
CI001270,M0076,2025-05-10,8,Zumba,71
CI001271,M0076,2025-06-08,7,Yoga,60
CI001272,M0076,2025-08-31,6,Spin,39
CI001273,M0076,2025-08-29,19,Gym Floor,43
CI001274,M0076,2025-08-07,18,Yoga,51
CI001275,M0076,2025-04-21,11,Gym Floor,40
CI001276,M0076,2025-04-21,16,CrossFit,37
CI001277,M0077,2025-07-22,12,Strength Training,93
CI001278,M0077,2025-07-18,11,CrossFit,72
CI001279,M0077,2025-07-05,18,HIIT,20
CI001280,M0077,2025-06-02,8,HIIT,52
CI001281,M0077,2025-06-30,16,HIIT,49
CI001282,M0077,2025-06-16,8,Gym Floor,90
CI001283,M0077,2025-04-08,16,Gym Floor,53
CI001284,M0077,2025-06-13,8,Yoga,56
CI001285,M0077,2025-03-08,7,Cardio,72
CI001286,M0077,2025-03-19,8,Gym Floor,69
CI001287,M0077,2025-04-12,7,HIIT,64
CI001288,M0077,2025-05-11,18,CrossFit,53
CI001289,M0077,2025-08-27,21,CrossFit,32
CI001290,M0077,2025-03-29,7,Gym Floor,55
CI001291,M0077,2025-07-09,8,Gym Floor,60
CI001292,M0077,2025-03-02,18,Gym Floor,71
CI001293,M0077,2025-05-04,8,Spin,86
CI001294,M0077,2025-07-12,20,Spin,74
CI001295,M0077,2025-07-24,11,Zumba,28
CI001296,M0077,2025-04-13,10,Gym Floor,59
CI001297,M0077,2025-07-31,20,Spin,51
CI001298,M0077,2025-03-24,6,Cardio,63
CI001299,M0077,2025-03-09,6,Gym Floor,74
CI001300,M0077,2025-05-20,18,Gym Floor,55
CI001301,M0077,2025-04-14,20,Gym Floor,54
CI001302,M0077,2025-06-13,6,Pilates,44
CI001303,M0078,2025-04-11,18,Gym Floor,44
CI001304,M0078,2025-06-24,6,Gym Floor,54
CI001305,M0078,2025-05-31,17,Gym Floor,84
CI001306,M0078,2025-07-31,7,Spin,49
CI001307,M0078,2025-03-06,7,Gym Floor,56
CI001308,M0078,2025-07-12,19,Gym Floor,34
CI001309,M0078,2025-04-22,21,Gym Floor,47
CI001310,M0078,2025-03-07,18,Gym Floor,52
CI001311,M0078,2025-03-30,21,Pilates,24
CI001312,M0078,2025-04-17,6,Gym Floor,42
CI001313,M0078,2025-06-15,12,Gym Floor,79
CI001314,M0078,2025-05-17,12,Gym Floor,48
CI001315,M0078,2025-06-11,6,Gym Floor,63
CI001316,M0078,2025-07-24,18,Gym Floor,22
CI001317,M0078,2025-07-30,10,Cardio,42
CI001318,M0078,2025-07-12,18,Pilates,69
CI001319,M0078,2025-08-13,18,Gym Floor,77
CI001320,M0078,2025-06-06,19,CrossFit,51
CI001321,M0078,2025-03-14,16,Yoga,43
CI001322,M0078,2025-08-15,16,Spin,60
CI001323,M0078,2025-06-10,17,Gym Floor,63
CI001324,M0078,2025-08-05,19,Gym Floor,42
CI001325,M0078,2025-08-08,6,Yoga,31
CI001326,M0078,2025-07-22,17,Yoga,32
CI001327,M0078,2025-03-06,16,Strength Training,86
CI001328,M0078,2025-08-04,8,Gym Floor,76
CI001329,M0078,2025-03-02,18,Gym Floor,65
CI001330,M0078,2025-03-21,6,Gym Floor,47
CI001331,M0078,2025-05-24,21,Gym Floor,92
CI001332,M0078,2025-05-11,20,Gym Floor,65
CI001333,M0078,2025-04-20,16,Gym Floor,20
CI001334,M0078,2025-04-07,9,Strength Training,77
CI001335,M0078,2025-08-09,11,Gym Floor,45
CI001336,M0078,2025-04-09,7,Gym Floor,56
CI001337,M0078,2025-03-20,20,Cardio,45
CI001338,M0078,2025-08-11,17,Pilates,59
CI001339,M0078,2025-08-10,17,Yoga,37
CI001340,M0078,2025-04-12,19,Cardio,31
CI001341,M0078,2025-07-01,7,Gym Floor,71
CI001342,M0079,2025-06-28,9,Strength Training,53
CI001343,M0079,2025-04-05,10,Gym Floor,65
CI001344,M0079,2025-06-06,7,Zumba,62
CI001345,M0079,2025-08-02,17,Gym Floor,26
CI001346,M0079,2025-08-14,19,Gym Floor,68
CI001347,M0080,2025-05-16,7,Gym Floor,50
CI001348,M0080,2025-08-12,16,Gym Floor,33
CI001349,M0080,2025-08-14,16,Gym Floor,91
CI001350,M0080,2025-04-15,19,Strength Training,36
CI001351,M0080,2025-04-23,12,Cardio,65
CI001352,M0080,2025-07-25,18,Zumba,54
CI001353,M0080,2025-08-18,7,Gym Floor,57
CI001354,M0080,2025-03-18,8,Cardio,79
CI001355,M0080,2025-07-22,7,Gym Floor,56
CI001356,M0080,2025-08-20,16,Gym Floor,32
CI001357,M0080,2025-06-21,8,Yoga,73
CI001358,M0080,2025-04-24,17,Zumba,43
CI001359,M0080,2025-04-24,19,Spin,91
CI001360,M0080,2025-05-04,9,Gym Floor,40
CI001361,M0080,2025-08-03,8,Gym Floor,58
CI001362,M0080,2025-03-12,18,Gym Floor,58
CI001363,M0080,2025-04-07,18,Gym Floor,29
CI001364,M0080,2025-07-23,6,Gym Floor,89
CI001365,M0080,2025-06-27,16,Strength Training,34
CI001366,M0080,2025-07-27,19,Spin,33
CI001367,M0080,2025-04-24,12,Pilates,61
CI001368,M0080,2025-06-08,16,HIIT,39
CI001369,M0080,2025-04-02,9,Gym Floor,52
CI001370,M0080,2025-08-20,21,Zumba,50
CI001371,M0080,2025-05-18,11,CrossFit,73
CI001372,M0080,2025-04-07,8,CrossFit,61
CI001373,M0080,2025-04-15,12,Gym Floor,47
CI001374,M0080,2025-03-31,11,Gym Floor,68
CI001375,M0080,2025-07-08,17,HIIT,46
CI001376,M0080,2025-06-07,19,Pilates,38
CI001377,M0080,2025-05-07,17,Yoga,48
CI001378,M0080,2025-03-30,17,Cardio,54
CI001379,M0080,2025-05-11,8,Pilates,32
CI001380,M0080,2025-04-01,8,Gym Floor,33
CI001381,M0080,2025-05-17,6,Zumba,84
CI001382,M0080,2025-05-30,20,Gym Floor,59
CI001383,M0080,2025-05-31,16,Gym Floor,46
CI001384,M0080,2025-08-14,7,Gym Floor,35
CI001385,M0080,2025-03-15,11,Pilates,28
CI001386,M0080,2025-04-25,17,Gym Floor,57
CI001387,M0080,2025-06-09,9,Gym Floor,63
CI001388,M0080,2025-08-29,18,Gym Floor,70
CI001389,M0080,2025-04-16,7,Yoga,67
CI001390,M0080,2025-03-28,9,Gym Floor,54
CI001391,M0080,2025-05-15,19,Gym Floor,62
CI001392,M0081,2025-05-13,19,Gym Floor,58
CI001393,M0081,2025-06-09,17,Zumba,20
CI001394,M0082,2025-05-29,18,Gym Floor,84
CI001395,M0082,2025-03-02,18,Zumba,44
CI001396,M0082,2025-05-12,8,Cardio,60
CI001397,M0082,2025-04-12,18,Zumba,33
CI001398,M0082,2025-07-13,17,Spin,62
CI001399,M0082,2025-06-11,7,Gym Floor,50
CI001400,M0082,2025-03-08,6,Gym Floor,39
CI001401,M0082,2025-04-29,18,HIIT,66
CI001402,M0082,2025-04-25,20,Cardio,44
CI001403,M0082,2025-06-18,10,HIIT,51
CI001404,M0082,2025-07-25,17,Yoga,44
CI001405,M0082,2025-08-22,9,Gym Floor,42
CI001406,M0082,2025-03-25,8,CrossFit,32
CI001407,M0082,2025-05-21,18,Spin,50
CI001408,M0082,2025-08-02,12,Cardio,59
CI001409,M0082,2025-05-10,10,Gym Floor,65
CI001410,M0082,2025-05-28,19,CrossFit,80
CI001411,M0082,2025-07-17,7,Spin,63
CI001412,M0083,2025-06-04,16,Strength Training,44
CI001413,M0084,2025-04-13,19,Spin,54
CI001414,M0084,2025-08-04,9,Gym Floor,49
CI001415,M0084,2025-03-26,8,Gym Floor,77
CI001416,M0084,2025-06-12,20,Gym Floor,37
CI001417,M0084,2025-08-20,8,Yoga,22
CI001418,M0085,2025-07-08,17,Pilates,74
CI001419,M0085,2025-07-11,12,Pilates,70
CI001420,M0085,2025-03-16,7,Pilates,33
CI001421,M0085,2025-06-03,9,Yoga,73
CI001422,M0085,2025-04-11,17,Strength Training,72
CI001423,M0085,2025-03-21,19,Yoga,73
CI001424,M0085,2025-07-07,7,Pilates,45
CI001425,M0085,2025-08-29,10,Gym Floor,50
CI001426,M0085,2025-05-09,16,Gym Floor,41
CI001427,M0085,2025-08-14,17,Strength Training,78
CI001428,M0085,2025-04-21,17,Gym Floor,44
CI001429,M0085,2025-04-04,8,Zumba,71
CI001430,M0085,2025-06-25,8,HIIT,58
CI001431,M0085,2025-03-04,6,Gym Floor,62
CI001432,M0085,2025-06-10,16,Spin,41
CI001433,M0085,2025-04-10,7,Gym Floor,56
CI001434,M0085,2025-03-16,20,Gym Floor,64
CI001435,M0085,2025-07-20,11,Gym Floor,53
CI001436,M0085,2025-06-04,19,Pilates,46
CI001437,M0085,2025-07-26,7,Gym Floor,53
CI001438,M0085,2025-03-14,17,Gym Floor,88
CI001439,M0085,2025-08-04,17,Gym Floor,59
CI001440,M0085,2025-03-22,20,Yoga,49
CI001441,M0085,2025-08-31,16,Yoga,44
CI001442,M0085,2025-05-17,19,HIIT,44
CI001443,M0085,2025-07-13,9,Gym Floor,46
CI001444,M0085,2025-04-13,11,Gym Floor,21
CI001445,M0085,2025-03-18,7,CrossFit,62
CI001446,M0085,2025-04-20,6,HIIT,30
CI001447,M0085,2025-07-19,6,Gym Floor,77
CI001448,M0085,2025-04-02,9,HIIT,26
CI001449,M0085,2025-03-19,20,Gym Floor,63
CI001450,M0085,2025-08-27,17,Gym Floor,91
CI001451,M0085,2025-03-05,7,Gym Floor,50
CI001452,M0085,2025-03-25,19,Gym Floor,32
CI001453,M0085,2025-08-19,16,Cardio,28
CI001454,M0085,2025-03-16,21,Gym Floor,68
CI001455,M0086,2025-05-16,11,Zumba,85
CI001456,M0086,2025-06-23,8,Strength Training,23
CI001457,M0086,2025-03-08,17,Spin,55
CI001458,M0086,2025-06-18,9,Gym Floor,51
CI001459,M0086,2025-05-14,10,Gym Floor,64
CI001460,M0086,2025-07-31,8,Strength Training,43
CI001461,M0086,2025-05-31,20,HIIT,75
CI001462,M0086,2025-03-18,11,Gym Floor,58
CI001463,M0086,2025-07-05,20,CrossFit,59
CI001464,M0086,2025-08-30,18,Yoga,34
CI001465,M0086,2025-03-22,11,Cardio,48
CI001466,M0086,2025-07-01,18,HIIT,84
CI001467,M0086,2025-08-11,18,Gym Floor,49
CI001468,M0086,2025-06-03,8,Strength Training,70
CI001469,M0086,2025-07-31,18,Gym Floor,73
CI001470,M0086,2025-06-13,19,Gym Floor,61
CI001471,M0087,2025-08-12,8,Gym Floor,34
CI001472,M0087,2025-07-25,9,Zumba,56
CI001473,M0087,2025-03-10,17,Gym Floor,34
CI001474,M0087,2025-07-26,8,Gym Floor,79
CI001475,M0087,2025-06-29,8,Gym Floor,59
CI001476,M0087,2025-06-04,19,Zumba,65
CI001477,M0087,2025-04-19,6,Gym Floor,58
CI001478,M0087,2025-04-22,17,Yoga,47
CI001479,M0087,2025-06-05,19,Zumba,40
CI001480,M0087,2025-05-16,20,Gym Floor,52
CI001481,M0087,2025-08-19,20,Gym Floor,86
CI001482,M0087,2025-05-02,7,Gym Floor,66
CI001483,M0087,2025-04-08,18,Yoga,44
CI001484,M0087,2025-06-05,6,Yoga,63
CI001485,M0087,2025-03-05,19,Gym Floor,74
CI001486,M0087,2025-07-29,8,Yoga,24
CI001487,M0087,2025-06-03,8,Spin,57
CI001488,M0087,2025-06-21,8,Gym Floor,20
CI001489,M0087,2025-05-22,20,Zumba,20
CI001490,M0087,2025-03-09,18,Zumba,69
CI001491,M0087,2025-08-10,9,Yoga,36
CI001492,M0087,2025-06-25,19,Gym Floor,20
CI001493,M0087,2025-08-03,18,Gym Floor,70
CI001494,M0087,2025-07-20,10,Strength Training,71
CI001495,M0087,2025-06-18,19,Gym Floor,61
CI001496,M0087,2025-04-26,20,Spin,63
CI001497,M0088,2025-07-09,6,Gym Floor,20
CI001498,M0088,2025-04-02,6,Yoga,84
CI001499,M0088,2025-04-13,19,Gym Floor,84
CI001500,M0088,2025-06-28,18,Strength Training,58
CI001501,M0088,2025-03-21,17,Pilates,79
CI001502,M0088,2025-05-15,12,Gym Floor,79
CI001503,M0088,2025-05-25,19,Gym Floor,37
CI001504,M0089,2025-05-29,18,Gym Floor,20
CI001505,M0089,2025-05-09,20,CrossFit,58
CI001506,M0089,2025-04-18,16,Pilates,41
CI001507,M0089,2025-03-31,19,Cardio,46
CI001508,M0089,2025-03-19,19,Strength Training,84
CI001509,M0089,2025-08-04,6,Gym Floor,57
CI001510,M0089,2025-06-18,19,Gym Floor,41
CI001511,M0089,2025-08-15,10,Gym Floor,33
CI001512,M0089,2025-05-04,18,Gym Floor,87
CI001513,M0090,2025-04-11,17,Gym Floor,55
CI001514,M0091,2025-05-17,18,Gym Floor,57
CI001515,M0091,2025-08-28,17,CrossFit,32
CI001516,M0091,2025-06-30,17,CrossFit,72
CI001517,M0091,2025-07-10,17,Pilates,83
CI001518,M0091,2025-03-05,16,Gym Floor,63
CI001519,M0091,2025-05-23,17,Gym Floor,54
CI001520,M0091,2025-08-31,8,CrossFit,51
CI001521,M0091,2025-04-23,7,Gym Floor,48
CI001522,M0091,2025-07-29,9,CrossFit,57
CI001523,M0091,2025-07-27,12,Gym Floor,44
CI001524,M0091,2025-06-30,18,Gym Floor,24
CI001525,M0091,2025-04-24,12,Gym Floor,80
CI001526,M0091,2025-08-24,17,Gym Floor,49
CI001527,M0091,2025-04-14,8,Zumba,95
CI001528,M0091,2025-07-06,9,Spin,20
CI001529,M0091,2025-07-15,7,Strength Training,41
CI001530,M0091,2025-06-25,10,Pilates,35
CI001531,M0091,2025-08-13,17,Gym Floor,61
CI001532,M0091,2025-03-01,10,Gym Floor,52
CI001533,M0092,2025-05-08,6,Gym Floor,20
CI001534,M0092,2025-08-05,18,Gym Floor,65
CI001535,M0092,2025-08-02,9,Gym Floor,56
CI001536,M0092,2025-03-13,7,Gym Floor,73
CI001537,M0092,2025-06-20,8,Gym Floor,44
CI001538,M0092,2025-08-03,19,Gym Floor,53
CI001539,M0092,2025-06-18,7,Gym Floor,60
CI001540,M0092,2025-04-01,8,Gym Floor,69
CI001541,M0092,2025-05-21,6,Gym Floor,59
CI001542,M0092,2025-05-05,17,Gym Floor,51
CI001543,M0092,2025-07-29,8,Yoga,61
CI001544,M0092,2025-05-04,10,Cardio,39
CI001545,M0092,2025-07-08,18,Gym Floor,37
CI001546,M0092,2025-04-18,7,Gym Floor,36
CI001547,M0092,2025-07-27,19,Gym Floor,49
CI001548,M0092,2025-03-27,20,Gym Floor,52
CI001549,M0092,2025-06-21,18,Strength Training,57
CI001550,M0092,2025-03-31,8,Yoga,65
CI001551,M0092,2025-06-06,9,Strength Training,45
CI001552,M0093,2025-07-10,18,HIIT,68
CI001553,M0093,2025-05-29,9,Zumba,60
CI001554,M0093,2025-03-10,7,Cardio,58
CI001555,M0093,2025-05-14,10,Gym Floor,59
CI001556,M0093,2025-08-17,6,Strength Training,50
CI001557,M0093,2025-05-30,18,Zumba,52
CI001558,M0093,2025-05-21,6,Strength Training,53
CI001559,M0093,2025-05-18,20,Pilates,68
CI001560,M0093,2025-08-01,7,Pilates,43
CI001561,M0093,2025-04-15,19,Gym Floor,49
CI001562,M0093,2025-03-17,11,HIIT,72
CI001563,M0093,2025-04-22,10,Yoga,52
CI001564,M0093,2025-06-03,21,Zumba,54
CI001565,M0093,2025-07-21,18,Spin,34
CI001566,M0093,2025-06-28,12,Gym Floor,57
CI001567,M0093,2025-08-02,19,Gym Floor,61
CI001568,M0093,2025-07-13,19,HIIT,31
CI001569,M0093,2025-05-07,7,Gym Floor,44
CI001570,M0093,2025-08-02,20,HIIT,59
CI001571,M0093,2025-03-12,16,Gym Floor,77
CI001572,M0093,2025-06-27,17,Gym Floor,57
CI001573,M0093,2025-05-07,10,Cardio,58
CI001574,M0093,2025-06-21,19,Zumba,55
CI001575,M0093,2025-05-02,20,Gym Floor,42
CI001576,M0093,2025-07-11,8,Pilates,72
CI001577,M0093,2025-05-27,19,Gym Floor,49
CI001578,M0093,2025-08-25,7,Gym Floor,54
CI001579,M0093,2025-04-08,16,Pilates,51
CI001580,M0093,2025-03-14,16,Gym Floor,38
CI001581,M0093,2025-06-24,17,CrossFit,77
CI001582,M0093,2025-03-17,18,HIIT,33
CI001583,M0093,2025-05-19,19,Cardio,86
CI001584,M0093,2025-06-24,11,Gym Floor,44
CI001585,M0093,2025-08-03,9,Gym Floor,26
CI001586,M0093,2025-06-25,17,Strength Training,81
CI001587,M0093,2025-04-21,8,Gym Floor,56
CI001588,M0093,2025-08-04,9,CrossFit,57
CI001589,M0093,2025-08-18,17,Spin,36
CI001590,M0093,2025-03-22,21,Strength Training,54
CI001591,M0093,2025-06-24,18,Pilates,40
CI001592,M0094,2025-08-08,16,Zumba,49
CI001593,M0094,2025-08-18,6,Gym Floor,32
CI001594,M0094,2025-06-18,17,Cardio,25
CI001595,M0094,2025-03-29,18,Gym Floor,82
CI001596,M0094,2025-08-18,19,Gym Floor,62
CI001597,M0095,2025-08-19,7,Spin,50
CI001598,M0095,2025-03-04,17,CrossFit,37
CI001599,M0095,2025-04-24,19,HIIT,53
CI001600,M0095,2025-06-24,12,Strength Training,40
CI001601,M0095,2025-03-06,19,Gym Floor,69
CI001602,M0095,2025-03-14,18,Spin,63
CI001603,M0095,2025-08-25,10,CrossFit,50
CI001604,M0095,2025-07-25,7,Pilates,75
CI001605,M0095,2025-03-04,7,Yoga,37
CI001606,M0095,2025-05-24,19,Yoga,54
CI001607,M0095,2025-04-08,6,Gym Floor,23
CI001608,M0095,2025-08-10,7,Zumba,66
CI001609,M0095,2025-08-14,18,Gym Floor,38
CI001610,M0095,2025-05-02,19,CrossFit,86
CI001611,M0095,2025-08-04,20,Zumba,67
CI001612,M0095,2025-03-04,8,Pilates,48
CI001613,M0095,2025-07-21,8,Gym Floor,48
CI001614,M0095,2025-07-01,19,Strength Training,40
CI001615,M0095,2025-05-12,10,Strength Training,59
CI001616,M0095,2025-08-07,6,Gym Floor,59
CI001617,M0095,2025-05-03,9,CrossFit,57
CI001618,M0096,2025-08-11,18,Gym Floor,34
CI001619,M0096,2025-04-15,6,Gym Floor,20
CI001620,M0096,2025-07-22,17,CrossFit,51
CI001621,M0096,2025-05-14,18,Spin,82
CI001622,M0096,2025-04-14,19,CrossFit,80
CI001623,M0096,2025-06-26,16,Gym Floor,64
CI001624,M0096,2025-06-22,19,Pilates,20
CI001625,M0096,2025-08-20,6,Cardio,43
CI001626,M0096,2025-05-20,21,Zumba,53
CI001627,M0096,2025-04-29,19,Gym Floor,76
CI001628,M0096,2025-04-14,6,Cardio,64
CI001629,M0096,2025-04-21,20,Pilates,38
CI001630,M0096,2025-03-01,21,HIIT,47
CI001631,M0096,2025-03-14,7,Strength Training,28
CI001632,M0096,2025-08-09,8,Cardio,58
CI001633,M0096,2025-03-21,20,HIIT,48
CI001634,M0096,2025-08-01,9,Gym Floor,59
CI001635,M0096,2025-05-15,19,Gym Floor,53
CI001636,M0096,2025-03-27,7,Yoga,53
CI001637,M0096,2025-07-28,17,Gym Floor,35
CI001638,M0096,2025-07-10,21,HIIT,27
CI001639,M0096,2025-04-03,19,Pilates,20
CI001640,M0096,2025-06-05,17,Spin,74
CI001641,M0096,2025-06-01,18,HIIT,54
CI001642,M0096,2025-08-27,17,Spin,75
CI001643,M0096,2025-03-27,18,Pilates,54
CI001644,M0096,2025-08-28,18,Gym Floor,35
CI001645,M0096,2025-03-19,18,Gym Floor,79
CI001646,M0096,2025-08-02,18,Gym Floor,71
CI001647,M0096,2025-08-13,21,Gym Floor,56
CI001648,M0096,2025-04-14,12,Gym Floor,36
CI001649,M0096,2025-06-05,11,HIIT,43
CI001650,M0096,2025-05-05,16,Gym Floor,50
CI001651,M0096,2025-06-15,17,Zumba,90
CI001652,M0096,2025-03-18,6,Yoga,43
CI001653,M0096,2025-06-15,6,Pilates,50
CI001654,M0097,2025-08-23,7,Zumba,60
CI001655,M0097,2025-05-01,9,Gym Floor,73
CI001656,M0097,2025-07-30,18,Gym Floor,73
CI001657,M0098,2025-05-03,8,Yoga,52
CI001658,M0098,2025-04-13,18,HIIT,30
CI001659,M0098,2025-07-03,11,Pilates,71
CI001660,M0098,2025-06-01,21,Strength Training,32
CI001661,M0098,2025-05-30,6,Cardio,47
CI001662,M0098,2025-08-27,8,CrossFit,82
CI001663,M0098,2025-08-06,18,CrossFit,89
CI001664,M0098,2025-06-20,18,Gym Floor,27
CI001665,M0098,2025-08-12,7,Pilates,80
CI001666,M0098,2025-06-14,21,Gym Floor,51
CI001667,M0098,2025-06-02,7,Gym Floor,51
CI001668,M0098,2025-07-31,7,Gym Floor,57
CI001669,M0098,2025-07-23,19,Gym Floor,65
CI001670,M0098,2025-04-01,20,Gym Floor,49
CI001671,M0098,2025-05-21,7,Cardio,42
CI001672,M0098,2025-05-28,19,Pilates,70
CI001673,M0098,2025-04-01,20,Gym Floor,55
CI001674,M0098,2025-03-30,18,Yoga,51
CI001675,M0098,2025-06-09,16,Zumba,89
CI001676,M0098,2025-08-27,16,Spin,36
CI001677,M0099,2025-07-13,7,Gym Floor,91
CI001678,M0099,2025-05-24,10,Yoga,40
CI001679,M0099,2025-04-24,18,Spin,41
CI001680,M0099,2025-03-24,18,Spin,61
CI001681,M0099,2025-08-19,11,Gym Floor,49
CI001682,M0099,2025-04-15,20,Gym Floor,51
CI001683,M0099,2025-07-02,19,Gym Floor,56
CI001684,M0099,2025-04-03,18,Gym Floor,44
CI001685,M0100,2025-07-10,7,Gym Floor,20
CI001686,M0100,2025-08-22,16,Strength Training,45
CI001687,M0100,2025-08-07,6,Pilates,78
CI001688,M0100,2025-05-29,11,Pilates,44
CI001689,M0100,2025-03-26,7,Yoga,70
CI001690,M0100,2025-07-26,19,Spin,39
CI001691,M0100,2025-03-14,17,Gym Floor,56
CI001692,M0100,2025-08-09,19,HIIT,50
CI001693,M0100,2025-04-21,18,Cardio,37
CI001694,M0100,2025-05-27,17,CrossFit,43
CI001695,M0100,2025-08-24,12,HIIT,37
CI001696,M0100,2025-07-10,19,HIIT,26
CI001697,M0100,2025-05-08,18,Gym Floor,38
CI001698,M0100,2025-03-20,17,Spin,62
CI001699,M0100,2025-08-03,20,Gym Floor,49
CI001700,M0100,2025-07-11,18,Gym Floor,54
CI001701,M0100,2025-03-13,11,Pilates,48
CI001702,M0100,2025-03-30,6,Cardio,68
CI001703,M0100,2025-08-14,18,Gym Floor,81
CI001704,M0100,2025-05-16,20,Zumba,57
CI001705,M0100,2025-08-01,19,Strength Training,43
CI001706,M0100,2025-08-20,7,CrossFit,40
CI001707,M0100,2025-05-21,18,Gym Floor,56
CI001708,M0100,2025-03-14,18,Gym Floor,20
CI001709,M0100,2025-05-25,9,Pilates,72
CI001710,M0100,2025-03-30,17,HIIT,42
CI001711,M0100,2025-04-01,10,Gym Floor,85
CI001712,M0100,2025-08-07,18,Gym Floor,48
CI001713,M0100,2025-03-03,19,Zumba,61
CI001714,M0100,2025-07-16,18,Pilates,94
CI001715,M0100,2025-05-14,11,Strength Training,65
CI001716,M0100,2025-08-10,17,Gym Floor,56
CI001717,M0100,2025-04-20,6,Gym Floor,78
CI001718,M0100,2025-07-13,9,Zumba,20
CI001719,M0100,2025-05-25,7,Gym Floor,72
CI001720,M0100,2025-05-27,18,Spin,50
CI001721,M0101,2025-08-29,17,Gym Floor,51
CI001722,M0101,2025-08-08,17,Gym Floor,47
CI001723,M0101,2025-04-15,18,Gym Floor,42
CI001724,M0101,2025-04-04,17,Yoga,74
CI001725,M0101,2025-07-17,19,Gym Floor,36
CI001726,M0101,2025-07-24,21,Gym Floor,86
CI001727,M0101,2025-04-20,18,Pilates,43
CI001728,M0101,2025-03-01,20,Gym Floor,23
CI001729,M0101,2025-06-08,8,Gym Floor,80
CI001730,M0101,2025-07-20,19,Gym Floor,52
CI001731,M0101,2025-05-14,12,Gym Floor,51
CI001732,M0101,2025-05-22,18,HIIT,61
CI001733,M0102,2025-05-07,9,Yoga,49
CI001734,M0102,2025-05-01,6,Gym Floor,40
CI001735,M0102,2025-05-06,7,Gym Floor,82
CI001736,M0102,2025-07-27,16,Gym Floor,50
CI001737,M0102,2025-05-03,6,CrossFit,42
CI001738,M0102,2025-07-13,7,Gym Floor,86
CI001739,M0102,2025-03-27,8,HIIT,51
CI001740,M0102,2025-03-10,10,Gym Floor,42
CI001741,M0102,2025-07-09,8,Gym Floor,27
CI001742,M0102,2025-07-11,12,HIIT,80
CI001743,M0102,2025-04-07,6,CrossFit,52
CI001744,M0102,2025-07-05,16,Gym Floor,56
CI001745,M0102,2025-07-05,9,Gym Floor,20
CI001746,M0102,2025-04-18,19,Gym Floor,77
CI001747,M0102,2025-05-26,17,Zumba,69
CI001748,M0102,2025-07-14,16,Spin,54
CI001749,M0102,2025-08-03,21,Gym Floor,59
CI001750,M0102,2025-06-21,17,Strength Training,60
CI001751,M0102,2025-04-20,21,Gym Floor,46
CI001752,M0102,2025-08-22,18,Pilates,20
CI001753,M0102,2025-05-18,6,Pilates,34
CI001754,M0102,2025-06-20,10,Yoga,27
CI001755,M0102,2025-05-28,9,Gym Floor,52
CI001756,M0102,2025-04-29,17,Gym Floor,28
CI001757,M0102,2025-03-17,18,Zumba,52
CI001758,M0102,2025-04-26,17,Spin,51
CI001759,M0103,2025-08-05,18,Gym Floor,65
CI001760,M0103,2025-08-30,19,Gym Floor,21
CI001761,M0103,2025-05-13,12,Gym Floor,41
CI001762,M0103,2025-03-10,10,Gym Floor,53
CI001763,M0103,2025-03-22,20,Spin,62
CI001764,M0103,2025-06-28,11,Zumba,76
CI001765,M0103,2025-08-10,8,Zumba,63
CI001766,M0103,2025-03-06,9,Strength Training,30
CI001767,M0103,2025-06-30,17,Gym Floor,54
CI001768,M0103,2025-06-23,7,CrossFit,89
CI001769,M0103,2025-05-30,17,Strength Training,60
CI001770,M0103,2025-08-02,16,Gym Floor,54
CI001771,M0103,2025-05-07,18,Pilates,34
CI001772,M0103,2025-03-30,10,Spin,79
CI001773,M0103,2025-05-06,11,Zumba,53
CI001774,M0103,2025-07-27,7,Gym Floor,63
CI001775,M0103,2025-05-11,18,Gym Floor,63
CI001776,M0104,2025-08-22,19,Gym Floor,32
CI001777,M0104,2025-07-13,18,Gym Floor,85
CI001778,M0104,2025-03-19,7,Gym Floor,40
CI001779,M0104,2025-05-08,19,Gym Floor,39
CI001780,M0104,2025-06-09,6,Zumba,60
CI001781,M0104,2025-07-17,19,HIIT,54
CI001782,M0104,2025-03-02,19,Gym Floor,66
CI001783,M0104,2025-06-13,16,Gym Floor,26
CI001784,M0104,2025-07-26,6,Gym Floor,47
CI001785,M0104,2025-03-15,7,Gym Floor,81
CI001786,M0104,2025-03-21,19,Gym Floor,47
CI001787,M0104,2025-06-21,7,Gym Floor,72
CI001788,M0104,2025-04-08,18,Zumba,81
CI001789,M0104,2025-03-06,17,Cardio,49
CI001790,M0104,2025-07-26,18,Strength Training,83
CI001791,M0104,2025-08-18,7,Gym Floor,49
CI001792,M0104,2025-03-12,17,Zumba,37
CI001793,M0104,2025-03-14,8,Gym Floor,20
CI001794,M0104,2025-04-05,8,HIIT,69
CI001795,M0104,2025-05-08,18,Cardio,69
CI001796,M0104,2025-04-05,11,Yoga,61
CI001797,M0104,2025-04-20,6,Gym Floor,72
CI001798,M0104,2025-04-26,18,Gym Floor,75
CI001799,M0104,2025-03-24,16,Gym Floor,52
CI001800,M0106,2025-07-04,17,Gym Floor,77
CI001801,M0106,2025-06-22,6,Yoga,20
CI001802,M0106,2025-07-12,8,Cardio,51
CI001803,M0106,2025-03-23,7,Gym Floor,59
CI001804,M0106,2025-06-19,21,Gym Floor,34
CI001805,M0106,2025-08-25,16,Gym Floor,99
CI001806,M0106,2025-08-25,9,Pilates,33
CI001807,M0106,2025-06-05,16,Strength Training,65
CI001808,M0106,2025-08-10,9,Pilates,75
CI001809,M0106,2025-03-01,7,Gym Floor,83
CI001810,M0106,2025-04-30,9,Strength Training,69
CI001811,M0106,2025-07-10,11,Pilates,47
CI001812,M0106,2025-08-25,11,HIIT,50
CI001813,M0106,2025-04-05,12,Pilates,43
CI001814,M0106,2025-07-08,19,HIIT,52
CI001815,M0106,2025-04-25,6,Gym Floor,65
CI001816,M0106,2025-06-19,19,Gym Floor,91
CI001817,M0106,2025-06-20,18,Gym Floor,25
CI001818,M0106,2025-07-04,19,Pilates,51
CI001819,M0106,2025-08-12,7,Zumba,69
CI001820,M0106,2025-04-30,19,Gym Floor,60
CI001821,M0106,2025-07-11,9,Gym Floor,34
CI001822,M0106,2025-06-13,8,Gym Floor,41
CI001823,M0106,2025-05-13,17,Cardio,87
CI001824,M0106,2025-08-20,8,Zumba,71
CI001825,M0106,2025-07-11,17,Gym Floor,42
CI001826,M0106,2025-03-13,17,Gym Floor,24
CI001827,M0107,2025-03-20,18,Spin,72
CI001828,M0107,2025-03-26,16,Gym Floor,32
CI001829,M0107,2025-07-03,19,Gym Floor,42
CI001830,M0107,2025-08-28,18,Gym Floor,69
CI001831,M0107,2025-07-20,18,Gym Floor,57
CI001832,M0107,2025-07-20,20,Gym Floor,43
CI001833,M0107,2025-05-11,7,Gym Floor,50
CI001834,M0107,2025-08-02,17,Strength Training,53
CI001835,M0107,2025-08-12,7,CrossFit,45
CI001836,M0107,2025-06-04,17,Gym Floor,65
CI001837,M0107,2025-07-09,20,Gym Floor,60
CI001838,M0107,2025-08-01,17,Zumba,70
CI001839,M0107,2025-06-20,16,Gym Floor,65
CI001840,M0107,2025-06-23,16,Cardio,75
CI001841,M0107,2025-03-04,19,Yoga,66
CI001842,M0107,2025-03-22,19,CrossFit,57
CI001843,M0107,2025-06-02,8,HIIT,55
CI001844,M0107,2025-03-21,7,Gym Floor,60
CI001845,M0107,2025-08-01,17,Gym Floor,39
CI001846,M0107,2025-05-12,16,Gym Floor,51
CI001847,M0107,2025-04-06,18,Strength Training,24
CI001848,M0107,2025-04-12,18,Zumba,63
CI001849,M0107,2025-03-25,19,Yoga,61
CI001850,M0107,2025-07-14,7,Spin,55
CI001851,M0107,2025-03-21,7,CrossFit,59
CI001852,M0107,2025-04-26,6,Cardio,74
CI001853,M0107,2025-06-03,19,Gym Floor,55
CI001854,M0107,2025-04-21,11,Gym Floor,69
CI001855,M0108,2025-07-14,12,Pilates,73
CI001856,M0108,2025-08-24,7,Zumba,46
CI001857,M0108,2025-08-28,17,Gym Floor,72
CI001858,M0108,2025-07-08,18,Pilates,49
CI001859,M0108,2025-05-11,18,Spin,51
CI001860,M0108,2025-07-21,8,Cardio,36
CI001861,M0109,2025-04-01,17,Gym Floor,67
CI001862,M0109,2025-03-09,18,Gym Floor,38
CI001863,M0109,2025-04-14,19,Gym Floor,54
CI001864,M0109,2025-05-14,18,Pilates,34
CI001865,M0109,2025-03-18,18,Gym Floor,43
CI001866,M0109,2025-03-28,9,Pilates,54
CI001867,M0109,2025-07-13,18,Gym Floor,57
CI001868,M0109,2025-07-21,7,Gym Floor,51
CI001869,M0109,2025-04-10,7,Yoga,63
CI001870,M0109,2025-05-29,19,Gym Floor,58
CI001871,M0109,2025-05-05,8,Zumba,35
CI001872,M0109,2025-03-19,20,Gym Floor,62
CI001873,M0109,2025-03-15,17,Gym Floor,69
CI001874,M0109,2025-03-06,17,Gym Floor,76
CI001875,M0109,2025-08-24,19,CrossFit,49
CI001876,M0109,2025-07-07,7,Gym Floor,43
CI001877,M0109,2025-06-05,7,Spin,66
CI001878,M0109,2025-07-20,19,CrossFit,74
CI001879,M0109,2025-03-01,7,Gym Floor,88
CI001880,M0109,2025-07-02,9,Gym Floor,31
CI001881,M0109,2025-04-21,20,HIIT,60
CI001882,M0109,2025-03-03,7,Strength Training,77
CI001883,M0109,2025-08-25,7,Gym Floor,52
CI001884,M0109,2025-04-16,17,Spin,83
CI001885,M0109,2025-03-21,11,Gym Floor,43
CI001886,M0109,2025-04-19,10,Yoga,86
CI001887,M0110,2025-06-25,17,Spin,91
CI001888,M0110,2025-07-09,8,Yoga,51
CI001889,M0110,2025-08-20,18,Gym Floor,60
CI001890,M0110,2025-03-29,9,Pilates,34
CI001891,M0110,2025-06-25,9,Gym Floor,49
CI001892,M0111,2025-04-05,7,Gym Floor,52
CI001893,M0111,2025-04-21,12,Pilates,31
CI001894,M0111,2025-06-18,17,Gym Floor,64
CI001895,M0111,2025-08-19,9,Cardio,39
CI001896,M0111,2025-07-29,20,Spin,50
CI001897,M0111,2025-06-03,12,Gym Floor,67
CI001898,M0111,2025-08-02,8,HIIT,36
CI001899,M0111,2025-04-18,17,Zumba,58
CI001900,M0111,2025-07-07,7,Cardio,81
CI001901,M0112,2025-06-05,19,Gym Floor,48
CI001902,M0112,2025-07-12,8,Gym Floor,39
CI001903,M0112,2025-08-18,7,Gym Floor,82
CI001904,M0112,2025-03-21,17,Gym Floor,43
CI001905,M0112,2025-03-27,19,HIIT,55
CI001906,M0112,2025-06-25,17,Gym Floor,64
CI001907,M0112,2025-07-21,9,CrossFit,59
CI001908,M0112,2025-03-28,20,Zumba,79
CI001909,M0112,2025-03-09,9,Gym Floor,66
CI001910,M0112,2025-04-24,18,Strength Training,75
CI001911,M0112,2025-08-25,19,Cardio,81
CI001912,M0112,2025-06-29,17,Gym Floor,88
CI001913,M0112,2025-08-27,17,Gym Floor,54
CI001914,M0112,2025-04-29,10,Pilates,76
CI001915,M0112,2025-07-21,18,Gym Floor,63
CI001916,M0112,2025-05-01,12,Strength Training,59
CI001917,M0112,2025-05-23,7,Yoga,78
CI001918,M0112,2025-08-03,10,Gym Floor,51
CI001919,M0112,2025-05-25,10,Gym Floor,55
CI001920,M0112,2025-04-16,18,Gym Floor,41
CI001921,M0112,2025-04-13,8,Spin,67
CI001922,M0112,2025-07-14,7,Pilates,86
CI001923,M0112,2025-03-21,9,Zumba,49
CI001924,M0112,2025-06-13,12,Gym Floor,68
CI001925,M0112,2025-03-16,19,Pilates,59
CI001926,M0112,2025-03-03,21,Gym Floor,36
CI001927,M0112,2025-08-24,16,Gym Floor,44
CI001928,M0112,2025-08-20,18,Spin,72
CI001929,M0112,2025-03-04,7,Gym Floor,55
CI001930,M0112,2025-04-23,12,Gym Floor,30
CI001931,M0112,2025-03-15,19,Gym Floor,54
CI001932,M0112,2025-08-10,19,Pilates,51
CI001933,M0112,2025-03-14,7,HIIT,54
CI001934,M0112,2025-07-15,21,Cardio,60
CI001935,M0112,2025-07-26,10,HIIT,57
CI001936,M0112,2025-08-23,8,Gym Floor,58
CI001937,M0112,2025-08-28,19,Cardio,57
CI001938,M0112,2025-03-19,20,Cardio,62
CI001939,M0112,2025-04-06,17,Gym Floor,57
CI001940,M0112,2025-07-17,6,CrossFit,60
CI001941,M0112,2025-06-30,8,HIIT,51
CI001942,M0113,2025-07-15,6,Gym Floor,24
CI001943,M0113,2025-06-20,10,Gym Floor,92
CI001944,M0113,2025-05-14,17,Gym Floor,20
CI001945,M0113,2025-07-14,8,Gym Floor,61
CI001946,M0113,2025-08-13,21,HIIT,48
CI001947,M0113,2025-04-30,11,Gym Floor,45
CI001948,M0113,2025-06-16,9,Cardio,56
CI001949,M0113,2025-03-21,9,Gym Floor,38
CI001950,M0113,2025-07-06,21,Zumba,43
CI001951,M0113,2025-05-18,7,CrossFit,38
CI001952,M0113,2025-05-27,20,Spin,85
CI001953,M0114,2025-04-03,9,Gym Floor,41
CI001954,M0114,2025-07-25,19,Gym Floor,31
CI001955,M0114,2025-05-17,8,Strength Training,59
CI001956,M0114,2025-07-12,11,Pilates,48
CI001957,M0114,2025-03-20,7,Spin,61
CI001958,M0114,2025-08-20,6,Strength Training,45
CI001959,M0114,2025-06-17,8,Pilates,43
CI001960,M0114,2025-04-30,17,Strength Training,78
CI001961,M0114,2025-04-20,20,Yoga,52
CI001962,M0114,2025-03-24,16,Gym Floor,48
CI001963,M0114,2025-07-20,17,Gym Floor,65
CI001964,M0114,2025-08-17,18,Gym Floor,34
CI001965,M0114,2025-04-16,7,HIIT,49
CI001966,M0114,2025-07-18,8,Gym Floor,72
CI001967,M0114,2025-05-11,17,Zumba,72
CI001968,M0114,2025-07-25,19,Zumba,76
CI001969,M0114,2025-07-19,9,Pilates,61
CI001970,M0114,2025-06-29,10,Gym Floor,88
CI001971,M0114,2025-05-27,8,Spin,40
CI001972,M0115,2025-07-12,7,Gym Floor,52
CI001973,M0115,2025-05-07,18,CrossFit,38
CI001974,M0115,2025-06-17,16,Gym Floor,56
CI001975,M0115,2025-05-31,17,Gym Floor,72
CI001976,M0115,2025-07-30,18,Pilates,63
CI001977,M0116,2025-08-10,11,Cardio,45
CI001978,M0116,2025-05-12,7,Spin,35
CI001979,M0116,2025-03-05,19,Strength Training,57
CI001980,M0116,2025-07-20,19,CrossFit,54
CI001981,M0117,2025-05-04,19,Gym Floor,20
CI001982,M0117,2025-04-06,10,Gym Floor,57
CI001983,M0117,2025-08-13,9,Zumba,58
CI001984,M0117,2025-08-05,17,Gym Floor,67
CI001985,M0117,2025-05-23,18,Yoga,42
CI001986,M0117,2025-08-09,8,Pilates,58
CI001987,M0117,2025-07-08,18,Gym Floor,46
CI001988,M0117,2025-07-16,6,Yoga,49
CI001989,M0117,2025-05-07,17,HIIT,77
CI001990,M0117,2025-03-09,8,CrossFit,50
CI001991,M0117,2025-07-23,18,Gym Floor,73
CI001992,M0117,2025-07-01,12,Gym Floor,71
CI001993,M0117,2025-03-16,17,Cardio,73
CI001994,M0117,2025-04-23,8,Pilates,51
CI001995,M0117,2025-08-25,6,CrossFit,31
CI001996,M0117,2025-03-31,8,Gym Floor,48
CI001997,M0117,2025-04-12,18,Gym Floor,51
CI001998,M0118,2025-04-01,7,Gym Floor,58
CI001999,M0118,2025-08-01,19,Gym Floor,36
CI002000,M0118,2025-07-04,19,Gym Floor,60
CI002001,M0118,2025-06-29,17,Pilates,66
CI002002,M0118,2025-07-19,11,Pilates,70
CI002003,M0118,2025-08-09,16,CrossFit,44
CI002004,M0118,2025-07-03,19,CrossFit,58
CI002005,M0119,2025-04-11,7,CrossFit,68
CI002006,M0119,2025-06-20,17,Gym Floor,61
CI002007,M0119,2025-03-04,7,Pilates,20
CI002008,M0119,2025-07-06,18,Yoga,57
CI002009,M0119,2025-05-01,7,Yoga,73
CI002010,M0119,2025-06-20,18,Strength Training,54
CI002011,M0119,2025-05-28,20,HIIT,54
CI002012,M0119,2025-04-10,17,Gym Floor,43
CI002013,M0119,2025-05-18,18,Gym Floor,35
CI002014,M0119,2025-05-12,6,CrossFit,40
CI002015,M0119,2025-08-19,17,Strength Training,38
CI002016,M0119,2025-06-08,16,Gym Floor,43
CI002017,M0119,2025-05-30,19,Gym Floor,48
CI002018,M0119,2025-06-09,11,Gym Floor,67
CI002019,M0119,2025-05-07,19,Gym Floor,77
CI002020,M0119,2025-04-05,18,Gym Floor,86
CI002021,M0119,2025-08-24,12,Gym Floor,78
CI002022,M0119,2025-05-03,16,Gym Floor,66
CI002023,M0119,2025-05-13,12,Strength Training,73
CI002024,M0119,2025-04-03,10,CrossFit,78
CI002025,M0121,2025-05-15,7,HIIT,80
CI002026,M0121,2025-03-12,21,Gym Floor,40
CI002027,M0121,2025-07-10,18,Cardio,77
CI002028,M0121,2025-04-08,19,Cardio,31
CI002029,M0121,2025-03-26,8,Yoga,56
CI002030,M0121,2025-05-08,19,Gym Floor,86
CI002031,M0121,2025-08-22,9,Gym Floor,72
CI002032,M0121,2025-06-25,18,HIIT,37
CI002033,M0121,2025-03-15,18,Gym Floor,55
CI002034,M0121,2025-07-14,16,Yoga,54
CI002035,M0121,2025-04-14,10,Gym Floor,51
CI002036,M0121,2025-04-04,18,Yoga,75
CI002037,M0121,2025-04-01,18,Gym Floor,51
CI002038,M0121,2025-08-01,8,Gym Floor,78
CI002039,M0121,2025-03-28,8,Spin,76
CI002040,M0121,2025-06-27,17,Yoga,49
CI002041,M0122,2025-04-04,8,Pilates,34
CI002042,M0122,2025-07-24,16,Gym Floor,31
CI002043,M0122,2025-08-09,12,Spin,56
CI002044,M0122,2025-06-25,7,Gym Floor,20
CI002045,M0122,2025-03-06,8,Gym Floor,59
CI002046,M0122,2025-05-04,21,Pilates,73
CI002047,M0122,2025-07-25,8,Zumba,90
CI002048,M0122,2025-04-10,12,Gym Floor,42
CI002049,M0122,2025-05-28,11,Gym Floor,36
CI002050,M0122,2025-06-13,7,HIIT,69
CI002051,M0122,2025-06-18,20,Gym Floor,44
CI002052,M0122,2025-04-13,8,Gym Floor,74
CI002053,M0122,2025-05-30,18,Gym Floor,56
CI002054,M0122,2025-06-06,20,Gym Floor,44
CI002055,M0122,2025-03-28,8,Strength Training,76
CI002056,M0122,2025-06-30,19,Strength Training,73
CI002057,M0122,2025-05-15,21,Yoga,26
CI002058,M0122,2025-04-08,8,Gym Floor,39
CI002059,M0122,2025-06-15,18,Gym Floor,49
CI002060,M0123,2025-06-23,19,Strength Training,20
CI002061,M0124,2025-08-12,7,Gym Floor,49
CI002062,M0124,2025-07-23,18,Gym Floor,68
CI002063,M0124,2025-07-28,19,CrossFit,85
CI002064,M0125,2025-06-28,11,Gym Floor,79
CI002065,M0125,2025-05-25,9,Zumba,28
CI002066,M0125,2025-08-31,8,Gym Floor,48
CI002067,M0126,2025-04-27,18,Gym Floor,71
CI002068,M0126,2025-07-01,17,HIIT,31
CI002069,M0126,2025-06-10,18,Zumba,81
CI002070,M0126,2025-05-17,9,HIIT,47
CI002071,M0126,2025-04-10,7,Zumba,71
CI002072,M0126,2025-06-01,6,Gym Floor,83
CI002073,M0126,2025-04-07,17,Pilates,48
CI002074,M0126,2025-07-21,19,Gym Floor,54
CI002075,M0126,2025-07-04,8,CrossFit,73
CI002076,M0126,2025-08-25,7,Cardio,39
CI002077,M0126,2025-04-02,7,Cardio,46
CI002078,M0126,2025-08-24,9,Gym Floor,49
CI002079,M0126,2025-08-01,12,HIIT,45
CI002080,M0126,2025-05-15,21,Strength Training,57
CI002081,M0126,2025-08-29,7,Gym Floor,71
CI002082,M0126,2025-03-16,12,Gym Floor,62
CI002083,M0127,2025-07-17,16,CrossFit,20
CI002084,M0127,2025-04-29,17,Gym Floor,52
CI002085,M0127,2025-05-19,16,Gym Floor,48
CI002086,M0127,2025-08-23,17,Gym Floor,67
CI002087,M0127,2025-03-29,18,Zumba,66
CI002088,M0127,2025-08-17,16,HIIT,29
CI002089,M0127,2025-07-29,6,Gym Floor,63
CI002090,M0127,2025-05-29,10,Gym Floor,77
CI002091,M0127,2025-03-09,19,Yoga,58
CI002092,M0127,2025-03-13,18,CrossFit,58
CI002093,M0127,2025-05-27,21,HIIT,52
CI002094,M0127,2025-06-21,18,HIIT,74
CI002095,M0127,2025-08-06,20,Zumba,80
CI002096,M0127,2025-07-17,16,Zumba,44
CI002097,M0127,2025-07-08,17,Yoga,68
CI002098,M0127,2025-04-28,7,Gym Floor,54
CI002099,M0128,2025-03-09,8,CrossFit,57
CI002100,M0128,2025-05-30,7,CrossFit,53
CI002101,M0128,2025-04-17,11,Spin,45
CI002102,M0128,2025-06-29,10,Strength Training,64
CI002103,M0129,2025-05-20,18,Cardio,50
CI002104,M0129,2025-07-30,19,Spin,36
CI002105,M0129,2025-08-12,18,Gym Floor,30
CI002106,M0129,2025-08-19,18,Gym Floor,80
CI002107,M0129,2025-06-04,9,Gym Floor,75
CI002108,M0129,2025-04-12,8,Gym Floor,68
CI002109,M0129,2025-07-07,7,Zumba,54
CI002110,M0129,2025-07-23,10,Zumba,49
CI002111,M0129,2025-04-09,6,Gym Floor,66
CI002112,M0129,2025-08-25,18,Gym Floor,20
CI002113,M0129,2025-03-27,8,CrossFit,80
CI002114,M0129,2025-04-03,20,CrossFit,60
CI002115,M0129,2025-08-29,9,Gym Floor,77
CI002116,M0129,2025-05-28,7,Gym Floor,49
CI002117,M0129,2025-04-28,6,Gym Floor,60
CI002118,M0129,2025-03-13,20,Gym Floor,37
CI002119,M0129,2025-07-20,21,Gym Floor,56
CI002120,M0129,2025-07-15,7,Spin,46
CI002121,M0129,2025-06-20,9,CrossFit,53
CI002122,M0129,2025-05-22,7,Gym Floor,70
CI002123,M0129,2025-06-26,19,Strength Training,39
CI002124,M0129,2025-08-05,11,Gym Floor,61
CI002125,M0129,2025-07-22,11,Gym Floor,53
CI002126,M0129,2025-06-18,8,Gym Floor,25
CI002127,M0129,2025-06-08,11,Cardio,89
CI002128,M0129,2025-04-11,7,CrossFit,66
CI002129,M0129,2025-05-27,18,Strength Training,54
CI002130,M0129,2025-03-07,12,HIIT,58
CI002131,M0129,2025-08-15,12,Yoga,47
CI002132,M0129,2025-04-24,9,Gym Floor,31
CI002133,M0129,2025-04-02,9,Cardio,24
CI002134,M0129,2025-03-10,19,Gym Floor,40
CI002135,M0129,2025-07-19,16,Strength Training,41
CI002136,M0129,2025-05-25,17,Pilates,95
CI002137,M0129,2025-04-07,16,Cardio,20
CI002138,M0129,2025-07-06,9,Strength Training,59
CI002139,M0129,2025-04-13,16,Gym Floor,67
CI002140,M0129,2025-06-20,18,HIIT,71
CI002141,M0129,2025-05-17,12,Pilates,61
CI002142,M0129,2025-06-06,18,Strength Training,51
CI002143,M0129,2025-06-20,9,Yoga,68
CI002144,M0129,2025-08-04,18,Strength Training,44
CI002145,M0129,2025-03-02,16,Gym Floor,55
CI002146,M0129,2025-05-30,7,Gym Floor,53
CI002147,M0129,2025-06-24,7,Pilates,66
CI002148,M0129,2025-04-22,12,Strength Training,69
CI002149,M0130,2025-06-21,18,Gym Floor,63
CI002150,M0131,2025-04-06,6,Gym Floor,53
CI002151,M0131,2025-03-14,10,Gym Floor,33
CI002152,M0131,2025-05-03,18,HIIT,62
CI002153,M0131,2025-05-16,7,Strength Training,79
CI002154,M0131,2025-03-18,19,CrossFit,31
CI002155,M0131,2025-04-19,16,Gym Floor,51
CI002156,M0131,2025-05-24,10,Strength Training,41
CI002157,M0131,2025-04-02,18,Gym Floor,30
CI002158,M0131,2025-07-21,20,Gym Floor,93
CI002159,M0131,2025-05-08,6,Gym Floor,76
CI002160,M0131,2025-07-24,18,Pilates,40
CI002161,M0131,2025-06-19,10,Zumba,51
CI002162,M0131,2025-04-17,19,Gym Floor,39
CI002163,M0131,2025-05-26,10,Zumba,61
CI002164,M0131,2025-05-16,6,Gym Floor,39
CI002165,M0131,2025-08-26,8,Strength Training,69
CI002166,M0131,2025-05-29,8,CrossFit,52
CI002167,M0131,2025-06-26,16,HIIT,81
CI002168,M0131,2025-07-05,11,Gym Floor,53
CI002169,M0131,2025-06-29,18,Gym Floor,57
CI002170,M0131,2025-08-13,10,Zumba,58
CI002171,M0131,2025-05-17,17,Gym Floor,88
CI002172,M0131,2025-06-10,9,Strength Training,45
CI002173,M0131,2025-08-13,17,Zumba,52
CI002174,M0131,2025-08-08,16,Strength Training,32
CI002175,M0131,2025-08-17,8,Yoga,41
CI002176,M0131,2025-04-28,7,Yoga,72
CI002177,M0131,2025-07-31,12,Gym Floor,62
CI002178,M0131,2025-07-21,20,Yoga,63
CI002179,M0131,2025-03-23,18,Gym Floor,39
CI002180,M0131,2025-06-05,17,Spin,33
CI002181,M0131,2025-03-15,16,Gym Floor,58
CI002182,M0131,2025-06-30,20,Cardio,51
CI002183,M0131,2025-07-13,18,Gym Floor,53
CI002184,M0131,2025-05-03,8,Spin,57
CI002185,M0131,2025-04-13,19,Gym Floor,33
CI002186,M0131,2025-07-26,9,Gym Floor,34
CI002187,M0131,2025-05-04,19,Gym Floor,44
CI002188,M0131,2025-08-04,17,Pilates,45
CI002189,M0131,2025-06-05,6,Gym Floor,20
CI002190,M0131,2025-08-15,18,Gym Floor,64
CI002191,M0131,2025-03-12,18,Gym Floor,20
CI002192,M0132,2025-03-02,9,Strength Training,30
CI002193,M0132,2025-07-12,6,HIIT,61
CI002194,M0132,2025-08-11,7,Gym Floor,75
CI002195,M0132,2025-07-28,9,Spin,31
CI002196,M0132,2025-04-02,18,Spin,52
CI002197,M0132,2025-08-22,10,Gym Floor,71
CI002198,M0132,2025-03-15,17,Yoga,74
CI002199,M0132,2025-03-22,11,CrossFit,46
CI002200,M0132,2025-05-19,7,CrossFit,60
CI002201,M0132,2025-07-12,18,Gym Floor,56
CI002202,M0132,2025-04-07,17,Gym Floor,27
CI002203,M0132,2025-08-28,21,CrossFit,71
CI002204,M0132,2025-07-30,7,Gym Floor,61
CI002205,M0132,2025-03-10,19,Gym Floor,73
CI002206,M0132,2025-03-19,18,Gym Floor,60
CI002207,M0132,2025-03-21,18,Yoga,62
CI002208,M0132,2025-04-26,19,Spin,52
CI002209,M0132,2025-04-25,18,Zumba,46
CI002210,M0132,2025-04-22,6,Cardio,48
CI002211,M0132,2025-03-04,9,Gym Floor,69
CI002212,M0132,2025-03-07,18,Cardio,20
CI002213,M0132,2025-06-17,19,Zumba,54
CI002214,M0132,2025-08-18,18,Cardio,42
CI002215,M0132,2025-04-02,17,Spin,33
CI002216,M0134,2025-03-22,19,Gym Floor,99
CI002217,M0134,2025-07-18,8,Strength Training,66
CI002218,M0134,2025-08-21,16,Strength Training,48
CI002219,M0134,2025-07-26,8,Yoga,75
CI002220,M0134,2025-04-24,16,Yoga,49
CI002221,M0134,2025-05-22,16,Yoga,36
CI002222,M0134,2025-07-27,18,HIIT,76
CI002223,M0134,2025-08-29,20,Gym Floor,53
CI002224,M0134,2025-04-09,19,Cardio,58
CI002225,M0134,2025-07-21,20,Gym Floor,48
CI002226,M0134,2025-04-27,18,HIIT,50
CI002227,M0134,2025-03-25,12,Gym Floor,76
CI002228,M0134,2025-06-19,19,Cardio,20
CI002229,M0134,2025-07-16,7,Zumba,86
CI002230,M0134,2025-06-23,8,Gym Floor,60
CI002231,M0134,2025-05-16,19,Yoga,79
CI002232,M0135,2025-05-10,18,Gym Floor,44
CI002233,M0135,2025-07-20,8,CrossFit,40
CI002234,M0135,2025-06-23,6,CrossFit,41
CI002235,M0135,2025-06-06,18,Yoga,43
CI002236,M0135,2025-03-01,18,Gym Floor,31
CI002237,M0135,2025-05-13,16,Gym Floor,36
CI002238,M0135,2025-03-18,8,Spin,51
CI002239,M0135,2025-05-19,7,HIIT,61
CI002240,M0135,2025-07-15,11,Gym Floor,68
CI002241,M0135,2025-03-11,18,Gym Floor,76
CI002242,M0135,2025-08-28,17,Gym Floor,46
CI002243,M0135,2025-07-04,7,Gym Floor,71
CI002244,M0135,2025-05-30,18,Gym Floor,24
CI002245,M0135,2025-07-05,8,Pilates,51
CI002246,M0135,2025-06-24,10,Pilates,81
CI002247,M0135,2025-06-20,8,Strength Training,72
CI002248,M0136,2025-04-21,18,Spin,76
CI002249,M0136,2025-07-22,7,Pilates,43
CI002250,M0136,2025-04-19,9,Gym Floor,69
CI002251,M0136,2025-04-27,6,Gym Floor,64
CI002252,M0136,2025-04-23,7,Zumba,98
CI002253,M0136,2025-07-02,11,Gym Floor,62
CI002254,M0136,2025-04-01,7,Gym Floor,47
CI002255,M0136,2025-07-26,16,Strength Training,24
CI002256,M0136,2025-04-11,19,Gym Floor,67
CI002257,M0137,2025-08-24,9,Gym Floor,66
CI002258,M0137,2025-04-17,7,Gym Floor,65
CI002259,M0137,2025-05-28,7,CrossFit,42
CI002260,M0137,2025-07-12,8,Strength Training,53
CI002261,M0137,2025-04-09,17,Gym Floor,86
CI002262,M0137,2025-07-18,7,Gym Floor,20
CI002263,M0137,2025-05-19,6,Spin,61
CI002264,M0137,2025-07-16,17,Zumba,56
CI002265,M0137,2025-05-16,16,Gym Floor,50
CI002266,M0137,2025-05-16,16,Zumba,20
CI002267,M0138,2025-08-14,19,Gym Floor,78
CI002268,M0138,2025-03-31,10,Cardio,39
CI002269,M0138,2025-08-26,12,Pilates,23
CI002270,M0139,2025-05-19,19,Gym Floor,49
CI002271,M0139,2025-03-19,20,Gym Floor,53
CI002272,M0140,2025-04-16,10,HIIT,32
CI002273,M0140,2025-07-11,7,Gym Floor,41
CI002274,M0140,2025-07-03,21,Gym Floor,69
CI002275,M0140,2025-07-11,9,Gym Floor,30
CI002276,M0140,2025-05-22,21,Pilates,62
CI002277,M0140,2025-04-27,18,HIIT,50
CI002278,M0140,2025-08-27,18,Gym Floor,55
CI002279,M0140,2025-04-10,6,Gym Floor,43
CI002280,M0140,2025-04-15,10,HIIT,35
CI002281,M0140,2025-03-19,17,Yoga,49
CI002282,M0140,2025-04-17,18,Gym Floor,82
CI002283,M0140,2025-03-18,19,Strength Training,72
CI002284,M0140,2025-05-01,20,Yoga,34
CI002285,M0140,2025-07-17,9,Gym Floor,72
CI002286,M0140,2025-05-31,16,Spin,48
CI002287,M0140,2025-06-24,6,Gym Floor,37
CI002288,M0140,2025-08-28,12,Strength Training,28
CI002289,M0140,2025-03-13,16,Gym Floor,46
CI002290,M0140,2025-03-17,6,Yoga,85
CI002291,M0140,2025-05-14,7,Gym Floor,64
CI002292,M0140,2025-08-16,19,Gym Floor,48
CI002293,M0140,2025-07-13,8,Pilates,60
CI002294,M0140,2025-04-15,18,Strength Training,20
CI002295,M0140,2025-03-04,19,Gym Floor,25
CI002296,M0140,2025-08-23,7,CrossFit,91
CI002297,M0140,2025-06-03,16,Gym Floor,34
CI002298,M0140,2025-07-18,18,Yoga,52
CI002299,M0140,2025-03-06,11,Gym Floor,61
CI002300,M0140,2025-07-28,7,Yoga,67
CI002301,M0140,2025-07-19,7,Pilates,54
CI002302,M0140,2025-06-25,18,CrossFit,44
CI002303,M0140,2025-03-14,8,Gym Floor,59
CI002304,M0140,2025-06-17,20,Gym Floor,47
CI002305,M0140,2025-03-11,16,Gym Floor,46
CI002306,M0141,2025-05-12,9,Gym Floor,43
CI002307,M0141,2025-05-03,16,Pilates,88
CI002308,M0141,2025-06-14,19,Gym Floor,57
CI002309,M0141,2025-04-29,8,Zumba,42
CI002310,M0141,2025-05-11,19,Strength Training,29
CI002311,M0141,2025-04-29,18,Strength Training,78
CI002312,M0141,2025-06-29,6,Gym Floor,20
CI002313,M0141,2025-04-01,8,Gym Floor,22
CI002314,M0141,2025-05-15,8,HIIT,67
CI002315,M0141,2025-06-18,18,Gym Floor,83
CI002316,M0141,2025-04-03,10,Gym Floor,58
CI002317,M0141,2025-06-26,10,Gym Floor,75
CI002318,M0141,2025-08-06,9,Gym Floor,62
CI002319,M0141,2025-07-28,10,Gym Floor,55
CI002320,M0141,2025-03-15,21,Gym Floor,47
CI002321,M0141,2025-05-04,21,Zumba,57
CI002322,M0141,2025-07-01,8,Gym Floor,34
CI002323,M0141,2025-05-22,11,Cardio,64
CI002324,M0141,2025-06-22,6,HIIT,32
CI002325,M0141,2025-08-27,11,Gym Floor,47
CI002326,M0141,2025-03-01,9,Gym Floor,55
CI002327,M0141,2025-07-29,10,Gym Floor,52
CI002328,M0141,2025-08-26,7,Cardio,63
CI002329,M0141,2025-06-19,17,Cardio,32
CI002330,M0141,2025-05-11,21,Pilates,46
CI002331,M0141,2025-05-12,17,Gym Floor,110
CI002332,M0141,2025-08-01,19,Gym Floor,62
CI002333,M0142,2025-07-03,18,HIIT,35
CI002334,M0142,2025-06-20,6,Gym Floor,56
CI002335,M0142,2025-03-05,17,HIIT,79
CI002336,M0142,2025-05-11,19,Gym Floor,26
CI002337,M0142,2025-03-23,20,Gym Floor,63
CI002338,M0142,2025-04-08,9,Gym Floor,38
CI002339,M0142,2025-06-04,19,Gym Floor,69
CI002340,M0142,2025-03-16,19,Cardio,49
CI002341,M0142,2025-07-01,12,Zumba,25
CI002342,M0142,2025-04-25,16,Zumba,85
CI002343,M0142,2025-05-09,7,Gym Floor,54
CI002344,M0142,2025-05-16,17,Gym Floor,83
CI002345,M0142,2025-08-29,17,Strength Training,44
CI002346,M0142,2025-06-03,8,Zumba,20
CI002347,M0142,2025-06-09,19,Zumba,63
CI002348,M0143,2025-04-28,20,Gym Floor,73
CI002349,M0143,2025-07-09,20,Gym Floor,28
CI002350,M0143,2025-04-02,20,Gym Floor,92
CI002351,M0143,2025-05-20,7,Gym Floor,20
CI002352,M0143,2025-05-02,11,Zumba,42
CI002353,M0143,2025-03-21,9,Zumba,52
CI002354,M0143,2025-05-08,19,Gym Floor,58
CI002355,M0143,2025-08-03,6,Gym Floor,70
CI002356,M0143,2025-08-20,10,Gym Floor,45
CI002357,M0143,2025-06-26,16,HIIT,50
CI002358,M0143,2025-04-19,6,Cardio,64
CI002359,M0143,2025-06-29,6,Pilates,45
CI002360,M0143,2025-08-01,16,Gym Floor,65
CI002361,M0143,2025-06-28,9,Gym Floor,90
CI002362,M0143,2025-03-07,12,Gym Floor,44
CI002363,M0143,2025-08-05,11,Gym Floor,45
CI002364,M0143,2025-08-31,18,Gym Floor,36
CI002365,M0143,2025-03-07,17,Gym Floor,44
CI002366,M0143,2025-04-16,6,Gym Floor,76
CI002367,M0143,2025-05-03,18,Pilates,94
CI002368,M0143,2025-06-09,18,Gym Floor,55
CI002369,M0143,2025-08-10,11,Spin,74
CI002370,M0143,2025-04-18,11,Cardio,71
CI002371,M0143,2025-03-21,8,Zumba,64
CI002372,M0143,2025-03-20,11,Cardio,79
CI002373,M0143,2025-06-28,17,Spin,36
CI002374,M0143,2025-03-26,19,CrossFit,99
CI002375,M0143,2025-05-15,20,Gym Floor,48
CI002376,M0144,2025-06-04,6,HIIT,90
CI002377,M0144,2025-03-18,17,Gym Floor,42
CI002378,M0144,2025-06-08,8,Gym Floor,52
CI002379,M0144,2025-04-03,9,Pilates,60
CI002380,M0144,2025-05-10,20,Cardio,25
CI002381,M0144,2025-07-21,8,Gym Floor,56
CI002382,M0144,2025-06-16,18,Gym Floor,20
CI002383,M0144,2025-04-06,6,Cardio,58
CI002384,M0144,2025-06-02,7,Pilates,53
CI002385,M0144,2025-08-04,16,Gym Floor,45
CI002386,M0144,2025-08-05,19,Gym Floor,51
CI002387,M0144,2025-04-22,10,Gym Floor,29
CI002388,M0144,2025-06-20,10,CrossFit,53
CI002389,M0144,2025-04-02,6,HIIT,24
CI002390,M0144,2025-06-02,7,Gym Floor,24
CI002391,M0144,2025-05-02,12,Gym Floor,39
CI002392,M0144,2025-06-10,17,Cardio,48
CI002393,M0144,2025-07-18,18,Gym Floor,50
CI002394,M0144,2025-03-06,12,Strength Training,39
CI002395,M0144,2025-06-30,17,Gym Floor,28
CI002396,M0144,2025-05-03,10,Gym Floor,54
CI002397,M0144,2025-07-19,19,Yoga,39
CI002398,M0144,2025-03-21,16,Cardio,70
CI002399,M0144,2025-06-19,12,Gym Floor,67
CI002400,M0144,2025-07-07,16,Yoga,75
CI002401,M0144,2025-04-15,17,Gym Floor,44
CI002402,M0144,2025-04-23,11,Pilates,56
CI002403,M0144,2025-03-16,17,Strength Training,60
CI002404,M0144,2025-05-30,17,Spin,84
CI002405,M0144,2025-08-24,6,Strength Training,52
CI002406,M0144,2025-06-28,19,Strength Training,53
CI002407,M0144,2025-03-23,19,Gym Floor,34
CI002408,M0144,2025-06-06,18,CrossFit,46
CI002409,M0144,2025-04-11,17,Strength Training,51
CI002410,M0144,2025-07-17,6,Gym Floor,68
CI002411,M0144,2025-06-11,19,Yoga,74
CI002412,M0144,2025-03-19,16,Yoga,53
CI002413,M0144,2025-08-17,17,Gym Floor,35
CI002414,M0144,2025-03-01,18,Gym Floor,59
CI002415,M0144,2025-07-12,19,Gym Floor,85
CI002416,M0144,2025-06-15,12,Gym Floor,51
CI002417,M0144,2025-03-02,12,Strength Training,74
CI002418,M0144,2025-05-31,7,Gym Floor,21
CI002419,M0144,2025-08-20,18,Yoga,64
CI002420,M0145,2025-08-30,8,HIIT,31
CI002421,M0145,2025-05-27,19,Yoga,48
CI002422,M0145,2025-06-20,20,Cardio,91
CI002423,M0145,2025-08-23,7,Zumba,33
CI002424,M0145,2025-04-04,6,Gym Floor,42
CI002425,M0145,2025-04-30,7,Gym Floor,62
CI002426,M0145,2025-07-09,16,Zumba,47
CI002427,M0145,2025-08-11,17,Pilates,62
CI002428,M0145,2025-08-21,8,Gym Floor,59
CI002429,M0145,2025-04-23,18,Gym Floor,57
CI002430,M0145,2025-05-16,11,HIIT,43
CI002431,M0145,2025-06-21,17,Gym Floor,67
CI002432,M0145,2025-08-07,8,Gym Floor,38
CI002433,M0145,2025-07-20,20,Zumba,38
CI002434,M0145,2025-03-02,18,Gym Floor,38
CI002435,M0145,2025-07-23,20,CrossFit,61
CI002436,M0145,2025-05-18,17,Strength Training,43
CI002437,M0145,2025-04-10,18,Yoga,63
CI002438,M0145,2025-06-17,12,Spin,53
CI002439,M0145,2025-05-19,16,Spin,42
CI002440,M0146,2025-04-19,11,Zumba,79
CI002441,M0146,2025-08-11,16,Gym Floor,50
CI002442,M0147,2025-04-05,17,Cardio,47
CI002443,M0147,2025-03-19,16,Yoga,40
CI002444,M0147,2025-07-03,18,Gym Floor,87
CI002445,M0147,2025-07-09,21,Pilates,72
CI002446,M0148,2025-05-28,19,Gym Floor,45
CI002447,M0148,2025-04-14,8,CrossFit,29
CI002448,M0148,2025-08-11,11,Gym Floor,46
CI002449,M0148,2025-05-24,7,Cardio,56
CI002450,M0148,2025-07-17,19,Pilates,71
CI002451,M0148,2025-05-03,8,Zumba,45
CI002452,M0148,2025-07-03,17,Yoga,28
CI002453,M0148,2025-05-10,16,Gym Floor,55
CI002454,M0148,2025-06-27,8,Gym Floor,49
CI002455,M0148,2025-04-22,11,Gym Floor,79
CI002456,M0148,2025-04-02,20,Zumba,47
CI002457,M0148,2025-03-05,19,Yoga,36
CI002458,M0148,2025-06-07,16,Yoga,47
CI002459,M0148,2025-06-01,17,Gym Floor,44
CI002460,M0148,2025-07-15,17,Spin,64
CI002461,M0148,2025-05-01,17,Gym Floor,51
CI002462,M0148,2025-07-31,8,Gym Floor,62
CI002463,M0148,2025-08-03,18,Cardio,26
CI002464,M0148,2025-08-29,8,Gym Floor,77
CI002465,M0148,2025-03-17,11,Gym Floor,60
CI002466,M0148,2025-04-27,17,Strength Training,53
CI002467,M0148,2025-07-17,16,Pilates,66
CI002468,M0148,2025-05-26,21,Spin,60
CI002469,M0148,2025-03-22,11,Gym Floor,46
CI002470,M0148,2025-04-05,19,Spin,65
CI002471,M0148,2025-06-19,11,Gym Floor,27
CI002472,M0148,2025-07-26,6,Gym Floor,52
CI002473,M0148,2025-04-17,10,Yoga,39
CI002474,M0148,2025-06-15,9,Cardio,64
CI002475,M0149,2025-05-28,8,Gym Floor,79
CI002476,M0149,2025-04-05,10,Strength Training,62
CI002477,M0149,2025-03-18,21,Pilates,42
CI002478,M0149,2025-08-28,17,Gym Floor,54
CI002479,M0149,2025-07-15,6,Zumba,30
CI002480,M0149,2025-03-26,11,Strength Training,33
CI002481,M0149,2025-07-20,21,Zumba,28
CI002482,M0149,2025-05-05,12,Pilates,61
CI002483,M0149,2025-07-19,7,Gym Floor,55
CI002484,M0149,2025-06-16,20,Pilates,62
CI002485,M0149,2025-05-18,19,Yoga,59
CI002486,M0149,2025-03-03,6,Gym Floor,55
CI002487,M0149,2025-05-09,8,Gym Floor,53
CI002488,M0149,2025-04-17,9,Gym Floor,33
CI002489,M0149,2025-07-22,17,Gym Floor,69
CI002490,M0149,2025-07-10,18,Gym Floor,64
CI002491,M0149,2025-06-29,18,Gym Floor,81
CI002492,M0149,2025-08-31,9,HIIT,30
CI002493,M0149,2025-08-22,9,HIIT,57
CI002494,M0149,2025-07-28,8,HIIT,80
CI002495,M0149,2025-05-14,18,Gym Floor,48
CI002496,M0149,2025-07-21,9,Strength Training,27
CI002497,M0149,2025-07-13,17,Gym Floor,74
CI002498,M0150,2025-03-03,7,Yoga,35
CI002499,M0150,2025-04-11,10,Strength Training,38
CI002500,M0150,2025-04-08,20,Gym Floor,92
CI002501,M0150,2025-05-15,6,Gym Floor,53
CI002502,M0150,2025-04-18,21,Gym Floor,70
CI002503,M0150,2025-07-15,19,CrossFit,53
CI002504,M0150,2025-08-13,17,Yoga,56
CI002505,M0150,2025-06-06,16,HIIT,54
CI002506,M0150,2025-06-26,7,Gym Floor,59
CI002507,M0150,2025-03-18,19,HIIT,59
CI002508,M0150,2025-08-15,19,Zumba,63
CI002509,M0150,2025-04-16,18,Gym Floor,78
CI002510,M0150,2025-03-16,19,HIIT,26
CI002511,M0150,2025-06-30,17,Pilates,57
CI002512,M0150,2025-05-31,11,Gym Floor,52
CI002513,M0150,2025-03-12,17,Yoga,63
CI002514,M0150,2025-05-11,18,Yoga,20
CI002515,M0150,2025-04-21,11,CrossFit,44
CI002516,M0150,2025-08-20,6,Gym Floor,37
CI002517,M0150,2025-05-20,8,Strength Training,58
CI002518,M0150,2025-06-01,17,Zumba,63
CI002519,M0150,2025-05-01,18,Gym Floor,49
CI002520,M0150,2025-03-09,6,Gym Floor,40
CI002521,M0151,2025-03-08,9,Gym Floor,65
CI002522,M0151,2025-04-22,19,Cardio,70
CI002523,M0151,2025-04-22,18,Gym Floor,83
CI002524,M0151,2025-04-16,20,Gym Floor,108
CI002525,M0151,2025-03-20,7,Pilates,57
CI002526,M0151,2025-03-07,16,Gym Floor,33
CI002527,M0151,2025-04-15,18,Gym Floor,92
CI002528,M0151,2025-07-07,18,Gym Floor,52
CI002529,M0151,2025-05-09,11,Gym Floor,52
CI002530,M0151,2025-07-18,16,Spin,67
CI002531,M0151,2025-08-30,18,Cardio,66
CI002532,M0152,2025-04-15,7,Zumba,43
CI002533,M0152,2025-05-30,18,Gym Floor,90
CI002534,M0152,2025-05-27,17,Yoga,42
CI002535,M0152,2025-08-03,18,Gym Floor,52
CI002536,M0152,2025-05-28,19,Gym Floor,65
CI002537,M0152,2025-06-05,8,Yoga,55
CI002538,M0152,2025-07-08,17,Gym Floor,53
CI002539,M0152,2025-08-16,7,Cardio,65
CI002540,M0152,2025-03-27,8,HIIT,23
CI002541,M0152,2025-03-19,17,Gym Floor,39
CI002542,M0152,2025-08-31,7,Gym Floor,42
CI002543,M0152,2025-08-14,21,Gym Floor,70
CI002544,M0152,2025-05-09,21,Strength Training,88
CI002545,M0152,2025-03-05,16,Yoga,76
CI002546,M0152,2025-08-25,16,Gym Floor,50
CI002547,M0152,2025-06-20,9,Gym Floor,51
CI002548,M0152,2025-04-23,21,Gym Floor,38
CI002549,M0152,2025-03-14,19,Cardio,50
CI002550,M0152,2025-07-10,19,Spin,84
CI002551,M0152,2025-04-18,20,Gym Floor,46
CI002552,M0152,2025-03-25,6,CrossFit,64
CI002553,M0152,2025-04-08,8,Gym Floor,43
CI002554,M0152,2025-03-04,19,CrossFit,28
CI002555,M0152,2025-08-20,9,Gym Floor,47
CI002556,M0152,2025-06-24,19,HIIT,86
CI002557,M0152,2025-03-10,16,Gym Floor,28
CI002558,M0152,2025-05-20,16,Zumba,25
CI002559,M0152,2025-07-14,17,Gym Floor,72
CI002560,M0152,2025-05-22,17,Pilates,45
CI002561,M0152,2025-08-07,16,Gym Floor,46
CI002562,M0152,2025-08-31,19,Strength Training,40
CI002563,M0152,2025-04-03,16,Strength Training,86
CI002564,M0152,2025-03-18,18,Gym Floor,81
CI002565,M0152,2025-03-21,9,Yoga,53
CI002566,M0152,2025-07-24,12,Strength Training,67
CI002567,M0152,2025-05-25,17,Spin,62
CI002568,M0152,2025-07-14,6,Gym Floor,78
CI002569,M0152,2025-03-20,10,Gym Floor,42
CI002570,M0152,2025-07-31,19,Strength Training,52
CI002571,M0153,2025-05-10,16,Gym Floor,31
CI002572,M0153,2025-03-26,8,Zumba,45
CI002573,M0153,2025-05-30,16,Gym Floor,45
CI002574,M0153,2025-05-03,10,Pilates,56
CI002575,M0153,2025-07-20,18,Gym Floor,48
CI002576,M0153,2025-08-04,7,Gym Floor,91
CI002577,M0153,2025-05-18,6,Cardio,82
CI002578,M0153,2025-03-19,19,Gym Floor,74
CI002579,M0153,2025-08-11,12,Gym Floor,36
CI002580,M0153,2025-08-17,17,Pilates,78
CI002581,M0153,2025-03-07,12,Gym Floor,49
CI002582,M0153,2025-04-23,10,Yoga,84
CI002583,M0153,2025-07-05,19,Strength Training,59
CI002584,M0154,2025-03-14,21,CrossFit,67
CI002585,M0154,2025-07-16,18,CrossFit,26
CI002586,M0154,2025-05-19,10,Gym Floor,47
CI002587,M0154,2025-03-08,17,HIIT,47
CI002588,M0154,2025-03-03,17,Gym Floor,61
CI002589,M0154,2025-06-23,8,Gym Floor,75
CI002590,M0154,2025-03-06,12,Pilates,62
CI002591,M0154,2025-06-27,7,Gym Floor,49
CI002592,M0154,2025-05-15,18,CrossFit,62
CI002593,M0154,2025-05-07,19,Gym Floor,40
CI002594,M0154,2025-06-05,6,Pilates,81
CI002595,M0154,2025-07-31,19,Gym Floor,40
CI002596,M0154,2025-07-01,19,Gym Floor,57
CI002597,M0154,2025-04-08,8,Cardio,47
CI002598,M0154,2025-08-15,18,Gym Floor,22
CI002599,M0154,2025-08-06,19,Spin,51
CI002600,M0154,2025-04-13,10,Strength Training,28
CI002601,M0154,2025-07-09,18,Gym Floor,51
CI002602,M0154,2025-05-17,16,Yoga,34
CI002603,M0154,2025-06-28,11,HIIT,52
CI002604,M0154,2025-04-13,9,Gym Floor,76
CI002605,M0154,2025-08-26,21,Gym Floor,62
CI002606,M0154,2025-06-16,18,Gym Floor,26
CI002607,M0154,2025-06-14,6,Gym Floor,52
CI002608,M0154,2025-05-01,16,CrossFit,74
CI002609,M0154,2025-05-13,7,Yoga,70
CI002610,M0154,2025-07-25,16,Strength Training,60
CI002611,M0154,2025-06-24,18,Spin,36
CI002612,M0154,2025-04-02,20,Pilates,50
CI002613,M0154,2025-03-24,19,Gym Floor,42
CI002614,M0154,2025-06-22,7,CrossFit,27
CI002615,M0154,2025-05-12,7,Gym Floor,80
CI002616,M0154,2025-04-27,7,CrossFit,28
CI002617,M0155,2025-05-10,8,Cardio,46
CI002618,M0155,2025-08-11,7,Gym Floor,54
CI002619,M0155,2025-07-09,6,CrossFit,64
CI002620,M0155,2025-03-24,6,CrossFit,65
CI002621,M0155,2025-06-10,17,Spin,55
CI002622,M0155,2025-04-24,21,Strength Training,54
CI002623,M0155,2025-03-12,16,Yoga,47
CI002624,M0155,2025-06-13,11,Gym Floor,53
CI002625,M0155,2025-06-23,18,Gym Floor,41
CI002626,M0155,2025-04-23,8,HIIT,49
CI002627,M0155,2025-08-13,20,Gym Floor,47
CI002628,M0155,2025-08-03,7,Gym Floor,42
CI002629,M0155,2025-04-23,8,Cardio,56
CI002630,M0155,2025-08-22,12,Spin,42
CI002631,M0155,2025-07-27,12,Gym Floor,38
CI002632,M0155,2025-04-28,8,Gym Floor,35
CI002633,M0155,2025-08-01,20,Zumba,50
CI002634,M0155,2025-08-12,19,CrossFit,63
CI002635,M0155,2025-07-23,17,Gym Floor,60
CI002636,M0155,2025-05-16,17,Zumba,69
CI002637,M0155,2025-07-28,18,CrossFit,27
CI002638,M0155,2025-06-02,17,Gym Floor,83
CI002639,M0155,2025-03-23,17,Gym Floor,62
CI002640,M0155,2025-08-24,20,HIIT,59
CI002641,M0155,2025-06-09,21,HIIT,70
CI002642,M0155,2025-05-22,10,Spin,47
CI002643,M0155,2025-04-15,11,Yoga,54
CI002644,M0155,2025-04-01,11,Gym Floor,64
CI002645,M0155,2025-07-12,19,Pilates,36
CI002646,M0156,2025-07-11,8,Gym Floor,63
CI002647,M0156,2025-04-08,12,Gym Floor,66
CI002648,M0156,2025-06-08,19,Gym Floor,64
CI002649,M0156,2025-04-03,7,Gym Floor,63
CI002650,M0156,2025-06-11,17,Gym Floor,42
CI002651,M0156,2025-03-11,17,Gym Floor,57
CI002652,M0156,2025-03-01,6,Gym Floor,84
CI002653,M0157,2025-07-03,7,Gym Floor,74
CI002654,M0157,2025-04-01,7,HIIT,46
CI002655,M0157,2025-08-25,6,Gym Floor,64
CI002656,M0157,2025-04-17,19,Gym Floor,25
CI002657,M0158,2025-07-31,18,Yoga,41
CI002658,M0158,2025-07-24,19,Gym Floor,47
CI002659,M0158,2025-08-07,20,Gym Floor,57
CI002660,M0158,2025-08-01,19,Gym Floor,74
CI002661,M0158,2025-06-17,9,Strength Training,62
CI002662,M0158,2025-03-30,17,Spin,72
CI002663,M0158,2025-03-30,16,Gym Floor,30
CI002664,M0158,2025-04-05,17,Cardio,45
CI002665,M0158,2025-05-01,20,Zumba,57
CI002666,M0158,2025-04-26,18,CrossFit,54
CI002667,M0158,2025-08-27,16,Cardio,87
CI002668,M0158,2025-05-29,12,Gym Floor,60
CI002669,M0158,2025-08-26,9,Gym Floor,37
CI002670,M0158,2025-04-12,12,Gym Floor,52
CI002671,M0158,2025-03-14,20,Spin,37
CI002672,M0158,2025-05-03,21,Strength Training,54
CI002673,M0158,2025-08-09,21,Gym Floor,23
CI002674,M0158,2025-03-04,7,Spin,65
CI002675,M0158,2025-07-12,12,Gym Floor,91
CI002676,M0158,2025-06-04,7,Strength Training,68
CI002677,M0158,2025-05-12,17,Pilates,90
CI002678,M0158,2025-03-21,17,Gym Floor,40
CI002679,M0158,2025-03-13,21,Zumba,42
CI002680,M0158,2025-08-27,6,Gym Floor,44
CI002681,M0158,2025-06-16,7,Gym Floor,65
CI002682,M0158,2025-04-16,19,Spin,50
CI002683,M0158,2025-07-15,9,Gym Floor,66
CI002684,M0158,2025-03-01,6,Gym Floor,60
CI002685,M0158,2025-07-03,19,CrossFit,73
CI002686,M0158,2025-04-10,20,CrossFit,34
CI002687,M0158,2025-06-04,7,Zumba,62
CI002688,M0158,2025-05-26,18,Gym Floor,42
CI002689,M0158,2025-06-21,9,Pilates,61
CI002690,M0158,2025-03-26,7,Gym Floor,52
CI002691,M0158,2025-03-02,20,Gym Floor,72
CI002692,M0158,2025-04-21,7,Gym Floor,45
CI002693,M0158,2025-04-05,12,Gym Floor,100
CI002694,M0158,2025-06-05,8,Pilates,55
CI002695,M0158,2025-07-28,11,Gym Floor,50
CI002696,M0158,2025-08-03,11,Yoga,56
CI002697,M0158,2025-05-21,6,Gym Floor,48
CI002698,M0158,2025-04-12,18,Zumba,59
CI002699,M0158,2025-06-03,18,Gym Floor,28
CI002700,M0158,2025-04-04,20,Gym Floor,86
CI002701,M0158,2025-06-12,19,Gym Floor,70
CI002702,M0158,2025-06-23,17,Gym Floor,20
CI002703,M0158,2025-06-30,8,CrossFit,93
CI002704,M0158,2025-06-19,18,Gym Floor,72
CI002705,M0158,2025-05-08,17,Gym Floor,66
CI002706,M0159,2025-04-03,8,Gym Floor,71
CI002707,M0159,2025-04-29,8,Gym Floor,50
CI002708,M0159,2025-06-20,16,Gym Floor,47
CI002709,M0159,2025-08-26,18,Zumba,76
CI002710,M0159,2025-04-04,8,Zumba,29
CI002711,M0160,2025-04-27,11,Gym Floor,41
CI002712,M0160,2025-05-24,6,Zumba,44
CI002713,M0160,2025-06-23,20,Gym Floor,43
CI002714,M0160,2025-07-14,19,Zumba,39
CI002715,M0160,2025-08-18,6,Gym Floor,78
CI002716,M0160,2025-06-16,7,Gym Floor,68
CI002717,M0160,2025-05-07,10,Spin,35
CI002718,M0160,2025-05-04,17,Zumba,47
CI002719,M0160,2025-05-01,21,Spin,55
CI002720,M0160,2025-07-05,11,Gym Floor,49
CI002721,M0160,2025-08-04,19,Pilates,22
CI002722,M0160,2025-06-10,10,Cardio,73
CI002723,M0160,2025-08-24,10,HIIT,71
CI002724,M0160,2025-05-19,12,Spin,49
CI002725,M0160,2025-05-23,18,Pilates,45
CI002726,M0160,2025-06-03,7,Spin,32
CI002727,M0160,2025-05-05,20,Yoga,35
CI002728,M0160,2025-08-31,19,Cardio,52
CI002729,M0160,2025-05-07,10,Gym Floor,36
CI002730,M0160,2025-08-28,16,Cardio,59
CI002731,M0160,2025-08-29,20,CrossFit,79
CI002732,M0160,2025-04-29,9,Gym Floor,61
CI002733,M0160,2025-05-16,8,Pilates,46
CI002734,M0160,2025-08-25,18,Gym Floor,43
CI002735,M0160,2025-06-09,17,Gym Floor,45
CI002736,M0160,2025-07-21,18,Yoga,80
CI002737,M0160,2025-08-27,18,Yoga,76
CI002738,M0160,2025-04-26,9,Gym Floor,57
CI002739,M0160,2025-03-09,12,Gym Floor,67
CI002740,M0160,2025-07-28,18,Gym Floor,55
CI002741,M0160,2025-08-12,11,HIIT,48
CI002742,M0160,2025-08-03,20,Gym Floor,69
CI002743,M0160,2025-03-06,7,Strength Training,50
CI002744,M0160,2025-03-15,16,Gym Floor,59
CI002745,M0161,2025-03-17,18,Gym Floor,69
CI002746,M0161,2025-04-29,18,Gym Floor,34
CI002747,M0161,2025-03-28,18,Strength Training,58
CI002748,M0161,2025-03-15,18,Cardio,73
CI002749,M0161,2025-03-07,17,CrossFit,59
CI002750,M0161,2025-08-26,12,HIIT,75
CI002751,M0161,2025-06-16,18,Spin,42
CI002752,M0161,2025-03-12,8,CrossFit,63
CI002753,M0161,2025-08-14,20,Yoga,52
CI002754,M0161,2025-05-06,18,HIIT,39
CI002755,M0161,2025-04-08,10,Pilates,32
CI002756,M0161,2025-08-20,19,Strength Training,89
CI002757,M0161,2025-06-22,17,Cardio,52
CI002758,M0161,2025-03-18,16,Zumba,73
CI002759,M0161,2025-04-07,8,Gym Floor,49
CI002760,M0161,2025-03-13,7,Gym Floor,26
CI002761,M0161,2025-04-12,9,Strength Training,38
CI002762,M0161,2025-07-12,20,Gym Floor,91
CI002763,M0161,2025-04-27,18,Gym Floor,38
CI002764,M0161,2025-05-20,17,Zumba,46
CI002765,M0161,2025-05-10,16,Cardio,54
CI002766,M0162,2025-03-20,16,Gym Floor,47
CI002767,M0162,2025-05-28,16,Pilates,48
CI002768,M0162,2025-08-12,19,Gym Floor,35
CI002769,M0162,2025-06-14,17,Pilates,29
CI002770,M0162,2025-07-17,7,Zumba,55
CI002771,M0162,2025-08-13,7,Gym Floor,46
CI002772,M0162,2025-07-31,21,Gym Floor,44
CI002773,M0162,2025-04-10,7,CrossFit,62
CI002774,M0162,2025-07-16,8,Gym Floor,88
CI002775,M0162,2025-08-11,12,Gym Floor,81
CI002776,M0162,2025-04-05,17,CrossFit,78
CI002777,M0162,2025-04-04,6,Strength Training,36
CI002778,M0162,2025-08-08,11,Gym Floor,73
CI002779,M0162,2025-07-28,20,Strength Training,32
CI002780,M0162,2025-05-31,8,Pilates,65
CI002781,M0162,2025-05-27,16,Cardio,40
CI002782,M0162,2025-05-19,8,HIIT,31
CI002783,M0162,2025-07-17,20,Gym Floor,49
CI002784,M0162,2025-05-15,10,Gym Floor,78
CI002785,M0162,2025-04-10,16,Gym Floor,25
CI002786,M0162,2025-04-26,8,HIIT,63
CI002787,M0162,2025-04-30,11,Yoga,60
CI002788,M0162,2025-04-23,19,Gym Floor,48
CI002789,M0162,2025-06-27,7,Yoga,62
CI002790,M0162,2025-04-13,8,Spin,54
CI002791,M0162,2025-03-16,19,Gym Floor,55
CI002792,M0162,2025-03-21,19,HIIT,105
CI002793,M0162,2025-07-10,12,Zumba,44
CI002794,M0162,2025-04-20,17,CrossFit,62
CI002795,M0162,2025-04-03,17,Gym Floor,38
CI002796,M0162,2025-07-06,17,Gym Floor,78
CI002797,M0162,2025-05-20,18,Gym Floor,88
CI002798,M0162,2025-06-06,18,Zumba,32
CI002799,M0162,2025-08-08,17,Gym Floor,47
CI002800,M0162,2025-07-03,8,Cardio,59
CI002801,M0162,2025-07-17,17,HIIT,36
CI002802,M0162,2025-03-28,7,Gym Floor,58
CI002803,M0162,2025-07-28,7,Zumba,44
CI002804,M0162,2025-03-14,8,Strength Training,59
CI002805,M0162,2025-07-11,8,Gym Floor,40
CI002806,M0162,2025-07-16,17,Spin,80
CI002807,M0163,2025-04-17,19,Gym Floor,64
CI002808,M0163,2025-03-19,8,Yoga,51
CI002809,M0163,2025-06-04,12,HIIT,66
CI002810,M0163,2025-06-01,19,Yoga,31
CI002811,M0163,2025-06-06,16,Cardio,72
CI002812,M0163,2025-07-11,8,Gym Floor,61
CI002813,M0163,2025-04-11,19,HIIT,50
CI002814,M0163,2025-03-12,19,Gym Floor,76
CI002815,M0163,2025-08-20,19,Gym Floor,52
CI002816,M0163,2025-05-18,7,HIIT,30
CI002817,M0163,2025-07-22,7,Gym Floor,84
CI002818,M0163,2025-08-31,7,Zumba,52
CI002819,M0163,2025-04-10,8,HIIT,68
CI002820,M0163,2025-03-19,19,Gym Floor,86
CI002821,M0163,2025-08-16,18,Zumba,63
CI002822,M0163,2025-06-29,11,Zumba,53
CI002823,M0163,2025-08-01,16,Pilates,34
CI002824,M0163,2025-06-26,19,Gym Floor,61
CI002825,M0163,2025-05-02,18,CrossFit,37
CI002826,M0163,2025-08-04,9,Zumba,77
CI002827,M0163,2025-03-28,9,Yoga,70
CI002828,M0163,2025-06-08,16,Cardio,64
CI002829,M0163,2025-08-03,10,CrossFit,58
CI002830,M0163,2025-04-27,19,Yoga,46
CI002831,M0163,2025-06-13,6,CrossFit,88
CI002832,M0163,2025-04-18,8,Cardio,56
CI002833,M0164,2025-07-04,20,CrossFit,47
CI002834,M0164,2025-04-21,6,Gym Floor,56
CI002835,M0164,2025-05-01,18,Gym Floor,63
CI002836,M0164,2025-03-28,18,HIIT,30
CI002837,M0164,2025-06-25,19,Gym Floor,68
CI002838,M0164,2025-07-19,19,Gym Floor,79
CI002839,M0164,2025-08-05,20,HIIT,57
CI002840,M0165,2025-03-14,19,Yoga,56
CI002841,M0166,2025-07-16,7,Spin,46
CI002842,M0166,2025-05-02,17,Gym Floor,25
CI002843,M0166,2025-08-02,6,Gym Floor,52
CI002844,M0166,2025-06-16,6,Gym Floor,50
CI002845,M0166,2025-08-26,17,HIIT,83
CI002846,M0166,2025-07-18,21,Gym Floor,36
CI002847,M0166,2025-08-04,17,Spin,71
CI002848,M0166,2025-03-26,20,Zumba,31
CI002849,M0166,2025-05-15,19,Gym Floor,76
CI002850,M0166,2025-07-14,6,Pilates,27
CI002851,M0166,2025-04-22,19,CrossFit,25
CI002852,M0166,2025-04-19,18,Gym Floor,66
CI002853,M0166,2025-07-05,7,Gym Floor,46
CI002854,M0166,2025-08-07,20,CrossFit,56
CI002855,M0166,2025-05-14,6,Gym Floor,42
CI002856,M0166,2025-04-04,18,Zumba,66
CI002857,M0166,2025-06-06,18,Cardio,43
CI002858,M0166,2025-08-13,17,Cardio,45
CI002859,M0166,2025-05-25,6,Cardio,33
CI002860,M0166,2025-07-08,19,Zumba,45
CI002861,M0166,2025-07-28,6,Cardio,61
CI002862,M0166,2025-06-20,19,Gym Floor,45
CI002863,M0166,2025-04-30,10,Gym Floor,59
CI002864,M0166,2025-07-18,21,Cardio,42
CI002865,M0166,2025-04-04,8,Gym Floor,58
CI002866,M0166,2025-07-21,18,Gym Floor,68
CI002867,M0166,2025-04-24,9,Gym Floor,65
CI002868,M0166,2025-06-03,16,CrossFit,31
CI002869,M0166,2025-05-09,18,Gym Floor,63
CI002870,M0166,2025-05-16,16,Strength Training,36
CI002871,M0166,2025-05-17,19,Cardio,36
CI002872,M0166,2025-06-06,17,Yoga,37
CI002873,M0166,2025-04-04,7,Yoga,27
CI002874,M0166,2025-04-25,20,HIIT,36
CI002875,M0166,2025-07-21,17,Pilates,52
CI002876,M0166,2025-08-14,6,Gym Floor,72
CI002877,M0166,2025-05-13,11,Gym Floor,61
CI002878,M0166,2025-03-03,7,Gym Floor,58
CI002879,M0166,2025-08-14,9,Gym Floor,43
CI002880,M0166,2025-06-28,19,Pilates,50
CI002881,M0166,2025-03-17,18,Pilates,43
CI002882,M0166,2025-08-28,19,Gym Floor,73
CI002883,M0167,2025-04-09,16,Yoga,63
CI002884,M0167,2025-04-18,19,CrossFit,64
CI002885,M0167,2025-07-12,21,Gym Floor,112
CI002886,M0167,2025-08-22,18,Strength Training,79
CI002887,M0167,2025-06-17,17,Gym Floor,34
CI002888,M0167,2025-04-10,7,Gym Floor,56
CI002889,M0167,2025-06-13,16,Spin,68
CI002890,M0167,2025-08-15,17,Cardio,54
CI002891,M0167,2025-06-29,6,Gym Floor,55
CI002892,M0167,2025-03-25,20,Gym Floor,51
CI002893,M0167,2025-04-03,6,Pilates,67
CI002894,M0167,2025-06-24,10,Gym Floor,22
CI002895,M0167,2025-08-10,18,Gym Floor,92
CI002896,M0167,2025-04-30,17,Gym Floor,43
CI002897,M0167,2025-05-23,18,Gym Floor,58
CI002898,M0167,2025-05-16,6,Gym Floor,24
CI002899,M0167,2025-07-25,20,HIIT,52
CI002900,M0167,2025-05-12,8,HIIT,80
CI002901,M0167,2025-07-02,19,Gym Floor,29
CI002902,M0167,2025-04-21,17,CrossFit,78
CI002903,M0167,2025-08-26,6,HIIT,67
CI002904,M0168,2025-08-18,17,HIIT,79
CI002905,M0168,2025-06-02,9,Strength Training,61
CI002906,M0168,2025-08-04,7,Gym Floor,45
CI002907,M0168,2025-03-24,18,Gym Floor,34
CI002908,M0168,2025-07-26,19,Gym Floor,33
CI002909,M0168,2025-05-27,6,CrossFit,87
CI002910,M0168,2025-03-21,18,Gym Floor,65
CI002911,M0168,2025-08-10,7,CrossFit,62
CI002912,M0168,2025-07-09,8,Pilates,71
CI002913,M0168,2025-03-30,16,Zumba,81
CI002914,M0168,2025-05-30,10,Gym Floor,40
CI002915,M0168,2025-05-18,18,Yoga,92
CI002916,M0168,2025-07-25,20,Gym Floor,68
CI002917,M0168,2025-05-27,21,Gym Floor,45
CI002918,M0168,2025-06-05,20,Pilates,25
CI002919,M0168,2025-05-16,18,Gym Floor,81
CI002920,M0168,2025-06-29,19,Gym Floor,71
CI002921,M0168,2025-08-01,18,Zumba,42
CI002922,M0168,2025-07-14,8,Strength Training,43
CI002923,M0168,2025-07-27,6,Spin,49
CI002924,M0168,2025-07-12,9,Yoga,35
CI002925,M0168,2025-06-22,17,Gym Floor,21
CI002926,M0168,2025-08-10,20,Spin,32
CI002927,M0168,2025-03-21,19,Yoga,44
CI002928,M0168,2025-03-07,18,HIIT,62
CI002929,M0168,2025-08-01,19,Strength Training,50
CI002930,M0168,2025-05-20,8,Gym Floor,53
CI002931,M0168,2025-07-14,21,Zumba,57
CI002932,M0168,2025-06-15,17,Gym Floor,64
CI002933,M0169,2025-03-17,18,Gym Floor,34
CI002934,M0169,2025-07-29,18,Gym Floor,66
CI002935,M0169,2025-05-13,6,Yoga,46
CI002936,M0169,2025-06-07,17,Spin,31
CI002937,M0169,2025-07-09,19,HIIT,28
CI002938,M0169,2025-04-08,16,Gym Floor,89
CI002939,M0169,2025-08-28,6,Gym Floor,65
CI002940,M0169,2025-05-04,19,HIIT,68
CI002941,M0169,2025-05-14,17,Gym Floor,44
CI002942,M0169,2025-03-22,9,CrossFit,58
CI002943,M0169,2025-06-12,19,HIIT,42
CI002944,M0169,2025-04-17,16,Gym Floor,51
CI002945,M0169,2025-06-17,18,Gym Floor,37
CI002946,M0169,2025-03-30,18,Pilates,52
CI002947,M0169,2025-06-18,17,CrossFit,30
CI002948,M0170,2025-03-16,8,Gym Floor,65
CI002949,M0170,2025-05-23,6,Gym Floor,49
CI002950,M0170,2025-07-02,6,HIIT,38
CI002951,M0170,2025-04-14,6,CrossFit,69
CI002952,M0170,2025-06-09,17,Gym Floor,49
CI002953,M0170,2025-03-07,11,Gym Floor,96
CI002954,M0170,2025-07-13,19,HIIT,76
CI002955,M0170,2025-04-28,17,HIIT,80
CI002956,M0170,2025-07-12,18,Strength Training,55
CI002957,M0170,2025-06-22,16,Zumba,71
CI002958,M0170,2025-05-08,8,Gym Floor,74
CI002959,M0170,2025-05-08,17,Yoga,50
CI002960,M0170,2025-03-10,18,Gym Floor,105
CI002961,M0170,2025-04-06,12,Spin,27
CI002962,M0170,2025-07-06,17,Gym Floor,41
CI002963,M0170,2025-03-05,17,Pilates,40
CI002964,M0170,2025-03-03,20,Gym Floor,47
CI002965,M0170,2025-04-18,6,Gym Floor,42
CI002966,M0170,2025-07-10,18,HIIT,30
CI002967,M0170,2025-03-01,10,Pilates,39
CI002968,M0170,2025-06-27,18,HIIT,47
CI002969,M0170,2025-05-10,18,Cardio,82
CI002970,M0171,2025-03-09,17,Cardio,52
CI002971,M0171,2025-04-29,7,Yoga,82
CI002972,M0172,2025-03-20,21,Gym Floor,31
CI002973,M0172,2025-06-06,18,Gym Floor,33
CI002974,M0172,2025-07-09,19,CrossFit,72
CI002975,M0172,2025-06-16,16,Strength Training,56
CI002976,M0172,2025-08-30,21,Cardio,69
CI002977,M0172,2025-08-11,7,Cardio,53
CI002978,M0172,2025-08-30,16,Spin,59
CI002979,M0173,2025-07-11,9,Gym Floor,20
CI002980,M0173,2025-07-25,18,Gym Floor,46
CI002981,M0173,2025-03-24,16,Gym Floor,48
CI002982,M0174,2025-07-29,9,Spin,50
CI002983,M0174,2025-04-24,7,CrossFit,58
CI002984,M0174,2025-07-07,20,Spin,80
CI002985,M0174,2025-08-21,11,Yoga,38
CI002986,M0174,2025-08-23,16,Gym Floor,48
CI002987,M0174,2025-05-14,20,Pilates,77
CI002988,M0174,2025-07-16,9,Gym Floor,44
CI002989,M0174,2025-04-04,6,Spin,23
CI002990,M0174,2025-08-29,17,Gym Floor,71
CI002991,M0174,2025-05-23,16,Yoga,47
CI002992,M0174,2025-08-29,19,Pilates,21
CI002993,M0174,2025-04-21,7,Cardio,20
CI002994,M0174,2025-03-23,16,Gym Floor,92
CI002995,M0174,2025-03-17,9,Gym Floor,58
CI002996,M0174,2025-05-17,17,Cardio,42
CI002997,M0174,2025-03-08,7,CrossFit,42
CI002998,M0174,2025-03-05,9,Gym Floor,51
CI002999,M0174,2025-03-05,12,Yoga,103
CI003000,M0174,2025-05-21,11,Gym Floor,37
CI003001,M0174,2025-08-22,18,Strength Training,95
CI003002,M0174,2025-04-29,16,Gym Floor,57
CI003003,M0174,2025-05-23,19,Yoga,53
CI003004,M0174,2025-04-29,18,Gym Floor,57
CI003005,M0174,2025-08-18,7,Cardio,54
CI003006,M0174,2025-06-05,10,CrossFit,81
CI003007,M0174,2025-03-18,16,Spin,52
CI003008,M0174,2025-03-26,6,Gym Floor,59
CI003009,M0175,2025-08-26,16,Gym Floor,33
CI003010,M0175,2025-08-22,6,Gym Floor,57
CI003011,M0175,2025-07-15,18,Gym Floor,55
CI003012,M0175,2025-06-24,7,HIIT,57
CI003013,M0175,2025-03-10,6,Pilates,27
CI003014,M0175,2025-07-22,18,Spin,62
CI003015,M0175,2025-06-26,17,Gym Floor,79
CI003016,M0175,2025-03-13,8,Gym Floor,30
CI003017,M0175,2025-05-12,17,Gym Floor,53
CI003018,M0175,2025-07-28,19,Gym Floor,50
CI003019,M0175,2025-08-10,17,HIIT,42
CI003020,M0175,2025-06-29,6,Cardio,68
CI003021,M0175,2025-03-11,12,CrossFit,54
CI003022,M0175,2025-05-20,17,Gym Floor,86
CI003023,M0175,2025-06-10,17,Gym Floor,64
CI003024,M0175,2025-03-06,16,Cardio,57
CI003025,M0175,2025-06-02,18,CrossFit,54
CI003026,M0175,2025-08-12,16,Strength Training,85
CI003027,M0175,2025-08-19,7,Pilates,44
CI003028,M0175,2025-06-20,8,HIIT,69
CI003029,M0175,2025-04-13,6,Gym Floor,43
CI003030,M0175,2025-05-28,17,Gym Floor,70
CI003031,M0175,2025-08-08,17,Gym Floor,52
CI003032,M0175,2025-05-21,8,Gym Floor,42
CI003033,M0175,2025-03-23,19,Yoga,55
CI003034,M0175,2025-07-26,18,Yoga,35
CI003035,M0176,2025-05-04,19,Spin,44
CI003036,M0176,2025-05-09,16,Gym Floor,59
CI003037,M0176,2025-08-08,18,Gym Floor,59
CI003038,M0176,2025-05-23,20,Gym Floor,37
CI003039,M0176,2025-08-15,18,Yoga,60
CI003040,M0176,2025-06-10,18,Gym Floor,78
CI003041,M0176,2025-08-06,7,Cardio,78
CI003042,M0176,2025-03-31,10,Zumba,44
CI003043,M0176,2025-07-04,17,HIIT,62
CI003044,M0176,2025-05-28,19,Cardio,43
CI003045,M0176,2025-04-05,10,Strength Training,47
CI003046,M0176,2025-04-29,8,Gym Floor,50
CI003047,M0176,2025-05-02,10,Pilates,57
CI003048,M0176,2025-04-14,7,Yoga,34
CI003049,M0176,2025-05-06,18,Spin,88
CI003050,M0176,2025-07-14,17,Gym Floor,42
CI003051,M0176,2025-08-27,11,Pilates,71
CI003052,M0176,2025-08-23,17,Gym Floor,72
CI003053,M0176,2025-03-05,17,Zumba,20
CI003054,M0176,2025-07-28,17,Cardio,47
CI003055,M0176,2025-03-13,19,Gym Floor,81
CI003056,M0176,2025-06-12,6,Gym Floor,61
CI003057,M0176,2025-06-03,19,Spin,45
CI003058,M0176,2025-04-16,8,Gym Floor,69
CI003059,M0176,2025-05-27,19,HIIT,61
CI003060,M0177,2025-04-18,12,Spin,20
CI003061,M0177,2025-08-27,9,Zumba,45
CI003062,M0177,2025-07-22,19,Spin,44
CI003063,M0177,2025-04-05,18,Gym Floor,54
CI003064,M0177,2025-08-28,19,HIIT,47
CI003065,M0178,2025-05-30,20,Pilates,93
CI003066,M0178,2025-04-27,8,Gym Floor,52
CI003067,M0178,2025-04-02,18,Gym Floor,53
CI003068,M0178,2025-06-19,7,Cardio,61
CI003069,M0178,2025-04-15,19,Yoga,93
CI003070,M0178,2025-06-08,12,Yoga,58
CI003071,M0178,2025-04-20,8,HIIT,30
CI003072,M0178,2025-05-30,12,Pilates,28
CI003073,M0178,2025-06-04,12,Yoga,80
CI003074,M0178,2025-05-15,19,HIIT,48
CI003075,M0178,2025-08-29,10,Gym Floor,51
CI003076,M0178,2025-03-04,17,Gym Floor,25
CI003077,M0178,2025-03-16,18,Gym Floor,41
CI003078,M0178,2025-08-11,8,Pilates,95
CI003079,M0178,2025-05-28,11,Zumba,72
CI003080,M0178,2025-05-22,18,Gym Floor,61
CI003081,M0178,2025-03-29,9,Spin,37
CI003082,M0178,2025-07-08,20,Pilates,84
CI003083,M0178,2025-05-30,17,Yoga,67
CI003084,M0179,2025-06-03,20,HIIT,68
CI003085,M0179,2025-05-19,10,Gym Floor,42
CI003086,M0179,2025-03-09,10,Gym Floor,74
CI003087,M0179,2025-05-18,17,HIIT,51
CI003088,M0179,2025-04-11,16,Pilates,67
CI003089,M0179,2025-08-20,19,HIIT,36
CI003090,M0179,2025-07-31,12,Gym Floor,25
CI003091,M0179,2025-05-08,7,Spin,72
CI003092,M0179,2025-08-25,19,Strength Training,35
CI003093,M0179,2025-05-27,6,Gym Floor,89
CI003094,M0179,2025-07-25,9,HIIT,68
CI003095,M0179,2025-05-26,6,HIIT,56
CI003096,M0179,2025-08-01,16,Strength Training,84
CI003097,M0179,2025-07-07,18,Gym Floor,73
CI003098,M0179,2025-08-07,18,Strength Training,71
CI003099,M0179,2025-08-13,18,Gym Floor,70
CI003100,M0179,2025-03-13,12,Cardio,66
CI003101,M0179,2025-06-17,16,CrossFit,86
CI003102,M0179,2025-03-23,20,Strength Training,65
CI003103,M0179,2025-05-26,6,Cardio,20
CI003104,M0179,2025-08-11,16,Yoga,38
CI003105,M0179,2025-05-29,20,HIIT,57
CI003106,M0179,2025-05-20,18,Zumba,47
CI003107,M0179,2025-06-11,16,Yoga,59
CI003108,M0179,2025-03-25,16,Yoga,43
CI003109,M0179,2025-08-02,6,Yoga,85
CI003110,M0180,2025-08-30,18,Gym Floor,61
CI003111,M0180,2025-06-19,17,Gym Floor,51
CI003112,M0180,2025-08-26,18,Gym Floor,55
CI003113,M0180,2025-07-14,20,Yoga,32
CI003114,M0180,2025-05-14,21,Gym Floor,60
CI003115,M0180,2025-04-22,6,Spin,72
CI003116,M0181,2025-03-11,6,HIIT,56
CI003117,M0181,2025-08-02,18,Gym Floor,67
CI003118,M0181,2025-08-14,19,Gym Floor,61
CI003119,M0181,2025-03-11,18,Cardio,44
CI003120,M0181,2025-06-15,19,Gym Floor,27
CI003121,M0181,2025-07-04,19,Pilates,65
CI003122,M0181,2025-04-27,10,Gym Floor,91
CI003123,M0181,2025-06-12,7,Cardio,61
CI003124,M0181,2025-03-24,7,Gym Floor,48
CI003125,M0181,2025-08-27,18,Gym Floor,21
CI003126,M0181,2025-07-16,7,HIIT,26
CI003127,M0181,2025-08-10,8,Gym Floor,72
CI003128,M0181,2025-04-17,10,Gym Floor,71
CI003129,M0181,2025-03-22,20,Gym Floor,61
CI003130,M0181,2025-08-12,20,Yoga,74
CI003131,M0181,2025-08-25,9,Yoga,20
CI003132,M0181,2025-06-24,18,Spin,37
CI003133,M0181,2025-05-24,17,Spin,44
CI003134,M0181,2025-07-30,9,Strength Training,20
CI003135,M0181,2025-08-15,17,Zumba,56
CI003136,M0181,2025-03-01,11,Spin,20
CI003137,M0181,2025-04-28,7,CrossFit,53
CI003138,M0181,2025-03-27,12,Gym Floor,70
CI003139,M0181,2025-03-06,19,CrossFit,26
CI003140,M0181,2025-08-11,18,Gym Floor,78
CI003141,M0181,2025-07-26,19,Gym Floor,67
CI003142,M0182,2025-05-04,12,Yoga,70
CI003143,M0182,2025-08-25,6,Gym Floor,41
CI003144,M0182,2025-04-06,9,Spin,49
CI003145,M0182,2025-04-10,18,HIIT,70
CI003146,M0182,2025-08-06,20,Yoga,52
CI003147,M0182,2025-08-24,19,Gym Floor,82
CI003148,M0182,2025-04-14,19,Gym Floor,46
CI003149,M0182,2025-05-21,17,Gym Floor,53
CI003150,M0182,2025-04-04,9,Gym Floor,61
CI003151,M0182,2025-06-21,12,Gym Floor,21
CI003152,M0182,2025-05-12,10,Gym Floor,86
CI003153,M0182,2025-04-07,18,Gym Floor,52
CI003154,M0182,2025-07-21,9,Yoga,43
CI003155,M0182,2025-06-01,18,Zumba,53
CI003156,M0182,2025-06-05,8,Gym Floor,35
CI003157,M0182,2025-06-18,17,Strength Training,44
CI003158,M0182,2025-04-05,7,Pilates,90
CI003159,M0182,2025-06-09,10,Spin,84
CI003160,M0183,2025-05-15,9,HIIT,64
CI003161,M0183,2025-08-05,8,Zumba,45
CI003162,M0183,2025-05-24,18,Cardio,57
CI003163,M0184,2025-03-21,7,HIIT,37
CI003164,M0184,2025-08-12,8,Gym Floor,48
CI003165,M0184,2025-08-05,6,Gym Floor,51
CI003166,M0184,2025-03-04,7,Cardio,53
CI003167,M0184,2025-06-01,10,Pilates,40
CI003168,M0184,2025-04-12,8,Cardio,76
CI003169,M0184,2025-05-07,18,Gym Floor,71
CI003170,M0184,2025-03-22,7,Yoga,34
CI003171,M0184,2025-05-29,11,Yoga,52
CI003172,M0184,2025-07-17,17,HIIT,31
CI003173,M0184,2025-06-19,19,Zumba,87
CI003174,M0184,2025-05-06,18,Gym Floor,33
CI003175,M0184,2025-05-12,18,HIIT,47
CI003176,M0184,2025-05-05,19,Gym Floor,50
CI003177,M0184,2025-05-16,19,Gym Floor,35
CI003178,M0184,2025-06-03,16,Gym Floor,57
CI003179,M0184,2025-08-17,6,Gym Floor,63
CI003180,M0184,2025-08-09,8,Pilates,43
CI003181,M0184,2025-06-17,7,HIIT,52
CI003182,M0184,2025-06-06,10,Gym Floor,86
CI003183,M0184,2025-04-22,7,Cardio,46
CI003184,M0184,2025-06-09,8,Spin,43
CI003185,M0184,2025-04-28,19,HIIT,60
CI003186,M0184,2025-06-25,10,Pilates,42
CI003187,M0184,2025-07-23,11,Gym Floor,42
CI003188,M0184,2025-06-23,7,Gym Floor,66
CI003189,M0184,2025-05-27,19,Yoga,76
CI003190,M0184,2025-05-17,9,Gym Floor,55
CI003191,M0184,2025-07-28,8,HIIT,51
CI003192,M0184,2025-03-26,6,Gym Floor,46
CI003193,M0184,2025-03-13,16,Spin,92
CI003194,M0184,2025-03-31,10,CrossFit,51
CI003195,M0185,2025-07-19,7,Gym Floor,41
CI003196,M0185,2025-05-10,17,Gym Floor,63
CI003197,M0185,2025-08-17,7,Strength Training,86
CI003198,M0185,2025-07-13,6,Pilates,72
CI003199,M0185,2025-06-14,17,Pilates,49
CI003200,M0185,2025-04-06,16,Yoga,55
CI003201,M0185,2025-07-27,8,Cardio,74
CI003202,M0185,2025-06-06,6,Gym Floor,34
CI003203,M0186,2025-05-20,17,Cardio,30
CI003204,M0186,2025-08-18,10,Gym Floor,73
CI003205,M0187,2025-07-08,20,Gym Floor,53
CI003206,M0187,2025-06-26,7,Yoga,57
CI003207,M0187,2025-03-17,18,Gym Floor,49
CI003208,M0188,2025-06-03,19,Cardio,63
CI003209,M0188,2025-07-23,7,Gym Floor,68
CI003210,M0188,2025-06-11,10,Yoga,70
CI003211,M0188,2025-07-02,19,CrossFit,69
CI003212,M0188,2025-05-14,19,Spin,37
CI003213,M0188,2025-05-31,12,Cardio,78
CI003214,M0188,2025-08-15,19,Zumba,62
CI003215,M0189,2025-03-19,20,HIIT,59
CI003216,M0189,2025-05-31,20,CrossFit,49
CI003217,M0189,2025-07-01,20,Gym Floor,42
CI003218,M0189,2025-07-15,16,Gym Floor,47
CI003219,M0189,2025-07-15,12,Gym Floor,84
CI003220,M0189,2025-05-30,17,Gym Floor,89
CI003221,M0189,2025-03-07,21,Gym Floor,59
CI003222,M0189,2025-03-02,19,Spin,84
CI003223,M0189,2025-07-30,7,Gym Floor,40
CI003224,M0189,2025-08-30,6,Cardio,43
CI003225,M0189,2025-06-06,20,Zumba,80
CI003226,M0189,2025-06-11,19,Yoga,41
CI003227,M0189,2025-05-17,7,Gym Floor,55
CI003228,M0189,2025-04-16,19,Gym Floor,26
CI003229,M0189,2025-07-02,12,Gym Floor,34
CI003230,M0189,2025-08-20,10,Zumba,51
CI003231,M0189,2025-06-26,16,Gym Floor,66
CI003232,M0189,2025-08-22,19,Gym Floor,49
CI003233,M0189,2025-05-06,18,Pilates,49
CI003234,M0190,2025-08-07,16,CrossFit,35
CI003235,M0190,2025-07-20,9,Gym Floor,60
CI003236,M0190,2025-04-18,10,Gym Floor,27
CI003237,M0190,2025-07-12,12,Gym Floor,55
CI003238,M0191,2025-05-06,19,Gym Floor,76
CI003239,M0191,2025-05-01,17,Gym Floor,39
CI003240,M0191,2025-04-10,19,Gym Floor,60
CI003241,M0191,2025-07-10,18,Gym Floor,33
CI003242,M0191,2025-06-01,17,Gym Floor,55
CI003243,M0191,2025-04-16,7,Gym Floor,47
CI003244,M0191,2025-06-03,18,Gym Floor,89
CI003245,M0191,2025-08-18,18,Spin,54
CI003246,M0191,2025-04-21,11,Strength Training,43
CI003247,M0191,2025-04-17,16,Gym Floor,73
CI003248,M0191,2025-04-16,18,Gym Floor,38
CI003249,M0191,2025-04-13,18,Zumba,65
CI003250,M0191,2025-03-14,18,CrossFit,20
CI003251,M0191,2025-05-08,12,Zumba,55
CI003252,M0191,2025-06-23,18,Gym Floor,68
CI003253,M0191,2025-06-09,11,Gym Floor,52
CI003254,M0191,2025-05-30,20,HIIT,99
CI003255,M0191,2025-06-08,17,Zumba,32
CI003256,M0191,2025-05-20,7,Pilates,54
CI003257,M0191,2025-03-30,18,Gym Floor,74
CI003258,M0191,2025-08-21,9,Pilates,39
CI003259,M0191,2025-04-05,16,Gym Floor,59
CI003260,M0191,2025-04-15,16,Cardio,59
CI003261,M0191,2025-08-11,16,Strength Training,66
CI003262,M0191,2025-06-03,10,Spin,45
CI003263,M0191,2025-03-03,18,Gym Floor,74
CI003264,M0191,2025-07-19,17,Gym Floor,62
CI003265,M0191,2025-05-06,20,HIIT,56
CI003266,M0191,2025-06-21,17,Gym Floor,48
CI003267,M0191,2025-08-10,18,Gym Floor,48
CI003268,M0191,2025-07-04,8,Spin,66
CI003269,M0191,2025-05-25,12,Gym Floor,41
CI003270,M0191,2025-03-19,17,Spin,80
CI003271,M0192,2025-06-08,7,Zumba,62
CI003272,M0192,2025-07-05,19,CrossFit,65
CI003273,M0192,2025-05-30,18,Pilates,70
CI003274,M0192,2025-08-01,10,Gym Floor,62
CI003275,M0192,2025-08-03,19,Gym Floor,78
CI003276,M0192,2025-04-27,6,Spin,52
CI003277,M0192,2025-05-03,21,Zumba,52
CI003278,M0192,2025-08-05,6,Gym Floor,51
CI003279,M0192,2025-08-02,17,Gym Floor,73
CI003280,M0192,2025-06-26,9,Gym Floor,55
CI003281,M0192,2025-07-15,16,Gym Floor,57
CI003282,M0192,2025-05-24,17,Gym Floor,59
CI003283,M0192,2025-08-05,10,Yoga,57
CI003284,M0192,2025-04-05,18,HIIT,64
CI003285,M0192,2025-08-22,7,Gym Floor,82
CI003286,M0192,2025-06-22,10,Gym Floor,65
CI003287,M0192,2025-07-11,8,Gym Floor,74
CI003288,M0192,2025-08-23,18,Gym Floor,44
CI003289,M0192,2025-05-17,7,Gym Floor,74
CI003290,M0192,2025-08-27,19,Strength Training,52
CI003291,M0192,2025-04-26,7,Gym Floor,60
CI003292,M0192,2025-07-06,18,HIIT,69
CI003293,M0192,2025-07-22,11,Gym Floor,56
CI003294,M0192,2025-06-02,7,Gym Floor,39
CI003295,M0192,2025-03-18,19,Gym Floor,55
CI003296,M0192,2025-07-16,6,Pilates,62
CI003297,M0192,2025-04-25,19,Gym Floor,40
CI003298,M0192,2025-08-12,6,Spin,80
CI003299,M0192,2025-05-07,19,Cardio,44
CI003300,M0192,2025-07-18,20,CrossFit,48
CI003301,M0192,2025-06-24,19,Gym Floor,81
CI003302,M0192,2025-03-26,8,Yoga,70
CI003303,M0192,2025-05-07,9,Gym Floor,38
CI003304,M0192,2025-04-23,19,Pilates,76
CI003305,M0192,2025-08-23,20,CrossFit,45
CI003306,M0192,2025-04-19,18,Gym Floor,34
CI003307,M0192,2025-08-04,21,Gym Floor,52
CI003308,M0192,2025-08-07,18,Strength Training,34
CI003309,M0192,2025-04-03,20,Spin,43
CI003310,M0192,2025-06-13,18,Zumba,57
CI003311,M0192,2025-05-27,6,CrossFit,45
CI003312,M0192,2025-05-16,19,CrossFit,59
CI003313,M0192,2025-07-24,18,Zumba,86
CI003314,M0192,2025-03-18,8,Gym Floor,32
CI003315,M0192,2025-05-17,10,Gym Floor,48
CI003316,M0192,2025-06-27,17,Zumba,20
CI003317,M0193,2025-06-06,17,Zumba,53
CI003318,M0193,2025-05-18,16,HIIT,92
CI003319,M0193,2025-08-10,20,Zumba,25
CI003320,M0193,2025-03-22,18,Gym Floor,56
CI003321,M0193,2025-05-29,17,Zumba,58
CI003322,M0193,2025-07-29,19,Gym Floor,54
CI003323,M0193,2025-03-09,6,Zumba,81
CI003324,M0193,2025-08-25,6,Gym Floor,64
CI003325,M0193,2025-08-12,6,CrossFit,37
CI003326,M0193,2025-07-12,19,HIIT,67
CI003327,M0193,2025-03-03,18,Pilates,55
CI003328,M0194,2025-04-10,6,Gym Floor,54
CI003329,M0194,2025-07-04,16,Gym Floor,35
CI003330,M0194,2025-03-20,7,HIIT,70
CI003331,M0194,2025-04-19,19,CrossFit,61
CI003332,M0194,2025-06-12,9,Spin,38
CI003333,M0194,2025-04-14,6,Gym Floor,51
CI003334,M0194,2025-05-26,18,Zumba,57
CI003335,M0194,2025-05-25,17,Gym Floor,58
CI003336,M0194,2025-03-02,10,Gym Floor,59
CI003337,M0194,2025-08-16,18,Zumba,39
CI003338,M0194,2025-08-24,7,Spin,52
CI003339,M0194,2025-08-23,19,Spin,64
CI003340,M0194,2025-04-09,19,HIIT,75
CI003341,M0194,2025-07-08,6,Strength Training,35
CI003342,M0194,2025-04-08,7,Gym Floor,33
CI003343,M0194,2025-05-20,10,Spin,46
CI003344,M0194,2025-07-24,7,Gym Floor,98
CI003345,M0194,2025-07-10,17,Gym Floor,78
CI003346,M0194,2025-07-03,16,Yoga,34
CI003347,M0194,2025-05-07,18,Gym Floor,84
CI003348,M0194,2025-06-03,9,Cardio,49
CI003349,M0194,2025-08-12,17,Gym Floor,36
CI003350,M0194,2025-08-07,19,Gym Floor,45
CI003351,M0195,2025-08-21,20,Gym Floor,39
CI003352,M0195,2025-05-21,21,Yoga,71
CI003353,M0195,2025-04-08,18,Zumba,58
CI003354,M0195,2025-03-15,19,Pilates,67
CI003355,M0195,2025-03-04,17,Cardio,37
CI003356,M0195,2025-08-14,18,Gym Floor,50
CI003357,M0195,2025-05-30,19,Zumba,83
CI003358,M0195,2025-06-22,11,Gym Floor,55
CI003359,M0195,2025-04-30,18,Gym Floor,43
CI003360,M0195,2025-06-15,18,HIIT,45
CI003361,M0195,2025-03-16,17,Cardio,61
CI003362,M0195,2025-07-02,17,Gym Floor,57
CI003363,M0195,2025-08-29,12,Gym Floor,20
CI003364,M0195,2025-06-18,10,Cardio,55
CI003365,M0195,2025-04-05,21,Gym Floor,76
CI003366,M0195,2025-08-06,10,Spin,48
CI003367,M0195,2025-04-11,8,Gym Floor,50
CI003368,M0195,2025-03-14,19,Gym Floor,58
CI003369,M0195,2025-08-25,19,Gym Floor,53
CI003370,M0195,2025-03-11,16,Strength Training,68
CI003371,M0195,2025-07-06,19,Cardio,71
CI003372,M0196,2025-06-20,8,CrossFit,27
CI003373,M0196,2025-04-19,20,Gym Floor,54
CI003374,M0196,2025-07-21,17,Gym Floor,61
CI003375,M0196,2025-08-28,16,Gym Floor,49
CI003376,M0196,2025-08-18,19,Strength Training,45
CI003377,M0196,2025-03-15,6,CrossFit,43
CI003378,M0196,2025-05-20,8,CrossFit,92
CI003379,M0196,2025-04-20,8,Gym Floor,63
CI003380,M0196,2025-08-21,18,Gym Floor,57
CI003381,M0197,2025-07-18,18,Gym Floor,89
CI003382,M0197,2025-06-04,10,Strength Training,47
CI003383,M0197,2025-04-27,11,Cardio,60
CI003384,M0197,2025-06-10,12,Zumba,78
CI003385,M0197,2025-05-22,18,Gym Floor,70
CI003386,M0197,2025-07-16,7,Pilates,90
CI003387,M0197,2025-08-11,17,Gym Floor,66
CI003388,M0197,2025-08-02,20,Gym Floor,67
CI003389,M0197,2025-06-11,17,Gym Floor,61
CI003390,M0197,2025-03-06,19,Spin,42
CI003391,M0197,2025-08-16,10,Gym Floor,20
CI003392,M0197,2025-05-28,21,Gym Floor,34
CI003393,M0197,2025-05-28,9,Strength Training,81
CI003394,M0197,2025-04-29,10,Gym Floor,65
CI003395,M0197,2025-07-29,16,Cardio,64
CI003396,M0197,2025-04-13,18,HIIT,67
CI003397,M0197,2025-05-30,17,Gym Floor,77
CI003398,M0197,2025-06-11,7,Spin,63
CI003399,M0198,2025-04-27,10,Gym Floor,50
CI003400,M0198,2025-07-31,18,Zumba,37
CI003401,M0198,2025-08-11,6,Cardio,68
CI003402,M0198,2025-06-20,8,Gym Floor,77
CI003403,M0198,2025-07-25,8,CrossFit,28
CI003404,M0200,2025-04-03,11,Pilates,20
CI003405,M0200,2025-03-27,17,Gym Floor,72
CI003406,M0200,2025-08-19,8,Gym Floor,68
CI003407,M0200,2025-03-22,8,Gym Floor,35
CI003408,M0200,2025-03-27,20,Zumba,47
CI003409,M0200,2025-07-23,17,Yoga,39
CI003410,M0200,2025-08-08,21,Yoga,84
CI003411,M0201,2025-04-24,9,Strength Training,85
CI003412,M0201,2025-04-26,10,CrossFit,46
CI003413,M0201,2025-07-11,6,Gym Floor,64
CI003414,M0201,2025-07-13,7,Gym Floor,54
CI003415,M0201,2025-05-16,6,Spin,41
CI003416,M0202,2025-05-12,18,Gym Floor,54
CI003417,M0202,2025-05-10,16,Gym Floor,37
CI003418,M0202,2025-03-31,6,CrossFit,49
CI003419,M0202,2025-08-05,20,CrossFit,61
CI003420,M0202,2025-03-02,8,Gym Floor,31
CI003421,M0202,2025-05-07,19,Zumba,61
CI003422,M0202,2025-04-06,9,Zumba,61
CI003423,M0202,2025-08-30,17,Gym Floor,51
CI003424,M0203,2025-08-07,6,Gym Floor,37
CI003425,M0203,2025-04-06,8,Strength Training,76
CI003426,M0203,2025-06-15,16,Yoga,38
CI003427,M0203,2025-06-09,18,Pilates,51
CI003428,M0203,2025-04-24,6,Gym Floor,55
CI003429,M0204,2025-06-26,12,HIIT,69
CI003430,M0204,2025-05-12,19,Gym Floor,47
CI003431,M0204,2025-03-08,21,Gym Floor,67
CI003432,M0204,2025-07-18,10,Gym Floor,67
CI003433,M0204,2025-04-27,17,Gym Floor,41
CI003434,M0204,2025-07-23,19,HIIT,70
CI003435,M0204,2025-03-04,17,Strength Training,54
CI003436,M0204,2025-05-21,7,Cardio,65
CI003437,M0204,2025-08-23,12,Pilates,50
CI003438,M0204,2025-04-04,20,Zumba,23
CI003439,M0204,2025-03-15,7,Yoga,47
CI003440,M0205,2025-07-03,19,Yoga,54
CI003441,M0205,2025-05-11,7,Pilates,44
CI003442,M0205,2025-06-24,16,Strength Training,43
CI003443,M0205,2025-05-05,11,Gym Floor,20
CI003444,M0205,2025-08-12,18,Gym Floor,34
CI003445,M0205,2025-07-15,6,Zumba,38
CI003446,M0205,2025-08-26,17,HIIT,77
CI003447,M0205,2025-06-29,18,Gym Floor,38
CI003448,M0205,2025-04-06,7,Gym Floor,31
CI003449,M0206,2025-08-03,10,Spin,66
CI003450,M0206,2025-04-18,9,Gym Floor,70
CI003451,M0207,2025-03-25,7,Gym Floor,55
CI003452,M0207,2025-08-02,19,HIIT,31
CI003453,M0207,2025-08-23,19,Gym Floor,44
CI003454,M0207,2025-06-19,19,Strength Training,34
CI003455,M0207,2025-07-13,7,HIIT,64
CI003456,M0207,2025-07-30,6,Gym Floor,51
CI003457,M0207,2025-04-25,18,HIIT,24
CI003458,M0207,2025-04-21,8,Yoga,61
CI003459,M0207,2025-07-22,17,Gym Floor,48
CI003460,M0207,2025-08-27,18,Cardio,53
CI003461,M0207,2025-08-19,17,Yoga,45
CI003462,M0207,2025-07-15,18,Strength Training,60
CI003463,M0207,2025-07-16,20,Gym Floor,30
CI003464,M0207,2025-05-15,12,Gym Floor,88
CI003465,M0208,2025-05-01,18,Gym Floor,48
CI003466,M0208,2025-03-12,18,Strength Training,57
CI003467,M0209,2025-06-19,11,Gym Floor,24
CI003468,M0209,2025-06-19,10,Gym Floor,52
CI003469,M0209,2025-08-17,20,Gym Floor,66
CI003470,M0209,2025-04-19,12,Gym Floor,39
CI003471,M0209,2025-08-21,9,HIIT,33
CI003472,M0209,2025-05-27,6,Pilates,43
CI003473,M0209,2025-07-14,7,Gym Floor,82
CI003474,M0209,2025-05-15,8,Gym Floor,62
CI003475,M0210,2025-06-28,16,CrossFit,71
CI003476,M0210,2025-05-26,6,CrossFit,74
CI003477,M0210,2025-08-07,21,Spin,54
CI003478,M0210,2025-05-18,17,Spin,61
CI003479,M0210,2025-07-08,20,CrossFit,61
CI003480,M0210,2025-03-12,11,Cardio,34
CI003481,M0210,2025-07-07,16,Strength Training,99
CI003482,M0210,2025-06-15,8,Gym Floor,60
CI003483,M0210,2025-03-16,17,Gym Floor,20
CI003484,M0211,2025-06-15,10,HIIT,31
CI003485,M0211,2025-04-02,19,Pilates,56
CI003486,M0211,2025-05-26,18,Gym Floor,72
CI003487,M0211,2025-07-22,11,Gym Floor,86
CI003488,M0211,2025-08-22,11,Gym Floor,44
CI003489,M0211,2025-08-04,16,Gym Floor,74
CI003490,M0211,2025-04-30,10,Gym Floor,52
CI003491,M0211,2025-07-04,10,Gym Floor,73
CI003492,M0211,2025-03-06,16,Pilates,54
CI003493,M0211,2025-04-03,19,Gym Floor,73
CI003494,M0211,2025-06-10,10,Pilates,85
CI003495,M0211,2025-06-26,9,Pilates,46
CI003496,M0211,2025-08-14,18,Pilates,67
CI003497,M0211,2025-05-21,6,Strength Training,47
CI003498,M0211,2025-07-03,20,Spin,74
CI003499,M0211,2025-03-25,20,Yoga,79
CI003500,M0211,2025-05-02,8,CrossFit,74
CI003501,M0211,2025-07-25,9,Gym Floor,20
CI003502,M0211,2025-05-17,17,Gym Floor,70
CI003503,M0211,2025-07-20,17,Strength Training,39
CI003504,M0211,2025-07-02,7,Zumba,20
CI003505,M0211,2025-03-07,19,HIIT,34
CI003506,M0211,2025-08-22,9,Gym Floor,76
CI003507,M0211,2025-08-07,8,Zumba,20
CI003508,M0211,2025-05-03,8,Gym Floor,52
CI003509,M0211,2025-08-23,16,Cardio,28
CI003510,M0211,2025-06-21,11,CrossFit,65
CI003511,M0211,2025-03-28,12,Gym Floor,66
CI003512,M0211,2025-06-09,19,Spin,60
CI003513,M0211,2025-07-13,7,CrossFit,85
CI003514,M0211,2025-03-17,8,Strength Training,85
CI003515,M0211,2025-03-21,12,Yoga,49
CI003516,M0211,2025-07-29,10,CrossFit,65
CI003517,M0211,2025-03-26,18,CrossFit,41
CI003518,M0211,2025-08-04,7,Gym Floor,22
CI003519,M0211,2025-03-02,11,Spin,58
CI003520,M0212,2025-04-01,17,Strength Training,69
CI003521,M0212,2025-03-17,8,Gym Floor,68
CI003522,M0212,2025-08-14,18,Cardio,60
CI003523,M0212,2025-03-25,16,Gym Floor,79
CI003524,M0212,2025-05-08,8,Gym Floor,68
CI003525,M0212,2025-07-22,6,Gym Floor,26
CI003526,M0212,2025-06-25,18,Gym Floor,55
CI003527,M0212,2025-03-31,17,Spin,58
CI003528,M0212,2025-08-20,9,Strength Training,46
CI003529,M0212,2025-03-23,18,Gym Floor,75
CI003530,M0212,2025-03-30,6,Yoga,45
CI003531,M0212,2025-08-08,18,Pilates,39
CI003532,M0212,2025-06-02,16,Strength Training,33
CI003533,M0213,2025-06-24,19,Gym Floor,41
CI003534,M0213,2025-03-07,19,Gym Floor,26
CI003535,M0213,2025-03-18,16,Gym Floor,42
CI003536,M0213,2025-04-28,7,Strength Training,42
CI003537,M0213,2025-08-04,9,Zumba,47
CI003538,M0213,2025-08-16,6,Gym Floor,48
CI003539,M0213,2025-08-31,17,Strength Training,40
CI003540,M0213,2025-03-11,17,Gym Floor,79
CI003541,M0213,2025-07-21,12,Gym Floor,34
CI003542,M0213,2025-07-21,7,Strength Training,62
CI003543,M0213,2025-08-13,16,Yoga,69
CI003544,M0213,2025-06-02,21,Gym Floor,55
CI003545,M0213,2025-06-15,19,Zumba,39
CI003546,M0214,2025-04-22,9,Strength Training,71
CI003547,M0214,2025-04-12,7,Zumba,53
CI003548,M0214,2025-07-03,8,Pilates,63
CI003549,M0214,2025-08-02,7,Strength Training,34
CI003550,M0214,2025-07-17,7,CrossFit,43
CI003551,M0214,2025-03-01,11,HIIT,57
CI003552,M0214,2025-07-10,8,Gym Floor,43
CI003553,M0214,2025-07-04,19,Zumba,69
CI003554,M0214,2025-03-26,19,Gym Floor,39
CI003555,M0214,2025-04-27,19,HIIT,24
CI003556,M0214,2025-06-23,10,CrossFit,65
CI003557,M0214,2025-06-29,9,Zumba,45
CI003558,M0214,2025-07-13,20,Gym Floor,61
CI003559,M0214,2025-03-17,18,Gym Floor,77
CI003560,M0214,2025-03-11,16,HIIT,55
CI003561,M0214,2025-05-02,18,Gym Floor,38
CI003562,M0214,2025-07-11,20,Cardio,71
CI003563,M0214,2025-06-25,18,Gym Floor,52
CI003564,M0214,2025-04-27,16,Gym Floor,39
CI003565,M0214,2025-05-18,9,Yoga,21
CI003566,M0214,2025-05-27,17,Gym Floor,39
CI003567,M0214,2025-04-20,19,Yoga,45
CI003568,M0214,2025-05-25,18,Gym Floor,22
CI003569,M0214,2025-04-24,18,Strength Training,66
CI003570,M0214,2025-08-26,18,HIIT,77
CI003571,M0215,2025-03-19,11,Spin,68
CI003572,M0215,2025-06-12,9,Yoga,49
CI003573,M0215,2025-06-07,20,Gym Floor,40
CI003574,M0215,2025-08-29,7,Yoga,49
CI003575,M0215,2025-08-15,18,HIIT,36
CI003576,M0215,2025-06-13,19,Gym Floor,58
CI003577,M0216,2025-03-16,19,CrossFit,55
CI003578,M0216,2025-04-19,9,Yoga,38
CI003579,M0216,2025-08-16,9,Gym Floor,69
CI003580,M0216,2025-05-30,12,Gym Floor,67
CI003581,M0216,2025-08-01,8,Cardio,43
CI003582,M0216,2025-03-16,17,Gym Floor,65
CI003583,M0216,2025-04-25,7,Gym Floor,77
CI003584,M0216,2025-04-29,17,HIIT,37
CI003585,M0216,2025-07-04,16,Gym Floor,54
CI003586,M0216,2025-06-02,11,Gym Floor,80
CI003587,M0216,2025-04-28,9,Gym Floor,48
CI003588,M0216,2025-06-06,8,Zumba,20
CI003589,M0216,2025-03-10,16,Gym Floor,70
CI003590,M0216,2025-05-31,17,Strength Training,71
CI003591,M0216,2025-08-22,7,Gym Floor,65
CI003592,M0216,2025-03-26,17,Gym Floor,77
CI003593,M0216,2025-03-26,19,Gym Floor,44
CI003594,M0216,2025-03-27,9,Pilates,92
CI003595,M0216,2025-03-30,17,Gym Floor,46
CI003596,M0216,2025-03-24,20,Yoga,20
CI003597,M0216,2025-04-16,19,Spin,33
CI003598,M0216,2025-06-01,16,Gym Floor,62
CI003599,M0216,2025-05-11,18,Zumba,44
CI003600,M0217,2025-04-26,16,Gym Floor,36
CI003601,M0217,2025-05-26,17,Gym Floor,72
CI003602,M0217,2025-05-21,20,Yoga,62
CI003603,M0217,2025-06-17,6,Spin,80
CI003604,M0217,2025-08-23,17,Gym Floor,37
CI003605,M0217,2025-08-26,17,Spin,48
CI003606,M0217,2025-04-26,12,Gym Floor,24
CI003607,M0217,2025-03-23,18,Zumba,48
CI003608,M0217,2025-06-11,17,CrossFit,36
CI003609,M0217,2025-08-06,19,Pilates,66
CI003610,M0217,2025-05-16,16,Yoga,59
CI003611,M0217,2025-04-11,8,Gym Floor,84
CI003612,M0217,2025-07-30,11,Gym Floor,77
CI003613,M0217,2025-08-25,8,Gym Floor,56
CI003614,M0217,2025-06-23,16,CrossFit,71
CI003615,M0217,2025-06-28,9,Gym Floor,72
CI003616,M0217,2025-03-23,17,HIIT,85
CI003617,M0217,2025-06-11,12,CrossFit,78
CI003618,M0217,2025-03-23,17,Gym Floor,42
CI003619,M0217,2025-06-25,8,Gym Floor,75
CI003620,M0217,2025-06-12,11,Gym Floor,63
CI003621,M0217,2025-03-22,19,Cardio,39
CI003622,M0217,2025-07-29,19,HIIT,76
CI003623,M0217,2025-07-06,7,Gym Floor,45
CI003624,M0217,2025-05-28,7,Zumba,70
CI003625,M0217,2025-03-24,11,Zumba,26
CI003626,M0218,2025-07-27,11,Gym Floor,57
CI003627,M0218,2025-05-31,8,Gym Floor,61
CI003628,M0218,2025-04-06,6,Gym Floor,72
CI003629,M0218,2025-04-06,11,Gym Floor,68
CI003630,M0218,2025-07-17,20,HIIT,84
CI003631,M0218,2025-07-01,17,HIIT,52
CI003632,M0218,2025-03-07,19,Gym Floor,51
CI003633,M0218,2025-05-01,18,Spin,60
CI003634,M0218,2025-04-04,6,Spin,41
CI003635,M0218,2025-06-30,17,Spin,70
CI003636,M0219,2025-08-16,7,Gym Floor,70
CI003637,M0219,2025-07-26,18,Gym Floor,70
CI003638,M0219,2025-06-27,18,Gym Floor,55
CI003639,M0219,2025-07-30,9,Strength Training,46
CI003640,M0219,2025-05-23,6,Gym Floor,69
CI003641,M0219,2025-03-21,16,Gym Floor,69
CI003642,M0219,2025-07-24,8,Cardio,53
CI003643,M0219,2025-05-06,10,Pilates,40
CI003644,M0220,2025-05-14,17,CrossFit,71
CI003645,M0220,2025-05-01,18,Spin,43
CI003646,M0220,2025-03-09,9,Zumba,48
CI003647,M0220,2025-08-06,19,Gym Floor,48
CI003648,M0220,2025-06-06,10,Gym Floor,91
CI003649,M0221,2025-04-13,17,Gym Floor,42
CI003650,M0221,2025-08-25,11,HIIT,53
CI003651,M0221,2025-03-19,16,Cardio,58
CI003652,M0221,2025-06-26,19,Strength Training,41
CI003653,M0221,2025-03-06,11,CrossFit,35
CI003654,M0221,2025-03-11,7,Gym Floor,33
CI003655,M0221,2025-04-27,20,Cardio,48
CI003656,M0221,2025-07-09,11,Gym Floor,39
CI003657,M0221,2025-06-25,10,Spin,74
CI003658,M0221,2025-06-03,8,Gym Floor,59
CI003659,M0222,2025-04-21,6,Zumba,57
CI003660,M0222,2025-06-21,9,Gym Floor,69
CI003661,M0222,2025-06-23,6,Cardio,62
CI003662,M0222,2025-08-07,7,Cardio,49
CI003663,M0222,2025-03-19,17,Gym Floor,63
CI003664,M0222,2025-05-11,18,Cardio,52
CI003665,M0222,2025-03-16,10,Gym Floor,76
CI003666,M0222,2025-08-20,18,Strength Training,31
CI003667,M0223,2025-04-09,18,Gym Floor,49
CI003668,M0223,2025-07-18,12,Gym Floor,67
CI003669,M0223,2025-06-16,17,Gym Floor,77
CI003670,M0223,2025-06-26,6,Yoga,108
CI003671,M0223,2025-04-22,17,Strength Training,82
CI003672,M0223,2025-04-27,11,Strength Training,82
CI003673,M0223,2025-04-05,16,CrossFit,72
CI003674,M0223,2025-04-05,8,Pilates,33
CI003675,M0223,2025-06-18,19,Gym Floor,50
CI003676,M0223,2025-03-14,19,Gym Floor,81
CI003677,M0223,2025-05-05,16,Gym Floor,59
CI003678,M0223,2025-06-09,6,Gym Floor,67
CI003679,M0223,2025-04-06,7,Pilates,63
CI003680,M0223,2025-04-18,17,Gym Floor,71
CI003681,M0223,2025-07-16,18,Zumba,77
CI003682,M0223,2025-07-02,7,Pilates,53
CI003683,M0223,2025-05-15,19,Gym Floor,59
CI003684,M0223,2025-04-15,18,Gym Floor,59
CI003685,M0223,2025-07-03,12,Gym Floor,59
CI003686,M0223,2025-04-01,6,Gym Floor,56
CI003687,M0223,2025-04-17,18,Gym Floor,45
CI003688,M0223,2025-04-06,16,Cardio,44
CI003689,M0224,2025-07-06,19,CrossFit,54
CI003690,M0224,2025-07-02,7,Gym Floor,64
CI003691,M0224,2025-05-02,19,Zumba,54
CI003692,M0224,2025-03-29,9,Cardio,68
CI003693,M0224,2025-08-09,7,Zumba,68
CI003694,M0224,2025-07-25,20,Zumba,78
CI003695,M0224,2025-08-01,19,CrossFit,40
CI003696,M0224,2025-03-18,20,Spin,104
CI003697,M0224,2025-03-07,8,Gym Floor,39
CI003698,M0224,2025-06-03,17,Gym Floor,80
CI003699,M0224,2025-07-25,19,Cardio,33
CI003700,M0224,2025-05-23,17,Spin,29
CI003701,M0224,2025-05-06,17,Gym Floor,78
CI003702,M0224,2025-03-22,12,CrossFit,64
CI003703,M0224,2025-03-14,8,Zumba,83
CI003704,M0224,2025-03-10,18,Strength Training,56
CI003705,M0224,2025-06-09,18,Strength Training,91
CI003706,M0224,2025-03-05,16,Gym Floor,53
CI003707,M0224,2025-05-28,16,Gym Floor,56
CI003708,M0224,2025-07-15,18,CrossFit,54
CI003709,M0224,2025-06-20,8,Pilates,31
CI003710,M0224,2025-05-21,20,Gym Floor,80
CI003711,M0224,2025-06-04,11,Spin,34
CI003712,M0224,2025-03-31,16,Strength Training,39
CI003713,M0224,2025-03-10,17,Gym Floor,48
CI003714,M0224,2025-08-15,10,Gym Floor,53
CI003715,M0224,2025-03-09,18,Strength Training,60
CI003716,M0225,2025-07-19,11,Gym Floor,74
CI003717,M0225,2025-05-31,19,Strength Training,51
CI003718,M0225,2025-07-25,19,Zumba,39
CI003719,M0225,2025-04-23,18,CrossFit,31
CI003720,M0225,2025-04-21,18,Spin,81
CI003721,M0225,2025-05-17,7,Gym Floor,50
CI003722,M0225,2025-08-13,9,Gym Floor,51
CI003723,M0225,2025-05-08,21,Gym Floor,91
CI003724,M0225,2025-04-27,6,Yoga,59
CI003725,M0225,2025-06-14,17,Gym Floor,53
CI003726,M0225,2025-03-27,11,Yoga,51
CI003727,M0225,2025-05-11,11,HIIT,57
CI003728,M0225,2025-04-28,16,Yoga,61
CI003729,M0225,2025-04-19,17,Cardio,69
CI003730,M0225,2025-08-21,9,Gym Floor,59
CI003731,M0225,2025-08-20,9,Zumba,38
CI003732,M0225,2025-06-28,17,Spin,24
CI003733,M0225,2025-06-20,20,Pilates,57
CI003734,M0225,2025-05-16,12,Spin,71
CI003735,M0225,2025-03-08,9,Zumba,52
CI003736,M0225,2025-05-01,21,HIIT,80
CI003737,M0225,2025-04-08,6,Gym Floor,80
CI003738,M0225,2025-03-29,21,Spin,20
CI003739,M0225,2025-06-04,6,Gym Floor,62
CI003740,M0225,2025-03-31,8,Pilates,20
CI003741,M0225,2025-08-12,17,Gym Floor,57
CI003742,M0225,2025-03-23,17,Gym Floor,62
CI003743,M0225,2025-07-29,11,CrossFit,55
CI003744,M0225,2025-05-04,18,Cardio,48
CI003745,M0225,2025-03-31,17,Gym Floor,60
CI003746,M0225,2025-06-28,7,CrossFit,75
CI003747,M0225,2025-08-22,10,CrossFit,57
CI003748,M0225,2025-03-12,7,CrossFit,78
CI003749,M0225,2025-08-01,17,CrossFit,57
CI003750,M0225,2025-05-31,12,Gym Floor,30
CI003751,M0225,2025-06-13,9,Gym Floor,31
CI003752,M0225,2025-06-13,18,Strength Training,47
CI003753,M0225,2025-08-19,18,Zumba,27
CI003754,M0226,2025-04-26,18,Gym Floor,72
CI003755,M0226,2025-03-25,19,Gym Floor,20
CI003756,M0226,2025-07-21,9,Spin,69
CI003757,M0226,2025-04-05,17,Pilates,53
CI003758,M0226,2025-03-14,6,Pilates,52
CI003759,M0226,2025-05-05,18,Cardio,70
CI003760,M0226,2025-05-13,6,Pilates,75
CI003761,M0227,2025-03-15,16,Gym Floor,42
CI003762,M0227,2025-06-28,21,Gym Floor,71
CI003763,M0227,2025-05-22,17,HIIT,47
CI003764,M0227,2025-03-30,10,Gym Floor,31
CI003765,M0227,2025-05-12,17,Spin,44
CI003766,M0227,2025-07-22,18,Gym Floor,66
CI003767,M0227,2025-04-21,6,Gym Floor,51
CI003768,M0227,2025-08-31,20,Cardio,67
CI003769,M0227,2025-06-22,10,Gym Floor,57
CI003770,M0227,2025-04-03,7,Zumba,62
CI003771,M0228,2025-05-22,19,Zumba,41
CI003772,M0228,2025-07-10,17,Strength Training,38
CI003773,M0228,2025-04-06,20,CrossFit,42
CI003774,M0228,2025-04-25,17,Gym Floor,86
CI003775,M0228,2025-05-04,19,Spin,33
CI003776,M0228,2025-07-06,18,Cardio,46
CI003777,M0228,2025-05-10,8,Cardio,71
CI003778,M0228,2025-06-17,17,Gym Floor,65
CI003779,M0228,2025-05-28,7,Yoga,39
CI003780,M0228,2025-05-06,8,Spin,89
CI003781,M0228,2025-08-30,7,Yoga,82
CI003782,M0228,2025-05-01,17,Pilates,71
CI003783,M0228,2025-05-23,18,Cardio,40
CI003784,M0228,2025-06-28,20,Gym Floor,20
CI003785,M0228,2025-08-25,16,Gym Floor,61
CI003786,M0228,2025-07-02,7,Spin,61
CI003787,M0228,2025-04-04,17,Gym Floor,56
CI003788,M0228,2025-06-18,9,Gym Floor,83
CI003789,M0228,2025-08-13,21,Strength Training,64
CI003790,M0228,2025-04-25,8,Gym Floor,76
CI003791,M0228,2025-06-29,11,Zumba,53
CI003792,M0229,2025-07-07,20,HIIT,56
CI003793,M0229,2025-07-13,16,Gym Floor,64
CI003794,M0229,2025-06-07,8,Gym Floor,55
CI003795,M0229,2025-06-18,11,CrossFit,49
CI003796,M0229,2025-03-05,20,Gym Floor,64
CI003797,M0229,2025-08-03,9,Pilates,90
CI003798,M0229,2025-08-24,17,Gym Floor,64
CI003799,M0229,2025-06-26,18,CrossFit,49
CI003800,M0229,2025-07-02,9,Cardio,38
CI003801,M0229,2025-04-08,18,Cardio,58
CI003802,M0229,2025-05-03,19,Zumba,52
CI003803,M0229,2025-04-09,17,Gym Floor,70
CI003804,M0229,2025-03-16,6,Pilates,40
CI003805,M0229,2025-03-17,9,Gym Floor,58
CI003806,M0229,2025-06-20,6,Zumba,61
CI003807,M0229,2025-05-15,19,Pilates,27
CI003808,M0229,2025-07-11,9,Gym Floor,65
CI003809,M0229,2025-07-13,6,Cardio,41
CI003810,M0229,2025-05-10,18,CrossFit,60
CI003811,M0230,2025-08-15,10,CrossFit,80
CI003812,M0230,2025-04-24,6,Yoga,43
CI003813,M0230,2025-08-22,7,Gym Floor,72
CI003814,M0230,2025-07-14,20,Gym Floor,60
CI003815,M0230,2025-08-02,8,Yoga,22
CI003816,M0230,2025-05-23,6,Gym Floor,50
CI003817,M0230,2025-04-21,20,Strength Training,37
CI003818,M0230,2025-08-31,6,Cardio,60
CI003819,M0230,2025-06-25,8,Gym Floor,53
CI003820,M0230,2025-05-30,18,Gym Floor,42
CI003821,M0230,2025-03-24,20,Strength Training,57
CI003822,M0230,2025-06-01,18,Spin,70
CI003823,M0230,2025-03-11,19,Strength Training,31
CI003824,M0230,2025-03-02,17,Gym Floor,63
CI003825,M0230,2025-05-02,19,Strength Training,59
CI003826,M0230,2025-06-20,8,Gym Floor,92
CI003827,M0230,2025-06-18,6,Gym Floor,50
CI003828,M0230,2025-08-02,17,Zumba,34
CI003829,M0230,2025-08-22,18,Gym Floor,48
CI003830,M0230,2025-03-28,19,Pilates,52
CI003831,M0230,2025-07-05,11,Gym Floor,39
CI003832,M0230,2025-08-29,18,Strength Training,32
CI003833,M0231,2025-07-10,7,Strength Training,48
CI003834,M0231,2025-08-05,18,Cardio,47
CI003835,M0231,2025-06-03,21,Zumba,47
CI003836,M0231,2025-04-22,12,Gym Floor,57
CI003837,M0231,2025-03-19,17,Gym Floor,44
CI003838,M0231,2025-07-29,11,Cardio,62
CI003839,M0231,2025-06-22,9,Gym Floor,43
CI003840,M0231,2025-08-09,7,Pilates,65
CI003841,M0231,2025-03-16,9,Gym Floor,73
CI003842,M0231,2025-04-21,7,Gym Floor,55
CI003843,M0231,2025-08-02,19,Zumba,55
CI003844,M0231,2025-06-07,21,Gym Floor,32
CI003845,M0231,2025-05-11,9,Yoga,66
CI003846,M0231,2025-05-10,7,Strength Training,81
CI003847,M0231,2025-05-15,7,Strength Training,50
CI003848,M0231,2025-07-19,8,Zumba,37
CI003849,M0231,2025-03-01,18,CrossFit,56
CI003850,M0231,2025-06-01,19,Gym Floor,38
CI003851,M0231,2025-08-02,18,Gym Floor,73
CI003852,M0231,2025-05-13,19,CrossFit,40
CI003853,M0231,2025-08-07,17,Pilates,60
CI003854,M0231,2025-05-29,8,Zumba,40
CI003855,M0231,2025-08-19,18,CrossFit,26
CI003856,M0231,2025-05-07,11,Gym Floor,58
CI003857,M0231,2025-08-14,18,Strength Training,66
CI003858,M0231,2025-03-22,8,HIIT,54
CI003859,M0231,2025-05-07,18,Spin,62
CI003860,M0231,2025-08-17,7,HIIT,100
CI003861,M0231,2025-05-12,16,Gym Floor,49
CI003862,M0232,2025-04-30,19,Zumba,38
CI003863,M0232,2025-07-17,7,Gym Floor,55
CI003864,M0232,2025-04-28,18,Strength Training,63
CI003865,M0232,2025-03-21,17,Spin,69
CI003866,M0232,2025-05-22,18,Gym Floor,43
CI003867,M0232,2025-08-04,18,Gym Floor,44
CI003868,M0233,2025-05-22,6,Strength Training,77
CI003869,M0233,2025-06-21,7,Spin,43
CI003870,M0233,2025-07-25,11,Zumba,70
CI003871,M0233,2025-07-27,16,Gym Floor,64
CI003872,M0233,2025-05-14,7,Cardio,64
CI003873,M0233,2025-05-29,20,Gym Floor,73
CI003874,M0233,2025-05-13,16,Gym Floor,57
CI003875,M0233,2025-03-21,18,CrossFit,54
CI003876,M0233,2025-06-02,7,Spin,28
CI003877,M0233,2025-07-06,18,Zumba,47
CI003878,M0233,2025-05-10,19,Cardio,53
CI003879,M0233,2025-06-08,8,Gym Floor,93
CI003880,M0233,2025-08-21,7,Zumba,55
CI003881,M0233,2025-06-03,8,Gym Floor,33
CI003882,M0233,2025-04-29,9,Gym Floor,31
CI003883,M0233,2025-05-03,6,HIIT,30
CI003884,M0233,2025-08-19,8,Gym Floor,59
CI003885,M0233,2025-08-07,7,HIIT,20
CI003886,M0233,2025-08-09,16,Cardio,66
CI003887,M0233,2025-04-10,18,Gym Floor,47
CI003888,M0234,2025-08-18,19,Strength Training,43
CI003889,M0234,2025-07-11,16,Gym Floor,42
CI003890,M0234,2025-04-08,7,Gym Floor,46
CI003891,M0234,2025-04-21,17,Gym Floor,74
CI003892,M0234,2025-05-05,6,Strength Training,48
CI003893,M0234,2025-07-16,7,Gym Floor,70
CI003894,M0234,2025-05-06,17,Zumba,55
CI003895,M0234,2025-08-04,18,Cardio,59
CI003896,M0234,2025-07-07,19,Gym Floor,57
CI003897,M0234,2025-06-17,10,Gym Floor,76
CI003898,M0234,2025-07-12,18,Gym Floor,39
CI003899,M0234,2025-04-10,7,Spin,80
CI003900,M0234,2025-08-04,16,Gym Floor,58
CI003901,M0234,2025-04-30,18,Pilates,59
CI003902,M0234,2025-06-26,19,Gym Floor,72
CI003903,M0234,2025-03-31,8,Cardio,69
CI003904,M0235,2025-07-22,7,Gym Floor,52
CI003905,M0235,2025-08-05,18,Gym Floor,43
CI003906,M0235,2025-05-18,8,HIIT,31
CI003907,M0235,2025-06-23,8,Zumba,61
CI003908,M0235,2025-05-28,18,Gym Floor,38
CI003909,M0235,2025-08-30,19,Spin,61
CI003910,M0235,2025-05-24,10,Gym Floor,51
CI003911,M0235,2025-04-19,10,Gym Floor,30
CI003912,M0235,2025-03-05,9,HIIT,29
CI003913,M0236,2025-08-27,12,Spin,89
CI003914,M0236,2025-03-22,20,Gym Floor,67
CI003915,M0236,2025-07-27,17,Gym Floor,70
CI003916,M0236,2025-06-07,18,Gym Floor,74
CI003917,M0236,2025-08-20,8,Spin,49
CI003918,M0236,2025-08-31,19,Gym Floor,66
CI003919,M0236,2025-06-06,19,Zumba,61
CI003920,M0236,2025-07-01,10,HIIT,47
CI003921,M0236,2025-07-09,7,Yoga,41
CI003922,M0236,2025-08-07,21,CrossFit,59
CI003923,M0236,2025-03-11,17,HIIT,46
CI003924,M0236,2025-05-24,19,Spin,77
CI003925,M0236,2025-08-08,17,Cardio,55
CI003926,M0236,2025-04-19,16,Gym Floor,58
CI003927,M0236,2025-07-30,19,Gym Floor,49
CI003928,M0236,2025-04-27,18,Yoga,68
CI003929,M0236,2025-04-29,19,Gym Floor,61
CI003930,M0236,2025-08-02,18,HIIT,50
CI003931,M0236,2025-04-21,20,CrossFit,60
CI003932,M0236,2025-08-15,10,Gym Floor,37
CI003933,M0236,2025-04-06,19,Zumba,52
CI003934,M0236,2025-07-23,21,Gym Floor,38
CI003935,M0236,2025-04-05,18,Gym Floor,74
CI003936,M0236,2025-03-18,17,Gym Floor,52
CI003937,M0236,2025-05-15,19,Gym Floor,88
CI003938,M0236,2025-03-03,19,Gym Floor,71
CI003939,M0236,2025-08-16,12,Zumba,62
CI003940,M0236,2025-06-09,6,Gym Floor,66
CI003941,M0237,2025-05-05,11,Zumba,64
CI003942,M0237,2025-04-27,18,Zumba,59
CI003943,M0237,2025-08-03,6,Gym Floor,33
CI003944,M0237,2025-04-27,18,Yoga,56
CI003945,M0237,2025-04-15,19,Gym Floor,61
CI003946,M0237,2025-03-29,18,Pilates,77
CI003947,M0239,2025-08-01,7,Gym Floor,45
CI003948,M0239,2025-04-01,17,Zumba,44
CI003949,M0239,2025-04-25,8,Gym Floor,55
CI003950,M0239,2025-03-02,16,Gym Floor,56
CI003951,M0239,2025-06-20,8,Gym Floor,54
CI003952,M0239,2025-07-25,20,Gym Floor,39
CI003953,M0239,2025-07-10,18,Yoga,35
CI003954,M0239,2025-05-12,16,Gym Floor,66
CI003955,M0239,2025-08-22,18,Gym Floor,69
CI003956,M0239,2025-04-05,7,Zumba,49
CI003957,M0239,2025-03-13,18,Gym Floor,45
CI003958,M0240,2025-06-17,17,Yoga,36
CI003959,M0240,2025-08-16,18,Cardio,26
CI003960,M0240,2025-03-04,11,Gym Floor,46
CI003961,M0240,2025-07-19,7,CrossFit,50
CI003962,M0240,2025-03-25,19,Gym Floor,67
CI003963,M0240,2025-08-19,9,Spin,42
CI003964,M0240,2025-07-31,19,Pilates,82
CI003965,M0240,2025-07-03,8,Cardio,59
CI003966,M0240,2025-07-26,17,Spin,57
CI003967,M0240,2025-07-14,18,Spin,71
CI003968,M0240,2025-03-04,18,Pilates,42
CI003969,M0241,2025-06-07,16,Gym Floor,21
CI003970,M0241,2025-06-01,17,Cardio,94
CI003971,M0242,2025-05-17,9,Spin,50
CI003972,M0242,2025-08-11,17,Gym Floor,74
CI003973,M0242,2025-03-07,8,Pilates,21
CI003974,M0242,2025-06-10,10,Yoga,72
CI003975,M0242,2025-08-21,18,Spin,71
CI003976,M0242,2025-05-04,10,Gym Floor,56
CI003977,M0242,2025-04-09,16,Gym Floor,31
CI003978,M0242,2025-03-01,18,Spin,80
CI003979,M0242,2025-03-13,16,Gym Floor,30
CI003980,M0242,2025-07-12,16,HIIT,56
CI003981,M0242,2025-07-10,8,Gym Floor,61
CI003982,M0242,2025-06-02,16,Gym Floor,51
CI003983,M0242,2025-07-28,19,Cardio,68
CI003984,M0242,2025-03-19,7,HIIT,45
CI003985,M0242,2025-07-12,18,Strength Training,66
CI003986,M0242,2025-08-09,10,Gym Floor,45
CI003987,M0242,2025-07-27,6,Zumba,45
CI003988,M0242,2025-08-19,8,Spin,74
CI003989,M0242,2025-08-12,17,Gym Floor,58
CI003990,M0242,2025-07-18,6,Pilates,39
CI003991,M0243,2025-05-26,16,Zumba,76
CI003992,M0243,2025-06-08,18,Gym Floor,69
CI003993,M0243,2025-08-29,10,Gym Floor,40
CI003994,M0243,2025-05-23,19,Spin,84
CI003995,M0243,2025-06-01,18,Gym Floor,66
CI003996,M0243,2025-06-17,9,Spin,66
CI003997,M0243,2025-05-03,16,Strength Training,27
CI003998,M0243,2025-05-20,19,Strength Training,70
CI003999,M0243,2025-04-21,9,Spin,75
CI004000,M0243,2025-08-16,20,Pilates,83
CI004001,M0243,2025-08-25,16,Spin,27
CI004002,M0243,2025-07-30,18,Spin,44
CI004003,M0243,2025-03-03,16,Cardio,53
CI004004,M0243,2025-08-14,7,Cardio,64
CI004005,M0244,2025-04-01,16,Yoga,89
CI004006,M0244,2025-04-12,12,Spin,40
CI004007,M0244,2025-04-04,6,Zumba,62
CI004008,M0244,2025-05-24,7,Gym Floor,71
CI004009,M0244,2025-06-13,19,Zumba,51
CI004010,M0244,2025-06-14,20,Cardio,75
CI004011,M0244,2025-07-22,10,Gym Floor,27
CI004012,M0244,2025-06-17,12,Yoga,64
CI004013,M0244,2025-03-11,16,Yoga,48
CI004014,M0244,2025-07-22,20,Gym Floor,83
CI004015,M0244,2025-08-22,6,Gym Floor,52
CI004016,M0244,2025-05-06,21,Yoga,53
CI004017,M0244,2025-07-21,10,Gym Floor,69
CI004018,M0244,2025-03-05,7,Gym Floor,54
CI004019,M0245,2025-05-08,7,Gym Floor,42
CI004020,M0245,2025-08-04,10,Pilates,76
CI004021,M0245,2025-06-22,10,Gym Floor,44
CI004022,M0245,2025-05-09,18,Gym Floor,52
CI004023,M0245,2025-07-22,7,Gym Floor,75
CI004024,M0245,2025-04-18,17,Gym Floor,74
CI004025,M0245,2025-08-27,8,Gym Floor,81
CI004026,M0245,2025-06-29,6,Gym Floor,50
CI004027,M0245,2025-06-17,20,Gym Floor,69
CI004028,M0245,2025-07-20,12,CrossFit,60
CI004029,M0245,2025-03-12,19,Gym Floor,104
CI004030,M0246,2025-08-02,16,Gym Floor,45
CI004031,M0246,2025-04-24,11,Yoga,41
CI004032,M0246,2025-03-28,8,HIIT,71
CI004033,M0246,2025-08-29,18,Gym Floor,78
CI004034,M0246,2025-03-26,16,Gym Floor,43
CI004035,M0246,2025-05-05,20,Strength Training,57
CI004036,M0246,2025-08-14,16,Strength Training,70
CI004037,M0246,2025-04-06,12,Gym Floor,54
CI004038,M0246,2025-06-15,9,Gym Floor,80
CI004039,M0246,2025-07-13,18,Gym Floor,42
CI004040,M0246,2025-05-01,16,Yoga,85
CI004041,M0246,2025-06-13,19,CrossFit,57
CI004042,M0247,2025-03-01,11,Spin,59
CI004043,M0247,2025-08-05,21,Gym Floor,60
CI004044,M0247,2025-06-30,7,HIIT,46
CI004045,M0247,2025-03-01,6,Gym Floor,51
CI004046,M0247,2025-07-02,18,HIIT,26
CI004047,M0247,2025-04-14,19,Zumba,67
CI004048,M0247,2025-07-08,20,Zumba,35
CI004049,M0247,2025-04-21,20,Yoga,67
CI004050,M0247,2025-03-02,6,Gym Floor,24
CI004051,M0247,2025-07-09,7,Gym Floor,63
CI004052,M0247,2025-04-24,17,Pilates,57
CI004053,M0247,2025-04-30,17,Yoga,53
CI004054,M0247,2025-05-19,11,Gym Floor,32
CI004055,M0247,2025-05-25,8,Gym Floor,83
CI004056,M0247,2025-03-13,19,Gym Floor,85
CI004057,M0247,2025-05-07,6,Gym Floor,62
CI004058,M0247,2025-07-29,9,Gym Floor,43
CI004059,M0247,2025-05-06,16,Gym Floor,47
CI004060,M0247,2025-03-08,12,Gym Floor,35
CI004061,M0247,2025-08-09,19,Gym Floor,34
CI004062,M0247,2025-06-10,17,Gym Floor,54
CI004063,M0247,2025-07-15,8,Pilates,53
CI004064,M0247,2025-06-08,12,HIIT,52
CI004065,M0247,2025-06-18,11,Strength Training,68
CI004066,M0247,2025-05-05,7,Gym Floor,47
CI004067,M0247,2025-06-19,16,HIIT,49
CI004068,M0249,2025-04-26,6,Gym Floor,38
CI004069,M0249,2025-05-21,12,Gym Floor,82
CI004070,M0249,2025-08-26,9,Zumba,41
CI004071,M0249,2025-04-03,7,Cardio,28
CI004072,M0249,2025-03-13,16,Gym Floor,37
CI004073,M0249,2025-03-21,16,Gym Floor,88
CI004074,M0249,2025-07-06,6,Gym Floor,54
CI004075,M0249,2025-07-06,18,Gym Floor,72
CI004076,M0249,2025-08-01,19,CrossFit,47
CI004077,M0249,2025-08-07,12,Gym Floor,35
CI004078,M0249,2025-07-30,8,HIIT,69
CI004079,M0249,2025-08-16,17,CrossFit,30
CI004080,M0249,2025-06-29,17,CrossFit,20
CI004081,M0249,2025-03-26,17,Strength Training,65
CI004082,M0249,2025-07-06,16,Cardio,53
CI004083,M0249,2025-03-05,7,Gym Floor,70
CI004084,M0249,2025-04-01,10,Pilates,39
CI004085,M0249,2025-04-30,19,Spin,55
CI004086,M0250,2025-04-20,6,Gym Floor,26
CI004087,M0250,2025-08-22,7,Yoga,62
CI004088,M0250,2025-07-29,18,Gym Floor,46
CI004089,M0250,2025-05-12,18,Cardio,95
CI004090,M0250,2025-03-13,6,Gym Floor,50
CI004091,M0250,2025-05-04,9,Gym Floor,39
CI004092,M0250,2025-05-26,18,CrossFit,57
CI004093,M0252,2025-05-02,21,Gym Floor,56
CI004094,M0252,2025-05-02,8,Gym Floor,38
CI004095,M0252,2025-08-24,12,Spin,39
CI004096,M0252,2025-05-16,17,Yoga,79
CI004097,M0252,2025-05-31,21,Gym Floor,48
CI004098,M0252,2025-08-08,16,Gym Floor,85
CI004099,M0252,2025-04-04,19,Cardio,49
CI004100,M0252,2025-06-24,6,Yoga,73
CI004101,M0252,2025-04-26,18,Gym Floor,76
CI004102,M0253,2025-06-21,19,Strength Training,36
CI004103,M0253,2025-08-13,16,Gym Floor,27
CI004104,M0253,2025-08-14,19,CrossFit,33
CI004105,M0253,2025-06-21,17,Gym Floor,28
CI004106,M0253,2025-07-28,17,Zumba,20
CI004107,M0253,2025-08-05,21,HIIT,42
CI004108,M0253,2025-04-06,17,Spin,58
CI004109,M0253,2025-08-13,19,Spin,55
CI004110,M0253,2025-07-26,12,Gym Floor,70
CI004111,M0253,2025-07-30,19,Pilates,67
CI004112,M0253,2025-06-29,18,Strength Training,26
CI004113,M0253,2025-03-22,7,Gym Floor,50
CI004114,M0253,2025-08-17,7,HIIT,63
CI004115,M0253,2025-03-21,21,Yoga,65
CI004116,M0253,2025-03-17,18,Gym Floor,54
CI004117,M0253,2025-03-16,6,Yoga,57
CI004118,M0253,2025-06-13,9,HIIT,73
CI004119,M0253,2025-05-17,19,Gym Floor,20
CI004120,M0253,2025-04-26,20,Gym Floor,26
CI004121,M0253,2025-05-08,8,Gym Floor,20
CI004122,M0253,2025-06-16,19,Yoga,81
CI004123,M0253,2025-05-04,6,Gym Floor,36
CI004124,M0253,2025-04-28,8,Pilates,61
CI004125,M0253,2025-06-09,17,Gym Floor,55
CI004126,M0253,2025-07-13,18,Pilates,40
CI004127,M0253,2025-07-13,17,Zumba,66
CI004128,M0253,2025-08-02,8,CrossFit,104
CI004129,M0253,2025-05-24,17,Gym Floor,72
CI004130,M0253,2025-06-27,16,Pilates,64
CI004131,M0254,2025-03-09,10,Zumba,60
CI004132,M0254,2025-05-11,20,Pilates,64
CI004133,M0254,2025-08-17,18,Gym Floor,72
CI004134,M0254,2025-06-07,8,Spin,43
CI004135,M0254,2025-04-30,21,Gym Floor,43
CI004136,M0254,2025-08-29,19,Gym Floor,25
CI004137,M0254,2025-03-04,18,Zumba,58
CI004138,M0254,2025-06-04,9,Gym Floor,56
CI004139,M0254,2025-06-24,20,Spin,32
CI004140,M0254,2025-05-29,17,Gym Floor,74
CI004141,M0254,2025-07-26,20,Gym Floor,92
CI004142,M0254,2025-05-22,17,Pilates,51
CI004143,M0254,2025-05-10,7,Gym Floor,76
CI004144,M0254,2025-04-15,18,Gym Floor,64
CI004145,M0254,2025-08-30,9,Gym Floor,46
CI004146,M0254,2025-06-11,8,Gym Floor,82
CI004147,M0254,2025-06-15,20,HIIT,45
CI004148,M0254,2025-04-14,18,Yoga,42
CI004149,M0254,2025-03-09,8,Gym Floor,43
CI004150,M0254,2025-05-13,9,CrossFit,81
CI004151,M0254,2025-05-27,10,HIIT,43
CI004152,M0255,2025-08-14,12,Spin,67
CI004153,M0255,2025-05-26,6,CrossFit,77
CI004154,M0255,2025-03-05,17,Gym Floor,71
CI004155,M0255,2025-08-07,20,Gym Floor,81
CI004156,M0255,2025-05-27,21,Gym Floor,67
CI004157,M0255,2025-06-26,6,Gym Floor,50
CI004158,M0255,2025-04-10,9,Gym Floor,28
CI004159,M0255,2025-08-16,9,Gym Floor,37
CI004160,M0255,2025-06-19,12,Yoga,51
CI004161,M0255,2025-06-07,18,Spin,23
CI004162,M0255,2025-06-09,20,Gym Floor,61
CI004163,M0255,2025-06-07,7,Gym Floor,54
CI004164,M0255,2025-08-11,12,CrossFit,76
CI004165,M0255,2025-05-26,18,Spin,34
CI004166,M0255,2025-04-03,7,Gym Floor,68
CI004167,M0256,2025-06-28,9,Pilates,60
CI004168,M0256,2025-08-03,21,Zumba,42
CI004169,M0256,2025-08-10,16,HIIT,42
CI004170,M0256,2025-05-29,21,Spin,42
CI004171,M0256,2025-07-05,17,Gym Floor,31
CI004172,M0256,2025-04-03,17,Gym Floor,62
CI004173,M0257,2025-04-06,17,Yoga,33
CI004174,M0257,2025-07-25,11,Pilates,70
CI004175,M0257,2025-06-04,6,Spin,44
CI004176,M0257,2025-07-17,7,Gym Floor,43
CI004177,M0257,2025-03-08,20,Zumba,68
CI004178,M0257,2025-06-09,6,Gym Floor,36
CI004179,M0257,2025-03-05,21,HIIT,40
CI004180,M0257,2025-05-22,6,Zumba,32
CI004181,M0257,2025-05-13,12,Gym Floor,85
CI004182,M0257,2025-05-24,19,HIIT,56
CI004183,M0257,2025-04-03,19,Strength Training,54
CI004184,M0257,2025-08-13,17,Gym Floor,86
CI004185,M0257,2025-07-11,9,Gym Floor,62
CI004186,M0258,2025-08-10,19,Yoga,60
CI004187,M0258,2025-08-14,19,Strength Training,65
CI004188,M0258,2025-04-27,21,Gym Floor,72
CI004189,M0258,2025-03-02,17,Pilates,68
CI004190,M0258,2025-05-03,10,Gym Floor,51
CI004191,M0258,2025-05-09,17,Gym Floor,70
CI004192,M0258,2025-04-29,8,Gym Floor,99
CI004193,M0258,2025-05-19,17,Gym Floor,52
CI004194,M0258,2025-08-03,8,Pilates,50
CI004195,M0258,2025-03-22,21,Zumba,70
CI004196,M0258,2025-04-07,9,Gym Floor,64
CI004197,M0258,2025-05-26,7,Zumba,70
CI004198,M0259,2025-05-16,17,Gym Floor,67
CI004199,M0259,2025-04-09,7,HIIT,47
CI004200,M0259,2025-05-29,16,Spin,80
CI004201,M0259,2025-03-25,8,Spin,55
CI004202,M0259,2025-05-13,18,Gym Floor,34
CI004203,M0259,2025-08-07,16,Spin,56
CI004204,M0259,2025-03-22,6,Spin,66
CI004205,M0259,2025-08-27,19,Strength Training,72
CI004206,M0260,2025-03-29,12,Gym Floor,48
CI004207,M0260,2025-05-12,9,Pilates,23
CI004208,M0260,2025-05-19,17,Gym Floor,35
CI004209,M0260,2025-08-24,18,HIIT,44
CI004210,M0260,2025-07-18,8,Strength Training,83
CI004211,M0260,2025-04-18,17,Strength Training,56
CI004212,M0260,2025-08-20,17,Gym Floor,80
CI004213,M0260,2025-08-15,7,CrossFit,50
CI004214,M0260,2025-07-29,8,Gym Floor,80
CI004215,M0260,2025-08-12,16,Gym Floor,34
CI004216,M0260,2025-08-24,16,Gym Floor,53
CI004217,M0260,2025-05-13,18,Gym Floor,43
CI004218,M0260,2025-03-17,21,Zumba,63
CI004219,M0260,2025-07-15,18,Gym Floor,25
CI004220,M0260,2025-03-13,7,Gym Floor,29
CI004221,M0260,2025-06-27,16,Strength Training,60
CI004222,M0260,2025-06-23,19,CrossFit,72
CI004223,M0260,2025-06-26,8,Pilates,41
CI004224,M0260,2025-07-28,9,Gym Floor,49
CI004225,M0260,2025-07-11,7,Spin,44
CI004226,M0260,2025-05-26,9,Spin,47
CI004227,M0260,2025-07-17,9,Strength Training,83
CI004228,M0260,2025-05-27,10,Gym Floor,59
CI004229,M0260,2025-03-21,12,Gym Floor,76
CI004230,M0260,2025-07-06,11,Yoga,74
CI004231,M0260,2025-07-07,9,CrossFit,74
CI004232,M0261,2025-03-20,19,Gym Floor,75
CI004233,M0261,2025-03-30,16,Spin,71
CI004234,M0262,2025-05-17,7,Gym Floor,73
CI004235,M0262,2025-03-13,18,CrossFit,65
CI004236,M0262,2025-06-05,17,Gym Floor,56
CI004237,M0262,2025-07-06,7,Gym Floor,76
CI004238,M0262,2025-08-22,18,HIIT,94
CI004239,M0262,2025-04-22,10,Gym Floor,85
CI004240,M0262,2025-06-10,9,Spin,40
CI004241,M0262,2025-04-07,7,Gym Floor,69
CI004242,M0262,2025-08-17,9,Cardio,28
CI004243,M0262,2025-05-03,7,HIIT,45
CI004244,M0262,2025-07-28,19,Zumba,34
CI004245,M0262,2025-05-21,17,HIIT,49
CI004246,M0263,2025-03-10,9,Gym Floor,59
CI004247,M0263,2025-06-12,19,HIIT,61
CI004248,M0263,2025-03-01,9,HIIT,72
CI004249,M0263,2025-04-22,20,Yoga,31
CI004250,M0263,2025-04-28,8,Gym Floor,37
CI004251,M0263,2025-03-16,6,Spin,41
CI004252,M0263,2025-04-28,18,CrossFit,72
CI004253,M0263,2025-06-06,19,Gym Floor,48
CI004254,M0263,2025-04-26,19,Zumba,32
CI004255,M0263,2025-07-02,18,Gym Floor,43
CI004256,M0263,2025-06-19,8,HIIT,70
CI004257,M0263,2025-04-06,12,HIIT,57
CI004258,M0263,2025-07-20,11,Gym Floor,51
CI004259,M0263,2025-03-13,10,Gym Floor,46
CI004260,M0263,2025-05-24,19,Gym Floor,68
CI004261,M0263,2025-08-29,8,HIIT,57
CI004262,M0263,2025-06-08,12,Gym Floor,20
CI004263,M0263,2025-07-28,7,Gym Floor,27
CI004264,M0263,2025-07-25,9,Gym Floor,57
CI004265,M0263,2025-08-02,20,Gym Floor,66
CI004266,M0263,2025-06-15,17,Gym Floor,42
CI004267,M0263,2025-04-07,17,Cardio,79
CI004268,M0263,2025-06-21,18,Cardio,43
CI004269,M0263,2025-04-21,18,Gym Floor,48
CI004270,M0264,2025-06-25,18,Gym Floor,58
CI004271,M0264,2025-03-07,18,Gym Floor,38
CI004272,M0264,2025-04-13,9,Spin,60
CI004273,M0264,2025-04-20,19,Gym Floor,41
CI004274,M0264,2025-03-19,10,Gym Floor,47
CI004275,M0264,2025-08-06,19,Pilates,105
CI004276,M0264,2025-06-12,19,Spin,74
CI004277,M0264,2025-07-21,17,CrossFit,38
CI004278,M0264,2025-03-24,18,Pilates,48
CI004279,M0264,2025-08-08,16,Gym Floor,65
CI004280,M0264,2025-08-12,9,CrossFit,80
CI004281,M0264,2025-05-15,9,Gym Floor,66
CI004282,M0264,2025-03-02,19,Yoga,33
CI004283,M0264,2025-07-03,6,Zumba,41
CI004284,M0264,2025-07-30,18,HIIT,39
CI004285,M0264,2025-03-15,18,CrossFit,26
CI004286,M0264,2025-06-02,17,Gym Floor,59
CI004287,M0264,2025-05-16,18,CrossFit,43
CI004288,M0264,2025-07-06,19,Gym Floor,53
CI004289,M0264,2025-03-24,8,Gym Floor,104
CI004290,M0264,2025-06-28,9,Pilates,26
CI004291,M0264,2025-06-29,11,Strength Training,50
CI004292,M0264,2025-04-24,8,Strength Training,43
CI004293,M0264,2025-04-06,20,Cardio,62
CI004294,M0264,2025-05-14,8,Gym Floor,48
CI004295,M0264,2025-07-29,16,Gym Floor,58
CI004296,M0264,2025-08-16,6,Zumba,73
CI004297,M0264,2025-04-22,9,Gym Floor,29
CI004298,M0264,2025-08-02,16,Yoga,35
CI004299,M0264,2025-06-14,20,Cardio,60
CI004300,M0264,2025-08-10,7,Gym Floor,20
CI004301,M0264,2025-08-30,9,Gym Floor,65
CI004302,M0264,2025-04-16,17,Gym Floor,63
CI004303,M0264,2025-06-25,18,Cardio,59
CI004304,M0264,2025-08-28,7,CrossFit,20
CI004305,M0264,2025-04-16,19,Yoga,20
CI004306,M0264,2025-04-08,18,Gym Floor,48
CI004307,M0264,2025-08-16,11,CrossFit,20
CI004308,M0264,2025-08-11,7,Gym Floor,62
CI004309,M0264,2025-04-22,20,Strength Training,77
CI004310,M0265,2025-03-11,6,Gym Floor,60
CI004311,M0265,2025-04-25,16,HIIT,68
CI004312,M0265,2025-03-17,17,Cardio,43
CI004313,M0265,2025-06-30,7,Spin,43
CI004314,M0265,2025-03-26,7,Pilates,56
CI004315,M0265,2025-03-18,8,Yoga,61
CI004316,M0265,2025-08-27,12,Gym Floor,51
CI004317,M0265,2025-03-25,18,Gym Floor,57
CI004318,M0265,2025-05-31,10,Gym Floor,20
CI004319,M0265,2025-03-09,7,HIIT,48
CI004320,M0265,2025-07-29,6,Gym Floor,46
CI004321,M0265,2025-05-14,19,Strength Training,53
CI004322,M0265,2025-06-30,16,Gym Floor,37
CI004323,M0265,2025-07-25,8,Spin,64
CI004324,M0265,2025-06-17,6,Gym Floor,57
CI004325,M0265,2025-03-10,17,Cardio,65
CI004326,M0265,2025-04-26,17,Cardio,41
CI004327,M0265,2025-03-17,21,Gym Floor,43
CI004328,M0265,2025-04-20,7,Zumba,45
CI004329,M0265,2025-06-13,11,Gym Floor,63
CI004330,M0265,2025-05-11,6,Gym Floor,26
CI004331,M0265,2025-06-19,18,CrossFit,46
CI004332,M0266,2025-03-03,18,HIIT,50
CI004333,M0266,2025-03-19,19,Gym Floor,32
CI004334,M0266,2025-08-10,18,Yoga,73
CI004335,M0266,2025-05-03,7,Gym Floor,74
CI004336,M0266,2025-06-06,6,Gym Floor,78
CI004337,M0266,2025-06-21,11,Strength Training,32
CI004338,M0266,2025-07-07,19,Gym Floor,57
CI004339,M0266,2025-08-31,11,HIIT,64
CI004340,M0266,2025-08-26,11,Gym Floor,64
CI004341,M0266,2025-08-01,16,Strength Training,84
CI004342,M0266,2025-07-17,17,Cardio,63
CI004343,M0266,2025-05-31,6,Cardio,71
CI004344,M0266,2025-04-03,8,CrossFit,20
CI004345,M0266,2025-06-10,16,Zumba,60
CI004346,M0266,2025-05-20,9,HIIT,78
CI004347,M0266,2025-04-23,7,Gym Floor,54
CI004348,M0266,2025-06-05,16,Gym Floor,36
CI004349,M0266,2025-08-17,18,Gym Floor,69
CI004350,M0266,2025-05-29,17,Cardio,56
CI004351,M0266,2025-06-05,20,Gym Floor,65
CI004352,M0266,2025-04-09,20,HIIT,53
CI004353,M0266,2025-03-10,17,Strength Training,50
CI004354,M0266,2025-06-12,19,Yoga,20
CI004355,M0266,2025-08-17,16,Gym Floor,67
CI004356,M0266,2025-03-13,17,Yoga,58
CI004357,M0266,2025-03-14,19,Gym Floor,85
CI004358,M0266,2025-03-04,18,Gym Floor,66
CI004359,M0266,2025-05-20,17,Yoga,54
CI004360,M0266,2025-07-16,19,Gym Floor,43
CI004361,M0266,2025-03-09,8,Spin,55
CI004362,M0266,2025-05-01,21,Gym Floor,54
CI004363,M0266,2025-05-26,9,Gym Floor,53
CI004364,M0266,2025-04-18,17,Gym Floor,79
CI004365,M0266,2025-06-01,21,Gym Floor,59
CI004366,M0266,2025-05-26,11,Gym Floor,74
CI004367,M0266,2025-08-23,8,Strength Training,38
CI004368,M0266,2025-05-01,19,Spin,76
CI004369,M0266,2025-06-10,7,Cardio,41
CI004370,M0266,2025-03-08,19,Strength Training,81
CI004371,M0266,2025-05-23,16,Pilates,108
CI004372,M0266,2025-07-28,6,Gym Floor,76
CI004373,M0266,2025-08-26,20,Cardio,64
CI004374,M0266,2025-07-21,18,Gym Floor,60
CI004375,M0266,2025-08-04,19,Gym Floor,60
CI004376,M0266,2025-03-20,11,Gym Floor,54
CI004377,M0267,2025-08-17,19,Zumba,57
CI004378,M0267,2025-06-24,19,Gym Floor,59
CI004379,M0267,2025-08-13,21,Gym Floor,20
CI004380,M0267,2025-03-02,10,Spin,71
CI004381,M0267,2025-08-15,7,CrossFit,39
CI004382,M0267,2025-05-21,19,Gym Floor,81
CI004383,M0267,2025-07-15,17,HIIT,26
CI004384,M0267,2025-03-30,18,Gym Floor,88
CI004385,M0267,2025-04-19,20,Pilates,51
CI004386,M0267,2025-06-07,8,Gym Floor,45
CI004387,M0267,2025-05-28,18,Zumba,34
CI004388,M0267,2025-04-17,11,Gym Floor,80
CI004389,M0267,2025-04-29,20,Gym Floor,76
CI004390,M0267,2025-07-06,20,Yoga,51
CI004391,M0267,2025-03-19,18,Yoga,45
CI004392,M0267,2025-07-29,7,Zumba,29
CI004393,M0267,2025-07-02,19,Pilates,21
CI004394,M0267,2025-06-26,18,Spin,67
CI004395,M0267,2025-06-04,17,Gym Floor,67
CI004396,M0267,2025-05-06,8,Yoga,53
CI004397,M0267,2025-08-15,7,Gym Floor,63
CI004398,M0267,2025-03-06,20,Gym Floor,26
CI004399,M0267,2025-06-01,17,HIIT,45
CI004400,M0268,2025-08-13,17,CrossFit,51
CI004401,M0268,2025-06-14,10,CrossFit,50
CI004402,M0268,2025-04-28,20,Gym Floor,82
CI004403,M0268,2025-06-01,6,CrossFit,78
CI004404,M0268,2025-05-19,16,Gym Floor,80
CI004405,M0268,2025-06-09,8,Zumba,51
CI004406,M0268,2025-08-01,18,Zumba,59
CI004407,M0268,2025-06-15,7,Yoga,54
CI004408,M0268,2025-06-16,6,Gym Floor,64
CI004409,M0268,2025-07-06,16,CrossFit,61
CI004410,M0268,2025-04-10,8,Spin,61
CI004411,M0268,2025-04-22,6,CrossFit,60
CI004412,M0268,2025-05-01,7,Gym Floor,39
CI004413,M0268,2025-07-08,19,CrossFit,58
CI004414,M0268,2025-06-21,19,Spin,62
CI004415,M0268,2025-05-20,18,Zumba,56
CI004416,M0268,2025-03-13,17,Gym Floor,60
CI004417,M0268,2025-05-30,11,Gym Floor,41
CI004418,M0268,2025-07-21,21,Pilates,29
CI004419,M0268,2025-08-19,9,CrossFit,74
CI004420,M0268,2025-03-26,21,Gym Floor,89
CI004421,M0268,2025-08-19,18,Gym Floor,55
CI004422,M0268,2025-04-01,6,Gym Floor,87
CI004423,M0268,2025-07-26,8,Spin,106
CI004424,M0268,2025-07-26,19,Pilates,64
CI004425,M0269,2025-05-02,18,Gym Floor,25
CI004426,M0269,2025-06-07,8,Zumba,47
CI004427,M0269,2025-03-05,16,Gym Floor,42
CI004428,M0269,2025-06-02,9,Spin,67
CI004429,M0269,2025-04-13,9,Spin,67
CI004430,M0269,2025-05-07,10,Zumba,21
CI004431,M0269,2025-03-07,9,Pilates,20
CI004432,M0269,2025-07-05,20,Gym Floor,70
CI004433,M0269,2025-08-24,19,HIIT,93
CI004434,M0269,2025-06-10,7,Cardio,49
CI004435,M0269,2025-03-05,16,Gym Floor,57
CI004436,M0269,2025-07-05,19,CrossFit,61
CI004437,M0270,2025-06-09,16,Gym Floor,23
CI004438,M0270,2025-03-12,19,Pilates,20
CI004439,M0270,2025-06-28,11,Gym Floor,52
CI004440,M0270,2025-06-10,19,Strength Training,60
CI004441,M0270,2025-03-30,17,Spin,20
CI004442,M0270,2025-03-28,10,Strength Training,80
CI004443,M0270,2025-03-16,19,HIIT,38
CI004444,M0270,2025-08-26,18,Gym Floor,68
CI004445,M0270,2025-07-22,16,Strength Training,36
CI004446,M0270,2025-04-19,16,Gym Floor,43
CI004447,M0270,2025-08-04,12,Gym Floor,28
CI004448,M0270,2025-06-24,12,CrossFit,72
CI004449,M0270,2025-06-13,7,Pilates,45
CI004450,M0270,2025-07-02,18,Cardio,31
CI004451,M0270,2025-04-10,18,Gym Floor,47
CI004452,M0270,2025-03-20,19,Spin,51
CI004453,M0270,2025-03-08,8,Gym Floor,55
CI004454,M0270,2025-08-10,18,Gym Floor,100
CI004455,M0270,2025-03-12,9,Gym Floor,83
CI004456,M0271,2025-03-29,8,Strength Training,65
CI004457,M0271,2025-04-04,10,Pilates,45
CI004458,M0271,2025-04-20,18,Cardio,72
CI004459,M0271,2025-04-22,17,Pilates,53
CI004460,M0271,2025-06-14,8,CrossFit,34
CI004461,M0271,2025-08-04,6,Gym Floor,69
CI004462,M0271,2025-03-03,18,Gym Floor,34
CI004463,M0271,2025-05-14,17,Gym Floor,57
CI004464,M0271,2025-03-25,7,Spin,43
CI004465,M0271,2025-08-15,19,Gym Floor,85
CI004466,M0272,2025-07-06,11,HIIT,47
CI004467,M0272,2025-04-24,12,Cardio,72
CI004468,M0272,2025-06-03,18,Cardio,49
CI004469,M0272,2025-05-28,18,Zumba,88
CI004470,M0272,2025-05-30,8,Cardio,41
CI004471,M0272,2025-05-29,18,Gym Floor,74
CI004472,M0272,2025-04-20,7,Zumba,76
CI004473,M0273,2025-03-15,21,Pilates,83
CI004474,M0273,2025-04-14,16,Cardio,63
CI004475,M0273,2025-05-29,8,Pilates,93
CI004476,M0273,2025-07-07,16,Pilates,87
CI004477,M0273,2025-08-20,11,Gym Floor,20
CI004478,M0273,2025-08-01,18,Gym Floor,60
CI004479,M0273,2025-05-24,19,Zumba,73
CI004480,M0273,2025-05-05,9,Gym Floor,48
CI004481,M0273,2025-06-16,8,Cardio,49
CI004482,M0273,2025-07-09,18,Gym Floor,53
CI004483,M0273,2025-06-03,7,Zumba,59
CI004484,M0274,2025-05-21,10,Spin,60
CI004485,M0274,2025-08-22,17,Gym Floor,66
CI004486,M0274,2025-06-13,8,Zumba,76
CI004487,M0274,2025-03-22,19,Spin,68
CI004488,M0274,2025-08-31,19,HIIT,20
CI004489,M0274,2025-07-05,19,Gym Floor,20
CI004490,M0274,2025-08-01,19,Strength Training,42
CI004491,M0274,2025-03-08,18,Gym Floor,45
CI004492,M0274,2025-08-27,17,Zumba,34
CI004493,M0274,2025-05-15,8,Cardio,42
CI004494,M0275,2025-06-07,19,Gym Floor,54
CI004495,M0275,2025-06-30,8,Gym Floor,48
CI004496,M0275,2025-07-08,21,Gym Floor,90
CI004497,M0275,2025-06-27,19,Spin,45
CI004498,M0275,2025-08-23,19,Zumba,50
CI004499,M0275,2025-04-01,19,Yoga,42
CI004500,M0275,2025-04-18,11,Gym Floor,43
CI004501,M0275,2025-08-28,18,CrossFit,50
CI004502,M0275,2025-08-01,8,Yoga,35
CI004503,M0276,2025-03-04,8,HIIT,20
CI004504,M0276,2025-04-02,18,Gym Floor,65
CI004505,M0276,2025-06-08,12,Cardio,72
CI004506,M0276,2025-05-23,7,Gym Floor,64
CI004507,M0276,2025-06-25,19,Zumba,55
CI004508,M0276,2025-07-26,17,Gym Floor,53
CI004509,M0276,2025-08-14,7,Gym Floor,48
CI004510,M0277,2025-03-11,16,Gym Floor,39
CI004511,M0277,2025-05-29,11,Gym Floor,72
CI004512,M0277,2025-07-13,6,Pilates,87
CI004513,M0277,2025-06-02,19,Cardio,59
CI004514,M0277,2025-07-02,7,CrossFit,72
CI004515,M0277,2025-04-11,10,Pilates,24
CI004516,M0277,2025-07-03,7,CrossFit,49
CI004517,M0277,2025-03-25,17,Gym Floor,57
CI004518,M0277,2025-06-02,17,Pilates,70
CI004519,M0277,2025-06-11,10,Gym Floor,59
CI004520,M0277,2025-08-29,12,HIIT,79
CI004521,M0277,2025-03-09,9,Gym Floor,38
CI004522,M0277,2025-05-22,8,Gym Floor,39
CI004523,M0277,2025-05-22,19,Strength Training,78
CI004524,M0277,2025-05-11,17,Spin,81
CI004525,M0277,2025-07-05,7,Gym Floor,59
CI004526,M0277,2025-08-22,18,Zumba,23
CI004527,M0277,2025-07-17,17,Gym Floor,64
CI004528,M0277,2025-03-29,20,HIIT,78
CI004529,M0277,2025-08-26,6,Spin,28
CI004530,M0277,2025-05-09,18,Yoga,63
CI004531,M0279,2025-08-02,16,Gym Floor,70
CI004532,M0279,2025-07-04,21,Gym Floor,20
CI004533,M0280,2025-04-14,6,Yoga,63
CI004534,M0280,2025-06-29,19,Gym Floor,98
CI004535,M0280,2025-03-14,17,Gym Floor,74
CI004536,M0280,2025-04-17,19,CrossFit,60
CI004537,M0280,2025-03-09,7,Strength Training,56
CI004538,M0280,2025-07-10,19,Gym Floor,50
CI004539,M0280,2025-03-06,18,Zumba,45
CI004540,M0280,2025-03-27,18,Pilates,75
CI004541,M0280,2025-08-03,7,Gym Floor,71
CI004542,M0280,2025-08-15,16,Gym Floor,61
CI004543,M0280,2025-05-15,20,Gym Floor,71
CI004544,M0280,2025-03-28,19,Gym Floor,74
CI004545,M0280,2025-06-20,7,Zumba,34
CI004546,M0280,2025-04-19,20,Gym Floor,61
CI004547,M0280,2025-03-13,19,Zumba,32
CI004548,M0280,2025-03-06,19,Cardio,54
CI004549,M0280,2025-07-21,16,Zumba,47
CI004550,M0280,2025-08-25,18,HIIT,46
CI004551,M0280,2025-04-20,20,Gym Floor,23
CI004552,M0280,2025-08-26,8,Gym Floor,20
CI004553,M0280,2025-08-31,9,HIIT,79
CI004554,M0280,2025-08-31,7,Gym Floor,39
CI004555,M0280,2025-05-23,8,HIIT,43
CI004556,M0280,2025-06-16,17,Strength Training,59
CI004557,M0281,2025-06-11,19,Spin,60
CI004558,M0281,2025-03-23,17,Strength Training,54
CI004559,M0281,2025-08-04,8,Yoga,51
CI004560,M0281,2025-08-07,17,Gym Floor,34
CI004561,M0281,2025-08-07,8,Yoga,52
CI004562,M0281,2025-04-11,11,Yoga,34
CI004563,M0281,2025-06-17,10,Pilates,20
CI004564,M0282,2025-06-19,19,Spin,73
CI004565,M0282,2025-04-23,9,Gym Floor,20
CI004566,M0282,2025-08-05,17,Gym Floor,51
CI004567,M0282,2025-04-01,7,Gym Floor,69
CI004568,M0282,2025-03-04,18,Cardio,23
CI004569,M0282,2025-06-29,16,HIIT,44
CI004570,M0282,2025-08-09,17,Pilates,69
CI004571,M0282,2025-07-28,18,Pilates,89
CI004572,M0282,2025-05-04,18,Gym Floor,80
CI004573,M0282,2025-07-24,6,Gym Floor,40
CI004574,M0282,2025-03-05,20,Gym Floor,35
CI004575,M0282,2025-06-07,17,Gym Floor,49
CI004576,M0282,2025-06-24,18,Spin,27
CI004577,M0282,2025-05-24,7,Cardio,45
CI004578,M0282,2025-08-13,18,Gym Floor,90
CI004579,M0282,2025-04-15,17,Cardio,28
CI004580,M0282,2025-04-11,21,Gym Floor,47
CI004581,M0282,2025-03-26,17,Spin,75
CI004582,M0282,2025-08-02,8,Gym Floor,40
CI004583,M0282,2025-07-09,17,Pilates,56
CI004584,M0282,2025-05-25,10,Yoga,48
CI004585,M0282,2025-07-15,20,Gym Floor,28
CI004586,M0282,2025-04-05,9,Pilates,62
CI004587,M0282,2025-07-15,18,Pilates,69
CI004588,M0282,2025-05-21,7,Pilates,67
CI004589,M0283,2025-07-31,18,Gym Floor,49
CI004590,M0283,2025-08-04,12,Gym Floor,45
CI004591,M0283,2025-06-10,7,Gym Floor,67
CI004592,M0283,2025-05-14,17,Gym Floor,44
CI004593,M0283,2025-03-15,21,Yoga,39
CI004594,M0283,2025-03-31,18,Yoga,66
CI004595,M0284,2025-03-03,7,Zumba,70
CI004596,M0284,2025-04-09,8,Yoga,67
CI004597,M0284,2025-08-25,18,Strength Training,76
CI004598,M0284,2025-08-26,7,Yoga,51
CI004599,M0284,2025-04-22,6,Pilates,93
CI004600,M0284,2025-03-01,7,Spin,47
CI004601,M0284,2025-04-03,12,Pilates,54
CI004602,M0284,2025-05-21,10,Strength Training,47
CI004603,M0284,2025-04-02,6,Gym Floor,76
CI004604,M0284,2025-03-07,20,Zumba,72
CI004605,M0284,2025-03-06,19,Gym Floor,42
CI004606,M0284,2025-07-11,12,Gym Floor,39
CI004607,M0284,2025-08-21,7,Gym Floor,85
CI004608,M0284,2025-05-24,17,Zumba,46
CI004609,M0284,2025-05-05,18,Yoga,72
CI004610,M0284,2025-07-03,19,Gym Floor,48
CI004611,M0284,2025-03-22,8,Gym Floor,65
CI004612,M0284,2025-04-18,19,Pilates,42
CI004613,M0284,2025-06-01,8,Gym Floor,70
CI004614,M0284,2025-08-01,7,Cardio,62
CI004615,M0284,2025-07-06,17,Gym Floor,29
CI004616,M0285,2025-04-24,9,Gym Floor,76
CI004617,M0285,2025-03-08,10,Gym Floor,36
CI004618,M0285,2025-07-30,18,Cardio,66
CI004619,M0285,2025-04-20,19,HIIT,47
CI004620,M0285,2025-05-18,10,Zumba,26
CI004621,M0285,2025-06-29,18,Gym Floor,70
CI004622,M0285,2025-04-12,18,Strength Training,67
CI004623,M0285,2025-05-10,20,Cardio,42
CI004624,M0285,2025-05-18,9,Strength Training,46
CI004625,M0285,2025-07-23,8,Zumba,45
CI004626,M0285,2025-05-13,19,HIIT,99
CI004627,M0285,2025-06-28,19,Zumba,25
CI004628,M0285,2025-03-10,8,Strength Training,24
CI004629,M0285,2025-05-29,11,HIIT,76
CI004630,M0285,2025-07-18,19,Spin,65
CI004631,M0285,2025-03-29,6,Yoga,69
CI004632,M0285,2025-06-30,21,Gym Floor,36
CI004633,M0285,2025-03-10,19,Cardio,51
CI004634,M0285,2025-04-17,19,Gym Floor,71
CI004635,M0285,2025-06-03,7,Gym Floor,34
CI004636,M0285,2025-04-06,19,Spin,28
CI004637,M0285,2025-06-02,16,Gym Floor,31
CI004638,M0285,2025-08-25,8,Strength Training,70
CI004639,M0285,2025-08-02,17,Gym Floor,71
CI004640,M0285,2025-03-07,17,CrossFit,55
CI004641,M0285,2025-05-28,7,HIIT,66
CI004642,M0285,2025-05-14,6,Strength Training,61
CI004643,M0286,2025-05-29,9,Strength Training,30
CI004644,M0286,2025-08-05,6,Gym Floor,54
CI004645,M0286,2025-03-17,7,HIIT,53
CI004646,M0286,2025-06-05,18,Strength Training,58
CI004647,M0287,2025-04-17,19,Yoga,62
CI004648,M0287,2025-08-01,8,Gym Floor,34
CI004649,M0287,2025-04-09,12,Pilates,93
CI004650,M0287,2025-04-27,17,Gym Floor,60
CI004651,M0287,2025-05-16,18,Gym Floor,80
CI004652,M0287,2025-07-14,6,Yoga,50
CI004653,M0287,2025-05-24,17,Spin,64
CI004654,M0287,2025-05-12,18,Gym Floor,54
CI004655,M0288,2025-07-22,21,Gym Floor,40
CI004656,M0288,2025-05-18,18,CrossFit,43
CI004657,M0288,2025-07-27,19,Spin,57
CI004658,M0288,2025-07-18,18,CrossFit,67
CI004659,M0288,2025-03-25,19,HIIT,63
CI004660,M0288,2025-04-02,16,Gym Floor,66
CI004661,M0288,2025-06-28,18,Gym Floor,50
CI004662,M0288,2025-06-26,17,Yoga,80
CI004663,M0288,2025-06-04,6,Yoga,41
CI004664,M0288,2025-03-21,16,Spin,53
CI004665,M0288,2025-07-21,6,Gym Floor,57
CI004666,M0288,2025-07-18,16,Yoga,31
CI004667,M0288,2025-08-29,6,Strength Training,55
CI004668,M0288,2025-03-10,9,Gym Floor,57
CI004669,M0288,2025-04-13,18,Gym Floor,60
CI004670,M0288,2025-05-09,9,HIIT,56
CI004671,M0288,2025-08-06,18,Gym Floor,46
CI004672,M0288,2025-06-29,7,Yoga,47
CI004673,M0288,2025-04-17,9,Pilates,64
CI004674,M0288,2025-03-12,18,Strength Training,55
CI004675,M0288,2025-05-27,11,Yoga,74
CI004676,M0288,2025-05-01,18,Spin,71
CI004677,M0289,2025-06-21,17,Gym Floor,72
CI004678,M0289,2025-05-02,10,CrossFit,45
CI004679,M0289,2025-05-24,19,Spin,43
CI004680,M0289,2025-06-23,7,Pilates,84
CI004681,M0289,2025-07-01,16,Gym Floor,78
CI004682,M0289,2025-03-11,10,Gym Floor,65
CI004683,M0289,2025-04-28,17,Strength Training,58
CI004684,M0289,2025-04-29,17,Pilates,72
CI004685,M0289,2025-08-22,11,Yoga,53
CI004686,M0289,2025-07-11,18,Strength Training,45
CI004687,M0289,2025-08-13,10,Cardio,41
CI004688,M0289,2025-03-08,10,HIIT,62
CI004689,M0289,2025-05-13,9,Yoga,23
CI004690,M0289,2025-06-04,19,Cardio,55
CI004691,M0289,2025-05-13,19,Gym Floor,105
CI004692,M0289,2025-03-26,20,HIIT,72
CI004693,M0289,2025-03-24,16,Gym Floor,55
CI004694,M0289,2025-06-29,7,CrossFit,37
CI004695,M0289,2025-08-19,17,Gym Floor,69
CI004696,M0289,2025-03-11,9,Pilates,64
CI004697,M0289,2025-07-09,18,Spin,49
CI004698,M0289,2025-08-27,18,Yoga,50
CI004699,M0289,2025-07-06,12,Gym Floor,57
CI004700,M0289,2025-08-04,7,Gym Floor,41
CI004701,M0289,2025-03-16,11,Gym Floor,36
CI004702,M0289,2025-08-13,17,HIIT,57
CI004703,M0290,2025-05-05,7,Gym Floor,53
CI004704,M0290,2025-07-01,6,Gym Floor,24
CI004705,M0290,2025-08-18,7,Strength Training,59
CI004706,M0290,2025-08-04,19,Gym Floor,49
CI004707,M0290,2025-04-08,6,CrossFit,55
CI004708,M0290,2025-04-25,16,Gym Floor,47
CI004709,M0290,2025-08-23,18,CrossFit,42
CI004710,M0290,2025-07-31,19,Gym Floor,29
CI004711,M0290,2025-03-30,19,Zumba,61
CI004712,M0290,2025-05-12,21,Zumba,71
CI004713,M0290,2025-07-16,6,Gym Floor,43
CI004714,M0290,2025-04-02,11,Gym Floor,37
CI004715,M0290,2025-06-30,18,Gym Floor,83
CI004716,M0290,2025-04-05,12,Gym Floor,48
CI004717,M0291,2025-06-30,18,Zumba,58
CI004718,M0291,2025-05-29,19,Zumba,75
CI004719,M0291,2025-06-21,17,CrossFit,62
CI004720,M0291,2025-07-23,18,CrossFit,83
CI004721,M0291,2025-03-17,19,Gym Floor,74
CI004722,M0291,2025-06-14,16,Gym Floor,49
CI004723,M0291,2025-08-05,8,Zumba,46
CI004724,M0291,2025-06-28,17,Gym Floor,50
CI004725,M0291,2025-08-01,8,Gym Floor,56
CI004726,M0292,2025-03-25,17,Yoga,57
CI004727,M0292,2025-03-02,8,HIIT,92
CI004728,M0292,2025-04-06,17,HIIT,58
CI004729,M0292,2025-07-19,16,Gym Floor,65
CI004730,M0292,2025-06-28,20,Strength Training,35
CI004731,M0292,2025-05-31,7,Cardio,75
CI004732,M0292,2025-08-03,19,Zumba,43
CI004733,M0292,2025-06-03,20,Zumba,56
CI004734,M0292,2025-03-12,9,Gym Floor,63
CI004735,M0292,2025-04-08,7,Cardio,68
CI004736,M0292,2025-05-23,20,HIIT,46
CI004737,M0292,2025-04-13,9,Zumba,68
CI004738,M0292,2025-05-31,18,Pilates,46
CI004739,M0292,2025-06-25,9,Strength Training,42
CI004740,M0292,2025-05-13,8,CrossFit,52
CI004741,M0292,2025-05-01,6,Cardio,78
CI004742,M0292,2025-04-16,8,Cardio,29
CI004743,M0292,2025-05-11,17,Gym Floor,54
CI004744,M0292,2025-03-27,17,HIIT,75
CI004745,M0292,2025-03-08,9,Gym Floor,58
CI004746,M0292,2025-05-16,16,Gym Floor,61
CI004747,M0292,2025-07-15,9,Zumba,58
CI004748,M0292,2025-05-15,17,Gym Floor,70
CI004749,M0292,2025-06-26,17,Gym Floor,20
CI004750,M0292,2025-04-06,19,Pilates,48
CI004751,M0292,2025-04-10,8,Zumba,28
CI004752,M0292,2025-08-28,17,Zumba,37
CI004753,M0293,2025-05-31,18,Spin,45
CI004754,M0293,2025-08-27,7,Gym Floor,49
CI004755,M0293,2025-07-20,18,Pilates,81
CI004756,M0293,2025-08-11,17,Gym Floor,40
CI004757,M0293,2025-03-11,16,Gym Floor,79
CI004758,M0293,2025-08-12,16,Gym Floor,33
CI004759,M0293,2025-05-26,12,Gym Floor,67
CI004760,M0293,2025-04-27,20,Gym Floor,38
CI004761,M0293,2025-06-06,6,Gym Floor,60
CI004762,M0293,2025-05-22,6,HIIT,62
CI004763,M0293,2025-03-27,7,Strength Training,86
CI004764,M0293,2025-07-24,8,Gym Floor,50
CI004765,M0293,2025-08-27,16,Cardio,53
CI004766,M0293,2025-08-16,10,Gym Floor,58
CI004767,M0293,2025-04-26,16,Zumba,65
CI004768,M0293,2025-04-01,21,Yoga,36
CI004769,M0293,2025-07-15,18,Gym Floor,46
CI004770,M0293,2025-04-07,10,Gym Floor,36
CI004771,M0293,2025-03-05,11,CrossFit,50
CI004772,M0293,2025-05-26,7,Gym Floor,20
CI004773,M0293,2025-07-15,9,Spin,67
CI004774,M0293,2025-07-26,9,Zumba,78
CI004775,M0293,2025-03-13,8,Gym Floor,33
CI004776,M0293,2025-05-27,8,Spin,33
CI004777,M0293,2025-08-10,20,Pilates,72
CI004778,M0293,2025-03-13,18,Gym Floor,38
CI004779,M0293,2025-07-02,7,Pilates,69
CI004780,M0293,2025-07-19,17,Cardio,71
CI004781,M0293,2025-07-24,17,Gym Floor,69
CI004782,M0293,2025-06-07,10,Gym Floor,28
CI004783,M0293,2025-04-15,6,Gym Floor,21
CI004784,M0293,2025-07-15,10,Strength Training,59
CI004785,M0293,2025-07-23,7,Zumba,61
CI004786,M0293,2025-03-15,19,Yoga,37
CI004787,M0293,2025-06-20,19,Gym Floor,29
CI004788,M0293,2025-03-02,8,Spin,73
CI004789,M0293,2025-07-12,9,Yoga,39
CI004790,M0293,2025-08-16,18,Gym Floor,37
CI004791,M0293,2025-03-12,8,HIIT,68
CI004792,M0293,2025-07-27,11,Gym Floor,42
CI004793,M0293,2025-06-14,19,CrossFit,42
CI004794,M0293,2025-08-22,16,Gym Floor,64
CI004795,M0293,2025-03-13,18,Spin,63
CI004796,M0293,2025-06-09,18,Gym Floor,34
CI004797,M0293,2025-08-23,18,Strength Training,31
CI004798,M0293,2025-05-14,7,Gym Floor,60
CI004799,M0294,2025-04-25,19,Zumba,34
CI004800,M0294,2025-07-27,7,Strength Training,20
CI004801,M0294,2025-04-14,6,Pilates,20
CI004802,M0294,2025-04-18,20,Cardio,41
CI004803,M0294,2025-05-14,8,Gym Floor,96
CI004804,M0295,2025-03-21,9,Gym Floor,69
CI004805,M0295,2025-07-05,8,Pilates,39
CI004806,M0295,2025-05-16,7,Gym Floor,55
CI004807,M0295,2025-08-22,8,Gym Floor,23
CI004808,M0295,2025-06-21,18,Gym Floor,47
CI004809,M0295,2025-04-12,18,Gym Floor,34
CI004810,M0295,2025-07-07,18,CrossFit,47
CI004811,M0295,2025-08-21,6,Gym Floor,61
CI004812,M0295,2025-03-23,17,Gym Floor,60
CI004813,M0295,2025-07-20,19,Cardio,49
CI004814,M0295,2025-03-29,17,Strength Training,34
CI004815,M0295,2025-07-08,8,Gym Floor,63
CI004816,M0296,2025-06-11,20,Spin,81
CI004817,M0296,2025-04-29,20,Gym Floor,64
CI004818,M0296,2025-08-03,10,Pilates,44
CI004819,M0296,2025-05-18,9,HIIT,77
CI004820,M0296,2025-05-14,8,Yoga,48
CI004821,M0296,2025-06-24,20,Gym Floor,52
CI004822,M0296,2025-04-11,19,Gym Floor,46
CI004823,M0296,2025-07-08,16,Yoga,51
CI004824,M0296,2025-03-04,17,CrossFit,69
CI004825,M0296,2025-05-21,10,Pilates,41
CI004826,M0296,2025-05-19,18,Cardio,30
CI004827,M0296,2025-04-05,18,Gym Floor,77
CI004828,M0296,2025-07-12,8,HIIT,20
CI004829,M0296,2025-05-25,7,Gym Floor,41
CI004830,M0296,2025-03-18,12,Gym Floor,65
CI004831,M0296,2025-03-30,17,Gym Floor,46
CI004832,M0296,2025-05-05,10,Yoga,62
CI004833,M0296,2025-03-19,9,Gym Floor,62
CI004834,M0296,2025-05-07,6,Zumba,31
CI004835,M0296,2025-07-26,9,Yoga,55
CI004836,M0296,2025-06-07,7,Yoga,68
CI004837,M0296,2025-08-28,19,Spin,29
CI004838,M0296,2025-08-27,18,Gym Floor,61
CI004839,M0296,2025-04-23,6,Cardio,23
CI004840,M0296,2025-05-02,18,Yoga,67
CI004841,M0296,2025-08-23,6,Gym Floor,45
CI004842,M0296,2025-08-13,8,Yoga,62
CI004843,M0296,2025-05-29,17,Pilates,28
CI004844,M0296,2025-08-17,6,Gym Floor,40
CI004845,M0296,2025-05-03,8,Gym Floor,60
CI004846,M0296,2025-06-03,18,Gym Floor,38
CI004847,M0296,2025-03-05,7,Gym Floor,75
CI004848,M0296,2025-07-11,16,Spin,75
CI004849,M0296,2025-03-04,18,Gym Floor,34
CI004850,M0296,2025-04-27,9,Gym Floor,60
CI004851,M0296,2025-04-18,18,Gym Floor,46
CI004852,M0296,2025-08-31,10,CrossFit,49
CI004853,M0296,2025-04-26,17,Pilates,67
CI004854,M0296,2025-07-25,19,Gym Floor,80
CI004855,M0296,2025-05-10,19,Gym Floor,65
CI004856,M0297,2025-05-02,17,HIIT,55
CI004857,M0297,2025-04-09,7,CrossFit,51
CI004858,M0297,2025-07-28,11,Gym Floor,53
CI004859,M0297,2025-04-03,17,Yoga,48
CI004860,M0297,2025-08-23,8,Pilates,42
CI004861,M0297,2025-04-20,6,Gym Floor,62
CI004862,M0297,2025-07-07,6,Pilates,37
CI004863,M0297,2025-04-30,19,Zumba,80
CI004864,M0297,2025-03-12,18,HIIT,62
CI004865,M0297,2025-05-24,9,Strength Training,72
CI004866,M0297,2025-06-14,18,Gym Floor,40
CI004867,M0297,2025-05-05,7,Spin,48
CI004868,M0297,2025-07-22,16,Gym Floor,48
CI004869,M0297,2025-04-12,11,Cardio,20
CI004870,M0297,2025-08-15,16,Zumba,27
CI004871,M0297,2025-08-21,10,Spin,51
CI004872,M0297,2025-07-30,17,Cardio,48
CI004873,M0297,2025-03-27,20,Pilates,76
CI004874,M0297,2025-03-03,18,Strength Training,40
CI004875,M0297,2025-04-14,18,Gym Floor,55
CI004876,M0297,2025-03-28,9,Pilates,58
CI004877,M0297,2025-03-29,17,CrossFit,53
CI004878,M0298,2025-06-24,18,Gym Floor,31
CI004879,M0298,2025-06-09,18,CrossFit,40
CI004880,M0298,2025-07-01,6,Gym Floor,69
CI004881,M0298,2025-06-09,21,Spin,46
CI004882,M0298,2025-04-16,7,Cardio,40
CI004883,M0298,2025-08-04,18,HIIT,54
CI004884,M0298,2025-06-19,21,Gym Floor,76
CI004885,M0298,2025-05-14,8,Gym Floor,96
CI004886,M0298,2025-05-06,6,Gym Floor,69
CI004887,M0298,2025-03-21,19,Pilates,54
CI004888,M0298,2025-03-27,10,HIIT,55
CI004889,M0298,2025-07-05,7,Cardio,68
CI004890,M0298,2025-08-19,6,Strength Training,66
CI004891,M0298,2025-05-13,21,Gym Floor,47
CI004892,M0299,2025-03-17,7,Gym Floor,42
CI004893,M0299,2025-04-13,17,Spin,20
CI004894,M0299,2025-03-24,17,Zumba,44
CI004895,M0299,2025-04-23,19,CrossFit,55
CI004896,M0299,2025-05-15,7,Gym Floor,54
CI004897,M0299,2025-06-16,21,Pilates,32
CI004898,M0299,2025-06-19,8,Spin,39
CI004899,M0299,2025-07-05,19,HIIT,25
CI004900,M0299,2025-07-21,6,CrossFit,77
CI004901,M0299,2025-06-07,19,HIIT,50
CI004902,M0299,2025-04-21,17,Gym Floor,29
CI004903,M0299,2025-05-20,6,Gym Floor,104
CI004904,M0299,2025-07-02,18,Gym Floor,53
CI004905,M0299,2025-04-22,6,Gym Floor,48
CI004906,M0300,2025-06-02,8,Gym Floor,34
CI004907,M0300,2025-04-24,19,Gym Floor,70
CI004908,M0300,2025-06-26,18,Spin,46
CI004909,M0300,2025-06-09,19,Gym Floor,116
CI004910,M0300,2025-06-12,11,Gym Floor,49
CI004911,M0300,2025-05-31,18,Gym Floor,49
CI004912,M0300,2025-05-10,10,HIIT,90
CI004913,M0300,2025-05-16,21,Pilates,60
CI004914,M0300,2025-08-04,6,Yoga,83
CI004915,M0300,2025-06-27,17,Strength Training,52
CI004916,M0300,2025-03-27,18,Gym Floor,58
CI004917,M0300,2025-03-10,6,HIIT,49
CI004918,M0301,2025-06-06,17,Gym Floor,83
CI004919,M0301,2025-07-27,20,Zumba,40
CI004920,M0301,2025-06-16,16,HIIT,41
CI004921,M0301,2025-03-25,19,Cardio,68
CI004922,M0301,2025-04-01,19,Gym Floor,51
CI004923,M0301,2025-04-22,19,Strength Training,50
CI004924,M0301,2025-04-22,19,Gym Floor,76
CI004925,M0301,2025-03-22,17,Gym Floor,62
CI004926,M0301,2025-03-04,16,Gym Floor,47
CI004927,M0302,2025-08-13,18,Gym Floor,53
CI004928,M0302,2025-06-15,9,Cardio,41
CI004929,M0302,2025-03-15,9,Gym Floor,23
CI004930,M0302,2025-03-18,19,HIIT,42
CI004931,M0302,2025-05-04,6,Spin,25
CI004932,M0302,2025-05-14,6,Gym Floor,67
CI004933,M0302,2025-03-15,19,Zumba,28
CI004934,M0302,2025-04-04,19,Pilates,54
CI004935,M0302,2025-08-11,20,Spin,55
CI004936,M0302,2025-04-21,16,Yoga,55
CI004937,M0302,2025-07-09,7,Gym Floor,53
CI004938,M0302,2025-07-24,12,Spin,55
CI004939,M0302,2025-07-06,8,Pilates,55
CI004940,M0302,2025-03-13,17,Pilates,54
CI004941,M0302,2025-04-17,11,Cardio,77
CI004942,M0302,2025-05-22,19,Gym Floor,48
CI004943,M0302,2025-03-19,16,Cardio,64
CI004944,M0302,2025-07-25,17,Yoga,82
CI004945,M0302,2025-07-21,19,Strength Training,62
CI004946,M0302,2025-08-27,17,Spin,66
CI004947,M0302,2025-08-29,18,HIIT,56
CI004948,M0302,2025-08-27,17,Gym Floor,52
CI004949,M0302,2025-06-08,19,CrossFit,58
CI004950,M0303,2025-03-16,8,Gym Floor,72
CI004951,M0303,2025-04-21,18,Yoga,60
CI004952,M0303,2025-03-22,19,CrossFit,73
CI004953,M0303,2025-05-11,19,Cardio,44
CI004954,M0303,2025-04-11,18,Gym Floor,102
CI004955,M0303,2025-05-18,20,Cardio,33
CI004956,M0303,2025-06-20,18,Gym Floor,23
CI004957,M0303,2025-03-03,6,HIIT,81
CI004958,M0303,2025-03-22,17,Gym Floor,38
CI004959,M0303,2025-05-19,19,Gym Floor,91
CI004960,M0303,2025-07-16,7,Spin,56
CI004961,M0303,2025-05-01,8,Strength Training,44
CI004962,M0303,2025-07-16,18,Gym Floor,80
CI004963,M0303,2025-04-07,9,CrossFit,62
CI004964,M0304,2025-05-07,8,Gym Floor,55
CI004965,M0304,2025-05-03,16,CrossFit,73
CI004966,M0304,2025-06-14,8,Yoga,44
CI004967,M0304,2025-06-09,21,Zumba,20
CI004968,M0304,2025-07-05,8,Gym Floor,66
CI004969,M0305,2025-04-18,17,Gym Floor,52
CI004970,M0305,2025-08-04,20,Yoga,38
CI004971,M0305,2025-03-28,9,Gym Floor,39
CI004972,M0306,2025-06-10,19,Gym Floor,57
CI004973,M0306,2025-08-02,7,Gym Floor,44
CI004974,M0306,2025-06-19,9,Gym Floor,62
CI004975,M0306,2025-03-23,16,Gym Floor,67
CI004976,M0306,2025-04-04,9,Gym Floor,55
CI004977,M0306,2025-04-25,10,HIIT,82
CI004978,M0306,2025-08-23,7,Gym Floor,71
CI004979,M0306,2025-05-08,20,Cardio,48
CI004980,M0306,2025-08-02,7,Strength Training,53
CI004981,M0306,2025-05-08,9,Gym Floor,69
CI004982,M0306,2025-08-08,17,Gym Floor,20
CI004983,M0306,2025-04-24,6,Gym Floor,44
CI004984,M0306,2025-03-03,19,Yoga,74
CI004985,M0306,2025-07-07,16,Gym Floor,83
CI004986,M0306,2025-05-02,18,Gym Floor,68
CI004987,M0306,2025-07-25,9,Pilates,46
CI004988,M0306,2025-05-25,16,Gym Floor,50
CI004989,M0306,2025-03-28,7,Gym Floor,29
CI004990,M0306,2025-06-03,18,Spin,68
CI004991,M0306,2025-06-11,16,HIIT,41
CI004992,M0306,2025-05-02,9,Spin,52
CI004993,M0306,2025-07-11,12,Strength Training,59
CI004994,M0306,2025-08-14,18,Pilates,54
CI004995,M0306,2025-07-25,18,Strength Training,52
CI004996,M0306,2025-07-28,16,Gym Floor,41
CI004997,M0306,2025-04-18,20,Gym Floor,61
CI004998,M0306,2025-08-06,18,Gym Floor,65
CI004999,M0306,2025-08-18,18,Spin,52
CI005000,M0306,2025-08-02,20,Cardio,34
CI005001,M0306,2025-08-22,16,Gym Floor,92
CI005002,M0306,2025-03-26,10,Gym Floor,40
CI005003,M0306,2025-07-26,7,Gym Floor,36
CI005004,M0306,2025-03-07,11,HIIT,72
CI005005,M0306,2025-04-20,7,Gym Floor,62
CI005006,M0306,2025-08-17,11,Gym Floor,73
CI005007,M0306,2025-05-26,18,Gym Floor,49
CI005008,M0306,2025-08-22,17,Pilates,40
CI005009,M0306,2025-03-26,7,Gym Floor,45
CI005010,M0306,2025-07-02,19,CrossFit,55
CI005011,M0306,2025-03-30,9,Gym Floor,51
CI005012,M0306,2025-04-04,8,Zumba,38
CI005013,M0306,2025-07-14,8,Strength Training,56
CI005014,M0306,2025-08-21,20,Spin,58
CI005015,M0307,2025-06-12,17,Strength Training,35
CI005016,M0307,2025-04-24,18,Pilates,82
CI005017,M0307,2025-08-02,18,Gym Floor,46
CI005018,M0307,2025-07-29,18,Gym Floor,61
CI005019,M0307,2025-06-06,16,Spin,54
CI005020,M0307,2025-04-03,7,Gym Floor,76
CI005021,M0307,2025-06-04,11,Gym Floor,68
CI005022,M0307,2025-06-03,10,Yoga,70
CI005023,M0307,2025-03-30,18,Gym Floor,91
CI005024,M0307,2025-07-07,11,CrossFit,77
CI005025,M0307,2025-07-30,12,Gym Floor,70
CI005026,M0307,2025-03-18,8,Yoga,32
CI005027,M0307,2025-04-29,10,Pilates,24
CI005028,M0307,2025-06-27,12,Gym Floor,69
CI005029,M0308,2025-08-16,18,Cardio,50
CI005030,M0308,2025-03-13,8,Gym Floor,74
CI005031,M0308,2025-06-22,8,Spin,43
CI005032,M0308,2025-07-18,16,Gym Floor,78
CI005033,M0308,2025-05-24,7,Cardio,50
CI005034,M0308,2025-08-27,19,Gym Floor,74
CI005035,M0308,2025-08-03,8,CrossFit,82
CI005036,M0308,2025-04-05,19,Gym Floor,73
CI005037,M0308,2025-03-20,11,Gym Floor,29
CI005038,M0308,2025-03-24,16,Gym Floor,33
CI005039,M0308,2025-03-13,11,Pilates,47
CI005040,M0308,2025-04-26,7,Gym Floor,65
CI005041,M0308,2025-08-13,9,Pilates,64
CI005042,M0308,2025-04-12,18,Gym Floor,39
CI005043,M0308,2025-06-25,7,Gym Floor,41
CI005044,M0308,2025-08-24,8,Zumba,51
CI005045,M0308,2025-05-30,7,Gym Floor,50
CI005046,M0308,2025-06-13,16,Zumba,75
CI005047,M0308,2025-03-08,17,Gym Floor,64
CI005048,M0308,2025-06-23,12,Pilates,58
CI005049,M0308,2025-06-06,17,Gym Floor,80
CI005050,M0308,2025-08-01,18,Yoga,69
CI005051,M0308,2025-06-11,17,Gym Floor,20
CI005052,M0308,2025-03-15,12,Gym Floor,62
CI005053,M0308,2025-07-09,9,Pilates,76
CI005054,M0308,2025-08-18,8,CrossFit,62
CI005055,M0308,2025-08-12,12,Gym Floor,57
CI005056,M0308,2025-03-22,6,Gym Floor,52
CI005057,M0308,2025-05-03,19,Strength Training,67
CI005058,M0308,2025-04-13,7,Strength Training,35
CI005059,M0308,2025-06-09,20,Gym Floor,34
CI005060,M0308,2025-08-29,8,Spin,64
CI005061,M0308,2025-06-10,18,HIIT,41
CI005062,M0308,2025-03-05,7,Gym Floor,59
CI005063,M0308,2025-06-22,7,HIIT,32
CI005064,M0309,2025-07-05,7,Gym Floor,40
CI005065,M0309,2025-05-06,9,Zumba,31
CI005066,M0309,2025-04-21,18,Zumba,80
CI005067,M0309,2025-04-24,9,Gym Floor,47
CI005068,M0309,2025-05-24,8,Gym Floor,35
CI005069,M0309,2025-06-23,16,CrossFit,88
CI005070,M0309,2025-08-27,11,Pilates,47
CI005071,M0309,2025-07-28,17,Gym Floor,29
CI005072,M0309,2025-08-13,20,Zumba,54
CI005073,M0309,2025-03-08,11,Yoga,77
CI005074,M0309,2025-07-23,8,Cardio,33
CI005075,M0309,2025-08-11,6,Gym Floor,72
CI005076,M0309,2025-04-24,18,Gym Floor,33
CI005077,M0309,2025-03-02,7,Pilates,55
CI005078,M0309,2025-05-09,6,Pilates,52
CI005079,M0309,2025-05-20,19,Gym Floor,48
CI005080,M0309,2025-07-13,16,Gym Floor,36
CI005081,M0309,2025-03-19,16,HIIT,37
CI005082,M0309,2025-03-09,9,Gym Floor,32
CI005083,M0309,2025-05-21,18,Gym Floor,57
CI005084,M0309,2025-04-30,20,Gym Floor,74
CI005085,M0309,2025-05-08,17,HIIT,48
CI005086,M0309,2025-05-12,8,Strength Training,54
CI005087,M0309,2025-06-06,19,Gym Floor,58
CI005088,M0309,2025-07-15,12,Gym Floor,69
CI005089,M0309,2025-03-26,12,Gym Floor,47
CI005090,M0310,2025-05-07,17,CrossFit,79
CI005091,M0310,2025-06-15,8,Gym Floor,75
CI005092,M0310,2025-08-28,12,HIIT,41
CI005093,M0310,2025-03-28,16,HIIT,73
CI005094,M0310,2025-05-01,17,Gym Floor,35
CI005095,M0310,2025-08-03,19,Strength Training,47
CI005096,M0310,2025-03-02,8,CrossFit,82
CI005097,M0310,2025-07-22,19,Pilates,28
CI005098,M0310,2025-07-14,18,Gym Floor,39
CI005099,M0310,2025-05-03,18,Cardio,71
CI005100,M0310,2025-08-06,7,Cardio,28
CI005101,M0310,2025-03-14,6,HIIT,74
CI005102,M0310,2025-03-14,8,Gym Floor,61
CI005103,M0310,2025-03-10,10,CrossFit,61
CI005104,M0310,2025-07-07,9,Strength Training,37
CI005105,M0310,2025-05-11,18,Gym Floor,54
CI005106,M0310,2025-04-24,17,Gym Floor,55
CI005107,M0310,2025-08-01,7,Cardio,53
CI005108,M0310,2025-08-15,18,Gym Floor,30
CI005109,M0310,2025-05-18,8,Gym Floor,38
CI005110,M0310,2025-04-09,11,Zumba,64
CI005111,M0310,2025-06-01,17,Gym Floor,32
CI005112,M0311,2025-04-06,18,Gym Floor,73
CI005113,M0311,2025-06-06,17,HIIT,34
CI005114,M0311,2025-07-24,20,Gym Floor,83
CI005115,M0311,2025-07-19,8,Gym Floor,53
CI005116,M0311,2025-03-17,11,HIIT,34
CI005117,M0312,2025-03-20,10,Gym Floor,49
CI005118,M0312,2025-03-05,6,Gym Floor,74
CI005119,M0312,2025-03-27,17,Yoga,39
CI005120,M0312,2025-08-07,7,Pilates,55
CI005121,M0312,2025-06-10,6,HIIT,67
CI005122,M0312,2025-03-05,18,Gym Floor,51
CI005123,M0312,2025-07-05,16,Strength Training,55
CI005124,M0312,2025-06-23,17,Gym Floor,68
CI005125,M0312,2025-03-31,7,Yoga,42
CI005126,M0313,2025-08-16,17,CrossFit,41
CI005127,M0313,2025-03-08,17,Yoga,68
CI005128,M0313,2025-05-27,20,Zumba,83
CI005129,M0313,2025-04-30,6,Strength Training,58
CI005130,M0313,2025-07-26,20,HIIT,56
CI005131,M0313,2025-04-04,16,Gym Floor,82
CI005132,M0313,2025-04-18,9,Gym Floor,54
CI005133,M0313,2025-08-04,12,HIIT,76
CI005134,M0313,2025-05-17,6,Spin,56
CI005135,M0313,2025-07-04,18,Gym Floor,93
CI005136,M0313,2025-08-30,7,Zumba,70
CI005137,M0313,2025-05-14,20,Strength Training,63
CI005138,M0313,2025-05-23,7,Gym Floor,58
CI005139,M0314,2025-03-03,19,Yoga,46
CI005140,M0314,2025-04-24,18,CrossFit,67
CI005141,M0314,2025-08-19,6,Gym Floor,48
CI005142,M0314,2025-06-30,18,Gym Floor,38
CI005143,M0314,2025-04-09,17,Gym Floor,34
CI005144,M0314,2025-03-20,7,Gym Floor,36
CI005145,M0314,2025-03-09,18,Gym Floor,54
CI005146,M0314,2025-07-16,17,Gym Floor,56
CI005147,M0314,2025-07-23,6,Gym Floor,30
CI005148,M0314,2025-07-10,6,Gym Floor,61
CI005149,M0314,2025-06-14,6,Zumba,36
CI005150,M0314,2025-05-05,19,Pilates,57
CI005151,M0314,2025-04-09,6,Zumba,77
CI005152,M0314,2025-08-16,11,Gym Floor,20
CI005153,M0314,2025-04-02,21,Gym Floor,60
CI005154,M0314,2025-08-18,6,Gym Floor,67
CI005155,M0314,2025-07-10,19,Cardio,47
CI005156,M0314,2025-05-28,10,Gym Floor,51
CI005157,M0314,2025-07-08,18,Zumba,47
CI005158,M0314,2025-06-25,7,CrossFit,91
CI005159,M0314,2025-08-06,17,Gym Floor,45
CI005160,M0314,2025-06-09,18,HIIT,51
CI005161,M0314,2025-03-20,19,CrossFit,74
CI005162,M0314,2025-03-27,17,Gym Floor,70
CI005163,M0314,2025-07-20,17,Gym Floor,48
CI005164,M0314,2025-04-14,6,Gym Floor,45
CI005165,M0314,2025-05-05,18,Cardio,52
CI005166,M0314,2025-08-14,16,Gym Floor,20
CI005167,M0314,2025-04-23,17,Yoga,74
CI005168,M0314,2025-05-02,10,Spin,52
CI005169,M0314,2025-07-23,7,Cardio,64
CI005170,M0314,2025-03-16,10,Strength Training,29
CI005171,M0314,2025-03-19,19,Gym Floor,58
CI005172,M0314,2025-04-06,19,Strength Training,74
CI005173,M0314,2025-04-10,9,Gym Floor,77
CI005174,M0314,2025-04-17,20,Gym Floor,20
CI005175,M0314,2025-03-01,11,HIIT,47
CI005176,M0314,2025-04-15,6,Gym Floor,77
CI005177,M0314,2025-06-07,10,Gym Floor,64
CI005178,M0314,2025-04-29,16,Gym Floor,42
CI005179,M0314,2025-03-29,12,Gym Floor,41
CI005180,M0314,2025-08-25,7,Gym Floor,60
CI005181,M0314,2025-04-13,6,Yoga,20
CI005182,M0314,2025-06-27,19,HIIT,51
CI005183,M0314,2025-03-06,6,Yoga,35
CI005184,M0314,2025-05-29,19,Cardio,58
CI005185,M0314,2025-05-20,17,Strength Training,77
CI005186,M0314,2025-03-18,6,Gym Floor,42
CI005187,M0314,2025-06-26,17,Gym Floor,69
CI005188,M0315,2025-04-25,9,CrossFit,48
CI005189,M0315,2025-03-25,19,Gym Floor,62
CI005190,M0315,2025-05-22,19,Gym Floor,70
CI005191,M0315,2025-06-12,9,Gym Floor,64
CI005192,M0315,2025-03-12,7,Gym Floor,56
CI005193,M0315,2025-06-20,18,Spin,35
CI005194,M0315,2025-08-04,6,HIIT,55
CI005195,M0315,2025-05-27,20,Yoga,99
CI005196,M0315,2025-03-13,18,Cardio,49
CI005197,M0315,2025-03-25,9,Gym Floor,64
CI005198,M0316,2025-06-03,21,Gym Floor,59
CI005199,M0316,2025-06-20,21,Gym Floor,83
CI005200,M0316,2025-06-11,19,HIIT,36
CI005201,M0316,2025-08-01,7,Strength Training,38
CI005202,M0316,2025-03-05,18,Gym Floor,42
CI005203,M0316,2025-04-26,18,CrossFit,54
CI005204,M0316,2025-08-08,17,Zumba,54
CI005205,M0316,2025-08-20,6,Gym Floor,35
CI005206,M0316,2025-05-04,9,Strength Training,20
CI005207,M0316,2025-06-22,17,Strength Training,70
CI005208,M0316,2025-04-23,19,Spin,69
CI005209,M0316,2025-07-31,18,Yoga,37
CI005210,M0316,2025-07-02,12,Gym Floor,60
CI005211,M0316,2025-05-27,6,Cardio,42
CI005212,M0316,2025-04-22,18,Yoga,55
CI005213,M0316,2025-06-04,20,Gym Floor,63
CI005214,M0316,2025-08-05,7,Gym Floor,61
CI005215,M0316,2025-08-13,12,CrossFit,47
CI005216,M0316,2025-03-20,17,Gym Floor,63
CI005217,M0316,2025-05-11,17,Gym Floor,67
CI005218,M0316,2025-03-19,9,Gym Floor,56
CI005219,M0316,2025-04-22,11,Gym Floor,49
CI005220,M0316,2025-04-20,8,Pilates,76
CI005221,M0316,2025-08-01,8,Gym Floor,37
CI005222,M0316,2025-05-21,18,Gym Floor,72
CI005223,M0316,2025-08-13,19,Spin,74
CI005224,M0316,2025-04-22,8,HIIT,76
CI005225,M0316,2025-04-11,12,Spin,40
CI005226,M0317,2025-07-20,6,CrossFit,55
CI005227,M0317,2025-03-25,19,Strength Training,73
CI005228,M0317,2025-08-01,18,Spin,57
CI005229,M0318,2025-03-15,9,Strength Training,66
CI005230,M0318,2025-08-01,7,Gym Floor,72
CI005231,M0318,2025-06-04,16,CrossFit,60
CI005232,M0319,2025-04-14,7,Gym Floor,36
CI005233,M0319,2025-05-10,21,Gym Floor,56
CI005234,M0319,2025-05-28,7,Gym Floor,40
CI005235,M0319,2025-05-09,19,HIIT,58
CI005236,M0319,2025-07-09,17,Strength Training,69
CI005237,M0319,2025-03-30,7,Spin,43
CI005238,M0319,2025-08-17,18,Strength Training,36
CI005239,M0319,2025-05-24,9,Gym Floor,32
CI005240,M0319,2025-04-15,6,CrossFit,56
CI005241,M0319,2025-08-13,18,CrossFit,53
CI005242,M0319,2025-06-13,16,Gym Floor,77
CI005243,M0319,2025-04-30,16,Gym Floor,47
CI005244,M0319,2025-03-02,20,Zumba,53
CI005245,M0319,2025-06-22,19,CrossFit,50
CI005246,M0319,2025-06-11,18,Gym Floor,35
CI005247,M0319,2025-05-03,7,Pilates,48
CI005248,M0319,2025-08-05,6,Gym Floor,74
CI005249,M0319,2025-04-24,9,HIIT,65
CI005250,M0319,2025-03-15,8,Strength Training,81
CI005251,M0319,2025-08-26,19,Gym Floor,58
CI005252,M0319,2025-07-23,21,Spin,66
CI005253,M0319,2025-08-05,6,Pilates,58
CI005254,M0319,2025-07-09,11,Gym Floor,59
CI005255,M0319,2025-05-12,19,Pilates,58
CI005256,M0319,2025-08-08,6,CrossFit,41
CI005257,M0319,2025-05-22,9,Pilates,72
CI005258,M0319,2025-07-26,9,Gym Floor,35
CI005259,M0319,2025-03-11,7,Cardio,55
CI005260,M0320,2025-03-23,8,Gym Floor,68
CI005261,M0320,2025-08-22,19,Gym Floor,59
CI005262,M0320,2025-06-18,16,Cardio,65
CI005263,M0320,2025-07-01,19,Cardio,51
CI005264,M0320,2025-08-20,17,Gym Floor,38
CI005265,M0320,2025-04-17,20,HIIT,42
CI005266,M0320,2025-08-27,16,Gym Floor,42
CI005267,M0320,2025-06-16,17,Gym Floor,37
CI005268,M0320,2025-06-28,17,Gym Floor,39
CI005269,M0320,2025-04-13,20,CrossFit,58
CI005270,M0320,2025-04-02,17,Gym Floor,45
CI005271,M0320,2025-06-06,7,Gym Floor,58
CI005272,M0321,2025-04-07,17,Gym Floor,86
CI005273,M0321,2025-07-28,19,Gym Floor,69
CI005274,M0321,2025-04-24,18,Strength Training,69
CI005275,M0321,2025-03-10,12,Spin,57
CI005276,M0321,2025-04-01,19,Gym Floor,93
CI005277,M0321,2025-06-17,18,Gym Floor,27
CI005278,M0321,2025-05-07,19,Gym Floor,48
CI005279,M0321,2025-07-10,17,Gym Floor,80
CI005280,M0321,2025-03-11,9,Cardio,76
CI005281,M0321,2025-03-05,16,Gym Floor,54
CI005282,M0322,2025-03-25,17,CrossFit,31
CI005283,M0322,2025-03-08,10,Gym Floor,57
CI005284,M0322,2025-03-01,18,Cardio,46
CI005285,M0322,2025-07-09,16,Cardio,67
CI005286,M0322,2025-06-11,9,HIIT,64
CI005287,M0322,2025-03-17,7,Gym Floor,77
CI005288,M0322,2025-05-03,6,Gym Floor,66
CI005289,M0322,2025-05-21,7,Gym Floor,51
CI005290,M0322,2025-06-29,7,Gym Floor,46
CI005291,M0322,2025-05-13,18,Gym Floor,64
CI005292,M0322,2025-05-05,20,Gym Floor,41
CI005293,M0322,2025-08-31,7,Zumba,44
CI005294,M0322,2025-05-12,18,Strength Training,60
CI005295,M0322,2025-03-15,10,Gym Floor,43
CI005296,M0322,2025-08-01,18,Gym Floor,49
CI005297,M0322,2025-06-23,7,Gym Floor,35
CI005298,M0322,2025-06-09,19,Gym Floor,60
CI005299,M0322,2025-06-03,18,Gym Floor,55
CI005300,M0322,2025-08-04,19,Spin,45
CI005301,M0322,2025-04-15,11,Cardio,95
CI005302,M0322,2025-04-24,8,Spin,78
CI005303,M0322,2025-08-17,19,Spin,61
CI005304,M0322,2025-07-05,11,HIIT,39
CI005305,M0323,2025-05-26,7,HIIT,49
CI005306,M0323,2025-05-24,20,Gym Floor,68
CI005307,M0323,2025-08-25,7,CrossFit,93
CI005308,M0323,2025-03-24,10,Gym Floor,34
CI005309,M0323,2025-04-24,8,Gym Floor,29
CI005310,M0323,2025-04-28,11,Pilates,61
CI005311,M0323,2025-03-18,8,Gym Floor,86
CI005312,M0323,2025-03-20,12,Yoga,77
CI005313,M0323,2025-03-30,6,Gym Floor,42
CI005314,M0323,2025-05-03,20,Pilates,52
CI005315,M0323,2025-07-16,16,Gym Floor,51
CI005316,M0323,2025-04-26,17,Strength Training,87
CI005317,M0323,2025-04-06,17,Gym Floor,58
CI005318,M0323,2025-05-01,6,Gym Floor,53
CI005319,M0323,2025-04-09,18,Yoga,55
CI005320,M0323,2025-05-01,18,Zumba,82
CI005321,M0323,2025-03-23,17,Gym Floor,29
CI005322,M0323,2025-04-11,19,HIIT,42
CI005323,M0323,2025-06-20,20,Cardio,50
CI005324,M0323,2025-08-15,20,Gym Floor,28
CI005325,M0323,2025-03-09,9,CrossFit,58
CI005326,M0323,2025-04-05,19,Gym Floor,20
CI005327,M0324,2025-05-07,18,Gym Floor,56
CI005328,M0324,2025-06-20,18,Strength Training,71
CI005329,M0324,2025-08-05,20,Pilates,64
CI005330,M0324,2025-07-17,17,Gym Floor,59
CI005331,M0324,2025-08-09,19,Gym Floor,57
CI005332,M0324,2025-08-27,18,Yoga,89
CI005333,M0324,2025-04-21,8,Zumba,53
CI005334,M0324,2025-08-17,17,Zumba,20
CI005335,M0324,2025-04-12,17,Strength Training,51
CI005336,M0324,2025-07-10,9,Zumba,62
CI005337,M0324,2025-07-04,20,HIIT,43
CI005338,M0324,2025-08-13,8,Gym Floor,21
CI005339,M0324,2025-08-26,17,Zumba,40
CI005340,M0324,2025-08-28,16,HIIT,73
CI005341,M0324,2025-08-30,16,Cardio,40
CI005342,M0324,2025-06-26,16,Gym Floor,55
CI005343,M0324,2025-03-18,6,Yoga,34
CI005344,M0324,2025-08-19,12,Gym Floor,74
CI005345,M0324,2025-05-24,17,Spin,28
CI005346,M0324,2025-08-02,18,Gym Floor,45
CI005347,M0324,2025-08-16,18,CrossFit,22
CI005348,M0324,2025-03-27,10,Zumba,33
CI005349,M0325,2025-08-25,8,Gym Floor,50
CI005350,M0325,2025-05-29,8,Spin,68
CI005351,M0325,2025-04-01,19,Gym Floor,33
CI005352,M0325,2025-03-23,9,Yoga,35
CI005353,M0325,2025-03-26,8,Gym Floor,38
CI005354,M0325,2025-05-21,7,Gym Floor,62
CI005355,M0325,2025-08-20,19,Gym Floor,49
CI005356,M0325,2025-08-30,18,CrossFit,60
CI005357,M0325,2025-07-01,19,Gym Floor,48
CI005358,M0325,2025-08-17,7,HIIT,74
CI005359,M0325,2025-04-12,17,Spin,44
CI005360,M0325,2025-03-29,18,Strength Training,79
CI005361,M0325,2025-08-10,17,HIIT,48
CI005362,M0325,2025-08-08,19,Gym Floor,61
CI005363,M0325,2025-04-01,17,HIIT,83
CI005364,M0325,2025-05-15,19,Gym Floor,58
CI005365,M0325,2025-08-22,8,HIIT,79
CI005366,M0325,2025-08-23,7,Cardio,39
CI005367,M0325,2025-05-22,20,Zumba,20
CI005368,M0325,2025-04-12,10,Spin,30
CI005369,M0325,2025-03-02,18,Pilates,53
CI005370,M0325,2025-08-07,17,Pilates,58
CI005371,M0325,2025-08-28,19,Pilates,57
CI005372,M0325,2025-05-21,19,Gym Floor,67
CI005373,M0325,2025-05-15,12,Gym Floor,58
CI005374,M0325,2025-06-01,11,Gym Floor,68
CI005375,M0325,2025-06-04,17,Gym Floor,71
CI005376,M0325,2025-08-04,18,Gym Floor,64
CI005377,M0325,2025-08-17,18,Spin,45
CI005378,M0325,2025-07-18,20,Yoga,42
CI005379,M0325,2025-03-24,8,Zumba,64
CI005380,M0325,2025-04-26,7,Gym Floor,61
CI005381,M0325,2025-08-12,17,Gym Floor,37
CI005382,M0325,2025-05-08,17,Strength Training,46
CI005383,M0325,2025-07-21,7,Gym Floor,58
CI005384,M0325,2025-08-20,7,CrossFit,61
CI005385,M0325,2025-05-09,12,Gym Floor,62
CI005386,M0325,2025-05-14,7,Gym Floor,66
CI005387,M0325,2025-08-21,11,CrossFit,79
CI005388,M0325,2025-08-29,20,Pilates,37
CI005389,M0325,2025-05-03,7,Gym Floor,86
CI005390,M0325,2025-03-24,18,Gym Floor,73
CI005391,M0325,2025-07-31,12,HIIT,66
CI005392,M0326,2025-04-25,7,Gym Floor,86
CI005393,M0326,2025-04-05,20,Gym Floor,37
CI005394,M0326,2025-06-01,12,Pilates,58
CI005395,M0326,2025-03-08,17,Cardio,32
CI005396,M0326,2025-08-19,8,Gym Floor,55
CI005397,M0326,2025-05-22,11,Gym Floor,48
CI005398,M0326,2025-06-27,16,Gym Floor,31
CI005399,M0326,2025-07-14,19,Cardio,44
CI005400,M0326,2025-06-10,19,Gym Floor,49
CI005401,M0326,2025-07-13,18,Pilates,48
CI005402,M0326,2025-04-13,19,Cardio,47
CI005403,M0326,2025-08-04,19,Cardio,89
CI005404,M0326,2025-05-26,11,CrossFit,75
CI005405,M0326,2025-04-11,16,Cardio,66
CI005406,M0326,2025-05-05,18,Gym Floor,37
CI005407,M0326,2025-05-17,8,Spin,56
CI005408,M0326,2025-07-14,17,Gym Floor,72
CI005409,M0326,2025-04-21,19,Spin,65
CI005410,M0326,2025-05-12,7,Gym Floor,35
CI005411,M0326,2025-07-18,6,Gym Floor,56
CI005412,M0326,2025-08-28,17,Gym Floor,60
CI005413,M0326,2025-07-16,10,HIIT,20
CI005414,M0326,2025-06-10,9,Gym Floor,52
CI005415,M0326,2025-04-01,8,Gym Floor,87
CI005416,M0326,2025-03-30,6,Pilates,59
CI005417,M0326,2025-04-02,17,Cardio,20
CI005418,M0326,2025-06-04,18,Gym Floor,45
CI005419,M0326,2025-06-10,18,Gym Floor,70
CI005420,M0326,2025-04-30,9,Gym Floor,47
CI005421,M0326,2025-06-18,11,Gym Floor,33
CI005422,M0326,2025-03-10,17,Zumba,74
CI005423,M0326,2025-08-14,8,Gym Floor,69
CI005424,M0326,2025-03-22,19,Strength Training,62
CI005425,M0326,2025-08-07,9,Cardio,37
CI005426,M0326,2025-05-10,10,Cardio,45
CI005427,M0326,2025-03-26,20,Zumba,67
CI005428,M0326,2025-03-31,18,Gym Floor,40
CI005429,M0326,2025-06-19,17,Spin,60
CI005430,M0327,2025-05-15,12,Gym Floor,58
CI005431,M0327,2025-05-06,21,Strength Training,43
CI005432,M0327,2025-08-19,10,Gym Floor,68
CI005433,M0328,2025-06-02,19,Gym Floor,39
CI005434,M0328,2025-08-05,17,HIIT,71
CI005435,M0328,2025-05-10,6,Gym Floor,84
CI005436,M0328,2025-04-10,6,Pilates,42
CI005437,M0328,2025-04-22,7,Gym Floor,52
CI005438,M0328,2025-08-31,18,Yoga,26
CI005439,M0328,2025-06-10,8,CrossFit,59
CI005440,M0328,2025-07-26,8,Spin,45
CI005441,M0328,2025-08-07,19,Pilates,24
CI005442,M0328,2025-04-25,19,Gym Floor,72
CI005443,M0328,2025-05-07,16,Gym Floor,41
CI005444,M0328,2025-06-03,9,Gym Floor,55
CI005445,M0328,2025-04-05,17,CrossFit,34
CI005446,M0328,2025-07-18,7,Gym Floor,65
CI005447,M0328,2025-07-02,19,Gym Floor,57
CI005448,M0328,2025-04-23,6,Gym Floor,33
CI005449,M0328,2025-06-03,10,Spin,20
CI005450,M0328,2025-07-06,7,Gym Floor,35
CI005451,M0328,2025-06-17,11,HIIT,81
CI005452,M0328,2025-03-21,18,Gym Floor,40
CI005453,M0329,2025-05-26,20,Gym Floor,69
CI005454,M0329,2025-03-10,12,Gym Floor,63
CI005455,M0329,2025-06-26,16,CrossFit,52
CI005456,M0329,2025-04-30,7,Strength Training,54
CI005457,M0329,2025-04-17,10,Pilates,59
CI005458,M0329,2025-08-27,17,Pilates,58
CI005459,M0329,2025-08-27,6,Yoga,93
CI005460,M0329,2025-05-05,18,HIIT,52
CI005461,M0330,2025-03-08,18,Spin,46
CI005462,M0330,2025-05-12,7,Gym Floor,21
CI005463,M0330,2025-05-05,7,Zumba,55
CI005464,M0330,2025-03-01,16,Gym Floor,69
CI005465,M0330,2025-05-30,18,Gym Floor,36
CI005466,M0330,2025-08-31,7,Gym Floor,41
CI005467,M0330,2025-08-06,20,Yoga,46
CI005468,M0330,2025-07-18,9,Zumba,65
CI005469,M0330,2025-07-21,18,Gym Floor,77
CI005470,M0330,2025-08-08,18,Gym Floor,30
CI005471,M0330,2025-04-28,7,Gym Floor,73
CI005472,M0330,2025-08-14,7,HIIT,45
CI005473,M0330,2025-06-21,16,Gym Floor,75
CI005474,M0330,2025-07-31,16,Gym Floor,59
CI005475,M0331,2025-06-29,8,Gym Floor,42
CI005476,M0331,2025-03-10,19,Gym Floor,49
CI005477,M0331,2025-08-04,16,Strength Training,87
CI005478,M0332,2025-05-28,8,Gym Floor,31
CI005479,M0332,2025-03-12,9,Pilates,39
CI005480,M0332,2025-06-05,16,Cardio,66
CI005481,M0332,2025-08-05,7,Gym Floor,60
CI005482,M0332,2025-06-29,10,Cardio,47
CI005483,M0332,2025-03-06,17,Gym Floor,46
CI005484,M0332,2025-06-10,17,Gym Floor,67
CI005485,M0332,2025-08-04,16,Strength Training,53
CI005486,M0332,2025-07-27,6,Gym Floor,36
CI005487,M0332,2025-04-27,19,CrossFit,21
CI005488,M0332,2025-08-08,17,Gym Floor,50
CI005489,M0333,2025-08-03,8,Spin,59
CI005490,M0333,2025-08-17,10,Spin,40
CI005491,M0333,2025-03-25,8,HIIT,20
CI005492,M0333,2025-03-14,12,Strength Training,72
CI005493,M0333,2025-08-18,21,Gym Floor,95
CI005494,M0333,2025-05-21,16,Gym Floor,63
CI005495,M0333,2025-06-01,11,HIIT,76
CI005496,M0333,2025-07-11,10,Spin,71
CI005497,M0333,2025-03-11,19,Zumba,78
CI005498,M0333,2025-04-28,6,Gym Floor,47
CI005499,M0333,2025-08-26,20,Zumba,87
CI005500,M0333,2025-08-14,18,Gym Floor,41
CI005501,M0333,2025-08-03,6,Gym Floor,64
CI005502,M0333,2025-06-28,17,Gym Floor,57
CI005503,M0333,2025-05-04,18,Gym Floor,74
CI005504,M0333,2025-08-19,17,Cardio,20
CI005505,M0333,2025-08-26,9,Spin,43
CI005506,M0333,2025-08-10,19,Gym Floor,69
CI005507,M0333,2025-07-28,19,Gym Floor,44
CI005508,M0333,2025-07-05,17,Zumba,38
CI005509,M0333,2025-04-05,19,Cardio,55
CI005510,M0333,2025-04-27,20,Gym Floor,64
CI005511,M0333,2025-05-15,18,Gym Floor,56
CI005512,M0334,2025-07-29,16,Spin,47
CI005513,M0334,2025-05-07,9,Strength Training,67
CI005514,M0334,2025-08-18,18,Strength Training,53
CI005515,M0334,2025-03-24,20,Strength Training,56
CI005516,M0334,2025-04-27,18,Pilates,63
CI005517,M0334,2025-04-21,10,CrossFit,45
CI005518,M0334,2025-06-05,20,Gym Floor,50
CI005519,M0334,2025-08-21,7,HIIT,76
CI005520,M0334,2025-04-27,6,Zumba,71
CI005521,M0334,2025-07-09,18,CrossFit,35
CI005522,M0334,2025-04-22,9,Strength Training,71
CI005523,M0334,2025-05-21,17,Gym Floor,29
CI005524,M0334,2025-07-27,8,CrossFit,32
CI005525,M0334,2025-03-13,6,CrossFit,45
CI005526,M0335,2025-08-30,19,Gym Floor,42
CI005527,M0335,2025-04-09,18,Cardio,87
CI005528,M0335,2025-07-29,21,Zumba,28
CI005529,M0335,2025-04-11,8,Gym Floor,35
CI005530,M0335,2025-08-16,16,Gym Floor,31
CI005531,M0335,2025-08-03,17,HIIT,51
CI005532,M0335,2025-05-03,7,Pilates,30
CI005533,M0335,2025-06-05,7,Pilates,51
CI005534,M0335,2025-05-10,8,Cardio,59
CI005535,M0335,2025-05-15,7,Yoga,73
CI005536,M0335,2025-07-30,12,Gym Floor,69
CI005537,M0335,2025-05-09,17,Gym Floor,72
CI005538,M0335,2025-07-14,8,CrossFit,41
CI005539,M0336,2025-04-10,17,Cardio,41
CI005540,M0336,2025-05-31,18,Cardio,60
CI005541,M0336,2025-06-02,7,CrossFit,41
CI005542,M0336,2025-03-26,19,Cardio,70
CI005543,M0337,2025-06-26,7,Pilates,27
CI005544,M0337,2025-03-13,16,Gym Floor,43
CI005545,M0337,2025-04-02,9,Zumba,31
CI005546,M0337,2025-07-05,18,Gym Floor,20
CI005547,M0337,2025-06-13,20,Gym Floor,38
CI005548,M0337,2025-08-30,6,Pilates,64
CI005549,M0337,2025-06-29,10,Zumba,87
CI005550,M0337,2025-06-16,7,Zumba,65
CI005551,M0337,2025-05-25,8,Gym Floor,39
CI005552,M0337,2025-03-16,19,Gym Floor,51
CI005553,M0337,2025-07-02,20,Gym Floor,75
CI005554,M0337,2025-07-09,7,Gym Floor,53
CI005555,M0337,2025-07-03,19,Spin,47
CI005556,M0337,2025-03-14,18,Strength Training,56
CI005557,M0337,2025-07-03,19,Gym Floor,44
CI005558,M0337,2025-03-06,19,Spin,66
CI005559,M0337,2025-03-30,12,Zumba,69
CI005560,M0337,2025-05-07,19,Pilates,44
CI005561,M0337,2025-05-02,8,Gym Floor,39
CI005562,M0337,2025-03-27,17,Yoga,60
CI005563,M0337,2025-08-28,18,Cardio,33
CI005564,M0337,2025-04-12,6,Gym Floor,68
CI005565,M0337,2025-07-08,18,HIIT,71
CI005566,M0337,2025-04-30,7,Gym Floor,47
CI005567,M0337,2025-06-27,17,CrossFit,29
CI005568,M0337,2025-07-02,6,Cardio,79
CI005569,M0337,2025-03-10,11,Gym Floor,24
CI005570,M0337,2025-04-28,19,Cardio,104
CI005571,M0337,2025-04-19,18,Gym Floor,64
CI005572,M0337,2025-05-13,11,Yoga,30
CI005573,M0337,2025-06-25,19,Gym Floor,75
CI005574,M0337,2025-08-15,19,Gym Floor,47
CI005575,M0337,2025-08-11,19,CrossFit,25
CI005576,M0338,2025-06-08,6,Gym Floor,66
CI005577,M0338,2025-07-27,6,Gym Floor,89
CI005578,M0338,2025-06-11,19,Gym Floor,99
CI005579,M0338,2025-05-20,7,Cardio,40
CI005580,M0338,2025-03-15,6,Strength Training,57
CI005581,M0338,2025-06-01,10,Gym Floor,74
CI005582,M0338,2025-08-19,7,Cardio,65
CI005583,M0338,2025-04-03,11,Gym Floor,38
CI005584,M0338,2025-04-09,16,Zumba,62
CI005585,M0338,2025-06-29,10,Pilates,49
CI005586,M0338,2025-04-27,17,Cardio,38
CI005587,M0338,2025-07-25,8,Gym Floor,64
CI005588,M0338,2025-06-27,8,Strength Training,88
CI005589,M0338,2025-08-14,19,Gym Floor,67
CI005590,M0338,2025-04-12,18,Gym Floor,65
CI005591,M0338,2025-07-31,17,Yoga,24
CI005592,M0338,2025-08-21,18,Gym Floor,44
CI005593,M0338,2025-07-21,18,HIIT,56
CI005594,M0338,2025-04-28,18,HIIT,74
CI005595,M0338,2025-06-02,6,Gym Floor,78
CI005596,M0338,2025-06-25,16,Gym Floor,30
CI005597,M0338,2025-04-09,11,Gym Floor,83
CI005598,M0338,2025-04-18,7,Pilates,47
CI005599,M0338,2025-04-11,9,Gym Floor,30
CI005600,M0338,2025-05-22,7,Spin,47
CI005601,M0338,2025-08-05,12,Gym Floor,58
CI005602,M0338,2025-07-17,11,Gym Floor,52
CI005603,M0338,2025-06-18,19,HIIT,49
CI005604,M0338,2025-07-02,8,Gym Floor,45
CI005605,M0338,2025-06-07,18,Gym Floor,43
CI005606,M0338,2025-03-21,19,Gym Floor,31
CI005607,M0338,2025-08-30,17,Pilates,58
CI005608,M0338,2025-07-31,10,Gym Floor,71
CI005609,M0338,2025-08-21,20,Spin,46
CI005610,M0338,2025-05-03,9,Gym Floor,47
CI005611,M0340,2025-03-06,7,Yoga,77
CI005612,M0340,2025-03-02,17,Gym Floor,20
CI005613,M0340,2025-08-28,16,Spin,61
CI005614,M0340,2025-05-03,10,Pilates,61
CI005615,M0341,2025-03-18,17,Gym Floor,72
CI005616,M0341,2025-07-08,20,CrossFit,33
CI005617,M0341,2025-08-20,18,Yoga,63
CI005618,M0341,2025-04-15,19,Yoga,68
CI005619,M0341,2025-06-30,9,Gym Floor,64
CI005620,M0341,2025-04-17,6,Gym Floor,46
CI005621,M0341,2025-08-02,11,HIIT,55
CI005622,M0341,2025-05-15,10,Spin,66
CI005623,M0341,2025-06-14,19,Zumba,25
CI005624,M0341,2025-06-02,6,Cardio,32
CI005625,M0341,2025-06-17,8,Gym Floor,73
CI005626,M0341,2025-03-06,10,Gym Floor,62
CI005627,M0341,2025-06-13,17,Gym Floor,62
CI005628,M0341,2025-03-31,18,Cardio,43
CI005629,M0341,2025-07-26,17,Gym Floor,45
CI005630,M0342,2025-04-22,10,CrossFit,23
CI005631,M0342,2025-07-21,6,Gym Floor,46
CI005632,M0342,2025-05-10,18,Gym Floor,41
CI005633,M0342,2025-04-10,17,Pilates,70
CI005634,M0342,2025-07-02,19,Gym Floor,31
CI005635,M0342,2025-06-11,11,Spin,37
CI005636,M0342,2025-08-22,18,Cardio,64
CI005637,M0342,2025-07-29,6,CrossFit,62
CI005638,M0343,2025-06-06,17,Pilates,63
CI005639,M0343,2025-08-15,8,Pilates,54
CI005640,M0344,2025-08-20,20,Pilates,83
CI005641,M0344,2025-07-07,19,HIIT,63
CI005642,M0344,2025-03-20,12,Pilates,85
CI005643,M0344,2025-06-10,7,Zumba,46
CI005644,M0344,2025-08-08,17,Gym Floor,46
CI005645,M0344,2025-06-19,19,Strength Training,48
CI005646,M0344,2025-03-31,18,Gym Floor,88
CI005647,M0344,2025-05-20,19,Spin,55
CI005648,M0344,2025-07-04,19,Cardio,54
CI005649,M0344,2025-03-04,17,Gym Floor,58
CI005650,M0344,2025-03-08,8,Gym Floor,53
CI005651,M0344,2025-03-19,19,Pilates,22
CI005652,M0344,2025-03-29,8,Spin,69
CI005653,M0344,2025-05-15,19,Gym Floor,49
CI005654,M0344,2025-08-17,17,Gym Floor,54
CI005655,M0344,2025-08-28,19,Gym Floor,48
CI005656,M0345,2025-07-09,8,Strength Training,56
CI005657,M0345,2025-07-23,8,Cardio,64
CI005658,M0345,2025-06-28,10,Yoga,60
CI005659,M0345,2025-04-20,19,CrossFit,74
CI005660,M0345,2025-05-02,16,Yoga,46
CI005661,M0345,2025-08-04,18,CrossFit,20
CI005662,M0345,2025-08-31,12,Gym Floor,53
CI005663,M0345,2025-05-28,20,Cardio,64
CI005664,M0345,2025-03-23,16,Gym Floor,92
CI005665,M0345,2025-08-31,11,Spin,92
CI005666,M0345,2025-06-01,8,Zumba,40
CI005667,M0345,2025-06-25,17,HIIT,74
CI005668,M0345,2025-04-15,7,CrossFit,20
CI005669,M0345,2025-07-31,12,Gym Floor,93
CI005670,M0345,2025-04-02,8,Cardio,73
CI005671,M0345,2025-05-26,10,Gym Floor,76
CI005672,M0345,2025-04-05,8,Gym Floor,58
CI005673,M0345,2025-03-03,9,Pilates,52
CI005674,M0345,2025-03-01,18,Strength Training,36
CI005675,M0345,2025-07-11,10,Spin,53
CI005676,M0345,2025-07-28,16,Gym Floor,65
CI005677,M0345,2025-05-07,12,Zumba,50
CI005678,M0345,2025-03-06,9,Strength Training,50
CI005679,M0345,2025-05-27,18,Gym Floor,58
CI005680,M0345,2025-07-31,10,Gym Floor,74
CI005681,M0345,2025-03-14,6,Zumba,77
CI005682,M0345,2025-05-09,7,Spin,28
CI005683,M0345,2025-04-29,18,Pilates,74
CI005684,M0346,2025-04-11,9,CrossFit,43
CI005685,M0346,2025-08-13,20,Spin,79
CI005686,M0346,2025-06-17,19,Gym Floor,90
CI005687,M0346,2025-06-07,16,Pilates,73
CI005688,M0346,2025-04-18,11,Gym Floor,63
CI005689,M0346,2025-07-30,18,Gym Floor,53
CI005690,M0346,2025-04-10,20,CrossFit,57
CI005691,M0346,2025-05-23,11,Pilates,37
CI005692,M0346,2025-03-17,9,Gym Floor,27
CI005693,M0346,2025-03-26,16,Gym Floor,49
CI005694,M0346,2025-03-20,17,Cardio,49
CI005695,M0346,2025-05-21,7,Gym Floor,76
CI005696,M0346,2025-07-13,16,Gym Floor,32
CI005697,M0346,2025-03-29,12,Zumba,32
CI005698,M0346,2025-06-16,19,Strength Training,62
CI005699,M0346,2025-07-26,7,Pilates,91
CI005700,M0346,2025-05-10,18,Yoga,48
CI005701,M0346,2025-03-30,8,Gym Floor,39
CI005702,M0346,2025-04-30,19,CrossFit,30
CI005703,M0346,2025-03-15,18,Gym Floor,45
CI005704,M0346,2025-04-15,7,HIIT,64
CI005705,M0346,2025-03-03,18,HIIT,83
CI005706,M0346,2025-04-12,8,HIIT,49
CI005707,M0346,2025-07-30,12,Cardio,47
CI005708,M0348,2025-07-30,18,Gym Floor,41
CI005709,M0348,2025-03-27,11,Pilates,55
CI005710,M0348,2025-06-14,18,Cardio,20
CI005711,M0348,2025-03-07,17,Gym Floor,33
CI005712,M0348,2025-08-03,11,HIIT,59
CI005713,M0348,2025-07-05,16,Pilates,79
CI005714,M0348,2025-05-25,9,Yoga,35
CI005715,M0348,2025-06-24,10,Gym Floor,67
CI005716,M0348,2025-04-10,7,Pilates,37
CI005717,M0348,2025-05-25,6,Zumba,64
CI005718,M0348,2025-03-29,18,Strength Training,84
CI005719,M0348,2025-08-27,6,Gym Floor,61
CI005720,M0348,2025-06-25,18,HIIT,46
CI005721,M0349,2025-05-12,8,Yoga,39
CI005722,M0349,2025-04-24,17,Gym Floor,56
CI005723,M0349,2025-03-15,6,Cardio,58
CI005724,M0349,2025-05-23,19,Gym Floor,44
CI005725,M0349,2025-07-07,9,HIIT,38
CI005726,M0349,2025-03-14,8,HIIT,60
CI005727,M0349,2025-07-01,10,Gym Floor,67
CI005728,M0349,2025-06-03,18,Gym Floor,31
CI005729,M0349,2025-06-23,17,Gym Floor,80
CI005730,M0349,2025-08-15,17,Zumba,31
CI005731,M0349,2025-06-25,10,HIIT,47
CI005732,M0349,2025-07-01,18,Gym Floor,60
CI005733,M0349,2025-06-22,7,Spin,33
CI005734,M0349,2025-06-23,9,Gym Floor,79
CI005735,M0349,2025-04-05,10,Zumba,63
CI005736,M0349,2025-08-19,19,Gym Floor,66
CI005737,M0349,2025-05-29,6,CrossFit,40
CI005738,M0349,2025-08-22,17,Gym Floor,66
CI005739,M0349,2025-07-12,18,Cardio,36
CI005740,M0349,2025-07-11,8,Pilates,64
CI005741,M0349,2025-07-13,20,Spin,53
CI005742,M0349,2025-04-01,6,HIIT,44
CI005743,M0349,2025-04-22,19,Spin,27
CI005744,M0349,2025-04-10,20,Zumba,40
CI005745,M0349,2025-07-17,19,Gym Floor,94
CI005746,M0349,2025-03-25,18,Zumba,81
CI005747,M0350,2025-03-17,18,Gym Floor,36
CI005748,M0350,2025-08-15,18,Spin,78
CI005749,M0350,2025-03-28,16,HIIT,31
CI005750,M0350,2025-04-21,16,Pilates,53
CI005751,M0350,2025-03-01,21,Pilates,92
CI005752,M0350,2025-05-30,19,Gym Floor,83
CI005753,M0350,2025-04-22,11,Gym Floor,35
CI005754,M0351,2025-03-29,19,Zumba,62
CI005755,M0351,2025-04-06,16,Gym Floor,53
CI005756,M0351,2025-03-12,9,Gym Floor,44
CI005757,M0351,2025-04-18,21,Zumba,55
CI005758,M0351,2025-08-01,8,Zumba,50
CI005759,M0351,2025-05-05,6,Gym Floor,49
CI005760,M0351,2025-05-24,9,Gym Floor,32
CI005761,M0351,2025-03-18,16,HIIT,88
CI005762,M0351,2025-06-17,8,Gym Floor,27
CI005763,M0351,2025-07-22,7,Gym Floor,35
CI005764,M0351,2025-03-09,18,HIIT,80
CI005765,M0351,2025-05-27,6,Cardio,56
CI005766,M0351,2025-05-25,18,Spin,24
CI005767,M0351,2025-08-10,16,Gym Floor,64
CI005768,M0351,2025-06-26,18,CrossFit,68
CI005769,M0351,2025-08-23,7,Pilates,63
CI005770,M0351,2025-08-08,12,Gym Floor,61
CI005771,M0351,2025-03-04,16,Pilates,25
CI005772,M0351,2025-07-12,19,Gym Floor,43
CI005773,M0351,2025-06-18,19,Strength Training,33
CI005774,M0351,2025-05-01,10,Cardio,52
CI005775,M0351,2025-07-31,9,Yoga,56
CI005776,M0351,2025-04-16,16,Yoga,65
CI005777,M0351,2025-06-23,16,CrossFit,62
CI005778,M0351,2025-04-06,18,Yoga,67
CI005779,M0351,2025-04-07,20,Gym Floor,33
CI005780,M0351,2025-06-27,11,Strength Training,78
CI005781,M0351,2025-03-16,16,Gym Floor,67
CI005782,M0351,2025-03-19,9,Yoga,75
CI005783,M0351,2025-05-18,10,Yoga,58
CI005784,M0351,2025-04-08,8,Gym Floor,100
CI005785,M0351,2025-08-19,21,CrossFit,37
CI005786,M0351,2025-07-15,19,Cardio,49
CI005787,M0351,2025-06-11,8,Gym Floor,49
CI005788,M0351,2025-07-25,18,Zumba,39
CI005789,M0351,2025-05-06,21,Gym Floor,45
CI005790,M0351,2025-08-22,19,Gym Floor,96
CI005791,M0351,2025-06-03,6,Cardio,57
CI005792,M0351,2025-03-27,7,Spin,54
CI005793,M0351,2025-08-22,17,Gym Floor,88
CI005794,M0352,2025-04-07,17,Strength Training,73
CI005795,M0352,2025-06-12,17,Gym Floor,59
CI005796,M0352,2025-04-27,9,Gym Floor,20
CI005797,M0352,2025-05-28,19,Gym Floor,86
CI005798,M0352,2025-04-20,10,Gym Floor,30
CI005799,M0352,2025-03-18,16,Gym Floor,77
CI005800,M0352,2025-04-25,8,Cardio,38
CI005801,M0352,2025-05-11,17,Zumba,58
CI005802,M0352,2025-08-27,17,Spin,67
CI005803,M0352,2025-06-27,19,CrossFit,48
CI005804,M0352,2025-06-03,16,Gym Floor,76
CI005805,M0352,2025-07-01,7,Gym Floor,72
CI005806,M0352,2025-04-09,19,Strength Training,38
CI005807,M0352,2025-08-28,8,CrossFit,52
CI005808,M0352,2025-07-21,17,Pilates,81
CI005809,M0352,2025-03-30,16,Strength Training,63
CI005810,M0352,2025-06-20,18,Gym Floor,45
CI005811,M0352,2025-04-07,20,Gym Floor,64
CI005812,M0352,2025-07-02,18,Gym Floor,76
CI005813,M0352,2025-08-14,11,Gym Floor,74
CI005814,M0352,2025-07-30,7,Pilates,20
CI005815,M0352,2025-05-18,17,Pilates,74
CI005816,M0353,2025-04-11,18,Gym Floor,30
CI005817,M0353,2025-04-27,18,Gym Floor,64
CI005818,M0353,2025-04-23,9,Gym Floor,26
CI005819,M0353,2025-04-27,12,Gym Floor,75
CI005820,M0353,2025-07-30,19,Zumba,49
CI005821,M0353,2025-08-22,9,Yoga,57
CI005822,M0353,2025-04-25,18,Gym Floor,52
CI005823,M0353,2025-03-22,6,Pilates,46
CI005824,M0354,2025-08-10,18,Gym Floor,35
CI005825,M0354,2025-06-14,19,HIIT,56
CI005826,M0354,2025-07-30,17,Gym Floor,44
CI005827,M0354,2025-04-10,7,Gym Floor,41
CI005828,M0354,2025-07-14,16,Gym Floor,60
CI005829,M0354,2025-03-08,18,Gym Floor,34
CI005830,M0354,2025-08-25,8,Spin,47
CI005831,M0354,2025-04-20,19,Strength Training,45
CI005832,M0354,2025-06-27,16,Gym Floor,79
CI005833,M0354,2025-04-22,6,Gym Floor,90
CI005834,M0354,2025-07-12,17,Gym Floor,46
CI005835,M0354,2025-06-10,17,Gym Floor,41
CI005836,M0354,2025-07-13,19,Gym Floor,65
CI005837,M0354,2025-04-11,16,Gym Floor,53
CI005838,M0354,2025-05-15,17,HIIT,60
CI005839,M0354,2025-03-17,18,Zumba,43
CI005840,M0355,2025-07-15,17,Gym Floor,55
CI005841,M0355,2025-08-21,12,Cardio,73
CI005842,M0355,2025-08-21,20,Pilates,40
CI005843,M0355,2025-04-11,19,CrossFit,70
CI005844,M0355,2025-06-27,10,Yoga,70
CI005845,M0355,2025-07-09,19,Gym Floor,61
CI005846,M0355,2025-03-22,8,Strength Training,65
CI005847,M0356,2025-08-25,9,Zumba,37
CI005848,M0356,2025-08-09,10,Zumba,65
CI005849,M0356,2025-07-24,9,Zumba,22
CI005850,M0356,2025-04-15,11,Pilates,58
CI005851,M0356,2025-03-09,8,Pilates,44
CI005852,M0356,2025-03-06,12,Cardio,37
CI005853,M0356,2025-06-29,6,HIIT,62
CI005854,M0356,2025-04-21,7,Gym Floor,60
CI005855,M0356,2025-06-13,7,Strength Training,43
CI005856,M0356,2025-04-03,12,Pilates,84
CI005857,M0356,2025-04-30,8,Pilates,74
CI005858,M0356,2025-07-01,17,Pilates,44
CI005859,M0356,2025-05-20,18,CrossFit,43
CI005860,M0356,2025-07-15,21,Gym Floor,47
CI005861,M0356,2025-07-01,21,Gym Floor,50
CI005862,M0356,2025-06-21,18,Gym Floor,72
CI005863,M0356,2025-04-28,9,Yoga,64
CI005864,M0357,2025-07-14,21,CrossFit,54
CI005865,M0357,2025-05-23,17,Gym Floor,51
CI005866,M0357,2025-07-04,17,Gym Floor,87
CI005867,M0357,2025-05-13,17,Strength Training,68
CI005868,M0357,2025-08-20,17,Strength Training,45
CI005869,M0357,2025-07-26,12,Pilates,70
CI005870,M0358,2025-04-18,18,Yoga,87
CI005871,M0358,2025-03-16,7,Pilates,59
CI005872,M0358,2025-07-16,17,Strength Training,58
CI005873,M0358,2025-07-23,7,CrossFit,69
CI005874,M0358,2025-08-03,6,Gym Floor,51
CI005875,M0358,2025-07-15,19,Gym Floor,60
CI005876,M0358,2025-08-11,7,Yoga,60
CI005877,M0358,2025-05-22,20,Gym Floor,39
CI005878,M0358,2025-07-12,18,Strength Training,44
CI005879,M0358,2025-05-11,8,Gym Floor,55
CI005880,M0358,2025-08-20,9,Gym Floor,51
CI005881,M0358,2025-08-12,19,CrossFit,80
CI005882,M0358,2025-03-30,8,Gym Floor,48
CI005883,M0358,2025-05-02,11,Gym Floor,70
CI005884,M0358,2025-06-20,19,Yoga,46
CI005885,M0358,2025-08-18,19,Gym Floor,58
CI005886,M0358,2025-03-04,16,Yoga,20
CI005887,M0358,2025-06-25,18,Spin,44
CI005888,M0358,2025-05-18,17,Gym Floor,50
CI005889,M0359,2025-07-05,20,Yoga,84
CI005890,M0359,2025-05-20,11,Gym Floor,68
CI005891,M0359,2025-07-24,17,Gym Floor,40
CI005892,M0359,2025-03-18,10,Gym Floor,62
CI005893,M0359,2025-08-06,20,Gym Floor,73
CI005894,M0359,2025-06-07,8,Zumba,81
CI005895,M0359,2025-05-19,19,Strength Training,63
CI005896,M0359,2025-08-27,18,Pilates,35
CI005897,M0359,2025-03-30,19,Pilates,54
CI005898,M0359,2025-05-13,19,Gym Floor,45
CI005899,M0359,2025-04-11,10,Gym Floor,63
CI005900,M0360,2025-06-04,19,Zumba,44
CI005901,M0360,2025-06-29,17,Gym Floor,78
CI005902,M0360,2025-05-10,6,Gym Floor,61
CI005903,M0360,2025-08-07,8,Gym Floor,34
CI005904,M0360,2025-08-10,17,Gym Floor,34
CI005905,M0360,2025-06-23,17,Pilates,52
CI005906,M0360,2025-08-01,6,Yoga,77
CI005907,M0360,2025-06-27,9,Cardio,56
CI005908,M0360,2025-06-02,16,Cardio,57
CI005909,M0360,2025-05-11,16,Gym Floor,57
CI005910,M0360,2025-05-23,20,Gym Floor,75
CI005911,M0360,2025-07-05,19,Gym Floor,33
CI005912,M0360,2025-08-31,8,Spin,59
CI005913,M0360,2025-03-08,17,Pilates,47
CI005914,M0360,2025-04-15,7,Gym Floor,20
CI005915,M0360,2025-04-06,18,HIIT,45
CI005916,M0360,2025-07-17,11,Yoga,33
CI005917,M0360,2025-05-29,10,Cardio,39
CI005918,M0360,2025-06-12,16,CrossFit,53
CI005919,M0360,2025-06-17,18,Gym Floor,57
CI005920,M0360,2025-08-07,19,Zumba,56
CI005921,M0360,2025-07-30,7,CrossFit,52
CI005922,M0360,2025-06-30,6,Gym Floor,61
CI005923,M0360,2025-05-29,18,Yoga,87
CI005924,M0360,2025-06-04,8,Gym Floor,84
CI005925,M0360,2025-04-23,18,Cardio,51
CI005926,M0360,2025-07-16,20,HIIT,27
CI005927,M0360,2025-08-27,17,Gym Floor,45
CI005928,M0360,2025-06-12,8,Gym Floor,71
CI005929,M0360,2025-08-22,11,Strength Training,67
CI005930,M0360,2025-04-13,7,Gym Floor,88
CI005931,M0360,2025-04-18,10,Zumba,43
CI005932,M0360,2025-03-15,18,HIIT,52
CI005933,M0360,2025-06-26,18,Zumba,60
CI005934,M0360,2025-07-11,12,Gym Floor,69
CI005935,M0360,2025-05-01,19,Gym Floor,52
CI005936,M0360,2025-07-16,8,Strength Training,70
CI005937,M0360,2025-07-13,12,Cardio,64
CI005938,M0360,2025-06-28,12,CrossFit,36
CI005939,M0360,2025-07-06,17,HIIT,50
CI005940,M0360,2025-05-07,17,Yoga,46
CI005941,M0360,2025-06-13,6,Spin,31
CI005942,M0360,2025-03-18,19,Yoga,66
CI005943,M0360,2025-06-30,17,Gym Floor,111
CI005944,M0360,2025-07-27,8,Cardio,64
CI005945,M0360,2025-04-19,16,Strength Training,70
CI005946,M0360,2025-04-02,21,Gym Floor,48
CI005947,M0360,2025-07-09,19,Pilates,51
CI005948,M0361,2025-03-06,6,Strength Training,95
CI005949,M0361,2025-03-16,21,Spin,65
CI005950,M0361,2025-07-26,19,HIIT,54
CI005951,M0361,2025-04-09,6,Gym Floor,88
CI005952,M0361,2025-07-13,16,HIIT,40
CI005953,M0361,2025-08-06,19,Strength Training,55
CI005954,M0361,2025-06-24,6,CrossFit,46
CI005955,M0361,2025-08-09,9,Yoga,58
CI005956,M0362,2025-07-02,16,Gym Floor,34
CI005957,M0362,2025-08-13,11,Strength Training,70
CI005958,M0362,2025-05-02,11,Gym Floor,56
CI005959,M0362,2025-06-07,7,Pilates,45
CI005960,M0362,2025-06-22,18,Zumba,44
CI005961,M0362,2025-04-10,21,Cardio,66
CI005962,M0362,2025-07-08,6,Gym Floor,53
CI005963,M0362,2025-06-30,18,Pilates,49
CI005964,M0362,2025-03-14,21,Spin,20
CI005965,M0362,2025-03-06,18,Gym Floor,51
CI005966,M0362,2025-04-03,21,Spin,82
CI005967,M0362,2025-07-31,10,Pilates,74
CI005968,M0362,2025-08-29,9,Strength Training,64
CI005969,M0362,2025-06-06,12,Gym Floor,72
CI005970,M0362,2025-07-18,6,Gym Floor,52
CI005971,M0362,2025-06-30,9,Zumba,28
CI005972,M0362,2025-07-20,8,Gym Floor,55
CI005973,M0362,2025-04-15,16,Gym Floor,36
CI005974,M0362,2025-06-10,18,Yoga,54
CI005975,M0362,2025-03-27,7,Cardio,57
CI005976,M0362,2025-07-18,18,Pilates,72
CI005977,M0362,2025-04-03,19,Yoga,59
CI005978,M0362,2025-03-30,7,CrossFit,76
CI005979,M0362,2025-08-20,20,Yoga,37
CI005980,M0362,2025-03-18,21,Gym Floor,42
CI005981,M0362,2025-03-18,19,Gym Floor,72
CI005982,M0362,2025-08-10,18,Strength Training,82
CI005983,M0362,2025-06-24,17,Zumba,64
CI005984,M0362,2025-03-13,6,Yoga,29
CI005985,M0362,2025-03-12,6,Gym Floor,38
CI005986,M0362,2025-04-08,17,Gym Floor,50
CI005987,M0362,2025-05-18,8,Zumba,70
CI005988,M0362,2025-04-10,18,Strength Training,64
CI005989,M0362,2025-05-19,18,Pilates,68
CI005990,M0362,2025-04-11,7,Gym Floor,49
CI005991,M0362,2025-07-18,18,Yoga,64
CI005992,M0362,2025-03-08,6,Gym Floor,66
CI005993,M0362,2025-04-26,16,Gym Floor,33
CI005994,M0362,2025-06-23,9,Zumba,58
CI005995,M0362,2025-06-14,19,Gym Floor,52
CI005996,M0362,2025-03-15,18,Gym Floor,62
CI005997,M0362,2025-05-21,8,Yoga,92
CI005998,M0362,2025-08-13,9,Pilates,51
CI005999,M0362,2025-04-10,16,Gym Floor,55
CI006000,M0362,2025-07-06,18,Gym Floor,64
CI006001,M0362,2025-04-15,16,CrossFit,101
CI006002,M0362,2025-05-01,12,Gym Floor,33
CI006003,M0362,2025-07-30,7,Pilates,48
CI006004,M0363,2025-03-17,19,Gym Floor,45
CI006005,M0363,2025-07-03,10,Gym Floor,72
CI006006,M0363,2025-05-23,9,Cardio,28
CI006007,M0363,2025-07-07,8,Gym Floor,74
CI006008,M0363,2025-03-09,7,Zumba,80
CI006009,M0363,2025-05-28,16,Gym Floor,51
CI006010,M0363,2025-06-03,9,CrossFit,103
CI006011,M0363,2025-03-23,7,Gym Floor,25
CI006012,M0363,2025-07-12,6,Strength Training,64
CI006013,M0363,2025-07-02,17,HIIT,70
CI006014,M0363,2025-03-13,11,Gym Floor,60
CI006015,M0363,2025-08-16,8,Gym Floor,58
CI006016,M0363,2025-03-29,16,HIIT,54
CI006017,M0363,2025-07-14,7,HIIT,50
CI006018,M0363,2025-03-16,7,Pilates,34
CI006019,M0363,2025-08-01,9,Zumba,70
CI006020,M0363,2025-08-23,18,Gym Floor,51
CI006021,M0363,2025-07-31,18,CrossFit,72
CI006022,M0363,2025-07-23,6,Gym Floor,53
CI006023,M0363,2025-06-08,11,Gym Floor,54
CI006024,M0363,2025-07-23,11,Gym Floor,68
CI006025,M0363,2025-05-30,18,Cardio,55
CI006026,M0363,2025-07-03,19,Zumba,46
CI006027,M0363,2025-07-22,17,Gym Floor,45
CI006028,M0363,2025-03-25,18,CrossFit,20
CI006029,M0363,2025-03-06,20,Gym Floor,64
CI006030,M0363,2025-04-09,19,Spin,68
CI006031,M0363,2025-06-23,19,Gym Floor,76
CI006032,M0363,2025-07-29,6,CrossFit,81
CI006033,M0363,2025-05-20,19,Yoga,96
CI006034,M0363,2025-03-18,19,Gym Floor,25
CI006035,M0364,2025-03-26,17,Zumba,37
CI006036,M0364,2025-07-23,18,Gym Floor,40
CI006037,M0364,2025-07-10,9,Gym Floor,84
CI006038,M0364,2025-08-05,7,Pilates,76
CI006039,M0364,2025-04-23,6,Yoga,20
CI006040,M0364,2025-04-17,8,Gym Floor,79
CI006041,M0364,2025-07-18,11,Cardio,45
CI006042,M0364,2025-05-04,7,Gym Floor,68
CI006043,M0364,2025-08-24,19,Strength Training,50
CI006044,M0364,2025-07-21,6,Gym Floor,50
CI006045,M0364,2025-08-19,6,CrossFit,62
CI006046,M0364,2025-08-22,10,Gym Floor,51
CI006047,M0365,2025-05-02,19,HIIT,40
CI006048,M0365,2025-05-14,11,Gym Floor,76
CI006049,M0365,2025-06-01,18,Pilates,49
CI006050,M0365,2025-07-18,17,Gym Floor,39
CI006051,M0365,2025-07-16,8,Gym Floor,88
CI006052,M0365,2025-07-19,16,Gym Floor,90
CI006053,M0365,2025-06-01,18,Gym Floor,64
CI006054,M0365,2025-08-18,11,Gym Floor,45
CI006055,M0365,2025-07-01,17,HIIT,101
CI006056,M0365,2025-07-04,8,Gym Floor,69
CI006057,M0365,2025-08-29,18,HIIT,54
CI006058,M0366,2025-04-08,18,Gym Floor,86
CI006059,M0366,2025-07-03,7,Gym Floor,62
CI006060,M0366,2025-03-18,21,Gym Floor,21
CI006061,M0366,2025-08-16,7,Gym Floor,46
CI006062,M0366,2025-05-07,16,Gym Floor,20
CI006063,M0366,2025-07-10,21,HIIT,66
CI006064,M0366,2025-06-11,18,Strength Training,58
CI006065,M0366,2025-04-14,16,Gym Floor,62
CI006066,M0366,2025-03-22,7,Gym Floor,66
CI006067,M0366,2025-03-06,16,Gym Floor,76
CI006068,M0366,2025-07-07,9,Strength Training,31
CI006069,M0366,2025-03-29,8,Yoga,49
CI006070,M0366,2025-04-06,21,Spin,38
CI006071,M0366,2025-08-17,19,Gym Floor,20
CI006072,M0367,2025-08-24,7,HIIT,67
CI006073,M0367,2025-04-20,20,Strength Training,68
CI006074,M0367,2025-05-20,7,Strength Training,54
CI006075,M0367,2025-08-03,6,Spin,46
CI006076,M0367,2025-03-04,20,Gym Floor,43
CI006077,M0368,2025-04-14,10,Gym Floor,49
CI006078,M0368,2025-07-17,17,Strength Training,48
CI006079,M0368,2025-03-17,8,Gym Floor,50
CI006080,M0368,2025-03-16,20,Gym Floor,41
CI006081,M0368,2025-06-13,18,Cardio,73
CI006082,M0368,2025-06-08,18,HIIT,44
CI006083,M0368,2025-08-08,7,Gym Floor,35
CI006084,M0368,2025-05-30,9,Gym Floor,50
CI006085,M0368,2025-07-07,17,Gym Floor,62
CI006086,M0368,2025-08-15,19,CrossFit,37
CI006087,M0368,2025-03-22,16,Gym Floor,44
CI006088,M0368,2025-08-17,7,Yoga,54
CI006089,M0368,2025-04-17,6,Yoga,58
CI006090,M0368,2025-05-19,18,Gym Floor,30
CI006091,M0368,2025-08-28,9,Spin,62
CI006092,M0368,2025-05-26,7,Gym Floor,50
CI006093,M0368,2025-06-19,17,Strength Training,56
CI006094,M0368,2025-06-18,8,Gym Floor,85
CI006095,M0368,2025-03-22,11,Strength Training,46
CI006096,M0368,2025-06-19,6,Strength Training,53
CI006097,M0368,2025-08-16,16,CrossFit,43
CI006098,M0368,2025-06-08,8,Gym Floor,66
CI006099,M0368,2025-07-03,7,Gym Floor,79
CI006100,M0368,2025-08-30,6,Gym Floor,64
CI006101,M0368,2025-08-13,7,Gym Floor,43
CI006102,M0368,2025-06-23,18,Gym Floor,40
CI006103,M0368,2025-05-31,17,Gym Floor,116
CI006104,M0368,2025-07-30,10,Spin,35
CI006105,M0368,2025-06-02,6,Spin,49
CI006106,M0368,2025-06-18,9,Gym Floor,57
CI006107,M0368,2025-08-18,16,Gym Floor,30
CI006108,M0368,2025-04-27,8,Gym Floor,43
CI006109,M0368,2025-06-28,11,Gym Floor,52
CI006110,M0368,2025-04-08,20,Gym Floor,20
CI006111,M0368,2025-07-31,18,Gym Floor,61
CI006112,M0368,2025-04-24,6,Zumba,67
CI006113,M0368,2025-08-29,6,CrossFit,65
CI006114,M0368,2025-06-08,8,Gym Floor,43
CI006115,M0368,2025-06-29,18,Strength Training,42
CI006116,M0368,2025-08-06,10,Gym Floor,68
CI006117,M0368,2025-06-11,8,Cardio,63
CI006118,M0368,2025-07-11,10,CrossFit,60
CI006119,M0368,2025-08-01,8,Gym Floor,58
CI006120,M0368,2025-08-02,17,Yoga,57
CI006121,M0368,2025-04-21,6,Gym Floor,45
CI006122,M0368,2025-05-17,18,Gym Floor,52
CI006123,M0368,2025-03-30,8,Zumba,61
CI006124,M0368,2025-05-16,10,HIIT,50
CI006125,M0368,2025-05-22,10,Gym Floor,51
CI006126,M0369,2025-07-28,17,Pilates,35
CI006127,M0369,2025-06-01,16,Gym Floor,48
CI006128,M0369,2025-05-31,19,Gym Floor,43
CI006129,M0369,2025-08-29,17,Gym Floor,56
CI006130,M0369,2025-07-17,16,Gym Floor,49
CI006131,M0369,2025-05-19,9,Zumba,35
CI006132,M0369,2025-03-17,10,Gym Floor,68
CI006133,M0369,2025-07-01,18,Yoga,41
CI006134,M0370,2025-05-23,7,HIIT,68
CI006135,M0370,2025-05-14,7,Gym Floor,74
CI006136,M0370,2025-04-07,12,Cardio,33
CI006137,M0371,2025-06-27,12,Gym Floor,79
CI006138,M0371,2025-08-23,6,Gym Floor,24
CI006139,M0371,2025-07-21,18,CrossFit,63
CI006140,M0371,2025-05-06,17,CrossFit,55
CI006141,M0371,2025-04-11,19,Gym Floor,72
CI006142,M0371,2025-03-11,12,Spin,82
CI006143,M0371,2025-07-01,17,HIIT,20
CI006144,M0371,2025-03-18,10,Gym Floor,58
CI006145,M0371,2025-08-17,9,Gym Floor,61
CI006146,M0372,2025-08-01,20,Gym Floor,30
CI006147,M0372,2025-03-14,16,Strength Training,63
CI006148,M0372,2025-03-20,11,Gym Floor,48
CI006149,M0372,2025-07-28,18,CrossFit,65
CI006150,M0372,2025-04-19,20,Gym Floor,60
CI006151,M0372,2025-04-22,10,Gym Floor,63
CI006152,M0372,2025-05-07,12,Gym Floor,46
CI006153,M0372,2025-05-06,12,Gym Floor,73
CI006154,M0372,2025-07-30,19,Yoga,68
CI006155,M0372,2025-05-15,9,Gym Floor,112
CI006156,M0372,2025-07-07,18,Pilates,47
CI006157,M0372,2025-06-27,19,Gym Floor,63
CI006158,M0372,2025-07-02,9,Zumba,69
CI006159,M0373,2025-08-24,20,Cardio,27
CI006160,M0374,2025-05-18,19,Gym Floor,61
CI006161,M0374,2025-03-23,10,Cardio,50
CI006162,M0374,2025-07-05,18,Spin,59
CI006163,M0374,2025-03-09,18,Gym Floor,23
CI006164,M0374,2025-07-03,8,Gym Floor,75
CI006165,M0374,2025-06-13,8,CrossFit,75
CI006166,M0374,2025-05-03,8,Gym Floor,48
CI006167,M0374,2025-05-02,10,Cardio,58
CI006168,M0374,2025-06-15,18,Gym Floor,39
CI006169,M0374,2025-04-26,19,Gym Floor,56
CI006170,M0374,2025-03-11,18,HIIT,65
CI006171,M0374,2025-06-06,6,Cardio,41
CI006172,M0374,2025-07-03,11,Cardio,61
CI006173,M0374,2025-06-29,17,Yoga,70
CI006174,M0374,2025-05-20,7,Yoga,51
CI006175,M0374,2025-08-30,10,Yoga,70
CI006176,M0374,2025-03-31,9,Gym Floor,84
CI006177,M0374,2025-05-16,6,Cardio,35
CI006178,M0374,2025-07-09,7,Gym Floor,53
CI006179,M0374,2025-04-28,7,Spin,55
CI006180,M0374,2025-08-31,12,Zumba,45
CI006181,M0374,2025-04-16,10,Pilates,45
CI006182,M0374,2025-04-30,9,Cardio,60
CI006183,M0374,2025-08-29,12,Cardio,41
CI006184,M0374,2025-06-11,16,Cardio,37
CI006185,M0374,2025-06-17,21,CrossFit,73
CI006186,M0374,2025-03-04,10,Gym Floor,65
CI006187,M0374,2025-03-26,17,Gym Floor,58
CI006188,M0375,2025-04-17,18,Gym Floor,23
CI006189,M0375,2025-04-02,17,Gym Floor,27
CI006190,M0376,2025-03-13,12,Cardio,34
CI006191,M0376,2025-05-09,19,Cardio,91
CI006192,M0376,2025-05-02,16,Gym Floor,34
CI006193,M0376,2025-06-07,16,Pilates,58
CI006194,M0376,2025-07-31,18,Cardio,46
CI006195,M0376,2025-08-28,7,Strength Training,28
CI006196,M0376,2025-08-19,17,Pilates,37
CI006197,M0376,2025-06-01,11,Cardio,33
CI006198,M0376,2025-03-26,9,Yoga,57
CI006199,M0376,2025-05-26,20,Zumba,59
CI006200,M0376,2025-05-29,9,Zumba,65
CI006201,M0376,2025-07-12,9,Gym Floor,57
CI006202,M0376,2025-03-23,18,Pilates,55
CI006203,M0376,2025-08-08,18,Yoga,39
CI006204,M0376,2025-07-20,19,Zumba,68
CI006205,M0376,2025-05-01,8,Cardio,49
CI006206,M0376,2025-08-29,17,HIIT,45
CI006207,M0376,2025-06-23,6,Gym Floor,40
CI006208,M0376,2025-04-05,8,Gym Floor,50
CI006209,M0376,2025-05-01,19,Strength Training,50
CI006210,M0376,2025-06-29,21,Gym Floor,37
CI006211,M0376,2025-03-23,18,Gym Floor,74
CI006212,M0376,2025-03-30,20,Gym Floor,36
CI006213,M0376,2025-03-08,16,Gym Floor,63
CI006214,M0376,2025-08-07,16,HIIT,52
CI006215,M0376,2025-06-11,16,Gym Floor,38
CI006216,M0376,2025-08-22,21,Strength Training,57
CI006217,M0376,2025-03-01,8,Strength Training,48
CI006218,M0376,2025-04-10,12,Gym Floor,70
CI006219,M0376,2025-07-19,12,Yoga,59
CI006220,M0376,2025-06-07,11,Gym Floor,90
CI006221,M0376,2025-06-27,7,Pilates,42
CI006222,M0376,2025-04-25,9,Strength Training,45
CI006223,M0376,2025-04-28,9,Gym Floor,78
CI006224,M0377,2025-05-31,18,Gym Floor,74
CI006225,M0377,2025-06-23,7,Pilates,69
CI006226,M0377,2025-06-07,9,Gym Floor,70
CI006227,M0377,2025-04-07,11,Gym Floor,83
CI006228,M0377,2025-04-26,19,Gym Floor,48
CI006229,M0377,2025-04-29,12,Strength Training,71
CI006230,M0377,2025-06-18,9,Cardio,25
CI006231,M0377,2025-04-09,18,HIIT,48
CI006232,M0377,2025-06-21,6,Gym Floor,26
CI006233,M0377,2025-06-09,18,Gym Floor,56
CI006234,M0377,2025-06-08,10,Yoga,34
CI006235,M0377,2025-04-25,18,Gym Floor,55
CI006236,M0377,2025-07-23,19,HIIT,77
CI006237,M0377,2025-06-24,16,Pilates,59
CI006238,M0377,2025-05-29,6,Gym Floor,67
CI006239,M0377,2025-04-08,19,Gym Floor,56
CI006240,M0377,2025-04-30,10,Gym Floor,44
CI006241,M0377,2025-07-29,9,Zumba,53
CI006242,M0377,2025-04-01,7,Gym Floor,56
CI006243,M0378,2025-05-03,17,Gym Floor,29
CI006244,M0378,2025-05-12,17,Gym Floor,47
CI006245,M0378,2025-05-03,16,Spin,63
CI006246,M0378,2025-07-16,17,Gym Floor,55
CI006247,M0378,2025-05-18,6,Spin,69
CI006248,M0378,2025-05-27,19,Gym Floor,20
CI006249,M0378,2025-04-08,19,Spin,92
CI006250,M0378,2025-07-31,17,Gym Floor,65
CI006251,M0378,2025-07-27,9,Pilates,68
CI006252,M0378,2025-04-08,10,Zumba,53
CI006253,M0379,2025-04-05,8,Gym Floor,51
CI006254,M0379,2025-05-12,21,Zumba,50
CI006255,M0379,2025-06-03,12,Spin,70
CI006256,M0379,2025-07-20,11,Gym Floor,20
CI006257,M0379,2025-07-16,16,Yoga,61
CI006258,M0379,2025-06-11,16,Gym Floor,70
CI006259,M0379,2025-08-26,18,Gym Floor,59
CI006260,M0380,2025-04-06,8,Gym Floor,60
CI006261,M0380,2025-04-24,7,Pilates,74
CI006262,M0380,2025-07-27,18,Gym Floor,41
CI006263,M0381,2025-06-07,11,Yoga,53
CI006264,M0381,2025-06-21,6,Spin,65
CI006265,M0381,2025-04-24,18,Yoga,55
CI006266,M0381,2025-08-02,8,Gym Floor,59
CI006267,M0381,2025-05-31,7,HIIT,66
CI006268,M0381,2025-06-30,19,Spin,72
CI006269,M0381,2025-06-09,20,Gym Floor,48
CI006270,M0381,2025-03-22,7,Gym Floor,60
CI006271,M0381,2025-07-26,9,Yoga,24
CI006272,M0381,2025-03-24,12,Gym Floor,51
CI006273,M0381,2025-07-04,16,Gym Floor,33
CI006274,M0381,2025-08-28,6,Pilates,55
CI006275,M0381,2025-08-03,10,Pilates,61
CI006276,M0381,2025-07-28,16,Gym Floor,59
CI006277,M0381,2025-05-16,8,HIIT,54
CI006278,M0382,2025-05-18,9,HIIT,75
CI006279,M0382,2025-07-21,21,Gym Floor,56
CI006280,M0382,2025-06-14,18,Spin,68
CI006281,M0382,2025-05-28,11,Spin,22
CI006282,M0382,2025-04-18,8,Gym Floor,50
CI006283,M0382,2025-08-02,17,Pilates,20
CI006284,M0382,2025-07-28,11,HIIT,81
CI006285,M0382,2025-07-16,8,Zumba,60
CI006286,M0382,2025-06-26,8,HIIT,55
CI006287,M0382,2025-04-10,10,Gym Floor,71
CI006288,M0383,2025-04-20,11,Zumba,68
CI006289,M0383,2025-06-21,7,Cardio,41
CI006290,M0383,2025-03-03,19,Spin,61
CI006291,M0383,2025-05-16,8,Gym Floor,67
CI006292,M0383,2025-03-14,20,Gym Floor,75
CI006293,M0383,2025-03-06,7,Spin,58
CI006294,M0383,2025-05-21,8,Pilates,49
CI006295,M0383,2025-07-07,7,Gym Floor,35
CI006296,M0383,2025-04-04,9,Cardio,50
CI006297,M0383,2025-07-24,12,HIIT,41
CI006298,M0383,2025-03-20,7,HIIT,84
CI006299,M0383,2025-07-30,16,Yoga,42
CI006300,M0383,2025-03-20,18,Gym Floor,63
CI006301,M0383,2025-03-09,18,Pilates,68
CI006302,M0383,2025-07-13,18,Yoga,61
CI006303,M0383,2025-05-29,18,Spin,60
CI006304,M0383,2025-04-03,7,Strength Training,69
CI006305,M0383,2025-07-15,17,Spin,33
CI006306,M0383,2025-07-18,16,Zumba,80
CI006307,M0383,2025-06-21,7,Gym Floor,53
CI006308,M0383,2025-08-21,9,Strength Training,74
CI006309,M0383,2025-05-07,11,Spin,28
CI006310,M0383,2025-04-01,17,Cardio,73
CI006311,M0383,2025-04-07,19,Pilates,60
CI006312,M0383,2025-08-27,9,Gym Floor,65
CI006313,M0383,2025-03-08,18,Gym Floor,47
CI006314,M0383,2025-06-17,9,Spin,51
CI006315,M0383,2025-07-05,7,Yoga,20
CI006316,M0384,2025-06-22,6,Gym Floor,51
CI006317,M0384,2025-06-24,18,Pilates,46
CI006318,M0384,2025-06-13,7,Yoga,50
CI006319,M0384,2025-06-14,6,Gym Floor,67
CI006320,M0384,2025-03-07,19,Cardio,40
CI006321,M0384,2025-05-09,6,Cardio,38
CI006322,M0384,2025-03-13,9,Yoga,56
CI006323,M0384,2025-08-28,16,Yoga,50
CI006324,M0384,2025-03-02,19,Gym Floor,70
CI006325,M0384,2025-06-24,6,Gym Floor,47
CI006326,M0384,2025-03-25,8,Gym Floor,59
CI006327,M0384,2025-03-27,17,Gym Floor,53
CI006328,M0384,2025-08-27,6,Cardio,40
CI006329,M0384,2025-07-20,16,Zumba,25
CI006330,M0384,2025-04-28,20,Gym Floor,67
CI006331,M0384,2025-03-09,19,Gym Floor,61
CI006332,M0384,2025-07-06,18,Zumba,40
CI006333,M0384,2025-07-10,17,CrossFit,26
CI006334,M0384,2025-03-07,17,Zumba,44
CI006335,M0384,2025-07-26,19,HIIT,49
CI006336,M0384,2025-04-16,12,Gym Floor,36
CI006337,M0384,2025-07-23,11,Yoga,85
CI006338,M0384,2025-03-04,16,Yoga,74
CI006339,M0384,2025-06-14,6,Gym Floor,74
CI006340,M0384,2025-07-04,17,Gym Floor,55
CI006341,M0384,2025-06-22,17,Gym Floor,66
CI006342,M0384,2025-08-23,17,Gym Floor,26
CI006343,M0384,2025-07-30,17,Gym Floor,36
CI006344,M0384,2025-06-09,19,Pilates,57
CI006345,M0384,2025-07-25,16,Gym Floor,41
CI006346,M0384,2025-08-05,6,Gym Floor,60
CI006347,M0384,2025-06-10,16,Gym Floor,85
CI006348,M0384,2025-06-03,18,CrossFit,52
CI006349,M0384,2025-08-12,21,Strength Training,91
CI006350,M0384,2025-07-10,19,Gym Floor,66
CI006351,M0384,2025-04-29,19,Gym Floor,73
CI006352,M0384,2025-08-15,18,Gym Floor,64
CI006353,M0384,2025-07-29,7,Pilates,86
CI006354,M0384,2025-06-29,20,HIIT,77
CI006355,M0385,2025-06-27,18,Spin,23
CI006356,M0386,2025-04-21,17,HIIT,60
CI006357,M0386,2025-08-02,6,Zumba,81
CI006358,M0386,2025-07-04,8,Strength Training,69
CI006359,M0386,2025-05-26,17,Gym Floor,51
CI006360,M0386,2025-08-26,18,HIIT,69
CI006361,M0386,2025-07-20,6,Spin,55
CI006362,M0386,2025-07-25,7,Pilates,79
CI006363,M0387,2025-04-15,9,HIIT,105
CI006364,M0387,2025-07-19,6,Gym Floor,81
CI006365,M0387,2025-05-25,18,Cardio,84
CI006366,M0387,2025-05-20,18,Gym Floor,42
CI006367,M0387,2025-05-05,18,Strength Training,66
CI006368,M0387,2025-05-26,17,Gym Floor,65
CI006369,M0387,2025-04-12,19,CrossFit,37
CI006370,M0387,2025-06-24,7,Gym Floor,63
CI006371,M0387,2025-08-19,16,Gym Floor,20
CI006372,M0387,2025-04-04,11,Gym Floor,69
CI006373,M0388,2025-04-17,17,Gym Floor,31
CI006374,M0388,2025-07-21,16,Gym Floor,23
CI006375,M0388,2025-05-06,17,Gym Floor,64
CI006376,M0388,2025-05-01,18,Gym Floor,75
CI006377,M0389,2025-07-02,8,Pilates,46
CI006378,M0389,2025-04-05,12,Yoga,77
CI006379,M0389,2025-06-12,16,CrossFit,51
CI006380,M0389,2025-06-16,11,Cardio,53
CI006381,M0389,2025-03-06,19,Zumba,54
CI006382,M0389,2025-05-19,11,HIIT,29
CI006383,M0389,2025-03-20,19,Pilates,27
CI006384,M0389,2025-08-31,6,Pilates,55
CI006385,M0389,2025-07-14,10,Zumba,29
CI006386,M0389,2025-04-08,20,Zumba,99
CI006387,M0389,2025-04-02,19,Strength Training,64
CI006388,M0389,2025-07-25,17,Yoga,52
CI006389,M0389,2025-08-14,18,Spin,63
CI006390,M0389,2025-04-29,12,Gym Floor,54
CI006391,M0389,2025-08-01,12,Gym Floor,68
CI006392,M0389,2025-05-29,18,Gym Floor,20
CI006393,M0389,2025-03-09,10,Gym Floor,52
CI006394,M0389,2025-07-13,16,Zumba,47
CI006395,M0389,2025-04-07,17,Gym Floor,40
CI006396,M0389,2025-07-20,6,Cardio,48
CI006397,M0389,2025-04-16,11,Cardio,69
CI006398,M0389,2025-07-14,12,Gym Floor,53
CI006399,M0389,2025-05-03,7,Spin,37
CI006400,M0389,2025-07-15,9,Gym Floor,69
CI006401,M0389,2025-04-14,7,Gym Floor,54
CI006402,M0389,2025-05-25,18,Pilates,58
CI006403,M0390,2025-08-20,19,Strength Training,56
CI006404,M0390,2025-05-13,6,HIIT,56
CI006405,M0390,2025-04-26,16,Yoga,32
CI006406,M0390,2025-08-01,11,Strength Training,66
CI006407,M0390,2025-05-29,7,CrossFit,42
CI006408,M0390,2025-07-29,17,Gym Floor,24
CI006409,M0390,2025-07-11,12,Zumba,66
CI006410,M0390,2025-03-28,16,Zumba,59
CI006411,M0390,2025-05-22,19,Gym Floor,64
CI006412,M0390,2025-07-05,19,Gym Floor,38
CI006413,M0390,2025-03-05,17,Gym Floor,39
CI006414,M0390,2025-08-14,7,Gym Floor,50
CI006415,M0390,2025-03-28,8,Gym Floor,58
CI006416,M0390,2025-06-17,8,Strength Training,42
CI006417,M0390,2025-08-30,17,Strength Training,65
CI006418,M0390,2025-03-31,10,Gym Floor,33
CI006419,M0390,2025-04-19,6,Pilates,74
CI006420,M0390,2025-07-23,21,Gym Floor,37
CI006421,M0390,2025-06-02,16,Zumba,58
CI006422,M0390,2025-08-09,17,Zumba,25
CI006423,M0390,2025-07-27,9,Strength Training,74
CI006424,M0390,2025-03-25,17,Cardio,30
CI006425,M0390,2025-08-17,17,CrossFit,52
CI006426,M0390,2025-07-17,8,Gym Floor,35
CI006427,M0390,2025-06-11,19,HIIT,53
CI006428,M0390,2025-06-24,6,Gym Floor,57
CI006429,M0390,2025-07-26,17,Spin,70
CI006430,M0390,2025-07-27,20,Gym Floor,56
CI006431,M0390,2025-06-13,7,Pilates,59
CI006432,M0390,2025-08-18,10,Gym Floor,63
CI006433,M0390,2025-04-08,16,Cardio,40
CI006434,M0390,2025-03-19,19,Zumba,76
CI006435,M0390,2025-04-26,12,Gym Floor,33
CI006436,M0390,2025-04-07,10,Gym Floor,78
CI006437,M0390,2025-07-11,18,Gym Floor,84
CI006438,M0390,2025-08-11,19,Gym Floor,33
CI006439,M0390,2025-07-17,17,Gym Floor,51
CI006440,M0390,2025-05-06,17,Gym Floor,61
CI006441,M0390,2025-03-30,19,Gym Floor,64
CI006442,M0390,2025-03-29,21,Strength Training,38
CI006443,M0391,2025-04-06,18,Gym Floor,61
CI006444,M0391,2025-03-29,7,Gym Floor,49
CI006445,M0391,2025-04-23,6,Yoga,64
CI006446,M0391,2025-08-28,7,Gym Floor,74
CI006447,M0391,2025-04-20,17,Gym Floor,81
CI006448,M0391,2025-07-21,8,Gym Floor,60
CI006449,M0391,2025-05-17,19,Gym Floor,58
CI006450,M0391,2025-06-06,18,Zumba,36
CI006451,M0391,2025-04-07,19,Yoga,59
CI006452,M0391,2025-07-07,9,Cardio,60
CI006453,M0391,2025-05-11,8,HIIT,45
CI006454,M0391,2025-07-30,8,CrossFit,40
CI006455,M0391,2025-07-04,6,Gym Floor,51
CI006456,M0391,2025-03-15,19,Gym Floor,60
CI006457,M0391,2025-07-15,7,Zumba,75
CI006458,M0391,2025-06-23,20,Spin,45
CI006459,M0391,2025-07-30,7,Gym Floor,21
CI006460,M0391,2025-05-21,16,Gym Floor,75
CI006461,M0391,2025-06-26,17,CrossFit,43
CI006462,M0391,2025-06-28,7,Cardio,48
CI006463,M0391,2025-04-21,19,Strength Training,84
CI006464,M0391,2025-08-29,6,Gym Floor,42
CI006465,M0392,2025-03-30,19,Strength Training,64
CI006466,M0392,2025-08-10,8,Gym Floor,112
CI006467,M0392,2025-08-27,12,Pilates,58
CI006468,M0392,2025-04-15,6,Gym Floor,47
CI006469,M0392,2025-06-03,6,Cardio,79
CI006470,M0392,2025-04-06,17,Cardio,33
CI006471,M0392,2025-03-27,12,Gym Floor,20
CI006472,M0392,2025-08-16,17,Gym Floor,53
CI006473,M0392,2025-07-01,9,Gym Floor,86
CI006474,M0392,2025-05-01,18,HIIT,40
CI006475,M0392,2025-07-22,17,Spin,48
CI006476,M0392,2025-03-17,6,Strength Training,73
CI006477,M0392,2025-03-01,6,Gym Floor,58
CI006478,M0393,2025-05-01,19,Gym Floor,59
CI006479,M0393,2025-04-16,8,CrossFit,55
CI006480,M0394,2025-08-30,8,Gym Floor,71
CI006481,M0394,2025-08-04,10,Cardio,20
CI006482,M0394,2025-08-25,9,Gym Floor,42
CI006483,M0394,2025-05-15,19,Gym Floor,67
CI006484,M0394,2025-08-24,7,Gym Floor,63
CI006485,M0394,2025-04-25,7,Zumba,20
CI006486,M0394,2025-07-18,18,Yoga,46
CI006487,M0394,2025-06-25,19,HIIT,38
CI006488,M0394,2025-04-22,19,Gym Floor,55
CI006489,M0394,2025-05-09,19,Gym Floor,42
CI006490,M0394,2025-07-08,8,Strength Training,61
CI006491,M0394,2025-07-11,7,CrossFit,88
CI006492,M0394,2025-08-05,18,CrossFit,59
CI006493,M0394,2025-03-16,16,CrossFit,60
CI006494,M0394,2025-08-30,10,Gym Floor,48
CI006495,M0394,2025-05-22,19,Spin,24
CI006496,M0394,2025-05-28,18,Spin,71
CI006497,M0394,2025-06-14,12,Gym Floor,69
CI006498,M0394,2025-06-04,19,HIIT,22
CI006499,M0395,2025-07-27,7,Gym Floor,47
CI006500,M0395,2025-05-14,17,Gym Floor,67
CI006501,M0395,2025-03-29,17,Gym Floor,43
CI006502,M0395,2025-05-18,8,Cardio,32
CI006503,M0395,2025-05-23,16,Gym Floor,44
CI006504,M0395,2025-04-30,20,Cardio,85
CI006505,M0395,2025-08-15,9,Gym Floor,49
CI006506,M0395,2025-08-30,19,Cardio,57
CI006507,M0395,2025-06-12,7,Strength Training,64
CI006508,M0395,2025-04-08,19,Strength Training,58
CI006509,M0395,2025-04-23,18,Gym Floor,51
CI006510,M0395,2025-08-28,17,Cardio,47
CI006511,M0395,2025-07-24,18,Gym Floor,43
CI006512,M0395,2025-08-04,10,Pilates,52
CI006513,M0396,2025-06-14,18,Spin,63
CI006514,M0396,2025-06-05,19,HIIT,64
CI006515,M0396,2025-05-02,20,Yoga,84
CI006516,M0396,2025-07-03,11,HIIT,53
CI006517,M0396,2025-08-06,17,Zumba,35
CI006518,M0396,2025-08-25,6,HIIT,73
CI006519,M0396,2025-05-23,18,Gym Floor,69
CI006520,M0396,2025-05-25,9,Gym Floor,70
CI006521,M0396,2025-05-07,6,HIIT,51
CI006522,M0396,2025-07-28,18,Zumba,69
CI006523,M0396,2025-06-29,10,Gym Floor,74
CI006524,M0396,2025-07-09,16,HIIT,45
CI006525,M0396,2025-08-28,8,Zumba,62
CI006526,M0396,2025-07-14,19,Gym Floor,69
CI006527,M0396,2025-06-19,19,Gym Floor,50
CI006528,M0396,2025-06-09,17,HIIT,44
CI006529,M0396,2025-06-22,19,Gym Floor,56
CI006530,M0396,2025-04-22,7,Pilates,68
CI006531,M0396,2025-08-29,11,Gym Floor,40
CI006532,M0396,2025-08-13,16,Cardio,48
CI006533,M0396,2025-05-13,19,Spin,42
CI006534,M0396,2025-04-29,6,Cardio,66
CI006535,M0396,2025-07-17,11,Cardio,43
CI006536,M0396,2025-04-11,10,Strength Training,20
CI006537,M0396,2025-06-09,10,Gym Floor,45
CI006538,M0396,2025-08-20,17,Cardio,35
CI006539,M0396,2025-08-09,9,HIIT,55
CI006540,M0396,2025-05-06,11,Gym Floor,55
CI006541,M0397,2025-08-16,20,Yoga,41
CI006542,M0397,2025-07-02,20,Gym Floor,96
CI006543,M0397,2025-07-16,10,Cardio,40
CI006544,M0397,2025-06-27,19,Gym Floor,71
CI006545,M0397,2025-07-31,18,Cardio,40
CI006546,M0398,2025-07-06,10,Strength Training,60
CI006547,M0398,2025-05-02,19,Yoga,62
CI006548,M0398,2025-06-27,19,Gym Floor,52
CI006549,M0398,2025-06-25,12,HIIT,45
CI006550,M0398,2025-08-10,12,Cardio,48
CI006551,M0398,2025-05-12,19,Strength Training,49
CI006552,M0398,2025-05-31,18,Gym Floor,49
CI006553,M0398,2025-04-25,17,Gym Floor,39
CI006554,M0398,2025-05-13,10,Gym Floor,46
CI006555,M0398,2025-05-29,18,Gym Floor,40
CI006556,M0398,2025-05-05,11,Zumba,60
CI006557,M0398,2025-08-16,20,Gym Floor,53
CI006558,M0399,2025-05-06,12,Gym Floor,35
CI006559,M0399,2025-04-22,17,CrossFit,58
CI006560,M0399,2025-06-18,16,Gym Floor,70
CI006561,M0399,2025-08-12,18,Gym Floor,85
CI006562,M0399,2025-06-28,7,Strength Training,88
CI006563,M0399,2025-07-08,6,Gym Floor,31
CI006564,M0399,2025-04-01,10,Zumba,75
CI006565,M0399,2025-08-18,9,Cardio,69
CI006566,M0399,2025-06-05,19,Spin,64
CI006567,M0399,2025-04-27,20,CrossFit,65
CI006568,M0399,2025-04-27,19,Yoga,60
CI006569,M0399,2025-03-10,18,Gym Floor,78
CI006570,M0399,2025-08-05,12,Gym Floor,50
CI006571,M0399,2025-05-24,19,Gym Floor,51
CI006572,M0399,2025-03-08,18,Gym Floor,55
CI006573,M0399,2025-05-28,18,Zumba,65
CI006574,M0399,2025-08-26,18,Gym Floor,31
CI006575,M0399,2025-04-10,17,Pilates,45
CI006576,M0399,2025-08-10,17,Spin,75
CI006577,M0399,2025-08-24,17,Cardio,39
CI006578,M0399,2025-08-05,19,Cardio,80
CI006579,M0399,2025-08-30,18,HIIT,58
CI006580,M0399,2025-05-04,7,Gym Floor,22
CI006581,M0399,2025-08-25,18,Strength Training,31
CI006582,M0399,2025-05-01,16,Spin,42
CI006583,M0399,2025-04-29,17,Gym Floor,58
CI006584,M0399,2025-03-07,8,Zumba,100
CI006585,M0399,2025-05-12,12,Gym Floor,29
CI006586,M0399,2025-08-21,19,Cardio,87
CI006587,M0399,2025-05-19,19,Cardio,30
CI006588,M0399,2025-05-16,12,HIIT,60
CI006589,M0399,2025-07-28,7,CrossFit,75
CI006590,M0399,2025-04-16,18,Zumba,75
CI006591,M0399,2025-05-01,11,Strength Training,53
CI006592,M0399,2025-07-31,18,Gym Floor,47
CI006593,M0399,2025-03-17,18,Zumba,40
CI006594,M0399,2025-04-04,9,Pilates,77
CI006595,M0399,2025-08-12,18,Gym Floor,46
CI006596,M0399,2025-08-22,18,Pilates,48
CI006597,M0399,2025-03-23,12,Gym Floor,62
CI006598,M0399,2025-04-04,17,Gym Floor,72
CI006599,M0400,2025-07-19,11,Strength Training,58
CI006600,M0400,2025-08-11,19,Strength Training,55
CI006601,M0400,2025-04-15,17,Gym Floor,51
CI006602,M0400,2025-03-31,17,Yoga,86
CI006603,M0400,2025-06-21,18,Gym Floor,51
CI006604,M0400,2025-04-07,19,Pilates,62
CI006605,M0400,2025-04-22,9,Gym Floor,55
CI006606,M0400,2025-03-16,16,Cardio,63
CI006607,M0400,2025-06-08,16,Gym Floor,50
CI006608,M0400,2025-08-18,20,HIIT,72
CI006609,M0400,2025-07-12,18,Gym Floor,38
CI006610,M0400,2025-05-31,19,Zumba,57
CI006611,M0400,2025-06-19,8,Spin,29
CI006612,M0401,2025-03-04,7,Pilates,44
CI006613,M0401,2025-06-16,18,Zumba,20
CI006614,M0401,2025-03-12,6,HIIT,57
CI006615,M0401,2025-04-15,9,HIIT,65
CI006616,M0401,2025-03-21,17,Gym Floor,79
CI006617,M0401,2025-03-26,19,Gym Floor,79
CI006618,M0401,2025-05-26,16,Gym Floor,54
CI006619,M0401,2025-08-31,21,Yoga,64
CI006620,M0401,2025-08-05,17,CrossFit,100
CI006621,M0401,2025-03-05,16,HIIT,42
CI006622,M0402,2025-08-01,9,Gym Floor,46
CI006623,M0402,2025-08-14,18,Gym Floor,71
CI006624,M0402,2025-08-06,18,Spin,68
CI006625,M0402,2025-05-04,7,Strength Training,42
CI006626,M0402,2025-07-21,7,CrossFit,83
CI006627,M0402,2025-08-27,6,Yoga,70
CI006628,M0402,2025-03-05,10,Zumba,50
CI006629,M0403,2025-04-07,20,Spin,47
CI006630,M0403,2025-05-25,9,Gym Floor,52
CI006631,M0403,2025-08-31,19,Zumba,24
CI006632,M0403,2025-07-02,12,Zumba,80
CI006633,M0403,2025-03-26,18,Spin,55
CI006634,M0403,2025-07-31,10,CrossFit,20
CI006635,M0403,2025-03-12,17,Gym Floor,43
CI006636,M0404,2025-04-16,12,Gym Floor,38
CI006637,M0404,2025-07-06,7,HIIT,47
CI006638,M0404,2025-03-10,17,Yoga,43
CI006639,M0404,2025-08-25,21,Spin,66
CI006640,M0404,2025-07-07,10,CrossFit,48
CI006641,M0404,2025-07-20,19,Strength Training,40
CI006642,M0404,2025-03-25,18,Gym Floor,71
CI006643,M0404,2025-06-17,18,Spin,54
CI006644,M0404,2025-06-01,19,Strength Training,29
CI006645,M0404,2025-04-08,20,Cardio,61
CI006646,M0404,2025-08-22,6,Strength Training,51
CI006647,M0404,2025-03-18,18,Gym Floor,71
CI006648,M0404,2025-05-21,6,Pilates,59
CI006649,M0404,2025-08-09,16,Gym Floor,55
CI006650,M0404,2025-03-14,10,Gym Floor,69
CI006651,M0404,2025-06-05,6,Spin,47
CI006652,M0404,2025-08-21,9,Strength Training,32
CI006653,M0404,2025-08-19,6,Gym Floor,49
CI006654,M0404,2025-07-07,7,Gym Floor,61
CI006655,M0404,2025-04-05,10,Zumba,20
CI006656,M0404,2025-05-02,11,Cardio,60
CI006657,M0404,2025-04-01,17,Zumba,41
CI006658,M0405,2025-05-21,17,HIIT,54
CI006659,M0405,2025-06-29,19,Cardio,32
CI006660,M0405,2025-06-23,8,Gym Floor,75
CI006661,M0405,2025-07-10,6,Gym Floor,82
CI006662,M0405,2025-06-20,18,Gym Floor,85
CI006663,M0405,2025-04-14,17,Gym Floor,58
CI006664,M0407,2025-07-03,17,Gym Floor,48
CI006665,M0407,2025-03-21,8,Spin,40
CI006666,M0407,2025-04-28,10,Gym Floor,30
CI006667,M0407,2025-06-02,18,HIIT,26
CI006668,M0407,2025-08-06,19,CrossFit,64
CI006669,M0407,2025-04-01,18,Gym Floor,40
CI006670,M0407,2025-07-21,6,CrossFit,64
CI006671,M0407,2025-05-11,6,Zumba,27
CI006672,M0407,2025-07-07,17,Gym Floor,35
CI006673,M0407,2025-08-21,17,Zumba,27
CI006674,M0407,2025-08-11,19,Gym Floor,59
CI006675,M0407,2025-03-22,20,Strength Training,55
CI006676,M0407,2025-05-14,17,Pilates,20
CI006677,M0407,2025-05-20,9,Gym Floor,66
CI006678,M0407,2025-04-14,20,Gym Floor,64
CI006679,M0408,2025-03-28,7,Gym Floor,56
CI006680,M0408,2025-07-23,17,Gym Floor,85
CI006681,M0408,2025-03-30,8,Pilates,41
CI006682,M0408,2025-07-16,7,Gym Floor,87
CI006683,M0409,2025-04-25,6,CrossFit,57
CI006684,M0409,2025-03-09,6,Gym Floor,33
CI006685,M0409,2025-05-06,19,Pilates,46
CI006686,M0409,2025-06-22,7,Gym Floor,20
CI006687,M0409,2025-03-21,17,Cardio,72
CI006688,M0409,2025-04-01,18,Gym Floor,58
CI006689,M0409,2025-03-07,8,Yoga,56
CI006690,M0409,2025-05-30,7,CrossFit,49
CI006691,M0409,2025-06-15,6,HIIT,59
CI006692,M0409,2025-04-12,16,Gym Floor,66
CI006693,M0409,2025-05-10,9,Yoga,62
CI006694,M0409,2025-08-06,18,Pilates,52
CI006695,M0409,2025-04-11,9,Strength Training,20
CI006696,M0409,2025-07-27,18,Gym Floor,63
CI006697,M0409,2025-07-13,20,CrossFit,62
CI006698,M0409,2025-06-09,18,Pilates,20
CI006699,M0410,2025-07-02,7,CrossFit,64
CI006700,M0410,2025-06-17,19,Pilates,46
CI006701,M0410,2025-05-16,19,Gym Floor,51
CI006702,M0410,2025-05-16,17,Gym Floor,38
CI006703,M0410,2025-05-31,16,Spin,78
CI006704,M0410,2025-03-30,8,Strength Training,46
CI006705,M0410,2025-08-03,8,Gym Floor,63
CI006706,M0410,2025-03-02,6,HIIT,61
CI006707,M0410,2025-04-18,18,Strength Training,69
CI006708,M0410,2025-06-26,9,Yoga,41
CI006709,M0410,2025-08-09,16,Cardio,71
CI006710,M0410,2025-06-04,10,Gym Floor,48
CI006711,M0410,2025-03-25,10,Gym Floor,77
CI006712,M0410,2025-06-23,19,Gym Floor,78
CI006713,M0410,2025-06-15,7,Gym Floor,51
CI006714,M0410,2025-03-29,16,CrossFit,64
CI006715,M0410,2025-04-29,18,Cardio,33
CI006716,M0410,2025-05-29,20,Pilates,72
CI006717,M0410,2025-03-01,7,CrossFit,50
CI006718,M0410,2025-05-26,7,Gym Floor,34
CI006719,M0410,2025-08-02,8,Yoga,44
CI006720,M0410,2025-06-19,12,Gym Floor,65
CI006721,M0410,2025-03-28,8,Cardio,41
CI006722,M0410,2025-06-07,11,Gym Floor,91
CI006723,M0410,2025-03-07,16,Cardio,27
CI006724,M0410,2025-05-30,8,Strength Training,55
CI006725,M0411,2025-08-16,21,Cardio,62
CI006726,M0411,2025-07-18,12,Gym Floor,47
CI006727,M0411,2025-03-26,16,Gym Floor,48
CI006728,M0411,2025-07-17,18,Gym Floor,34
CI006729,M0411,2025-06-10,9,Gym Floor,67
CI006730,M0411,2025-07-20,18,CrossFit,78
CI006731,M0411,2025-03-09,17,Gym Floor,50
CI006732,M0411,2025-03-04,10,Gym Floor,50
CI006733,M0411,2025-08-30,16,Pilates,52
CI006734,M0411,2025-08-04,8,Gym Floor,70
CI006735,M0411,2025-04-28,17,Gym Floor,58
CI006736,M0411,2025-07-09,12,Gym Floor,36
CI006737,M0411,2025-03-21,19,HIIT,56
CI006738,M0411,2025-05-27,7,HIIT,25
CI006739,M0411,2025-07-26,18,Gym Floor,53
CI006740,M0411,2025-07-01,18,Gym Floor,52
CI006741,M0411,2025-04-27,19,Zumba,40
CI006742,M0411,2025-06-09,10,Gym Floor,62
CI006743,M0411,2025-07-05,9,Gym Floor,21
CI006744,M0411,2025-04-08,7,Yoga,51
CI006745,M0411,2025-03-23,20,Zumba,61
CI006746,M0411,2025-04-27,9,Pilates,65
CI006747,M0411,2025-03-25,18,Spin,83
CI006748,M0411,2025-05-29,18,Gym Floor,27
CI006749,M0411,2025-07-12,18,Gym Floor,47
CI006750,M0411,2025-08-21,19,Gym Floor,60
CI006751,M0411,2025-03-11,9,Spin,93
CI006752,M0411,2025-06-08,16,Gym Floor,75
CI006753,M0412,2025-04-05,16,Gym Floor,53
CI006754,M0412,2025-07-19,20,Yoga,60
CI006755,M0412,2025-03-27,10,HIIT,44
CI006756,M0412,2025-05-04,9,Gym Floor,54
CI006757,M0412,2025-07-14,12,Gym Floor,29
CI006758,M0412,2025-06-25,7,Cardio,30
CI006759,M0412,2025-03-31,18,Yoga,43
CI006760,M0412,2025-06-05,17,Zumba,58
CI006761,M0412,2025-06-25,16,Spin,96
CI006762,M0412,2025-08-04,18,Gym Floor,85
CI006763,M0412,2025-06-19,17,Gym Floor,54
CI006764,M0412,2025-06-08,17,Gym Floor,40
CI006765,M0412,2025-03-11,21,Spin,65
CI006766,M0412,2025-05-04,16,Yoga,67
CI006767,M0412,2025-04-17,6,Gym Floor,20
CI006768,M0412,2025-03-04,17,Gym Floor,39
CI006769,M0412,2025-03-16,18,Spin,59
CI006770,M0412,2025-06-02,17,HIIT,21
CI006771,M0412,2025-06-27,11,Gym Floor,60
CI006772,M0412,2025-08-06,7,Strength Training,85
CI006773,M0412,2025-08-30,20,Spin,92
CI006774,M0412,2025-03-11,12,Gym Floor,65
CI006775,M0412,2025-03-17,7,Zumba,57
CI006776,M0412,2025-06-10,7,Strength Training,48
CI006777,M0412,2025-08-24,16,Zumba,83
CI006778,M0412,2025-03-25,17,Gym Floor,35
CI006779,M0412,2025-05-14,17,Gym Floor,36
CI006780,M0412,2025-06-12,11,Yoga,62
CI006781,M0413,2025-07-22,17,Gym Floor,104
CI006782,M0413,2025-04-16,19,Zumba,30
CI006783,M0413,2025-03-15,18,Strength Training,48
CI006784,M0413,2025-07-05,18,Zumba,53
CI006785,M0413,2025-06-05,6,Gym Floor,33
CI006786,M0413,2025-08-21,8,Zumba,63
CI006787,M0414,2025-07-12,9,Gym Floor,86
CI006788,M0414,2025-03-12,17,Gym Floor,26
CI006789,M0414,2025-07-08,6,Gym Floor,36
CI006790,M0414,2025-07-05,19,Yoga,62
CI006791,M0414,2025-06-06,17,Gym Floor,70
CI006792,M0414,2025-03-22,19,Gym Floor,39
CI006793,M0414,2025-08-26,6,Spin,83
CI006794,M0414,2025-06-25,19,Cardio,33
CI006795,M0414,2025-04-25,18,Gym Floor,61
CI006796,M0414,2025-04-01,18,Strength Training,57
CI006797,M0414,2025-06-10,8,Gym Floor,64
CI006798,M0414,2025-03-01,17,Gym Floor,25
CI006799,M0414,2025-05-10,11,Gym Floor,42
CI006800,M0414,2025-06-18,16,Strength Training,71
CI006801,M0414,2025-05-09,6,CrossFit,44
CI006802,M0414,2025-07-09,12,Gym Floor,40
CI006803,M0414,2025-03-18,19,Spin,26
CI006804,M0414,2025-07-14,9,Gym Floor,46
CI006805,M0414,2025-05-01,17,CrossFit,55
CI006806,M0414,2025-05-07,16,Yoga,63
CI006807,M0414,2025-06-22,18,Strength Training,47
CI006808,M0414,2025-06-22,6,CrossFit,80
CI006809,M0414,2025-07-03,7,Gym Floor,20
CI006810,M0414,2025-04-14,7,Spin,20
CI006811,M0414,2025-08-05,20,HIIT,52
CI006812,M0414,2025-07-12,6,Gym Floor,51
CI006813,M0414,2025-06-09,10,Cardio,46
CI006814,M0414,2025-03-16,10,Cardio,57
CI006815,M0414,2025-08-23,20,Gym Floor,68
CI006816,M0414,2025-06-09,8,Gym Floor,69
CI006817,M0414,2025-08-30,16,Cardio,61
CI006818,M0414,2025-06-18,17,Strength Training,42
CI006819,M0414,2025-03-09,16,Gym Floor,70
CI006820,M0415,2025-05-28,19,Gym Floor,88
CI006821,M0415,2025-06-07,10,Spin,36
CI006822,M0415,2025-03-24,7,HIIT,40
CI006823,M0415,2025-07-06,18,Gym Floor,49
CI006824,M0415,2025-05-24,18,Strength Training,36
CI006825,M0415,2025-04-22,18,Strength Training,46
CI006826,M0415,2025-06-18,19,Yoga,52
CI006827,M0415,2025-07-09,7,Gym Floor,48
CI006828,M0415,2025-03-24,6,Gym Floor,85
CI006829,M0415,2025-08-19,20,Strength Training,52
CI006830,M0415,2025-04-14,20,Gym Floor,60
CI006831,M0415,2025-06-11,8,Gym Floor,38
CI006832,M0415,2025-07-27,20,Cardio,58
CI006833,M0415,2025-03-12,18,Strength Training,20
CI006834,M0415,2025-04-02,17,Zumba,54
CI006835,M0415,2025-05-24,7,Cardio,62
CI006836,M0415,2025-06-06,9,Gym Floor,87
CI006837,M0415,2025-08-05,18,Zumba,31
CI006838,M0415,2025-07-27,18,Cardio,40
CI006839,M0415,2025-07-05,7,CrossFit,47
CI006840,M0415,2025-08-29,19,HIIT,77
CI006841,M0415,2025-07-08,8,CrossFit,57
CI006842,M0415,2025-06-15,6,Cardio,66
CI006843,M0415,2025-06-25,10,Spin,48
CI006844,M0415,2025-08-31,18,Spin,98
CI006845,M0415,2025-04-25,18,Gym Floor,44
CI006846,M0415,2025-03-28,11,Gym Floor,63
CI006847,M0415,2025-07-13,9,Cardio,32
CI006848,M0415,2025-03-10,21,Gym Floor,86
CI006849,M0416,2025-04-27,7,Gym Floor,74
CI006850,M0416,2025-06-13,7,Pilates,45
CI006851,M0416,2025-03-22,17,Gym Floor,80
CI006852,M0417,2025-07-10,17,HIIT,33
CI006853,M0417,2025-06-16,8,Gym Floor,57
CI006854,M0417,2025-07-12,17,Gym Floor,43
CI006855,M0417,2025-08-17,9,Gym Floor,55
CI006856,M0417,2025-06-04,7,Pilates,24
CI006857,M0417,2025-08-26,18,Yoga,40
CI006858,M0417,2025-04-20,6,Gym Floor,74
CI006859,M0417,2025-05-20,17,Gym Floor,52
CI006860,M0417,2025-04-28,16,Gym Floor,20
CI006861,M0417,2025-05-05,20,Gym Floor,29
CI006862,M0417,2025-07-25,9,CrossFit,55
CI006863,M0417,2025-08-18,12,Gym Floor,42
CI006864,M0417,2025-06-11,17,Gym Floor,48
CI006865,M0417,2025-07-19,19,Strength Training,34
CI006866,M0417,2025-07-04,18,Yoga,29
CI006867,M0417,2025-08-20,20,Gym Floor,38
CI006868,M0417,2025-05-23,20,Gym Floor,69
CI006869,M0417,2025-07-18,18,Gym Floor,35
CI006870,M0417,2025-03-10,19,Cardio,50
CI006871,M0417,2025-04-26,6,Pilates,63
CI006872,M0417,2025-05-20,6,Gym Floor,83
CI006873,M0417,2025-04-21,8,Strength Training,28
CI006874,M0417,2025-08-25,7,Yoga,53
CI006875,M0417,2025-04-03,21,Strength Training,52
CI006876,M0417,2025-03-13,8,Zumba,35
CI006877,M0417,2025-08-16,19,Gym Floor,46
CI006878,M0417,2025-05-08,8,Yoga,73
CI006879,M0417,2025-03-28,12,HIIT,39
CI006880,M0417,2025-07-28,6,Cardio,61
CI006881,M0417,2025-06-05,17,Zumba,64
CI006882,M0417,2025-07-01,17,Gym Floor,44
CI006883,M0418,2025-04-03,10,Gym Floor,57
CI006884,M0418,2025-06-15,18,Pilates,49
CI006885,M0418,2025-05-13,16,Gym Floor,20
CI006886,M0418,2025-05-18,17,CrossFit,49
CI006887,M0418,2025-06-28,17,HIIT,65
CI006888,M0418,2025-08-28,17,Zumba,36
CI006889,M0418,2025-06-30,6,Gym Floor,52
CI006890,M0418,2025-05-23,7,Spin,91
CI006891,M0418,2025-08-24,8,CrossFit,46
CI006892,M0418,2025-03-26,20,Gym Floor,86
CI006893,M0418,2025-03-12,21,CrossFit,56
CI006894,M0418,2025-05-02,16,Cardio,71
CI006895,M0418,2025-08-24,7,Gym Floor,71
CI006896,M0418,2025-08-30,9,Zumba,57
CI006897,M0418,2025-03-21,16,Strength Training,66
CI006898,M0419,2025-07-18,19,CrossFit,37
CI006899,M0419,2025-07-28,7,Zumba,81
CI006900,M0419,2025-08-01,19,Cardio,66
CI006901,M0419,2025-03-03,17,Gym Floor,34
CI006902,M0419,2025-03-31,7,Gym Floor,85
CI006903,M0419,2025-07-15,8,Gym Floor,39
CI006904,M0419,2025-03-09,10,Gym Floor,41
CI006905,M0419,2025-05-29,6,Pilates,62
CI006906,M0419,2025-05-20,10,Pilates,69
CI006907,M0419,2025-06-09,6,Spin,73
CI006908,M0419,2025-04-25,7,Cardio,48
CI006909,M0419,2025-05-26,18,Gym Floor,37
CI006910,M0419,2025-03-10,18,Pilates,35
CI006911,M0419,2025-05-30,7,Gym Floor,34
CI006912,M0419,2025-06-20,6,Gym Floor,59
CI006913,M0419,2025-08-24,12,Spin,21
CI006914,M0419,2025-04-10,19,Zumba,79
CI006915,M0419,2025-07-05,10,CrossFit,33
CI006916,M0419,2025-05-23,21,HIIT,66
CI006917,M0419,2025-03-31,6,HIIT,49
CI006918,M0419,2025-05-25,19,Spin,60
CI006919,M0419,2025-03-22,8,Gym Floor,48
CI006920,M0419,2025-06-11,17,Cardio,35
CI006921,M0419,2025-04-16,8,HIIT,56
CI006922,M0420,2025-06-13,6,Gym Floor,41
CI006923,M0420,2025-04-06,18,Cardio,55
CI006924,M0420,2025-06-30,18,Gym Floor,75
CI006925,M0420,2025-05-10,9,Gym Floor,68
CI006926,M0420,2025-04-01,16,Gym Floor,78
CI006927,M0420,2025-05-04,8,Gym Floor,54
CI006928,M0420,2025-08-31,9,Pilates,52
CI006929,M0421,2025-08-21,19,Gym Floor,52
CI006930,M0421,2025-04-21,7,Cardio,66
CI006931,M0421,2025-03-13,16,HIIT,57
CI006932,M0421,2025-08-01,12,Gym Floor,44
CI006933,M0421,2025-06-26,10,Gym Floor,44
CI006934,M0421,2025-05-11,17,Gym Floor,20
CI006935,M0421,2025-05-16,18,Gym Floor,107
CI006936,M0422,2025-04-20,6,Gym Floor,44
CI006937,M0422,2025-07-22,19,Gym Floor,29
CI006938,M0422,2025-04-25,18,Pilates,96
CI006939,M0422,2025-04-29,17,Gym Floor,56
CI006940,M0422,2025-03-23,17,Gym Floor,53
CI006941,M0422,2025-06-07,9,Gym Floor,47
CI006942,M0422,2025-06-24,8,Cardio,47
CI006943,M0422,2025-08-24,19,Gym Floor,45
CI006944,M0422,2025-07-08,11,Gym Floor,77
CI006945,M0422,2025-07-31,18,Gym Floor,69
CI006946,M0422,2025-03-29,16,Pilates,54
CI006947,M0422,2025-04-01,20,Gym Floor,47
CI006948,M0422,2025-06-07,17,Strength Training,48
CI006949,M0423,2025-04-01,18,Gym Floor,20
CI006950,M0423,2025-04-26,10,CrossFit,49
CI006951,M0423,2025-07-12,8,Gym Floor,49
CI006952,M0423,2025-04-30,7,Gym Floor,60
CI006953,M0423,2025-07-30,12,Gym Floor,29
CI006954,M0423,2025-03-20,18,Zumba,67
CI006955,M0423,2025-06-13,19,Gym Floor,58
CI006956,M0423,2025-05-02,17,Gym Floor,77
CI006957,M0423,2025-08-18,7,Pilates,52
CI006958,M0423,2025-08-31,11,Gym Floor,63
CI006959,M0423,2025-07-24,7,Gym Floor,47
CI006960,M0423,2025-07-15,17,Cardio,41
CI006961,M0423,2025-05-24,21,Gym Floor,37
CI006962,M0423,2025-03-20,19,Spin,93
CI006963,M0423,2025-05-10,12,Gym Floor,52
CI006964,M0423,2025-08-29,17,Gym Floor,60
CI006965,M0423,2025-07-19,16,Spin,77
CI006966,M0423,2025-05-20,6,Gym Floor,53
CI006967,M0423,2025-05-19,8,Gym Floor,63
CI006968,M0423,2025-03-12,18,Gym Floor,62
CI006969,M0423,2025-07-23,16,Spin,65
CI006970,M0423,2025-04-18,9,CrossFit,40
CI006971,M0423,2025-04-07,19,Gym Floor,88
CI006972,M0423,2025-07-26,8,Zumba,72
CI006973,M0424,2025-05-22,19,Gym Floor,57
CI006974,M0424,2025-05-18,6,Zumba,62
CI006975,M0424,2025-03-15,16,Zumba,34
CI006976,M0424,2025-08-08,6,Pilates,78
CI006977,M0424,2025-04-06,7,Gym Floor,46
CI006978,M0424,2025-08-24,19,Strength Training,49
CI006979,M0424,2025-03-07,9,Gym Floor,48
CI006980,M0424,2025-04-25,17,Gym Floor,62
CI006981,M0424,2025-05-11,20,Zumba,20
CI006982,M0424,2025-03-01,6,Gym Floor,70
CI006983,M0424,2025-06-01,8,Pilates,63
CI006984,M0424,2025-05-07,17,Yoga,42
CI006985,M0424,2025-05-29,18,Spin,38
CI006986,M0424,2025-08-08,19,Gym Floor,82
CI006987,M0424,2025-03-27,10,Gym Floor,22
CI006988,M0424,2025-06-11,10,Gym Floor,61
CI006989,M0424,2025-04-06,18,Cardio,38
CI006990,M0424,2025-06-17,16,Zumba,77
CI006991,M0424,2025-05-21,18,Cardio,20
CI006992,M0424,2025-03-30,19,HIIT,100
CI006993,M0424,2025-07-14,17,Yoga,70
CI006994,M0424,2025-07-18,18,Gym Floor,39
CI006995,M0424,2025-08-29,8,Gym Floor,77
CI006996,M0424,2025-05-03,9,HIIT,58
CI006997,M0424,2025-03-31,18,Gym Floor,62
CI006998,M0424,2025-05-24,11,Pilates,51
CI006999,M0424,2025-07-29,9,Gym Floor,62
CI007000,M0424,2025-04-20,19,CrossFit,49
CI007001,M0424,2025-05-29,16,CrossFit,48
CI007002,M0424,2025-05-14,16,Gym Floor,44
CI007003,M0424,2025-06-19,17,Yoga,54
CI007004,M0424,2025-06-08,7,Strength Training,63
CI007005,M0424,2025-05-23,10,Gym Floor,56
CI007006,M0424,2025-04-20,17,Strength Training,20
CI007007,M0424,2025-08-23,19,Gym Floor,98
CI007008,M0424,2025-05-10,19,Spin,51
CI007009,M0424,2025-06-11,8,Pilates,53
CI007010,M0424,2025-04-26,7,Gym Floor,118
CI007011,M0424,2025-03-31,19,Gym Floor,58
CI007012,M0424,2025-08-02,17,Gym Floor,91
CI007013,M0424,2025-05-24,19,Strength Training,69
CI007014,M0424,2025-07-14,19,CrossFit,61
CI007015,M0424,2025-03-27,11,Gym Floor,75
CI007016,M0424,2025-03-20,7,Gym Floor,62
CI007017,M0424,2025-06-01,17,Spin,35
CI007018,M0424,2025-07-31,21,Spin,40
CI007019,M0424,2025-05-01,6,Strength Training,30
CI007020,M0424,2025-05-06,7,Strength Training,31
CI007021,M0425,2025-07-07,8,Gym Floor,34
CI007022,M0425,2025-07-28,16,Gym Floor,47
CI007023,M0425,2025-08-04,11,Cardio,45
CI007024,M0425,2025-06-10,16,Pilates,42
CI007025,M0425,2025-06-15,16,Yoga,60
CI007026,M0425,2025-08-14,18,Gym Floor,33
CI007027,M0425,2025-06-19,6,Spin,67
CI007028,M0425,2025-05-06,6,Cardio,48
CI007029,M0425,2025-04-16,21,Zumba,48
CI007030,M0425,2025-07-22,16,Gym Floor,71
CI007031,M0425,2025-07-12,17,CrossFit,25
CI007032,M0425,2025-08-03,21,Zumba,56
CI007033,M0425,2025-07-07,18,Pilates,50
CI007034,M0425,2025-03-18,19,Yoga,49
CI007035,M0425,2025-05-13,18,Strength Training,86
CI007036,M0425,2025-03-16,6,HIIT,42
CI007037,M0425,2025-08-11,11,Gym Floor,48
CI007038,M0425,2025-05-10,17,Pilates,55
CI007039,M0425,2025-08-13,11,Strength Training,71
CI007040,M0425,2025-03-30,10,Gym Floor,70
CI007041,M0425,2025-03-04,8,Gym Floor,52
CI007042,M0425,2025-04-20,20,Strength Training,31
CI007043,M0425,2025-03-20,18,Strength Training,53
CI007044,M0425,2025-08-29,20,Gym Floor,65
CI007045,M0425,2025-05-19,8,Gym Floor,73
CI007046,M0425,2025-07-24,8,Gym Floor,41
CI007047,M0425,2025-05-05,6,Spin,60
CI007048,M0426,2025-07-30,16,Zumba,33
CI007049,M0426,2025-08-09,9,HIIT,54
CI007050,M0426,2025-05-23,16,Gym Floor,72
CI007051,M0426,2025-05-04,17,CrossFit,60
CI007052,M0426,2025-08-29,11,Gym Floor,67
CI007053,M0426,2025-08-18,19,Zumba,31
CI007054,M0426,2025-05-06,21,Spin,61
CI007055,M0426,2025-08-05,8,CrossFit,56
CI007056,M0426,2025-05-06,16,CrossFit,35
CI007057,M0426,2025-07-18,7,Gym Floor,66
CI007058,M0426,2025-06-28,17,Gym Floor,42
CI007059,M0426,2025-05-22,11,Gym Floor,32
CI007060,M0426,2025-07-30,17,Gym Floor,54
CI007061,M0426,2025-06-02,12,Gym Floor,47
CI007062,M0426,2025-03-24,9,Pilates,43
CI007063,M0426,2025-06-04,10,Pilates,34
CI007064,M0426,2025-07-13,20,Gym Floor,53
CI007065,M0426,2025-06-30,18,Spin,72
CI007066,M0426,2025-03-14,18,Gym Floor,42
CI007067,M0426,2025-07-25,19,Gym Floor,66
CI007068,M0426,2025-03-27,20,Strength Training,29
CI007069,M0426,2025-04-30,6,CrossFit,43
CI007070,M0426,2025-05-16,17,Yoga,23
CI007071,M0426,2025-05-31,7,Gym Floor,73
CI007072,M0426,2025-05-20,17,Gym Floor,31
CI007073,M0426,2025-03-22,12,Yoga,70
CI007074,M0426,2025-07-31,18,Spin,65
CI007075,M0426,2025-06-06,8,Strength Training,53
CI007076,M0426,2025-05-05,18,Gym Floor,75
CI007077,M0427,2025-05-02,17,Gym Floor,67
CI007078,M0427,2025-04-28,7,Gym Floor,71
CI007079,M0427,2025-07-24,16,Spin,66
CI007080,M0427,2025-08-16,9,Zumba,48
CI007081,M0427,2025-05-11,18,Gym Floor,41
CI007082,M0427,2025-08-01,18,Gym Floor,59
CI007083,M0428,2025-08-26,18,Gym Floor,33
CI007084,M0428,2025-03-03,17,Gym Floor,82
CI007085,M0428,2025-08-29,10,Zumba,59
CI007086,M0428,2025-08-31,6,Spin,63
CI007087,M0428,2025-06-19,7,Gym Floor,42
CI007088,M0428,2025-05-17,16,Gym Floor,68
CI007089,M0428,2025-08-22,8,Strength Training,52
CI007090,M0428,2025-07-31,9,Pilates,36
CI007091,M0428,2025-08-18,19,Gym Floor,64
CI007092,M0428,2025-08-22,19,Gym Floor,47
CI007093,M0428,2025-04-25,17,Yoga,61
CI007094,M0428,2025-06-06,12,CrossFit,47
CI007095,M0428,2025-07-03,9,CrossFit,61
CI007096,M0428,2025-08-31,18,Yoga,35
CI007097,M0428,2025-03-19,20,Strength Training,41
CI007098,M0429,2025-07-27,17,Zumba,57
CI007099,M0429,2025-06-04,12,CrossFit,49
CI007100,M0429,2025-08-30,17,Gym Floor,44
CI007101,M0429,2025-08-23,16,Gym Floor,73
CI007102,M0431,2025-03-01,19,Spin,62
CI007103,M0431,2025-06-11,21,Gym Floor,20
CI007104,M0431,2025-05-08,7,HIIT,63
CI007105,M0431,2025-06-10,6,CrossFit,76
CI007106,M0431,2025-07-28,16,Gym Floor,62
CI007107,M0431,2025-07-21,10,HIIT,64
CI007108,M0431,2025-05-28,6,HIIT,50
CI007109,M0431,2025-08-24,6,Gym Floor,33
CI007110,M0431,2025-04-23,17,Gym Floor,65
CI007111,M0431,2025-06-13,18,Gym Floor,42
CI007112,M0431,2025-05-07,21,Gym Floor,21
CI007113,M0431,2025-04-20,16,Spin,59
CI007114,M0431,2025-04-30,19,Cardio,27
CI007115,M0431,2025-07-02,9,Gym Floor,59
CI007116,M0431,2025-06-16,17,Gym Floor,68
CI007117,M0431,2025-04-25,8,Pilates,26
CI007118,M0431,2025-06-20,11,Gym Floor,27
CI007119,M0432,2025-04-27,21,Zumba,37
CI007120,M0432,2025-06-10,18,Gym Floor,49
CI007121,M0432,2025-05-28,8,Gym Floor,57
CI007122,M0432,2025-08-15,16,Gym Floor,42
CI007123,M0432,2025-03-04,18,Cardio,64
CI007124,M0432,2025-04-30,6,Spin,30
CI007125,M0432,2025-05-19,18,Gym Floor,50
CI007126,M0432,2025-08-03,18,CrossFit,60
CI007127,M0433,2025-07-23,7,Gym Floor,49
CI007128,M0433,2025-05-17,17,Spin,53
CI007129,M0433,2025-05-29,6,Gym Floor,72
CI007130,M0433,2025-07-19,16,Pilates,45
CI007131,M0433,2025-08-13,18,HIIT,63
CI007132,M0433,2025-06-23,7,CrossFit,62
CI007133,M0433,2025-05-30,19,Gym Floor,69
CI007134,M0433,2025-06-16,7,HIIT,63
CI007135,M0433,2025-07-21,18,CrossFit,67
CI007136,M0433,2025-04-04,17,Cardio,80
CI007137,M0433,2025-06-26,17,Gym Floor,79
CI007138,M0433,2025-07-23,16,Spin,66
CI007139,M0433,2025-06-05,9,Spin,98
CI007140,M0433,2025-04-21,9,Gym Floor,54
CI007141,M0433,2025-07-21,11,HIIT,64
CI007142,M0433,2025-05-08,19,Cardio,45
CI007143,M0434,2025-06-15,18,Gym Floor,46
CI007144,M0434,2025-03-08,6,Cardio,59
CI007145,M0434,2025-07-10,12,Pilates,65
CI007146,M0434,2025-04-13,7,Gym Floor,107
CI007147,M0434,2025-04-05,19,Gym Floor,63
CI007148,M0435,2025-05-07,16,HIIT,81
CI007149,M0436,2025-07-10,7,Spin,64
CI007150,M0436,2025-06-26,18,HIIT,53
CI007151,M0436,2025-03-04,17,Spin,33
CI007152,M0436,2025-07-23,21,HIIT,66
CI007153,M0436,2025-06-15,17,Gym Floor,67
CI007154,M0436,2025-05-10,17,CrossFit,38
CI007155,M0436,2025-07-27,17,Gym Floor,32
CI007156,M0436,2025-05-29,18,Gym Floor,36
CI007157,M0437,2025-07-27,18,Gym Floor,71
CI007158,M0437,2025-05-06,18,Strength Training,44
CI007159,M0437,2025-06-18,19,Strength Training,44
CI007160,M0437,2025-05-02,21,Zumba,68
CI007161,M0437,2025-07-14,7,Gym Floor,58
CI007162,M0437,2025-05-08,21,Zumba,32
CI007163,M0437,2025-07-01,18,CrossFit,86
CI007164,M0437,2025-08-23,12,Strength Training,73
CI007165,M0437,2025-03-17,20,Gym Floor,73
CI007166,M0437,2025-07-16,6,Strength Training,46
CI007167,M0437,2025-06-30,6,Gym Floor,86
CI007168,M0437,2025-04-08,18,CrossFit,72
CI007169,M0437,2025-03-13,16,Gym Floor,29
CI007170,M0437,2025-05-14,16,Gym Floor,20
CI007171,M0437,2025-08-29,18,Gym Floor,25
CI007172,M0437,2025-07-03,7,Zumba,48
CI007173,M0437,2025-08-08,8,HIIT,53
CI007174,M0437,2025-07-23,7,Pilates,64
CI007175,M0437,2025-06-13,18,Spin,33
CI007176,M0437,2025-04-15,20,Spin,82
CI007177,M0437,2025-06-06,18,Pilates,68
CI007178,M0437,2025-04-03,16,Gym Floor,43
CI007179,M0437,2025-03-25,18,Strength Training,45
CI007180,M0437,2025-05-14,11,Spin,67
CI007181,M0437,2025-06-21,17,Gym Floor,55
CI007182,M0437,2025-05-10,10,Strength Training,41
CI007183,M0437,2025-08-20,12,Gym Floor,31
CI007184,M0437,2025-04-05,8,Gym Floor,55
CI007185,M0437,2025-04-01,17,HIIT,86
CI007186,M0437,2025-05-14,7,Zumba,49
CI007187,M0437,2025-03-26,11,HIIT,34
CI007188,M0437,2025-07-03,20,Spin,51
CI007189,M0437,2025-07-19,19,Spin,28
CI007190,M0437,2025-03-04,11,Gym Floor,37
CI007191,M0437,2025-05-14,19,Cardio,36
CI007192,M0437,2025-06-01,20,Gym Floor,55
CI007193,M0437,2025-04-13,10,CrossFit,55
CI007194,M0437,2025-05-11,17,Gym Floor,70
CI007195,M0437,2025-05-20,6,Yoga,64
CI007196,M0437,2025-03-05,8,HIIT,56
CI007197,M0437,2025-07-28,7,CrossFit,84
CI007198,M0437,2025-08-30,18,Gym Floor,51
CI007199,M0437,2025-03-27,20,HIIT,43
CI007200,M0437,2025-04-09,16,Zumba,58
CI007201,M0437,2025-06-14,7,Pilates,50
CI007202,M0437,2025-07-18,18,HIIT,69
CI007203,M0437,2025-03-07,7,Gym Floor,32
CI007204,M0437,2025-04-14,16,Zumba,49
CI007205,M0438,2025-06-01,18,Zumba,76
CI007206,M0438,2025-05-14,8,CrossFit,50
CI007207,M0438,2025-05-18,8,Yoga,26
CI007208,M0438,2025-03-01,10,Gym Floor,62
CI007209,M0438,2025-03-09,10,CrossFit,52
CI007210,M0438,2025-04-12,19,Strength Training,55
CI007211,M0438,2025-03-01,16,Strength Training,48
CI007212,M0438,2025-08-15,8,Spin,46
CI007213,M0438,2025-07-17,9,CrossFit,60
CI007214,M0438,2025-04-11,7,Gym Floor,65
CI007215,M0438,2025-07-27,12,Gym Floor,75
CI007216,M0438,2025-03-06,21,Strength Training,28
CI007217,M0438,2025-07-06,19,HIIT,53
CI007218,M0438,2025-07-11,7,CrossFit,48
CI007219,M0438,2025-03-06,19,Yoga,31
CI007220,M0438,2025-04-22,19,CrossFit,20
CI007221,M0438,2025-05-16,7,Gym Floor,94
CI007222,M0438,2025-08-01,8,Gym Floor,73
CI007223,M0438,2025-08-10,19,HIIT,50
CI007224,M0438,2025-06-05,18,CrossFit,45
CI007225,M0438,2025-08-30,19,Yoga,35
CI007226,M0438,2025-07-26,16,Strength Training,81
CI007227,M0438,2025-05-15,12,Strength Training,30
CI007228,M0438,2025-06-25,18,HIIT,47
CI007229,M0438,2025-05-20,17,HIIT,70
CI007230,M0438,2025-07-28,16,CrossFit,37
CI007231,M0438,2025-05-15,11,CrossFit,48
CI007232,M0439,2025-06-27,16,Spin,51
CI007233,M0439,2025-05-18,11,HIIT,62
CI007234,M0439,2025-03-08,19,Gym Floor,48
CI007235,M0439,2025-07-01,9,Gym Floor,72
CI007236,M0439,2025-05-27,17,Pilates,62
CI007237,M0439,2025-08-06,8,CrossFit,57
CI007238,M0439,2025-03-25,16,CrossFit,36
CI007239,M0439,2025-08-22,21,Gym Floor,31
CI007240,M0439,2025-05-20,8,Strength Training,45
CI007241,M0439,2025-06-09,6,Gym Floor,39
CI007242,M0439,2025-07-09,16,Gym Floor,32
CI007243,M0439,2025-06-01,17,Gym Floor,66
CI007244,M0439,2025-03-18,7,Cardio,50
CI007245,M0439,2025-06-14,7,Gym Floor,47
CI007246,M0439,2025-06-27,18,Gym Floor,53
CI007247,M0439,2025-06-17,9,HIIT,59
CI007248,M0439,2025-03-27,6,Gym Floor,57
CI007249,M0439,2025-04-16,21,Spin,30
CI007250,M0439,2025-05-21,18,Gym Floor,64
CI007251,M0439,2025-06-05,7,Gym Floor,60
CI007252,M0439,2025-07-04,21,Zumba,68
CI007253,M0440,2025-03-02,16,Gym Floor,22
CI007254,M0440,2025-08-15,8,CrossFit,20
CI007255,M0440,2025-07-13,9,Gym Floor,52
CI007256,M0440,2025-06-04,6,HIIT,86
CI007257,M0440,2025-04-27,6,Gym Floor,20
CI007258,M0440,2025-07-14,12,Yoga,29
CI007259,M0441,2025-08-02,16,Yoga,51
CI007260,M0441,2025-04-16,6,Cardio,42
CI007261,M0441,2025-07-20,8,HIIT,31
CI007262,M0441,2025-05-20,12,HIIT,28
CI007263,M0441,2025-03-16,17,Zumba,41
CI007264,M0441,2025-03-23,19,Pilates,43
CI007265,M0441,2025-03-23,9,Zumba,64
CI007266,M0441,2025-08-17,8,Gym Floor,71
CI007267,M0442,2025-06-13,9,Gym Floor,69
CI007268,M0442,2025-03-16,6,Spin,34
CI007269,M0442,2025-07-08,10,Pilates,47
CI007270,M0442,2025-06-04,7,Yoga,47
CI007271,M0442,2025-08-11,19,Pilates,67
CI007272,M0442,2025-07-31,18,Cardio,63
CI007273,M0442,2025-06-30,7,Zumba,54
CI007274,M0442,2025-06-18,19,Cardio,31
CI007275,M0442,2025-07-11,10,Gym Floor,50
CI007276,M0442,2025-07-02,19,Pilates,31
CI007277,M0442,2025-05-02,19,Gym Floor,67
CI007278,M0442,2025-07-03,18,CrossFit,38
CI007279,M0442,2025-03-14,20,Spin,44
CI007280,M0442,2025-05-26,21,Gym Floor,69
CI007281,M0442,2025-04-25,19,CrossFit,38
CI007282,M0442,2025-04-12,9,Gym Floor,68
CI007283,M0442,2025-05-24,9,Gym Floor,65
CI007284,M0442,2025-03-22,12,CrossFit,91
CI007285,M0442,2025-06-30,17,Strength Training,67
CI007286,M0442,2025-08-22,17,Gym Floor,49
CI007287,M0442,2025-04-27,7,Cardio,36
CI007288,M0442,2025-05-07,19,Strength Training,54
CI007289,M0442,2025-04-26,7,HIIT,79
CI007290,M0442,2025-08-17,20,Pilates,45
CI007291,M0442,2025-03-20,7,Zumba,24
CI007292,M0442,2025-06-14,6,Spin,56
CI007293,M0442,2025-03-22,6,CrossFit,112
CI007294,M0442,2025-04-04,17,Strength Training,41
CI007295,M0442,2025-06-02,20,Strength Training,69
CI007296,M0442,2025-05-26,17,Pilates,56
CI007297,M0442,2025-06-09,10,Gym Floor,48
CI007298,M0442,2025-05-16,8,Gym Floor,60
CI007299,M0442,2025-06-15,8,Zumba,21
CI007300,M0442,2025-07-10,12,Strength Training,31
CI007301,M0442,2025-03-26,18,Gym Floor,46
CI007302,M0442,2025-07-14,12,Gym Floor,50
CI007303,M0442,2025-07-24,6,Zumba,67
CI007304,M0442,2025-05-19,18,HIIT,51
CI007305,M0442,2025-08-29,10,HIIT,61
CI007306,M0442,2025-08-10,17,Gym Floor,20
CI007307,M0442,2025-07-01,16,Gym Floor,41
CI007308,M0442,2025-03-14,18,Gym Floor,45
CI007309,M0442,2025-05-08,17,CrossFit,33
CI007310,M0442,2025-07-04,8,Gym Floor,49
CI007311,M0442,2025-07-13,10,Zumba,45
CI007312,M0442,2025-03-02,20,Gym Floor,82
CI007313,M0443,2025-04-20,8,Gym Floor,40
CI007314,M0443,2025-07-06,17,Gym Floor,72
CI007315,M0443,2025-03-07,6,CrossFit,56
CI007316,M0443,2025-07-22,17,Spin,28
CI007317,M0443,2025-03-18,6,Pilates,44
CI007318,M0443,2025-05-31,8,Zumba,64
CI007319,M0443,2025-08-27,7,Gym Floor,46
CI007320,M0443,2025-05-16,21,Gym Floor,33
CI007321,M0443,2025-04-14,8,Gym Floor,55
CI007322,M0443,2025-05-20,11,HIIT,43
CI007323,M0443,2025-04-29,11,Spin,29
CI007324,M0443,2025-04-23,17,Gym Floor,65
CI007325,M0443,2025-05-02,10,Zumba,71
CI007326,M0443,2025-05-31,19,Gym Floor,65
CI007327,M0443,2025-03-31,18,Gym Floor,45
CI007328,M0443,2025-05-31,12,CrossFit,24
CI007329,M0443,2025-05-06,20,Strength Training,77
CI007330,M0443,2025-08-01,9,Spin,41
CI007331,M0443,2025-06-16,9,Gym Floor,80
CI007332,M0443,2025-05-04,10,Pilates,61
CI007333,M0443,2025-08-05,11,Gym Floor,100
CI007334,M0443,2025-05-07,6,Gym Floor,57
CI007335,M0444,2025-03-23,20,Gym Floor,48
CI007336,M0444,2025-04-29,18,Pilates,52
CI007337,M0444,2025-05-16,18,Strength Training,83
CI007338,M0444,2025-07-19,8,CrossFit,59
CI007339,M0444,2025-05-18,10,Gym Floor,57
CI007340,M0444,2025-06-19,17,Gym Floor,72
CI007341,M0444,2025-08-04,8,HIIT,69
CI007342,M0444,2025-03-06,19,Gym Floor,57
CI007343,M0445,2025-06-30,17,Yoga,71
CI007344,M0445,2025-07-26,8,Gym Floor,35
CI007345,M0445,2025-05-04,9,Cardio,92
CI007346,M0445,2025-03-03,21,Zumba,87
CI007347,M0445,2025-04-25,19,Gym Floor,44
CI007348,M0445,2025-03-23,7,Gym Floor,49
CI007349,M0445,2025-07-18,11,Zumba,47
CI007350,M0445,2025-04-05,17,Spin,74
CI007351,M0445,2025-08-09,19,CrossFit,47
CI007352,M0445,2025-03-19,16,Gym Floor,20
CI007353,M0445,2025-07-26,17,Gym Floor,20
CI007354,M0445,2025-07-02,20,Spin,58
CI007355,M0445,2025-08-19,18,Gym Floor,66
CI007356,M0445,2025-08-16,7,Gym Floor,76
CI007357,M0446,2025-05-20,9,HIIT,57
CI007358,M0446,2025-06-30,19,Gym Floor,90
CI007359,M0446,2025-08-26,18,Gym Floor,61
CI007360,M0446,2025-07-12,21,Gym Floor,66
CI007361,M0446,2025-05-16,17,Strength Training,20
CI007362,M0446,2025-08-22,18,Gym Floor,59
CI007363,M0446,2025-03-04,9,Gym Floor,32
CI007364,M0446,2025-07-14,18,Zumba,71
CI007365,M0446,2025-08-14,7,Zumba,80
CI007366,M0446,2025-06-04,12,Cardio,67
CI007367,M0446,2025-06-25,7,Pilates,37
CI007368,M0446,2025-07-11,8,Gym Floor,86
CI007369,M0446,2025-07-23,19,HIIT,53
CI007370,M0446,2025-07-21,7,Strength Training,46
CI007371,M0446,2025-08-16,6,Cardio,35
CI007372,M0446,2025-08-22,18,CrossFit,64
CI007373,M0446,2025-04-23,18,HIIT,55
CI007374,M0446,2025-06-19,20,Gym Floor,24
CI007375,M0446,2025-07-25,21,Zumba,54
CI007376,M0446,2025-06-20,8,Cardio,31
CI007377,M0446,2025-07-03,12,Cardio,42
CI007378,M0446,2025-05-09,19,Spin,37
CI007379,M0446,2025-07-29,18,Gym Floor,30
CI007380,M0446,2025-08-17,11,Yoga,53
CI007381,M0446,2025-06-14,7,Gym Floor,53
CI007382,M0446,2025-06-28,12,Yoga,46
CI007383,M0446,2025-08-10,19,Spin,68
CI007384,M0446,2025-05-31,18,Gym Floor,61
CI007385,M0447,2025-05-04,8,Gym Floor,79
CI007386,M0447,2025-05-23,6,Cardio,39
CI007387,M0447,2025-03-31,7,Strength Training,38
CI007388,M0447,2025-07-13,18,Gym Floor,59
CI007389,M0447,2025-06-28,17,Gym Floor,20
CI007390,M0447,2025-03-14,19,Gym Floor,67
CI007391,M0447,2025-07-03,16,Pilates,20
CI007392,M0447,2025-07-01,18,Gym Floor,25
CI007393,M0447,2025-04-06,8,Spin,47
CI007394,M0447,2025-06-30,9,Gym Floor,51
CI007395,M0447,2025-03-15,16,Strength Training,72
CI007396,M0447,2025-07-24,8,Gym Floor,23
CI007397,M0447,2025-08-03,9,Strength Training,71
CI007398,M0447,2025-07-04,16,Cardio,45
CI007399,M0447,2025-04-24,9,HIIT,28
CI007400,M0447,2025-05-08,19,Gym Floor,60
CI007401,M0447,2025-03-22,19,Strength Training,53
CI007402,M0447,2025-04-29,7,Zumba,20
CI007403,M0447,2025-07-28,10,HIIT,29
CI007404,M0447,2025-07-27,7,Gym Floor,34
CI007405,M0447,2025-05-18,11,Zumba,69
CI007406,M0447,2025-03-22,8,Gym Floor,20
CI007407,M0447,2025-07-01,6,Gym Floor,66
CI007408,M0448,2025-03-15,6,Zumba,20
CI007409,M0448,2025-05-26,18,CrossFit,58
CI007410,M0448,2025-03-08,18,Spin,62
CI007411,M0448,2025-07-27,18,Gym Floor,41
CI007412,M0448,2025-03-05,19,Spin,66
CI007413,M0448,2025-03-27,9,Pilates,20
CI007414,M0448,2025-03-15,17,Cardio,62
CI007415,M0448,2025-04-17,11,Spin,71
CI007416,M0448,2025-08-05,19,Gym Floor,84
CI007417,M0448,2025-08-21,18,Gym Floor,37
CI007418,M0448,2025-06-29,7,Zumba,44
CI007419,M0448,2025-08-04,10,Yoga,68
CI007420,M0448,2025-08-03,19,CrossFit,75
CI007421,M0448,2025-07-08,16,Gym Floor,70
CI007422,M0448,2025-05-19,17,CrossFit,51
CI007423,M0448,2025-07-07,17,Gym Floor,31
CI007424,M0448,2025-06-17,20,Yoga,49
CI007425,M0448,2025-07-18,17,Gym Floor,66
CI007426,M0448,2025-08-03,7,Gym Floor,53
CI007427,M0448,2025-04-05,7,Zumba,34
CI007428,M0448,2025-03-11,19,Gym Floor,70
CI007429,M0448,2025-04-30,7,HIIT,38
CI007430,M0448,2025-05-03,7,Gym Floor,73
CI007431,M0448,2025-04-17,18,Cardio,67
CI007432,M0448,2025-05-24,18,Gym Floor,48
CI007433,M0448,2025-07-11,18,Zumba,56
CI007434,M0448,2025-08-21,19,Cardio,74
CI007435,M0448,2025-06-21,17,HIIT,20
CI007436,M0448,2025-07-02,6,Pilates,61
CI007437,M0448,2025-07-11,16,Pilates,25
CI007438,M0448,2025-07-04,7,Gym Floor,63
CI007439,M0448,2025-07-25,17,Gym Floor,61
CI007440,M0448,2025-05-28,18,Yoga,70
CI007441,M0449,2025-03-09,12,Gym Floor,41
CI007442,M0449,2025-06-24,17,CrossFit,47
CI007443,M0449,2025-08-13,11,CrossFit,72
CI007444,M0449,2025-08-31,16,Zumba,38
CI007445,M0449,2025-06-20,10,Gym Floor,86
CI007446,M0449,2025-07-08,6,Pilates,27
CI007447,M0449,2025-06-26,12,Gym Floor,59
CI007448,M0449,2025-05-25,17,Gym Floor,25
CI007449,M0449,2025-06-21,8,Gym Floor,32
CI007450,M0449,2025-08-31,7,Zumba,38
CI007451,M0449,2025-03-16,19,Gym Floor,29
CI007452,M0449,2025-06-16,6,Gym Floor,78
CI007453,M0449,2025-04-13,8,HIIT,69
CI007454,M0449,2025-07-04,18,Gym Floor,60
CI007455,M0450,2025-07-07,16,Cardio,78
CI007456,M0450,2025-05-22,9,Gym Floor,62
CI007457,M0450,2025-05-12,6,CrossFit,38
CI007458,M0450,2025-06-30,19,Gym Floor,68
CI007459,M0450,2025-04-16,21,Gym Floor,34
CI007460,M0450,2025-07-12,10,CrossFit,72
CI007461,M0451,2025-08-01,6,Cardio,36
CI007462,M0451,2025-07-09,19,Gym Floor,45
CI007463,M0451,2025-08-28,18,Gym Floor,75
CI007464,M0451,2025-06-01,10,Cardio,73
CI007465,M0451,2025-06-08,19,Gym Floor,39
CI007466,M0451,2025-04-08,8,Yoga,53
CI007467,M0451,2025-06-26,16,Gym Floor,41
CI007468,M0451,2025-03-02,19,Cardio,35
CI007469,M0451,2025-04-16,6,Zumba,53
CI007470,M0451,2025-05-16,8,Gym Floor,55
CI007471,M0451,2025-08-24,17,Yoga,41
CI007472,M0451,2025-04-11,7,Gym Floor,72
CI007473,M0451,2025-05-01,12,Spin,28
CI007474,M0451,2025-05-07,8,Gym Floor,44
CI007475,M0451,2025-05-13,8,Gym Floor,45
CI007476,M0451,2025-05-22,20,Spin,58
CI007477,M0451,2025-08-28,18,Gym Floor,44
CI007478,M0451,2025-06-26,6,Spin,46
CI007479,M0451,2025-08-23,17,Gym Floor,65
CI007480,M0451,2025-03-30,7,Pilates,59
CI007481,M0451,2025-06-08,16,CrossFit,20
CI007482,M0451,2025-08-05,21,Gym Floor,25
CI007483,M0451,2025-04-18,8,HIIT,43
CI007484,M0451,2025-08-10,17,CrossFit,97
CI007485,M0451,2025-07-26,8,Gym Floor,81
CI007486,M0451,2025-06-12,18,Yoga,21
CI007487,M0451,2025-05-14,17,Pilates,70
CI007488,M0451,2025-06-14,17,Gym Floor,37
CI007489,M0451,2025-03-05,8,Gym Floor,48
CI007490,M0451,2025-07-30,19,Gym Floor,27
CI007491,M0451,2025-06-18,7,Pilates,55
CI007492,M0451,2025-08-11,17,Gym Floor,53
CI007493,M0451,2025-06-26,18,Gym Floor,28
CI007494,M0451,2025-08-28,19,Cardio,65
CI007495,M0451,2025-08-24,9,Pilates,68
CI007496,M0451,2025-06-07,18,Cardio,27
CI007497,M0451,2025-04-13,17,Spin,40
CI007498,M0451,2025-03-14,17,Cardio,68
CI007499,M0451,2025-03-28,9,Yoga,62
CI007500,M0451,2025-06-15,10,HIIT,83
CI007501,M0451,2025-08-17,7,Zumba,60
CI007502,M0451,2025-06-09,8,Gym Floor,62
CI007503,M0451,2025-07-05,6,Gym Floor,60
CI007504,M0452,2025-04-23,18,Cardio,27
CI007505,M0452,2025-07-01,6,Gym Floor,54
CI007506,M0452,2025-06-12,17,Zumba,64
CI007507,M0452,2025-05-04,18,Gym Floor,46
CI007508,M0452,2025-03-08,8,Gym Floor,42
CI007509,M0452,2025-05-17,17,Gym Floor,60
CI007510,M0452,2025-04-12,18,CrossFit,64
CI007511,M0452,2025-08-11,19,Zumba,73
CI007512,M0452,2025-03-09,17,Yoga,51
CI007513,M0453,2025-05-22,9,Gym Floor,57
CI007514,M0453,2025-05-08,6,Gym Floor,40
CI007515,M0453,2025-04-03,6,Yoga,37
CI007516,M0453,2025-04-19,21,CrossFit,74
CI007517,M0453,2025-05-13,18,Strength Training,42
CI007518,M0453,2025-06-17,17,Gym Floor,39
CI007519,M0453,2025-04-13,6,Gym Floor,60
CI007520,M0453,2025-08-06,11,HIIT,96
CI007521,M0453,2025-08-25,18,Gym Floor,37
CI007522,M0453,2025-07-24,17,CrossFit,38
CI007523,M0453,2025-06-14,18,Spin,55
CI007524,M0453,2025-06-19,10,Yoga,29
CI007525,M0453,2025-07-06,7,HIIT,59
CI007526,M0453,2025-05-10,18,Gym Floor,39
CI007527,M0453,2025-04-27,11,HIIT,50
CI007528,M0453,2025-03-16,6,HIIT,60
CI007529,M0453,2025-06-08,19,Gym Floor,52
CI007530,M0453,2025-03-14,19,Gym Floor,50
CI007531,M0453,2025-03-21,16,Gym Floor,41
CI007532,M0453,2025-08-04,17,Gym Floor,51
CI007533,M0453,2025-03-24,11,Strength Training,46
CI007534,M0453,2025-03-23,7,Spin,45
CI007535,M0453,2025-08-19,19,Spin,106
CI007536,M0453,2025-03-21,19,Gym Floor,42
CI007537,M0453,2025-05-09,6,CrossFit,65
CI007538,M0453,2025-04-15,12,Zumba,68
CI007539,M0453,2025-05-22,21,Zumba,57
CI007540,M0453,2025-06-27,10,Gym Floor,38
CI007541,M0453,2025-03-08,17,Gym Floor,69
CI007542,M0454,2025-05-24,9,Cardio,44
CI007543,M0454,2025-05-09,20,HIIT,37
CI007544,M0454,2025-05-12,19,Spin,54
CI007545,M0454,2025-04-29,6,HIIT,66
CI007546,M0454,2025-08-26,19,CrossFit,35
CI007547,M0454,2025-06-19,9,Gym Floor,66
CI007548,M0454,2025-07-30,6,Strength Training,61
CI007549,M0454,2025-03-29,6,Strength Training,95
CI007550,M0454,2025-04-24,10,Gym Floor,64
CI007551,M0454,2025-08-12,16,Gym Floor,83
CI007552,M0454,2025-08-07,12,Gym Floor,61
CI007553,M0454,2025-08-07,16,Gym Floor,60
CI007554,M0454,2025-08-02,17,Zumba,53
CI007555,M0454,2025-05-06,18,Gym Floor,85
CI007556,M0454,2025-04-01,18,Gym Floor,32
CI007557,M0454,2025-08-14,8,HIIT,79
CI007558,M0454,2025-04-07,16,Gym Floor,63
CI007559,M0454,2025-08-18,6,Pilates,64
CI007560,M0454,2025-07-28,7,Zumba,40
CI007561,M0454,2025-04-22,17,Gym Floor,28
CI007562,M0454,2025-05-11,6,Gym Floor,56
CI007563,M0454,2025-08-21,12,Gym Floor,77
CI007564,M0454,2025-05-04,9,Strength Training,32
CI007565,M0454,2025-08-11,6,Cardio,27
CI007566,M0454,2025-06-17,18,Strength Training,54
CI007567,M0455,2025-03-26,18,Gym Floor,43
CI007568,M0455,2025-06-14,18,Gym Floor,53
CI007569,M0455,2025-05-28,18,HIIT,67
CI007570,M0455,2025-06-04,19,Gym Floor,44
CI007571,M0455,2025-08-23,16,Spin,41
CI007572,M0455,2025-06-02,19,Gym Floor,76
CI007573,M0455,2025-08-12,19,Pilates,42
CI007574,M0455,2025-07-12,11,Gym Floor,49
CI007575,M0455,2025-07-16,20,Gym Floor,35
CI007576,M0455,2025-03-27,18,HIIT,47
CI007577,M0455,2025-07-10,18,Zumba,40
CI007578,M0455,2025-03-24,17,Gym Floor,77
CI007579,M0455,2025-07-20,8,Gym Floor,75
CI007580,M0455,2025-08-03,19,Gym Floor,54
CI007581,M0455,2025-08-25,17,Strength Training,37
CI007582,M0455,2025-07-18,9,CrossFit,20
CI007583,M0455,2025-04-21,8,Zumba,63
CI007584,M0455,2025-05-02,7,Gym Floor,60
CI007585,M0455,2025-03-10,12,Gym Floor,69
CI007586,M0455,2025-08-05,17,Gym Floor,64
CI007587,M0455,2025-07-12,6,Gym Floor,52
CI007588,M0455,2025-07-09,20,Gym Floor,53
CI007589,M0455,2025-05-15,17,HIIT,63
CI007590,M0455,2025-08-17,7,Pilates,34
CI007591,M0455,2025-06-25,21,Yoga,31
CI007592,M0455,2025-04-23,20,Pilates,75
CI007593,M0455,2025-07-30,20,Strength Training,71
CI007594,M0455,2025-06-23,18,Gym Floor,73
CI007595,M0455,2025-05-24,19,Cardio,44
CI007596,M0455,2025-03-14,18,Gym Floor,61
CI007597,M0455,2025-04-09,8,Gym Floor,30
CI007598,M0455,2025-08-24,18,Gym Floor,73
CI007599,M0455,2025-08-30,18,Yoga,75
CI007600,M0455,2025-05-09,10,Gym Floor,39
CI007601,M0455,2025-08-01,18,Gym Floor,63
CI007602,M0455,2025-04-12,8,Gym Floor,47
CI007603,M0455,2025-07-10,17,Gym Floor,20
CI007604,M0455,2025-05-07,8,Gym Floor,70
CI007605,M0455,2025-06-18,19,Gym Floor,20
CI007606,M0455,2025-07-20,18,Zumba,50
CI007607,M0455,2025-08-20,19,HIIT,39
CI007608,M0455,2025-07-05,16,Gym Floor,47
CI007609,M0455,2025-08-20,12,Gym Floor,44
CI007610,M0455,2025-03-01,6,Gym Floor,70
CI007611,M0455,2025-03-01,18,Gym Floor,34
CI007612,M0455,2025-07-29,11,CrossFit,24
CI007613,M0455,2025-05-01,18,HIIT,46
CI007614,M0455,2025-08-22,9,Gym Floor,47
CI007615,M0456,2025-06-24,17,Spin,56
CI007616,M0456,2025-04-27,17,HIIT,47
CI007617,M0456,2025-07-08,9,Gym Floor,46
CI007618,M0456,2025-08-24,11,Strength Training,60
CI007619,M0456,2025-07-27,18,Zumba,48
CI007620,M0457,2025-07-13,8,CrossFit,31
CI007621,M0457,2025-03-23,8,Gym Floor,46
CI007622,M0457,2025-05-13,9,Zumba,50
CI007623,M0457,2025-06-27,12,Cardio,49
CI007624,M0457,2025-06-11,18,Pilates,48
CI007625,M0457,2025-06-29,9,Gym Floor,57
CI007626,M0457,2025-06-06,19,Gym Floor,50
CI007627,M0457,2025-03-29,19,Strength Training,72
CI007628,M0457,2025-04-05,17,Cardio,85
CI007629,M0457,2025-05-29,9,Spin,53
CI007630,M0457,2025-03-31,19,Spin,70
CI007631,M0457,2025-06-15,19,Gym Floor,100
CI007632,M0457,2025-05-15,7,Gym Floor,75
CI007633,M0457,2025-04-11,17,Gym Floor,76
CI007634,M0457,2025-05-20,12,Yoga,69
CI007635,M0457,2025-08-25,18,Gym Floor,31
CI007636,M0457,2025-04-08,20,Gym Floor,40
CI007637,M0457,2025-08-09,6,Spin,42
CI007638,M0457,2025-03-07,9,CrossFit,20
CI007639,M0457,2025-04-18,16,Strength Training,51
CI007640,M0457,2025-05-10,6,Strength Training,63
CI007641,M0457,2025-03-05,19,Gym Floor,46
CI007642,M0457,2025-06-11,7,Gym Floor,83
CI007643,M0457,2025-06-13,20,Gym Floor,69
CI007644,M0457,2025-04-22,21,Gym Floor,54
CI007645,M0457,2025-08-06,6,Cardio,32
CI007646,M0457,2025-05-13,10,HIIT,89
CI007647,M0457,2025-05-25,8,CrossFit,73
CI007648,M0457,2025-03-01,19,Gym Floor,47
CI007649,M0457,2025-06-05,9,Yoga,50
CI007650,M0457,2025-06-24,18,Gym Floor,55
CI007651,M0457,2025-05-02,21,Cardio,52
CI007652,M0457,2025-08-25,8,Zumba,42
CI007653,M0457,2025-05-28,17,Gym Floor,84
CI007654,M0457,2025-05-16,21,Pilates,69
CI007655,M0457,2025-06-30,19,Gym Floor,72
CI007656,M0457,2025-07-25,7,Zumba,53
CI007657,M0457,2025-03-30,19,Gym Floor,72
CI007658,M0457,2025-08-11,20,Zumba,34
CI007659,M0457,2025-03-28,19,CrossFit,93
CI007660,M0457,2025-08-12,7,Gym Floor,62
CI007661,M0457,2025-03-29,9,HIIT,47
CI007662,M0457,2025-05-13,9,HIIT,57
CI007663,M0458,2025-03-25,18,CrossFit,36
CI007664,M0458,2025-04-13,16,Gym Floor,56
CI007665,M0458,2025-04-04,16,Gym Floor,28
CI007666,M0458,2025-05-26,8,Cardio,67
CI007667,M0458,2025-07-08,19,Gym Floor,74
CI007668,M0458,2025-05-16,8,Gym Floor,48
CI007669,M0458,2025-06-23,8,CrossFit,45
CI007670,M0458,2025-08-01,17,Gym Floor,47
CI007671,M0458,2025-03-17,17,Strength Training,54
CI007672,M0458,2025-05-22,17,Strength Training,92
CI007673,M0458,2025-05-27,16,Yoga,54
CI007674,M0458,2025-03-26,17,Gym Floor,54
CI007675,M0458,2025-07-24,18,CrossFit,29
CI007676,M0458,2025-04-07,7,Gym Floor,69
CI007677,M0459,2025-03-28,7,CrossFit,46
CI007678,M0459,2025-07-26,16,Pilates,60
CI007679,M0459,2025-08-31,20,Gym Floor,66
CI007680,M0459,2025-08-09,12,Strength Training,56
CI007681,M0459,2025-06-26,19,Gym Floor,77
CI007682,M0459,2025-05-10,18,Spin,55
CI007683,M0459,2025-03-03,19,Gym Floor,66
CI007684,M0459,2025-04-11,10,Gym Floor,43
CI007685,M0459,2025-08-01,6,HIIT,45
CI007686,M0459,2025-07-08,16,Gym Floor,67
CI007687,M0459,2025-06-16,18,Pilates,46
CI007688,M0459,2025-07-16,16,Gym Floor,70
CI007689,M0459,2025-07-13,8,Strength Training,88
CI007690,M0459,2025-07-23,12,CrossFit,62
CI007691,M0459,2025-06-30,20,Spin,66
CI007692,M0459,2025-07-23,16,Gym Floor,61
CI007693,M0459,2025-05-07,19,Cardio,80
CI007694,M0459,2025-07-05,9,Zumba,52
CI007695,M0459,2025-05-27,21,Gym Floor,51
CI007696,M0459,2025-06-24,8,Gym Floor,72
CI007697,M0459,2025-04-01,12,Gym Floor,70
CI007698,M0459,2025-03-17,16,Gym Floor,35
CI007699,M0460,2025-04-26,7,Zumba,27
CI007700,M0460,2025-04-02,16,Zumba,73
CI007701,M0460,2025-05-02,19,Cardio,58
CI007702,M0460,2025-05-21,6,Gym Floor,78
CI007703,M0460,2025-07-30,6,CrossFit,63
CI007704,M0460,2025-06-18,19,Gym Floor,56
CI007705,M0460,2025-05-15,18,Zumba,34
CI007706,M0460,2025-06-16,10,Yoga,20
CI007707,M0460,2025-04-09,17,Gym Floor,84
CI007708,M0460,2025-07-27,6,Spin,72
CI007709,M0460,2025-04-01,18,HIIT,47
CI007710,M0460,2025-03-07,8,Gym Floor,42
CI007711,M0460,2025-06-04,6,Gym Floor,38
CI007712,M0460,2025-07-18,19,Strength Training,51
CI007713,M0460,2025-03-19,16,HIIT,66
CI007714,M0460,2025-07-26,7,Pilates,37
CI007715,M0460,2025-06-04,16,Gym Floor,83
CI007716,M0460,2025-05-03,18,Yoga,75
CI007717,M0460,2025-05-13,9,Gym Floor,44
CI007718,M0460,2025-08-07,11,CrossFit,37
CI007719,M0460,2025-07-11,21,Gym Floor,44
CI007720,M0460,2025-07-29,7,HIIT,58
CI007721,M0461,2025-06-30,17,Gym Floor,65
CI007722,M0461,2025-05-31,16,Zumba,25
CI007723,M0462,2025-04-13,18,Gym Floor,34
CI007724,M0462,2025-06-24,17,Gym Floor,29
CI007725,M0462,2025-07-14,6,Spin,56
CI007726,M0462,2025-03-01,6,Zumba,70
CI007727,M0462,2025-06-19,20,Strength Training,54
CI007728,M0462,2025-03-03,6,Zumba,48
CI007729,M0462,2025-05-20,6,Gym Floor,38
CI007730,M0462,2025-03-28,19,Gym Floor,62
CI007731,M0462,2025-03-03,7,Gym Floor,44
CI007732,M0462,2025-06-12,18,Gym Floor,57
CI007733,M0462,2025-05-12,6,Strength Training,46
CI007734,M0462,2025-07-06,6,Strength Training,33
CI007735,M0462,2025-08-01,19,Strength Training,45
CI007736,M0462,2025-05-25,18,HIIT,53
CI007737,M0462,2025-04-14,9,Gym Floor,53
CI007738,M0462,2025-03-31,18,HIIT,60
CI007739,M0462,2025-05-23,19,Zumba,20
CI007740,M0462,2025-07-15,7,Gym Floor,65
CI007741,M0462,2025-06-24,18,Strength Training,91
CI007742,M0462,2025-04-14,8,Pilates,23
CI007743,M0462,2025-03-15,12,Strength Training,42
CI007744,M0462,2025-03-22,11,Gym Floor,34
CI007745,M0462,2025-07-25,10,Gym Floor,99
CI007746,M0462,2025-07-10,19,Yoga,39
CI007747,M0462,2025-05-23,18,HIIT,73
CI007748,M0462,2025-05-19,20,Strength Training,27
CI007749,M0462,2025-03-01,8,Gym Floor,57
CI007750,M0462,2025-07-08,19,Gym Floor,70
CI007751,M0462,2025-05-05,12,Spin,63
CI007752,M0462,2025-07-24,7,Gym Floor,75
CI007753,M0462,2025-03-11,8,Pilates,37
CI007754,M0462,2025-05-12,19,Gym Floor,50
CI007755,M0462,2025-03-26,8,CrossFit,23
CI007756,M0462,2025-03-30,19,Gym Floor,51
CI007757,M0462,2025-03-20,16,Cardio,86
CI007758,M0462,2025-07-30,17,Cardio,51
CI007759,M0462,2025-04-10,6,Spin,56
CI007760,M0462,2025-07-06,19,Cardio,50
CI007761,M0462,2025-03-11,16,Pilates,61
CI007762,M0462,2025-05-27,19,Gym Floor,68
CI007763,M0462,2025-07-03,16,Cardio,74
CI007764,M0462,2025-03-22,16,Pilates,59
CI007765,M0462,2025-06-13,7,Spin,73
CI007766,M0462,2025-05-11,8,Gym Floor,20
CI007767,M0462,2025-05-14,19,Gym Floor,20
CI007768,M0462,2025-03-31,11,Gym Floor,46
CI007769,M0462,2025-07-16,18,Spin,33
CI007770,M0462,2025-08-18,20,Pilates,49
CI007771,M0462,2025-06-21,17,CrossFit,36
CI007772,M0463,2025-05-27,16,Gym Floor,69
CI007773,M0463,2025-04-09,17,Gym Floor,30
CI007774,M0463,2025-05-12,17,Gym Floor,54
CI007775,M0463,2025-04-23,17,Gym Floor,96
CI007776,M0463,2025-07-29,7,Gym Floor,72
CI007777,M0463,2025-03-07,18,Gym Floor,65
CI007778,M0463,2025-03-07,7,CrossFit,49
CI007779,M0463,2025-03-19,18,Gym Floor,47
CI007780,M0463,2025-07-26,9,Zumba,50
CI007781,M0463,2025-05-03,18,Gym Floor,20
CI007782,M0463,2025-03-26,17,Yoga,58
CI007783,M0463,2025-07-16,17,Zumba,58
CI007784,M0463,2025-05-25,11,Pilates,46
CI007785,M0463,2025-04-23,10,HIIT,61
CI007786,M0464,2025-06-27,18,CrossFit,51
CI007787,M0464,2025-04-27,19,Pilates,68
CI007788,M0465,2025-05-29,7,Spin,43
CI007789,M0465,2025-06-23,8,Gym Floor,41
CI007790,M0465,2025-04-20,16,Gym Floor,30
CI007791,M0465,2025-06-03,6,Gym Floor,24
CI007792,M0465,2025-07-24,19,Gym Floor,53
CI007793,M0465,2025-05-04,21,Gym Floor,57
CI007794,M0465,2025-07-22,9,Zumba,72
CI007795,M0465,2025-05-23,18,Gym Floor,52
CI007796,M0465,2025-03-27,19,Gym Floor,82
CI007797,M0465,2025-03-24,18,Gym Floor,67
CI007798,M0465,2025-04-22,11,Gym Floor,59
CI007799,M0465,2025-03-29,18,Gym Floor,37
CI007800,M0465,2025-06-07,20,Cardio,48
CI007801,M0465,2025-05-06,20,CrossFit,94
CI007802,M0466,2025-08-05,9,Spin,80
CI007803,M0466,2025-05-25,19,Strength Training,54
CI007804,M0466,2025-07-28,10,Gym Floor,60
CI007805,M0466,2025-04-02,7,Gym Floor,74
CI007806,M0466,2025-04-08,19,CrossFit,60
CI007807,M0466,2025-04-09,17,Spin,63
CI007808,M0466,2025-07-07,19,Spin,31
CI007809,M0466,2025-03-14,11,Gym Floor,22
CI007810,M0466,2025-08-17,17,CrossFit,68
CI007811,M0466,2025-08-21,9,Gym Floor,39
CI007812,M0466,2025-04-23,7,Pilates,80
CI007813,M0466,2025-08-02,18,Cardio,20
CI007814,M0466,2025-04-26,19,Gym Floor,53
CI007815,M0466,2025-08-28,21,Gym Floor,56
CI007816,M0466,2025-06-08,18,Spin,50
CI007817,M0466,2025-04-08,12,Gym Floor,41
CI007818,M0466,2025-04-16,20,Zumba,54
CI007819,M0466,2025-04-24,18,Gym Floor,62
CI007820,M0466,2025-07-14,19,Spin,73
CI007821,M0466,2025-07-04,19,Gym Floor,53
CI007822,M0466,2025-07-04,10,Gym Floor,29
CI007823,M0466,2025-06-21,17,Gym Floor,76
CI007824,M0466,2025-06-27,7,HIIT,53
CI007825,M0466,2025-07-12,18,Gym Floor,72
CI007826,M0466,2025-07-08,16,CrossFit,20
CI007827,M0466,2025-04-08,19,CrossFit,58
CI007828,M0466,2025-03-31,16,Cardio,59
CI007829,M0466,2025-08-15,17,Gym Floor,53
CI007830,M0466,2025-03-11,19,Gym Floor,58
CI007831,M0467,2025-03-03,21,Gym Floor,36
CI007832,M0467,2025-04-27,21,Gym Floor,73
CI007833,M0467,2025-04-30,16,HIIT,70
CI007834,M0467,2025-04-07,9,Gym Floor,81
CI007835,M0468,2025-06-05,12,Cardio,48
CI007836,M0468,2025-08-01,16,Spin,77
CI007837,M0468,2025-04-03,6,Gym Floor,47
CI007838,M0468,2025-04-14,7,Cardio,51
CI007839,M0468,2025-06-27,18,Cardio,70
CI007840,M0468,2025-05-28,7,CrossFit,75
CI007841,M0468,2025-03-04,19,Cardio,64
CI007842,M0468,2025-03-11,18,Strength Training,68
CI007843,M0468,2025-07-23,19,Strength Training,20
CI007844,M0468,2025-04-26,6,Gym Floor,34
CI007845,M0468,2025-04-14,10,Cardio,44
CI007846,M0468,2025-07-02,11,Gym Floor,51
CI007847,M0468,2025-04-21,7,Zumba,65
CI007848,M0468,2025-04-01,8,Gym Floor,64
CI007849,M0468,2025-04-19,16,CrossFit,82
CI007850,M0468,2025-08-05,12,Gym Floor,76
CI007851,M0468,2025-08-17,9,Gym Floor,49
CI007852,M0468,2025-05-16,9,Gym Floor,51
CI007853,M0468,2025-06-07,19,HIIT,85
CI007854,M0468,2025-07-02,19,CrossFit,75
CI007855,M0468,2025-08-15,10,HIIT,40
CI007856,M0468,2025-06-17,17,HIIT,38
CI007857,M0468,2025-07-22,20,CrossFit,20
CI007858,M0468,2025-03-21,19,HIIT,54
CI007859,M0468,2025-07-02,12,Gym Floor,56
CI007860,M0468,2025-08-16,17,Gym Floor,60
CI007861,M0468,2025-05-06,18,Strength Training,43
CI007862,M0468,2025-07-10,19,Spin,34
CI007863,M0468,2025-03-19,18,Gym Floor,47
CI007864,M0468,2025-04-22,17,Gym Floor,63
CI007865,M0468,2025-08-18,8,Pilates,53
CI007866,M0468,2025-06-17,6,Spin,50
CI007867,M0468,2025-05-20,8,Yoga,62
CI007868,M0468,2025-04-16,11,Gym Floor,58
CI007869,M0468,2025-07-17,19,Spin,49
CI007870,M0468,2025-03-05,16,Gym Floor,57
CI007871,M0468,2025-03-01,17,Gym Floor,50
CI007872,M0468,2025-06-29,18,Cardio,46
CI007873,M0468,2025-07-18,17,Cardio,54
CI007874,M0468,2025-03-30,7,Gym Floor,62
CI007875,M0468,2025-03-13,21,Gym Floor,54
CI007876,M0468,2025-07-08,16,Gym Floor,57
CI007877,M0468,2025-03-07,18,Pilates,45
CI007878,M0468,2025-08-07,17,Gym Floor,50
CI007879,M0468,2025-03-24,6,Gym Floor,40
CI007880,M0468,2025-06-19,6,Gym Floor,21
CI007881,M0468,2025-08-02,6,Cardio,68
CI007882,M0469,2025-08-09,19,CrossFit,74
CI007883,M0469,2025-08-18,20,Gym Floor,29
CI007884,M0469,2025-07-03,7,Spin,46
CI007885,M0469,2025-08-04,10,Strength Training,65
CI007886,M0469,2025-06-11,17,Gym Floor,51
CI007887,M0469,2025-08-02,7,Gym Floor,45
CI007888,M0469,2025-03-02,7,Gym Floor,52
CI007889,M0469,2025-04-26,7,Cardio,101
CI007890,M0469,2025-04-20,20,Strength Training,68
CI007891,M0469,2025-08-10,11,Gym Floor,44
CI007892,M0469,2025-08-17,10,Gym Floor,38
CI007893,M0469,2025-06-24,6,Zumba,47
CI007894,M0469,2025-03-30,18,Gym Floor,78
CI007895,M0469,2025-08-12,20,CrossFit,68
CI007896,M0469,2025-05-30,16,Gym Floor,35
CI007897,M0469,2025-08-05,7,Yoga,50
CI007898,M0469,2025-08-01,19,Spin,80
CI007899,M0469,2025-07-27,6,Gym Floor,85
CI007900,M0469,2025-05-10,9,Strength Training,52
CI007901,M0469,2025-05-16,16,Gym Floor,27
CI007902,M0469,2025-03-06,12,Yoga,58
CI007903,M0469,2025-03-21,8,Gym Floor,47
CI007904,M0469,2025-05-22,20,Gym Floor,61
CI007905,M0469,2025-08-11,8,Pilates,53
CI007906,M0469,2025-04-21,18,Gym Floor,78
CI007907,M0469,2025-04-24,19,Pilates,61
CI007908,M0470,2025-04-18,20,Gym Floor,53
CI007909,M0470,2025-06-24,8,Gym Floor,49
CI007910,M0470,2025-04-19,19,Gym Floor,76
CI007911,M0470,2025-05-31,18,Yoga,36
CI007912,M0471,2025-07-18,9,Spin,81
CI007913,M0471,2025-07-30,12,HIIT,41
CI007914,M0471,2025-06-09,12,Gym Floor,41
CI007915,M0471,2025-08-20,16,Gym Floor,42
CI007916,M0471,2025-05-07,18,Pilates,20
CI007917,M0471,2025-04-28,20,Zumba,70
CI007918,M0471,2025-03-04,11,Gym Floor,57
CI007919,M0471,2025-04-20,16,Gym Floor,53
CI007920,M0471,2025-08-16,19,Zumba,49
CI007921,M0471,2025-07-22,7,Gym Floor,35
CI007922,M0471,2025-07-22,8,HIIT,86
CI007923,M0471,2025-06-28,18,Gym Floor,55
CI007924,M0471,2025-06-12,12,Spin,59
CI007925,M0471,2025-07-03,21,HIIT,57
CI007926,M0471,2025-08-21,17,Spin,48
CI007927,M0471,2025-08-21,8,CrossFit,46
CI007928,M0471,2025-03-07,8,Cardio,65
CI007929,M0471,2025-03-13,10,Pilates,65
CI007930,M0471,2025-06-10,17,CrossFit,20
CI007931,M0471,2025-06-02,21,Gym Floor,62
CI007932,M0471,2025-08-01,19,CrossFit,46
CI007933,M0471,2025-07-24,17,Gym Floor,48
CI007934,M0471,2025-08-07,19,Spin,45
CI007935,M0471,2025-05-07,18,Gym Floor,55
CI007936,M0471,2025-04-02,19,HIIT,40
CI007937,M0471,2025-03-13,16,Gym Floor,45
CI007938,M0471,2025-07-03,9,Gym Floor,44
CI007939,M0471,2025-05-15,12,Gym Floor,46
CI007940,M0471,2025-08-08,17,HIIT,39
CI007941,M0471,2025-04-10,18,CrossFit,48
CI007942,M0471,2025-05-13,20,Gym Floor,70
CI007943,M0471,2025-08-13,19,CrossFit,20
CI007944,M0471,2025-08-11,7,Cardio,60
CI007945,M0471,2025-07-09,18,Gym Floor,22
CI007946,M0471,2025-03-05,17,Gym Floor,58
CI007947,M0471,2025-05-20,8,Yoga,76
CI007948,M0472,2025-03-17,17,Gym Floor,46
CI007949,M0472,2025-07-07,12,Gym Floor,77
CI007950,M0472,2025-05-28,16,Gym Floor,75
CI007951,M0472,2025-07-01,20,Zumba,90
CI007952,M0472,2025-03-17,17,Strength Training,52
CI007953,M0472,2025-08-09,10,Gym Floor,91
CI007954,M0472,2025-06-01,17,Gym Floor,28
CI007955,M0472,2025-07-02,7,Gym Floor,33
CI007956,M0472,2025-04-07,7,Zumba,39
CI007957,M0472,2025-08-21,7,Gym Floor,81
CI007958,M0472,2025-03-01,12,Zumba,57
CI007959,M0472,2025-05-19,19,Pilates,60
CI007960,M0472,2025-08-02,21,Gym Floor,62
CI007961,M0472,2025-04-23,21,Gym Floor,38
CI007962,M0472,2025-08-09,16,Gym Floor,27
CI007963,M0472,2025-04-21,7,Gym Floor,40
CI007964,M0472,2025-07-21,16,Yoga,53
CI007965,M0472,2025-08-20,16,Gym Floor,60
CI007966,M0472,2025-03-04,8,Gym Floor,72
CI007967,M0472,2025-06-01,9,Gym Floor,48
CI007968,M0472,2025-04-20,18,Pilates,72
CI007969,M0472,2025-03-07,16,Yoga,37
CI007970,M0473,2025-05-25,6,Cardio,43
CI007971,M0474,2025-06-29,17,Yoga,84
CI007972,M0474,2025-07-08,7,Gym Floor,56
CI007973,M0474,2025-08-15,18,Pilates,29
CI007974,M0474,2025-03-25,18,Spin,43
CI007975,M0474,2025-07-28,20,Gym Floor,22
CI007976,M0474,2025-08-03,12,Zumba,60
CI007977,M0474,2025-03-24,6,Cardio,34
CI007978,M0474,2025-06-12,10,Zumba,76
CI007979,M0474,2025-08-22,7,Gym Floor,70
CI007980,M0474,2025-03-15,17,Pilates,42
CI007981,M0474,2025-06-12,19,Cardio,34
CI007982,M0474,2025-05-08,11,Gym Floor,45
CI007983,M0474,2025-05-19,9,Gym Floor,35
CI007984,M0474,2025-08-01,9,Cardio,78
CI007985,M0474,2025-06-26,9,Gym Floor,36
CI007986,M0474,2025-08-26,8,Gym Floor,41
CI007987,M0474,2025-08-11,20,Cardio,55
CI007988,M0474,2025-06-19,19,Spin,65
CI007989,M0474,2025-08-02,20,CrossFit,86
CI007990,M0474,2025-08-21,9,Spin,64
CI007991,M0474,2025-04-22,16,Yoga,52
CI007992,M0474,2025-03-25,17,Gym Floor,66
CI007993,M0474,2025-04-11,18,Spin,84
CI007994,M0474,2025-07-12,21,Yoga,76
CI007995,M0474,2025-04-30,16,Zumba,37
CI007996,M0474,2025-03-21,19,CrossFit,48
CI007997,M0474,2025-08-29,17,Gym Floor,58
CI007998,M0474,2025-04-24,17,Gym Floor,65
CI007999,M0474,2025-03-27,20,CrossFit,38
CI008000,M0474,2025-06-26,6,Gym Floor,95
CI008001,M0474,2025-04-24,8,Gym Floor,52
CI008002,M0474,2025-04-29,16,CrossFit,65
CI008003,M0474,2025-08-14,19,Gym Floor,53
CI008004,M0474,2025-08-14,7,Gym Floor,42
CI008005,M0474,2025-04-11,17,Gym Floor,21
CI008006,M0474,2025-07-17,19,Cardio,47
CI008007,M0474,2025-05-01,18,Zumba,72
CI008008,M0474,2025-06-09,20,Gym Floor,37
CI008009,M0474,2025-05-24,19,Pilates,58
CI008010,M0474,2025-07-31,7,Gym Floor,63
CI008011,M0474,2025-04-29,16,Gym Floor,52
CI008012,M0474,2025-05-06,16,Gym Floor,69
CI008013,M0474,2025-08-13,7,HIIT,25
CI008014,M0474,2025-07-29,17,CrossFit,80
CI008015,M0474,2025-06-12,8,Gym Floor,46
CI008016,M0474,2025-07-07,8,Gym Floor,39
CI008017,M0474,2025-07-03,8,HIIT,67
CI008018,M0475,2025-06-24,19,Zumba,83
CI008019,M0475,2025-07-10,7,HIIT,43
CI008020,M0475,2025-06-22,18,Yoga,69
CI008021,M0475,2025-03-16,16,Gym Floor,96
CI008022,M0475,2025-04-02,8,CrossFit,66
CI008023,M0475,2025-07-07,11,Gym Floor,79
CI008024,M0475,2025-03-02,7,Yoga,39
CI008025,M0475,2025-06-29,19,Spin,57
CI008026,M0475,2025-03-13,8,Pilates,42
CI008027,M0475,2025-05-28,17,CrossFit,102
CI008028,M0475,2025-06-10,8,Strength Training,46
CI008029,M0475,2025-07-09,7,Gym Floor,61
CI008030,M0475,2025-06-23,7,Yoga,44
CI008031,M0475,2025-05-08,20,Gym Floor,71
CI008032,M0475,2025-06-30,11,Gym Floor,45
CI008033,M0475,2025-08-18,17,Gym Floor,54
CI008034,M0475,2025-05-16,21,Gym Floor,75
CI008035,M0475,2025-04-12,20,Gym Floor,82
CI008036,M0475,2025-06-13,16,Zumba,41
CI008037,M0475,2025-06-01,6,Gym Floor,56
CI008038,M0475,2025-07-16,18,Spin,68
CI008039,M0475,2025-03-05,17,Gym Floor,55
CI008040,M0475,2025-07-09,18,Spin,35
CI008041,M0475,2025-08-24,18,Yoga,72
CI008042,M0475,2025-04-07,17,Spin,60
CI008043,M0475,2025-06-11,18,Zumba,40
CI008044,M0475,2025-03-04,6,Gym Floor,47
CI008045,M0475,2025-03-03,18,Strength Training,53
CI008046,M0475,2025-06-18,11,Gym Floor,66
CI008047,M0475,2025-05-16,16,Gym Floor,47
CI008048,M0475,2025-06-15,17,Pilates,58
CI008049,M0475,2025-04-15,6,CrossFit,55
CI008050,M0475,2025-05-30,16,Gym Floor,78
CI008051,M0475,2025-07-04,11,Strength Training,52
CI008052,M0475,2025-04-01,18,Gym Floor,56
CI008053,M0476,2025-06-21,16,Gym Floor,62
CI008054,M0476,2025-07-08,18,Gym Floor,51
CI008055,M0477,2025-04-07,20,Cardio,99
CI008056,M0477,2025-03-04,18,Gym Floor,47
CI008057,M0477,2025-07-08,6,CrossFit,55
CI008058,M0477,2025-04-16,9,CrossFit,44
CI008059,M0478,2025-07-04,17,Gym Floor,21
CI008060,M0478,2025-06-08,7,Cardio,60
CI008061,M0478,2025-03-23,11,Spin,69
CI008062,M0478,2025-06-29,6,Gym Floor,33
CI008063,M0478,2025-07-13,11,Yoga,60
CI008064,M0478,2025-05-16,19,Gym Floor,56
CI008065,M0478,2025-07-15,9,CrossFit,56
CI008066,M0478,2025-03-08,17,Gym Floor,58
CI008067,M0478,2025-03-20,19,Gym Floor,33
CI008068,M0478,2025-07-08,11,Gym Floor,63
CI008069,M0478,2025-05-08,10,Gym Floor,62
CI008070,M0478,2025-03-18,7,Pilates,58
CI008071,M0478,2025-06-21,6,Gym Floor,66
CI008072,M0478,2025-05-19,17,Gym Floor,50
CI008073,M0478,2025-03-09,10,Cardio,28
CI008074,M0478,2025-07-15,10,Gym Floor,39
CI008075,M0478,2025-04-26,10,Gym Floor,70
CI008076,M0478,2025-03-11,11,Gym Floor,30
CI008077,M0478,2025-06-22,18,Gym Floor,63
CI008078,M0478,2025-04-28,21,Gym Floor,59
CI008079,M0478,2025-04-29,17,Cardio,50
CI008080,M0478,2025-05-22,8,Gym Floor,86
CI008081,M0478,2025-03-08,17,Spin,63
CI008082,M0478,2025-06-24,12,Gym Floor,69
CI008083,M0478,2025-08-11,10,Gym Floor,47
CI008084,M0479,2025-06-08,10,Gym Floor,54
CI008085,M0479,2025-05-26,8,HIIT,48
CI008086,M0479,2025-06-10,6,Zumba,20
CI008087,M0479,2025-05-17,6,Gym Floor,55
CI008088,M0479,2025-04-25,6,Gym Floor,22
CI008089,M0479,2025-04-10,7,Pilates,54
CI008090,M0479,2025-07-29,8,Gym Floor,50
CI008091,M0479,2025-08-13,6,Gym Floor,78
CI008092,M0479,2025-05-15,6,Gym Floor,54
CI008093,M0479,2025-04-04,19,Gym Floor,57
CI008094,M0479,2025-03-20,16,Gym Floor,34
CI008095,M0479,2025-07-14,6,Gym Floor,40
CI008096,M0479,2025-07-16,16,Gym Floor,27
CI008097,M0479,2025-03-01,7,Gym Floor,36
CI008098,M0479,2025-04-14,21,Gym Floor,39
CI008099,M0479,2025-03-04,6,Gym Floor,61
CI008100,M0479,2025-05-14,19,HIIT,31
CI008101,M0479,2025-06-26,12,Gym Floor,63
CI008102,M0479,2025-06-09,18,Pilates,20
CI008103,M0479,2025-06-21,6,Strength Training,61
CI008104,M0479,2025-04-01,6,HIIT,79
CI008105,M0479,2025-08-17,16,Gym Floor,51
CI008106,M0479,2025-08-24,18,Cardio,57
CI008107,M0479,2025-07-25,16,Spin,39
CI008108,M0479,2025-08-07,17,Gym Floor,100
CI008109,M0479,2025-05-22,10,Gym Floor,66
CI008110,M0479,2025-08-19,17,Gym Floor,59
CI008111,M0479,2025-08-22,10,Gym Floor,65
CI008112,M0479,2025-06-19,6,Gym Floor,72
CI008113,M0479,2025-06-25,6,Gym Floor,37
CI008114,M0479,2025-05-06,19,Pilates,57
CI008115,M0479,2025-05-09,7,Yoga,63
CI008116,M0479,2025-03-06,18,Pilates,84
CI008117,M0479,2025-07-15,6,Gym Floor,36
CI008118,M0479,2025-08-17,18,Gym Floor,29
CI008119,M0479,2025-04-14,7,Gym Floor,56
CI008120,M0479,2025-07-22,16,Gym Floor,60
CI008121,M0479,2025-05-08,9,Strength Training,35
CI008122,M0479,2025-07-24,20,Yoga,68
CI008123,M0479,2025-04-10,7,CrossFit,69
CI008124,M0479,2025-03-21,17,Spin,77
CI008125,M0479,2025-08-22,17,Gym Floor,45
CI008126,M0479,2025-03-02,8,HIIT,34
CI008127,M0479,2025-06-02,9,Pilates,87
CI008128,M0479,2025-08-14,6,Cardio,58
CI008129,M0479,2025-06-01,10,HIIT,71
CI008130,M0479,2025-06-18,10,Gym Floor,58
CI008131,M0480,2025-08-17,19,Gym Floor,52
CI008132,M0480,2025-04-30,19,HIIT,66
CI008133,M0480,2025-03-06,18,Gym Floor,53
CI008134,M0480,2025-06-16,19,Strength Training,58
CI008135,M0480,2025-04-20,8,Gym Floor,46
CI008136,M0480,2025-08-07,17,HIIT,49
CI008137,M0480,2025-07-25,8,HIIT,38
CI008138,M0480,2025-06-02,12,HIIT,74
CI008139,M0480,2025-08-21,19,Gym Floor,60
CI008140,M0480,2025-05-18,17,Gym Floor,40
CI008141,M0480,2025-03-22,18,Zumba,41
CI008142,M0480,2025-04-18,19,Pilates,57
CI008143,M0480,2025-07-12,18,Gym Floor,41
CI008144,M0480,2025-06-19,18,Gym Floor,68
CI008145,M0480,2025-05-01,19,Yoga,63
CI008146,M0480,2025-03-17,19,Gym Floor,47
CI008147,M0481,2025-04-06,9,Cardio,43
CI008148,M0481,2025-07-11,18,Spin,74
CI008149,M0481,2025-04-30,11,Gym Floor,78
CI008150,M0481,2025-04-28,18,Gym Floor,33
CI008151,M0481,2025-03-20,8,Gym Floor,30
CI008152,M0481,2025-06-20,7,Pilates,74
CI008153,M0481,2025-07-31,18,Gym Floor,41
CI008154,M0482,2025-08-05,8,Gym Floor,49
CI008155,M0482,2025-03-21,9,Gym Floor,59
CI008156,M0482,2025-04-12,18,Yoga,69
CI008157,M0482,2025-04-18,16,Gym Floor,43
CI008158,M0482,2025-08-22,19,Pilates,69
CI008159,M0482,2025-08-18,16,Gym Floor,61
CI008160,M0483,2025-08-26,17,Zumba,28
CI008161,M0483,2025-04-28,7,Pilates,76
CI008162,M0483,2025-03-09,10,Gym Floor,57
CI008163,M0483,2025-04-01,8,Pilates,20
CI008164,M0484,2025-08-05,17,Pilates,46
CI008165,M0484,2025-04-21,18,Gym Floor,66
CI008166,M0484,2025-08-28,9,CrossFit,50
CI008167,M0484,2025-04-07,20,Gym Floor,20
CI008168,M0484,2025-04-09,17,CrossFit,20
CI008169,M0484,2025-04-11,7,Zumba,73
CI008170,M0484,2025-03-01,16,Spin,62
CI008171,M0484,2025-03-27,12,Yoga,71
CI008172,M0484,2025-07-05,18,Gym Floor,28
CI008173,M0484,2025-08-20,10,HIIT,47
CI008174,M0484,2025-07-28,17,Gym Floor,31
CI008175,M0484,2025-04-05,6,Spin,57
CI008176,M0484,2025-03-16,8,HIIT,55
CI008177,M0484,2025-06-04,7,Strength Training,68
CI008178,M0484,2025-03-18,18,Yoga,58
CI008179,M0484,2025-08-10,19,Gym Floor,33
CI008180,M0484,2025-07-13,19,Spin,64
CI008181,M0484,2025-07-30,6,Gym Floor,52
CI008182,M0484,2025-06-06,19,Spin,73
CI008183,M0484,2025-08-29,18,Gym Floor,54
CI008184,M0484,2025-03-06,16,Gym Floor,81
CI008185,M0484,2025-06-19,18,Cardio,53
CI008186,M0484,2025-05-03,17,Gym Floor,58
CI008187,M0484,2025-08-25,18,Zumba,46
CI008188,M0484,2025-04-29,8,CrossFit,68
CI008189,M0484,2025-08-18,21,Gym Floor,22
CI008190,M0484,2025-06-26,16,Gym Floor,35
CI008191,M0484,2025-03-23,19,Strength Training,75
CI008192,M0485,2025-08-01,8,Zumba,49
CI008193,M0485,2025-04-09,7,Gym Floor,79
CI008194,M0485,2025-07-24,7,Strength Training,88
CI008195,M0485,2025-07-26,10,Yoga,50
CI008196,M0485,2025-05-12,19,Zumba,52
CI008197,M0485,2025-06-02,18,Gym Floor,70
CI008198,M0485,2025-04-18,10,Cardio,78
CI008199,M0485,2025-08-25,7,Strength Training,51
CI008200,M0485,2025-05-18,10,Yoga,20
CI008201,M0485,2025-04-04,7,Yoga,66
CI008202,M0485,2025-03-09,7,Cardio,34
CI008203,M0485,2025-08-22,17,HIIT,61
CI008204,M0485,2025-06-14,16,CrossFit,105
CI008205,M0485,2025-06-02,7,Spin,20
CI008206,M0485,2025-04-10,8,Zumba,42
CI008207,M0486,2025-03-11,19,Cardio,91
CI008208,M0487,2025-08-07,10,Gym Floor,55
CI008209,M0487,2025-03-16,18,Strength Training,53
CI008210,M0487,2025-04-02,18,Gym Floor,50
CI008211,M0487,2025-04-20,10,Spin,85
CI008212,M0487,2025-08-15,16,Strength Training,26
CI008213,M0489,2025-03-24,7,Gym Floor,32
CI008214,M0489,2025-04-16,8,Strength Training,57
CI008215,M0489,2025-07-19,6,Pilates,82
CI008216,M0489,2025-06-16,9,Gym Floor,60
CI008217,M0489,2025-07-09,6,Gym Floor,60
CI008218,M0489,2025-07-30,17,HIIT,42
CI008219,M0489,2025-06-10,19,Gym Floor,57
CI008220,M0489,2025-04-19,17,Gym Floor,45
CI008221,M0489,2025-07-20,16,Zumba,40
CI008222,M0489,2025-08-12,16,Yoga,71
CI008223,M0489,2025-04-21,7,Zumba,61
CI008224,M0489,2025-07-14,16,Gym Floor,74
CI008225,M0489,2025-05-26,19,Gym Floor,50
CI008226,M0489,2025-06-29,19,CrossFit,33
CI008227,M0489,2025-05-23,11,Gym Floor,60
CI008228,M0489,2025-05-13,7,Gym Floor,38
CI008229,M0489,2025-06-23,20,Cardio,76
CI008230,M0489,2025-05-06,9,Yoga,51
CI008231,M0489,2025-08-27,11,Zumba,20
CI008232,M0489,2025-08-16,7,Strength Training,21
CI008233,M0489,2025-03-09,17,CrossFit,68
CI008234,M0489,2025-05-19,16,Cardio,31
CI008235,M0489,2025-08-22,8,Gym Floor,30
CI008236,M0489,2025-07-25,18,Zumba,58
CI008237,M0490,2025-08-14,19,HIIT,28
CI008238,M0490,2025-06-11,7,Gym Floor,75
CI008239,M0490,2025-04-16,16,Gym Floor,69
CI008240,M0490,2025-04-17,11,Gym Floor,62
CI008241,M0490,2025-05-24,10,Yoga,52
CI008242,M0490,2025-05-07,18,Yoga,20
CI008243,M0490,2025-07-17,18,Gym Floor,44
CI008244,M0490,2025-05-09,18,Zumba,34
CI008245,M0490,2025-03-28,10,Strength Training,51
CI008246,M0490,2025-05-15,18,Gym Floor,67
CI008247,M0490,2025-07-27,18,Gym Floor,53
CI008248,M0490,2025-03-02,8,Gym Floor,59
CI008249,M0491,2025-05-08,18,Gym Floor,52
CI008250,M0491,2025-04-19,7,HIIT,40
CI008251,M0491,2025-06-21,16,Gym Floor,66
CI008252,M0491,2025-07-02,10,Gym Floor,50
CI008253,M0491,2025-07-21,8,Gym Floor,64
CI008254,M0491,2025-04-16,6,Yoga,57
CI008255,M0491,2025-03-29,17,Gym Floor,59
CI008256,M0491,2025-03-12,8,Gym Floor,65
CI008257,M0491,2025-05-03,9,Gym Floor,26
CI008258,M0491,2025-06-19,12,Gym Floor,39
CI008259,M0491,2025-05-31,9,Gym Floor,40
CI008260,M0491,2025-06-15,6,Gym Floor,40
CI008261,M0491,2025-03-21,9,Gym Floor,65
CI008262,M0491,2025-03-02,8,Spin,72
CI008263,M0491,2025-04-15,11,Yoga,20
CI008264,M0491,2025-06-01,11,Cardio,62
CI008265,M0491,2025-08-29,18,Gym Floor,46
CI008266,M0491,2025-06-01,12,Zumba,62
CI008267,M0491,2025-07-07,16,Gym Floor,66
CI008268,M0491,2025-04-25,18,CrossFit,100
CI008269,M0491,2025-04-13,11,Gym Floor,62
CI008270,M0491,2025-05-22,17,Spin,57
CI008271,M0492,2025-04-08,6,Cardio,67
CI008272,M0492,2025-05-17,19,Gym Floor,61
CI008273,M0492,2025-03-18,17,CrossFit,58
CI008274,M0492,2025-04-20,20,Gym Floor,67
CI008275,M0492,2025-03-05,6,Spin,40
CI008276,M0492,2025-08-26,19,Gym Floor,56
CI008277,M0492,2025-06-25,19,Strength Training,66
CI008278,M0492,2025-06-05,18,Zumba,69
CI008279,M0492,2025-07-27,9,Strength Training,65
CI008280,M0492,2025-08-10,17,Gym Floor,37
CI008281,M0492,2025-04-30,19,Spin,36
CI008282,M0492,2025-05-08,19,Spin,57
CI008283,M0492,2025-06-04,6,Gym Floor,59
CI008284,M0492,2025-03-17,19,Gym Floor,43
CI008285,M0492,2025-07-14,10,Gym Floor,85
CI008286,M0492,2025-03-23,11,HIIT,26
CI008287,M0492,2025-07-25,20,Spin,37
CI008288,M0492,2025-08-25,17,Zumba,20
CI008289,M0492,2025-06-02,6,Gym Floor,77
CI008290,M0492,2025-07-15,18,Gym Floor,65
CI008291,M0492,2025-06-19,7,Gym Floor,66
CI008292,M0492,2025-07-09,20,Gym Floor,57
CI008293,M0492,2025-04-18,17,CrossFit,35
CI008294,M0492,2025-03-29,6,Yoga,34
CI008295,M0492,2025-03-23,17,Gym Floor,68
CI008296,M0492,2025-05-12,19,Gym Floor,87
CI008297,M0492,2025-06-17,19,Gym Floor,73
CI008298,M0492,2025-03-19,20,Gym Floor,20
CI008299,M0492,2025-04-17,12,Yoga,29
CI008300,M0492,2025-06-19,19,Gym Floor,63
CI008301,M0492,2025-07-30,20,Gym Floor,37
CI008302,M0492,2025-05-25,18,HIIT,41
CI008303,M0492,2025-03-18,18,HIIT,20
CI008304,M0492,2025-03-03,18,Gym Floor,23
CI008305,M0492,2025-05-26,9,HIIT,48
CI008306,M0492,2025-03-28,18,HIIT,20
CI008307,M0492,2025-04-30,6,Strength Training,27
CI008308,M0492,2025-03-17,9,Gym Floor,66
CI008309,M0492,2025-08-11,7,Gym Floor,21
CI008310,M0492,2025-08-30,20,Gym Floor,37
CI008311,M0492,2025-07-06,19,Yoga,75
CI008312,M0492,2025-08-01,17,Strength Training,41
CI008313,M0492,2025-06-15,7,Zumba,84
CI008314,M0492,2025-06-13,9,Gym Floor,69
CI008315,M0492,2025-08-01,6,Gym Floor,64
CI008316,M0492,2025-07-22,19,Zumba,38
CI008317,M0493,2025-08-20,10,Gym Floor,57
CI008318,M0493,2025-08-18,19,CrossFit,54
CI008319,M0493,2025-05-04,18,Gym Floor,61
CI008320,M0493,2025-08-02,10,Gym Floor,51
CI008321,M0493,2025-03-09,19,Gym Floor,47
CI008322,M0493,2025-06-22,16,Gym Floor,34
CI008323,M0493,2025-03-01,17,Gym Floor,49
CI008324,M0493,2025-06-15,6,Yoga,35
CI008325,M0493,2025-07-04,18,Pilates,44
CI008326,M0494,2025-03-19,20,HIIT,57
CI008327,M0494,2025-03-23,18,Gym Floor,60
CI008328,M0494,2025-04-11,7,Spin,56
CI008329,M0494,2025-07-05,11,Gym Floor,51
CI008330,M0494,2025-04-14,18,Pilates,43
CI008331,M0495,2025-07-13,12,Gym Floor,50
CI008332,M0495,2025-03-25,18,Gym Floor,60
CI008333,M0495,2025-08-13,11,Gym Floor,48
CI008334,M0495,2025-03-01,19,Gym Floor,82
CI008335,M0496,2025-04-27,16,Gym Floor,55
CI008336,M0496,2025-07-04,17,Gym Floor,51
CI008337,M0496,2025-08-16,18,Yoga,65
CI008338,M0496,2025-03-18,8,Gym Floor,74
CI008339,M0496,2025-04-09,6,Gym Floor,66
CI008340,M0496,2025-08-10,9,Gym Floor,53
CI008341,M0496,2025-05-10,19,Gym Floor,44
CI008342,M0496,2025-07-13,10,Gym Floor,20
CI008343,M0496,2025-07-04,12,Cardio,32
CI008344,M0496,2025-06-04,20,Zumba,46
CI008345,M0496,2025-05-06,18,Spin,50
CI008346,M0496,2025-08-27,18,Gym Floor,20
CI008347,M0496,2025-04-19,8,Strength Training,51
CI008348,M0496,2025-07-18,17,Zumba,59
CI008349,M0496,2025-05-10,6,Strength Training,35
CI008350,M0496,2025-06-29,17,Gym Floor,48
CI008351,M0497,2025-03-19,9,Zumba,20
CI008352,M0497,2025-07-14,10,Yoga,45
CI008353,M0497,2025-03-16,19,CrossFit,45
CI008354,M0497,2025-08-23,19,Zumba,86
CI008355,M0497,2025-03-01,12,Strength Training,42
CI008356,M0497,2025-04-22,17,Strength Training,53
CI008357,M0497,2025-07-21,18,Zumba,57
CI008358,M0497,2025-05-26,11,Gym Floor,66
CI008359,M0497,2025-06-27,17,Pilates,65
CI008360,M0497,2025-07-16,10,Gym Floor,74
CI008361,M0497,2025-06-27,8,Pilates,20
CI008362,M0497,2025-03-11,8,Spin,28
CI008363,M0497,2025-08-15,21,Gym Floor,88
CI008364,M0497,2025-04-20,8,Cardio,41
CI008365,M0497,2025-05-01,6,Pilates,47
CI008366,M0497,2025-08-13,16,Gym Floor,20
CI008367,M0497,2025-07-04,18,Strength Training,48
CI008368,M0497,2025-06-02,19,Gym Floor,29
CI008369,M0497,2025-07-03,7,Gym Floor,58
CI008370,M0497,2025-06-16,7,Gym Floor,59
CI008371,M0497,2025-04-28,18,Pilates,45
CI008372,M0497,2025-08-07,18,Zumba,67
CI008373,M0497,2025-03-21,9,Gym Floor,94
CI008374,M0497,2025-05-21,12,CrossFit,58
CI008375,M0498,2025-04-22,16,HIIT,52
CI008376,M0498,2025-04-27,7,Gym Floor,26
CI008377,M0498,2025-04-13,16,Gym Floor,58
CI008378,M0498,2025-03-24,10,Gym Floor,49
CI008379,M0498,2025-08-26,10,Pilates,61
CI008380,M0498,2025-03-20,12,Gym Floor,51
CI008381,M0498,2025-08-01,18,Gym Floor,44
CI008382,M0498,2025-07-15,11,Cardio,74
CI008383,M0498,2025-03-23,7,HIIT,37
CI008384,M0498,2025-06-06,17,Gym Floor,47
CI008385,M0498,2025-05-06,6,Strength Training,71
CI008386,M0498,2025-04-21,6,Pilates,60
CI008387,M0498,2025-05-24,10,Gym Floor,50
CI008388,M0498,2025-07-07,19,Gym Floor,62
CI008389,M0498,2025-06-21,17,Yoga,41
CI008390,M0498,2025-08-17,7,Gym Floor,44
CI008391,M0498,2025-03-06,7,HIIT,55
CI008392,M0498,2025-04-21,7,Strength Training,24
CI008393,M0498,2025-04-16,8,Gym Floor,92
CI008394,M0498,2025-05-03,8,Gym Floor,55
CI008395,M0499,2025-04-05,20,Gym Floor,61
CI008396,M0499,2025-05-04,8,Spin,51
CI008397,M0499,2025-03-04,7,Pilates,56
CI008398,M0499,2025-08-22,21,Strength Training,84
CI008399,M0500,2025-06-15,12,Strength Training,25
CI008400,M0500,2025-08-19,6,HIIT,37
CI008401,M0500,2025-06-14,19,HIIT,70
CI008402,M0500,2025-06-08,19,Gym Floor,58
CI008403,M0500,2025-07-07,16,Gym Floor,63
CI008404,M0500,2025-07-26,19,Gym Floor,73
CI008405,M0500,2025-03-11,20,Zumba,44
CI008406,M0501,2025-04-30,11,Gym Floor,56
CI008407,M0501,2025-03-25,11,Yoga,49
CI008408,M0501,2025-07-17,20,Gym Floor,34
CI008409,M0501,2025-04-26,12,Gym Floor,68
CI008410,M0502,2025-04-10,20,Gym Floor,61
CI008411,M0502,2025-04-28,17,HIIT,48
CI008412,M0502,2025-07-12,6,Cardio,58
CI008413,M0502,2025-04-30,18,Spin,65
CI008414,M0502,2025-06-14,18,Zumba,62
CI008415,M0502,2025-03-07,7,Spin,25
CI008416,M0503,2025-07-04,6,Gym Floor,45
CI008417,M0503,2025-06-28,12,Gym Floor,51
CI008418,M0503,2025-05-22,16,Zumba,44
CI008419,M0503,2025-07-21,18,Spin,64
CI008420,M0504,2025-03-29,12,Zumba,46
CI008421,M0504,2025-07-22,17,Yoga,58
CI008422,M0504,2025-07-30,7,Spin,63
CI008423,M0504,2025-08-20,17,Strength Training,56
CI008424,M0504,2025-08-16,9,CrossFit,20
CI008425,M0504,2025-04-06,20,CrossFit,28
CI008426,M0504,2025-03-16,7,Gym Floor,39
CI008427,M0504,2025-03-27,16,Gym Floor,44
CI008428,M0505,2025-05-19,16,Gym Floor,46
CI008429,M0505,2025-08-17,12,Gym Floor,78
CI008430,M0505,2025-06-11,17,Zumba,52
CI008431,M0505,2025-05-04,9,Yoga,73
CI008432,M0505,2025-08-25,18,Strength Training,63
CI008433,M0505,2025-06-28,12,Gym Floor,96
CI008434,M0505,2025-08-07,7,HIIT,57
CI008435,M0505,2025-07-30,17,Zumba,66
CI008436,M0505,2025-07-06,16,Yoga,49
CI008437,M0505,2025-06-02,19,Gym Floor,53
CI008438,M0505,2025-03-06,16,Gym Floor,67
CI008439,M0506,2025-03-20,12,CrossFit,34
CI008440,M0506,2025-04-25,11,Gym Floor,56
CI008441,M0506,2025-08-14,10,Yoga,41
CI008442,M0506,2025-05-28,16,Gym Floor,31
CI008443,M0506,2025-08-22,18,Spin,37
CI008444,M0506,2025-08-15,8,HIIT,54
CI008445,M0506,2025-08-19,19,Strength Training,58
CI008446,M0506,2025-04-26,21,Gym Floor,36
CI008447,M0506,2025-07-08,6,Spin,56
CI008448,M0506,2025-04-07,7,Strength Training,41
CI008449,M0506,2025-06-27,18,Gym Floor,50
CI008450,M0506,2025-08-08,17,Gym Floor,44
CI008451,M0506,2025-08-21,18,Spin,75
CI008452,M0506,2025-04-03,19,Yoga,57
CI008453,M0506,2025-07-15,16,Gym Floor,60
CI008454,M0506,2025-05-24,10,Zumba,50
CI008455,M0506,2025-06-08,19,HIIT,34
CI008456,M0506,2025-05-06,18,Gym Floor,41
CI008457,M0507,2025-05-09,12,Gym Floor,43
CI008458,M0507,2025-04-21,8,Spin,64
CI008459,M0507,2025-07-30,11,Spin,56
CI008460,M0507,2025-04-23,20,Cardio,71
CI008461,M0507,2025-05-04,19,Gym Floor,39
CI008462,M0507,2025-06-17,7,Gym Floor,44
CI008463,M0507,2025-03-07,20,Strength Training,53
CI008464,M0507,2025-05-13,19,Cardio,20
CI008465,M0507,2025-06-10,19,Yoga,81
CI008466,M0507,2025-06-07,6,CrossFit,64
CI008467,M0507,2025-05-25,9,Cardio,90
CI008468,M0507,2025-04-24,20,Gym Floor,43
CI008469,M0507,2025-04-25,19,Spin,61
CI008470,M0507,2025-06-04,7,Gym Floor,79
CI008471,M0507,2025-05-05,6,Gym Floor,45
CI008472,M0507,2025-03-21,10,Strength Training,74
CI008473,M0507,2025-03-10,10,Gym Floor,107
CI008474,M0507,2025-06-14,12,Gym Floor,62
CI008475,M0507,2025-08-16,6,Yoga,47
CI008476,M0507,2025-03-24,17,Yoga,34
CI008477,M0507,2025-08-23,7,Cardio,20
CI008478,M0507,2025-07-10,19,Gym Floor,29
CI008479,M0507,2025-03-12,12,Gym Floor,96
CI008480,M0507,2025-05-31,9,Spin,20
CI008481,M0507,2025-07-31,7,Strength Training,57
CI008482,M0507,2025-08-19,7,Cardio,54
CI008483,M0507,2025-06-26,12,Gym Floor,54
CI008484,M0507,2025-07-15,17,Strength Training,20
CI008485,M0508,2025-05-08,19,Pilates,42
CI008486,M0508,2025-05-19,7,Gym Floor,70
CI008487,M0508,2025-05-23,21,Pilates,45
CI008488,M0508,2025-07-13,6,Gym Floor,59
CI008489,M0508,2025-06-08,11,Strength Training,68
CI008490,M0508,2025-06-08,19,Gym Floor,43
CI008491,M0508,2025-08-26,16,Gym Floor,77
CI008492,M0508,2025-07-09,7,Gym Floor,64
CI008493,M0508,2025-05-10,20,Spin,35
CI008494,M0508,2025-08-12,8,Zumba,53
CI008495,M0508,2025-06-05,9,CrossFit,51
CI008496,M0508,2025-07-12,8,Gym Floor,60
CI008497,M0508,2025-05-05,19,Spin,52
CI008498,M0508,2025-08-24,21,Cardio,53
CI008499,M0508,2025-03-02,18,Strength Training,55
CI008500,M0508,2025-05-15,6,Strength Training,32
CI008501,M0508,2025-08-18,18,Gym Floor,47
CI008502,M0508,2025-06-21,9,Gym Floor,71
CI008503,M0508,2025-07-01,8,Gym Floor,97
CI008504,M0508,2025-07-31,19,HIIT,45
CI008505,M0508,2025-03-23,7,Gym Floor,59
CI008506,M0508,2025-05-31,11,HIIT,88
CI008507,M0508,2025-08-16,8,Spin,52
CI008508,M0508,2025-03-20,11,Gym Floor,20
CI008509,M0508,2025-06-01,17,Strength Training,32
CI008510,M0508,2025-07-12,11,Strength Training,66
CI008511,M0508,2025-06-16,10,Pilates,31
CI008512,M0509,2025-08-17,18,Gym Floor,50
CI008513,M0509,2025-05-08,18,Pilates,58
CI008514,M0509,2025-05-24,11,HIIT,71
CI008515,M0509,2025-04-13,11,Gym Floor,64
CI008516,M0509,2025-06-30,17,Gym Floor,62
CI008517,M0509,2025-05-31,11,Gym Floor,46
CI008518,M0509,2025-07-15,18,Gym Floor,73
CI008519,M0509,2025-08-07,6,Gym Floor,61
CI008520,M0509,2025-05-15,17,Gym Floor,31
CI008521,M0509,2025-06-08,19,Gym Floor,73
CI008522,M0509,2025-03-26,7,Gym Floor,59
CI008523,M0509,2025-03-30,6,Strength Training,71
CI008524,M0509,2025-07-19,16,Gym Floor,76
CI008525,M0509,2025-03-04,18,Gym Floor,42
CI008526,M0509,2025-07-21,21,Gym Floor,65
CI008527,M0509,2025-05-15,6,CrossFit,20
CI008528,M0509,2025-04-23,20,Gym Floor,50
CI008529,M0509,2025-03-13,18,Gym Floor,65
CI008530,M0509,2025-05-08,6,Yoga,48
CI008531,M0509,2025-03-29,18,Gym Floor,55
CI008532,M0509,2025-08-14,16,Gym Floor,20
CI008533,M0509,2025-04-09,16,Gym Floor,56
CI008534,M0509,2025-07-13,18,Gym Floor,63
CI008535,M0509,2025-08-23,18,Gym Floor,56
CI008536,M0509,2025-08-05,9,Gym Floor,36
CI008537,M0509,2025-05-04,19,Spin,20
CI008538,M0509,2025-08-20,18,Gym Floor,48
CI008539,M0509,2025-04-22,21,CrossFit,66
CI008540,M0509,2025-04-30,19,Zumba,43
CI008541,M0509,2025-03-30,18,Spin,36
CI008542,M0509,2025-08-20,8,HIIT,36
CI008543,M0509,2025-08-24,9,Zumba,61
CI008544,M0509,2025-08-01,17,CrossFit,100
CI008545,M0509,2025-03-18,18,Gym Floor,41
CI008546,M0509,2025-05-19,16,Gym Floor,21
CI008547,M0509,2025-04-27,18,Spin,84
CI008548,M0509,2025-03-25,16,Gym Floor,41
CI008549,M0509,2025-03-10,18,Cardio,66
CI008550,M0509,2025-03-20,19,Gym Floor,39
CI008551,M0509,2025-06-07,19,Strength Training,74
CI008552,M0509,2025-08-12,19,Gym Floor,55
CI008553,M0510,2025-05-19,17,Pilates,59
CI008554,M0510,2025-07-13,17,Pilates,31
CI008555,M0510,2025-04-24,20,CrossFit,37
CI008556,M0510,2025-05-25,8,Gym Floor,66
CI008557,M0510,2025-07-05,16,Zumba,41
CI008558,M0510,2025-08-29,7,Pilates,68
CI008559,M0511,2025-07-05,9,HIIT,51
CI008560,M0511,2025-05-04,7,Gym Floor,31
CI008561,M0511,2025-06-30,12,Gym Floor,30
CI008562,M0511,2025-03-13,18,Gym Floor,29
CI008563,M0512,2025-08-19,9,Gym Floor,50
CI008564,M0512,2025-04-19,17,HIIT,47
CI008565,M0512,2025-04-09,6,Strength Training,57
CI008566,M0512,2025-06-21,9,Gym Floor,63
CI008567,M0513,2025-04-19,7,Pilates,36
CI008568,M0513,2025-04-09,21,Zumba,62
CI008569,M0513,2025-04-29,7,Zumba,26
CI008570,M0513,2025-08-22,17,Gym Floor,62
CI008571,M0513,2025-04-27,8,Pilates,57
CI008572,M0513,2025-07-29,6,Pilates,38
CI008573,M0513,2025-04-11,12,Zumba,31
CI008574,M0513,2025-06-30,18,HIIT,64
CI008575,M0513,2025-07-21,18,Gym Floor,57
CI008576,M0513,2025-04-06,8,Gym Floor,50
CI008577,M0513,2025-03-24,19,Spin,42
CI008578,M0513,2025-06-17,18,Gym Floor,48
CI008579,M0513,2025-04-26,6,Gym Floor,40
CI008580,M0513,2025-08-26,17,CrossFit,65
CI008581,M0513,2025-06-25,19,Gym Floor,48
CI008582,M0513,2025-08-13,21,Gym Floor,69
CI008583,M0513,2025-06-21,18,Yoga,65
CI008584,M0513,2025-06-13,9,Pilates,48
CI008585,M0513,2025-04-01,7,Gym Floor,72
CI008586,M0514,2025-05-31,17,Spin,61
CI008587,M0514,2025-04-21,9,Gym Floor,80
CI008588,M0514,2025-03-30,10,Gym Floor,71
CI008589,M0514,2025-06-17,17,Pilates,45
CI008590,M0514,2025-04-01,18,HIIT,81
CI008591,M0514,2025-04-09,11,CrossFit,47
CI008592,M0514,2025-03-18,9,Zumba,63
CI008593,M0515,2025-03-06,16,Strength Training,41
CI008594,M0515,2025-06-19,18,Gym Floor,41
CI008595,M0515,2025-05-13,11,Gym Floor,51
CI008596,M0515,2025-03-10,19,Yoga,42
CI008597,M0515,2025-05-20,18,Gym Floor,71
CI008598,M0515,2025-06-14,8,Pilates,20
CI008599,M0515,2025-05-08,8,Gym Floor,57
CI008600,M0515,2025-07-21,6,Strength Training,70
CI008601,M0515,2025-05-20,10,Spin,31
CI008602,M0515,2025-03-24,17,Zumba,42
CI008603,M0516,2025-07-29,17,Gym Floor,46
CI008604,M0516,2025-05-03,18,CrossFit,34
CI008605,M0516,2025-07-29,16,Gym Floor,57
CI008606,M0516,2025-05-18,21,Zumba,73
CI008607,M0516,2025-03-29,18,Pilates,70
CI008608,M0516,2025-04-29,18,Gym Floor,87
CI008609,M0516,2025-05-24,10,Gym Floor,69
CI008610,M0516,2025-06-12,10,Pilates,67
CI008611,M0516,2025-04-14,7,Gym Floor,80
CI008612,M0516,2025-03-16,18,Gym Floor,29
CI008613,M0516,2025-06-03,17,HIIT,55
CI008614,M0516,2025-04-02,7,Spin,74
CI008615,M0516,2025-03-21,20,CrossFit,70
CI008616,M0516,2025-07-30,7,Gym Floor,56
CI008617,M0516,2025-04-26,7,Strength Training,21
CI008618,M0516,2025-04-29,11,Gym Floor,50
CI008619,M0516,2025-08-09,7,Cardio,62
CI008620,M0516,2025-03-26,6,Yoga,63
CI008621,M0516,2025-08-19,6,Zumba,51
CI008622,M0516,2025-08-16,17,HIIT,33
CI008623,M0516,2025-03-12,11,Gym Floor,56
CI008624,M0516,2025-07-11,6,Gym Floor,41
CI008625,M0516,2025-03-28,16,Gym Floor,36
CI008626,M0516,2025-07-02,16,Yoga,68
CI008627,M0516,2025-08-19,20,Cardio,57
CI008628,M0516,2025-04-11,17,Gym Floor,65
CI008629,M0516,2025-06-17,9,Gym Floor,50
CI008630,M0516,2025-08-24,10,Spin,55
CI008631,M0516,2025-04-04,20,CrossFit,57
CI008632,M0516,2025-08-09,19,HIIT,36
CI008633,M0516,2025-05-02,8,Yoga,40
CI008634,M0516,2025-04-20,18,Cardio,20
CI008635,M0516,2025-05-29,19,Spin,100
CI008636,M0516,2025-07-09,19,Cardio,26
CI008637,M0517,2025-06-10,17,Cardio,54
CI008638,M0517,2025-07-02,6,Gym Floor,65
CI008639,M0517,2025-06-10,16,Gym Floor,51
CI008640,M0517,2025-03-03,19,Gym Floor,52
CI008641,M0517,2025-06-02,18,Gym Floor,48
CI008642,M0517,2025-06-26,19,Gym Floor,41
CI008643,M0517,2025-08-11,6,Gym Floor,57
CI008644,M0517,2025-05-24,10,Gym Floor,56
CI008645,M0517,2025-03-14,18,Gym Floor,61
CI008646,M0517,2025-03-13,20,CrossFit,71
CI008647,M0517,2025-06-11,18,CrossFit,33
CI008648,M0517,2025-05-31,18,Gym Floor,64
CI008649,M0517,2025-04-12,10,HIIT,73
CI008650,M0517,2025-03-29,20,Cardio,48
CI008651,M0517,2025-08-26,18,Spin,30
CI008652,M0517,2025-03-24,21,Zumba,54
CI008653,M0517,2025-03-06,9,Gym Floor,67
CI008654,M0517,2025-03-11,18,Yoga,87
CI008655,M0517,2025-03-08,10,Gym Floor,50
CI008656,M0517,2025-06-17,9,Cardio,62
CI008657,M0517,2025-07-09,11,Gym Floor,42
CI008658,M0517,2025-07-27,16,Gym Floor,78
CI008659,M0517,2025-03-10,12,Gym Floor,44
CI008660,M0517,2025-04-08,6,Gym Floor,56
CI008661,M0517,2025-05-06,17,Gym Floor,26
CI008662,M0518,2025-05-09,8,Spin,42
CI008663,M0518,2025-07-21,18,Yoga,40
CI008664,M0518,2025-07-01,9,Gym Floor,62
CI008665,M0518,2025-04-01,21,Gym Floor,44
CI008666,M0518,2025-05-16,6,Gym Floor,72
CI008667,M0518,2025-03-13,8,Gym Floor,54
CI008668,M0518,2025-05-23,7,Cardio,62
CI008669,M0518,2025-06-13,19,Gym Floor,30
CI008670,M0518,2025-05-08,8,Zumba,79
CI008671,M0518,2025-07-16,8,Gym Floor,37
CI008672,M0518,2025-08-20,18,Gym Floor,62
CI008673,M0518,2025-04-19,17,CrossFit,63
CI008674,M0518,2025-03-27,6,Cardio,61
CI008675,M0518,2025-03-11,17,Gym Floor,74
CI008676,M0518,2025-04-17,10,CrossFit,20
CI008677,M0518,2025-03-08,7,Gym Floor,67
CI008678,M0518,2025-04-22,19,Gym Floor,61
CI008679,M0519,2025-08-21,19,Gym Floor,80
CI008680,M0519,2025-07-14,9,Gym Floor,39
CI008681,M0520,2025-04-21,19,Gym Floor,91
CI008682,M0520,2025-03-07,19,Gym Floor,78
CI008683,M0520,2025-04-04,8,Gym Floor,64
CI008684,M0520,2025-04-24,7,Spin,41
CI008685,M0520,2025-04-21,6,Gym Floor,84
CI008686,M0520,2025-04-14,18,Spin,76
CI008687,M0521,2025-06-21,16,Zumba,68
CI008688,M0521,2025-03-02,17,Gym Floor,48
CI008689,M0521,2025-05-01,17,Gym Floor,50
CI008690,M0521,2025-07-28,10,Spin,61
CI008691,M0521,2025-07-09,17,HIIT,49
CI008692,M0521,2025-06-11,7,Gym Floor,20
CI008693,M0521,2025-07-26,20,CrossFit,34
CI008694,M0521,2025-06-06,7,Zumba,47
CI008695,M0521,2025-07-27,16,Gym Floor,63
CI008696,M0521,2025-03-12,18,Strength Training,88
CI008697,M0521,2025-03-04,17,CrossFit,83
CI008698,M0521,2025-07-22,20,Cardio,44
CI008699,M0521,2025-05-20,10,Strength Training,40
CI008700,M0521,2025-06-15,9,Zumba,62
CI008701,M0521,2025-05-25,11,Strength Training,50
CI008702,M0521,2025-03-04,9,Gym Floor,73
CI008703,M0521,2025-06-19,16,Gym Floor,25
CI008704,M0521,2025-06-01,8,Zumba,71
CI008705,M0521,2025-03-28,18,Pilates,49
CI008706,M0521,2025-07-12,16,Gym Floor,57
CI008707,M0522,2025-06-03,10,Cardio,69
CI008708,M0522,2025-06-28,7,Gym Floor,44
CI008709,M0522,2025-06-05,10,Strength Training,77
CI008710,M0522,2025-03-30,6,HIIT,50
CI008711,M0522,2025-05-26,18,Gym Floor,39
CI008712,M0522,2025-08-24,20,Strength Training,44
CI008713,M0523,2025-05-14,19,Gym Floor,56
CI008714,M0523,2025-04-12,17,Gym Floor,59
CI008715,M0523,2025-04-06,17,HIIT,68
CI008716,M0523,2025-05-01,6,Gym Floor,82
CI008717,M0523,2025-04-26,18,Gym Floor,39
CI008718,M0523,2025-05-04,17,Spin,54
CI008719,M0523,2025-08-09,10,Gym Floor,32
CI008720,M0523,2025-07-22,21,Gym Floor,70
CI008721,M0523,2025-04-02,7,Gym Floor,52
CI008722,M0523,2025-08-10,17,Gym Floor,28
CI008723,M0523,2025-07-19,21,Zumba,47
CI008724,M0523,2025-05-06,20,Spin,52
CI008725,M0523,2025-05-30,16,Yoga,47
CI008726,M0523,2025-06-09,17,Gym Floor,40
CI008727,M0523,2025-03-29,18,Gym Floor,65
CI008728,M0523,2025-07-18,9,Gym Floor,54
CI008729,M0523,2025-03-28,20,Strength Training,50
CI008730,M0523,2025-07-12,21,Gym Floor,48
CI008731,M0523,2025-07-22,17,HIIT,48
CI008732,M0523,2025-04-03,8,CrossFit,75
CI008733,M0523,2025-05-04,8,HIIT,69
CI008734,M0523,2025-05-05,19,Gym Floor,28
CI008735,M0523,2025-03-12,6,Gym Floor,51
CI008736,M0523,2025-05-19,17,Gym Floor,21
CI008737,M0523,2025-08-01,18,Zumba,76
CI008738,M0524,2025-08-09,6,Gym Floor,48
CI008739,M0524,2025-08-22,9,HIIT,33
CI008740,M0524,2025-07-18,6,Gym Floor,63
CI008741,M0524,2025-05-11,18,Spin,53
CI008742,M0524,2025-04-08,8,Gym Floor,50
CI008743,M0524,2025-06-21,17,Gym Floor,64
CI008744,M0524,2025-08-13,16,CrossFit,91
CI008745,M0524,2025-06-18,16,Gym Floor,39
CI008746,M0524,2025-04-03,20,Gym Floor,49
CI008747,M0524,2025-04-12,12,Gym Floor,64
CI008748,M0524,2025-06-21,19,Gym Floor,40
CI008749,M0524,2025-05-23,17,HIIT,64
CI008750,M0524,2025-03-01,18,Gym Floor,75
CI008751,M0524,2025-06-03,20,Pilates,53
CI008752,M0525,2025-07-22,17,Gym Floor,63
CI008753,M0525,2025-04-04,7,Gym Floor,41
CI008754,M0527,2025-06-08,11,CrossFit,98
CI008755,M0527,2025-03-01,18,Gym Floor,79
CI008756,M0527,2025-05-18,19,Gym Floor,61
CI008757,M0527,2025-04-01,16,Pilates,71
CI008758,M0527,2025-03-04,11,Gym Floor,69
CI008759,M0527,2025-07-10,7,Gym Floor,99
CI008760,M0527,2025-03-10,19,Gym Floor,45
CI008761,M0527,2025-07-05,20,Gym Floor,73
CI008762,M0527,2025-03-11,21,Cardio,26
CI008763,M0527,2025-06-08,18,Gym Floor,94
CI008764,M0527,2025-07-01,21,Gym Floor,55
CI008765,M0527,2025-05-14,11,Gym Floor,92
CI008766,M0527,2025-03-08,8,HIIT,31
CI008767,M0527,2025-04-04,11,Gym Floor,60
CI008768,M0527,2025-05-21,11,Spin,70
CI008769,M0527,2025-07-09,12,Gym Floor,55
CI008770,M0527,2025-08-18,17,Gym Floor,29
CI008771,M0527,2025-05-12,16,Gym Floor,41
CI008772,M0528,2025-08-17,12,Strength Training,53
CI008773,M0528,2025-05-31,11,Gym Floor,43
CI008774,M0528,2025-07-21,17,Gym Floor,72
CI008775,M0528,2025-06-17,18,Zumba,34
CI008776,M0528,2025-08-25,17,Pilates,68
CI008777,M0528,2025-07-13,17,HIIT,90
CI008778,M0528,2025-04-27,19,Zumba,36
CI008779,M0528,2025-08-15,17,Yoga,71
CI008780,M0528,2025-06-26,18,Gym Floor,50
CI008781,M0528,2025-05-08,19,Strength Training,20
CI008782,M0528,2025-04-27,17,Gym Floor,50
CI008783,M0528,2025-04-18,20,Gym Floor,61
CI008784,M0528,2025-08-15,21,Yoga,65
CI008785,M0528,2025-05-07,19,CrossFit,61
CI008786,M0528,2025-07-27,18,HIIT,58
CI008787,M0528,2025-07-07,11,Gym Floor,39
CI008788,M0528,2025-08-18,17,CrossFit,58
CI008789,M0528,2025-06-04,19,Spin,53
CI008790,M0528,2025-06-23,11,Gym Floor,53
CI008791,M0528,2025-04-13,12,HIIT,31
CI008792,M0528,2025-07-11,7,Cardio,52
CI008793,M0528,2025-08-11,20,CrossFit,46
CI008794,M0528,2025-06-10,6,Gym Floor,53
CI008795,M0528,2025-05-30,6,Pilates,82
CI008796,M0528,2025-04-29,20,Pilates,47
CI008797,M0528,2025-06-12,16,Gym Floor,78
CI008798,M0528,2025-05-25,19,Spin,73
CI008799,M0528,2025-07-25,6,Gym Floor,43
CI008800,M0529,2025-03-17,16,Spin,31
CI008801,M0529,2025-03-14,16,Cardio,79
CI008802,M0529,2025-08-10,20,Pilates,51
CI008803,M0529,2025-06-28,8,Pilates,40
CI008804,M0529,2025-08-31,12,Spin,25
CI008805,M0529,2025-07-08,16,Zumba,52
CI008806,M0529,2025-07-24,17,HIIT,34
CI008807,M0529,2025-07-17,17,CrossFit,54
CI008808,M0529,2025-07-10,18,Gym Floor,35
CI008809,M0529,2025-07-08,17,Gym Floor,51
CI008810,M0529,2025-07-28,9,Gym Floor,51
CI008811,M0529,2025-05-02,16,Gym Floor,48
CI008812,M0529,2025-07-01,9,Pilates,64
CI008813,M0529,2025-07-04,19,Gym Floor,74
CI008814,M0529,2025-06-24,20,CrossFit,70
CI008815,M0529,2025-04-19,11,Gym Floor,79
CI008816,M0529,2025-03-25,10,Pilates,37
CI008817,M0529,2025-08-08,8,Cardio,39
CI008818,M0529,2025-04-21,7,Gym Floor,59
CI008819,M0529,2025-08-16,17,Pilates,57
CI008820,M0529,2025-04-01,21,HIIT,87
CI008821,M0529,2025-06-20,17,CrossFit,62
CI008822,M0529,2025-04-12,19,Pilates,51
CI008823,M0529,2025-06-15,17,Gym Floor,62
CI008824,M0529,2025-07-10,18,Zumba,65
CI008825,M0529,2025-04-02,19,Gym Floor,62
CI008826,M0529,2025-07-04,21,Gym Floor,26
CI008827,M0529,2025-04-01,18,Pilates,64
CI008828,M0529,2025-04-22,17,Strength Training,35
CI008829,M0529,2025-05-22,10,Gym Floor,43
CI008830,M0529,2025-05-06,12,Strength Training,49
CI008831,M0529,2025-05-17,19,Gym Floor,32
CI008832,M0529,2025-06-23,17,Pilates,53
CI008833,M0529,2025-06-17,9,CrossFit,25
CI008834,M0529,2025-07-05,21,HIIT,85
CI008835,M0529,2025-07-12,21,Gym Floor,73
CI008836,M0529,2025-08-03,17,Cardio,59
CI008837,M0529,2025-05-07,18,Strength Training,47
CI008838,M0529,2025-03-05,7,Gym Floor,20
CI008839,M0529,2025-07-27,7,HIIT,84
CI008840,M0529,2025-07-20,9,CrossFit,77
CI008841,M0529,2025-04-01,10,Zumba,32
CI008842,M0529,2025-06-25,17,Gym Floor,64
CI008843,M0529,2025-04-17,19,CrossFit,63
CI008844,M0529,2025-03-19,8,Yoga,74
CI008845,M0529,2025-05-28,8,Spin,73
CI008846,M0529,2025-08-16,17,Gym Floor,25
CI008847,M0529,2025-07-21,11,Zumba,63
CI008848,M0529,2025-07-19,18,Yoga,53
CI008849,M0530,2025-04-22,7,CrossFit,20
CI008850,M0530,2025-04-16,9,Gym Floor,46
CI008851,M0530,2025-05-11,7,CrossFit,54
CI008852,M0530,2025-07-25,17,Gym Floor,56
CI008853,M0530,2025-05-08,6,HIIT,72
CI008854,M0531,2025-03-24,6,Gym Floor,73
CI008855,M0531,2025-04-19,16,Pilates,58
CI008856,M0531,2025-05-14,16,Gym Floor,58
CI008857,M0531,2025-06-02,8,Pilates,60
CI008858,M0531,2025-05-19,7,Strength Training,64
CI008859,M0531,2025-03-12,7,Strength Training,75
CI008860,M0531,2025-03-26,7,Gym Floor,48
CI008861,M0531,2025-08-30,18,Gym Floor,63
CI008862,M0531,2025-08-27,6,Cardio,75
CI008863,M0531,2025-06-01,7,Pilates,31
CI008864,M0531,2025-06-24,19,HIIT,60
CI008865,M0531,2025-04-05,21,Spin,79
CI008866,M0531,2025-05-10,19,Pilates,79
CI008867,M0531,2025-06-23,18,Gym Floor,66
CI008868,M0531,2025-04-12,11,Pilates,68
CI008869,M0531,2025-04-04,16,CrossFit,45
CI008870,M0531,2025-05-03,17,HIIT,47
CI008871,M0531,2025-07-31,19,Gym Floor,46
CI008872,M0531,2025-05-28,19,Gym Floor,81
CI008873,M0531,2025-07-10,20,Strength Training,35
CI008874,M0531,2025-08-06,18,Spin,65
CI008875,M0531,2025-05-04,8,Strength Training,20
CI008876,M0531,2025-06-15,11,Gym Floor,48
CI008877,M0531,2025-08-30,12,CrossFit,30
CI008878,M0531,2025-06-17,6,Yoga,60
CI008879,M0531,2025-03-28,7,Gym Floor,36
CI008880,M0532,2025-03-07,11,Gym Floor,86
CI008881,M0532,2025-03-23,17,Zumba,51
CI008882,M0532,2025-05-02,11,Gym Floor,47
CI008883,M0532,2025-06-25,16,Zumba,22
CI008884,M0532,2025-08-13,18,Gym Floor,57
CI008885,M0532,2025-05-10,18,Gym Floor,64
CI008886,M0532,2025-08-02,17,Gym Floor,53
CI008887,M0532,2025-04-26,6,Zumba,73
CI008888,M0532,2025-05-25,18,Pilates,39
CI008889,M0532,2025-03-20,9,Strength Training,42
CI008890,M0532,2025-04-11,7,Yoga,22
CI008891,M0532,2025-07-28,18,CrossFit,54
CI008892,M0532,2025-04-23,7,Pilates,58
CI008893,M0532,2025-08-03,12,Spin,57
CI008894,M0532,2025-07-19,19,Gym Floor,58
CI008895,M0532,2025-05-19,17,Gym Floor,57
CI008896,M0532,2025-06-08,10,Spin,70
CI008897,M0532,2025-07-16,8,Gym Floor,54
CI008898,M0532,2025-07-21,8,Spin,87
CI008899,M0532,2025-05-09,18,HIIT,20
CI008900,M0532,2025-04-02,9,Yoga,73
CI008901,M0532,2025-07-27,7,Yoga,68
CI008902,M0533,2025-05-13,8,Pilates,41
CI008903,M0533,2025-05-21,18,CrossFit,74
CI008904,M0533,2025-05-19,10,Gym Floor,22
CI008905,M0533,2025-03-17,18,Gym Floor,80
CI008906,M0533,2025-04-26,18,HIIT,72
CI008907,M0533,2025-05-07,8,Cardio,70
CI008908,M0533,2025-04-07,17,CrossFit,66
CI008909,M0533,2025-05-15,11,Gym Floor,40
CI008910,M0533,2025-06-27,17,Gym Floor,75
CI008911,M0533,2025-08-17,20,Yoga,66
CI008912,M0533,2025-07-26,12,HIIT,49
CI008913,M0533,2025-07-15,20,Gym Floor,26
CI008914,M0533,2025-06-16,17,Pilates,35
CI008915,M0533,2025-03-15,17,Strength Training,34
CI008916,M0533,2025-06-01,7,Cardio,42
CI008917,M0533,2025-03-09,17,Gym Floor,48
CI008918,M0533,2025-08-15,18,Gym Floor,48
CI008919,M0533,2025-04-01,10,Cardio,48
CI008920,M0533,2025-03-11,12,Gym Floor,60
CI008921,M0533,2025-05-25,16,Spin,56
CI008922,M0533,2025-07-17,8,Gym Floor,48
CI008923,M0534,2025-08-02,19,Gym Floor,54
CI008924,M0534,2025-08-06,18,Gym Floor,62
CI008925,M0534,2025-05-05,16,Pilates,51
CI008926,M0534,2025-07-20,16,HIIT,43
CI008927,M0534,2025-04-28,9,HIIT,45
CI008928,M0535,2025-04-06,8,Gym Floor,78
CI008929,M0535,2025-07-11,8,Gym Floor,32
CI008930,M0535,2025-08-19,16,Zumba,52
CI008931,M0535,2025-08-30,7,Gym Floor,51
CI008932,M0535,2025-07-31,10,CrossFit,62
CI008933,M0535,2025-05-01,17,Yoga,50
CI008934,M0535,2025-06-03,19,Pilates,43
CI008935,M0535,2025-07-19,18,CrossFit,48
CI008936,M0535,2025-05-13,7,Gym Floor,70
CI008937,M0535,2025-05-25,6,Gym Floor,82
CI008938,M0535,2025-05-22,20,Cardio,37
CI008939,M0535,2025-08-10,9,Gym Floor,34
CI008940,M0535,2025-07-06,8,Gym Floor,65
CI008941,M0535,2025-04-29,20,Gym Floor,37
CI008942,M0536,2025-08-30,12,Zumba,50
CI008943,M0536,2025-06-07,6,Zumba,60
CI008944,M0536,2025-04-01,17,Cardio,65
CI008945,M0536,2025-08-28,19,Spin,22
CI008946,M0536,2025-08-09,10,Gym Floor,49
CI008947,M0537,2025-03-23,17,Gym Floor,58
CI008948,M0537,2025-07-01,16,Gym Floor,60
CI008949,M0537,2025-06-05,10,Gym Floor,50
CI008950,M0537,2025-07-18,12,Gym Floor,75
CI008951,M0537,2025-07-22,16,Gym Floor,40
CI008952,M0537,2025-05-05,7,Gym Floor,52
CI008953,M0537,2025-06-28,9,Cardio,87
CI008954,M0537,2025-07-25,16,Zumba,66
CI008955,M0537,2025-08-31,11,Yoga,43
CI008956,M0537,2025-04-23,19,Zumba,37
CI008957,M0537,2025-06-14,20,Gym Floor,64
CI008958,M0537,2025-07-11,21,Gym Floor,72
CI008959,M0537,2025-06-11,8,Yoga,37
CI008960,M0537,2025-06-26,16,Yoga,48
CI008961,M0537,2025-06-27,19,Gym Floor,36
CI008962,M0537,2025-04-30,10,Gym Floor,50
CI008963,M0537,2025-07-08,19,Gym Floor,55
CI008964,M0537,2025-05-02,19,CrossFit,36
CI008965,M0537,2025-06-28,8,CrossFit,31
CI008966,M0538,2025-06-19,19,Gym Floor,54
CI008967,M0538,2025-08-08,20,Gym Floor,50
CI008968,M0538,2025-05-09,21,Zumba,73
CI008969,M0539,2025-05-16,16,Yoga,53
CI008970,M0539,2025-06-11,18,Cardio,62
CI008971,M0539,2025-03-22,7,CrossFit,60
CI008972,M0539,2025-07-31,19,Cardio,66
CI008973,M0539,2025-03-25,18,Strength Training,23
CI008974,M0539,2025-03-08,18,Gym Floor,56
CI008975,M0539,2025-06-09,17,Gym Floor,59
CI008976,M0539,2025-08-05,18,Gym Floor,66
CI008977,M0539,2025-07-15,19,Gym Floor,76
CI008978,M0539,2025-05-20,21,Gym Floor,59
CI008979,M0539,2025-03-13,10,Cardio,48
CI008980,M0539,2025-03-29,10,Cardio,63
CI008981,M0540,2025-03-15,21,Strength Training,42
CI008982,M0540,2025-03-05,12,Zumba,73
CI008983,M0540,2025-05-01,11,HIIT,82
CI008984,M0540,2025-08-10,17,CrossFit,28
CI008985,M0540,2025-04-03,16,CrossFit,61
CI008986,M0540,2025-03-27,6,Pilates,53
CI008987,M0540,2025-06-15,18,Gym Floor,69
CI008988,M0540,2025-06-09,18,HIIT,80
CI008989,M0540,2025-05-28,8,Cardio,51
CI008990,M0540,2025-07-29,18,Gym Floor,32
CI008991,M0540,2025-03-20,6,HIIT,61
CI008992,M0540,2025-08-23,18,HIIT,37
CI008993,M0540,2025-03-05,16,Zumba,51
CI008994,M0540,2025-07-13,18,Pilates,34
CI008995,M0540,2025-03-11,7,Strength Training,85
CI008996,M0540,2025-05-29,20,Gym Floor,57
CI008997,M0540,2025-07-11,17,Spin,44
CI008998,M0540,2025-08-15,7,Gym Floor,34
CI008999,M0540,2025-03-29,6,Strength Training,20
CI009000,M0540,2025-06-11,16,Spin,88
CI009001,M0540,2025-07-21,8,Gym Floor,50
CI009002,M0541,2025-03-23,11,Pilates,20
CI009003,M0541,2025-04-17,18,Cardio,50
CI009004,M0541,2025-05-18,19,Gym Floor,67
CI009005,M0541,2025-06-19,8,Gym Floor,76
CI009006,M0541,2025-07-24,18,Gym Floor,57
CI009007,M0541,2025-07-20,8,Spin,44
CI009008,M0541,2025-06-07,19,Zumba,61
CI009009,M0541,2025-06-07,18,Cardio,54
CI009010,M0541,2025-07-08,18,Gym Floor,20
CI009011,M0541,2025-07-11,12,Gym Floor,69
CI009012,M0541,2025-04-12,6,Gym Floor,38
CI009013,M0541,2025-08-12,12,Strength Training,35
CI009014,M0541,2025-05-15,18,Spin,65
CI009015,M0541,2025-05-21,16,Yoga,63
CI009016,M0542,2025-06-15,9,Spin,50
CI009017,M0542,2025-07-20,19,Gym Floor,67
CI009018,M0542,2025-08-23,7,Strength Training,28
CI009019,M0542,2025-06-10,6,Gym Floor,20
CI009020,M0542,2025-03-25,10,Gym Floor,56
CI009021,M0542,2025-07-10,16,Pilates,73
CI009022,M0542,2025-08-30,6,Gym Floor,49
CI009023,M0542,2025-05-04,18,Yoga,48
CI009024,M0542,2025-08-31,9,Zumba,35
CI009025,M0542,2025-08-06,21,Yoga,53
CI009026,M0542,2025-05-05,17,Spin,37
CI009027,M0542,2025-08-24,17,Gym Floor,27
CI009028,M0542,2025-05-16,20,Strength Training,77
CI009029,M0542,2025-07-04,7,CrossFit,48
CI009030,M0543,2025-05-14,17,Cardio,82
CI009031,M0543,2025-05-11,16,Gym Floor,20
CI009032,M0543,2025-06-25,19,Zumba,87
CI009033,M0543,2025-07-22,18,Zumba,33
CI009034,M0544,2025-04-07,19,Pilates,50
CI009035,M0544,2025-05-21,18,HIIT,27
CI009036,M0544,2025-03-06,7,Gym Floor,81
CI009037,M0544,2025-04-09,11,Zumba,56
CI009038,M0544,2025-05-06,17,Gym Floor,53
CI009039,M0544,2025-05-04,20,HIIT,50
CI009040,M0544,2025-08-24,12,CrossFit,76
CI009041,M0544,2025-06-27,18,Strength Training,37
CI009042,M0544,2025-08-01,17,Gym Floor,20
CI009043,M0544,2025-07-26,18,Gym Floor,46
CI009044,M0544,2025-05-02,6,Gym Floor,48
CI009045,M0544,2025-06-27,17,Zumba,58
CI009046,M0544,2025-05-19,19,Pilates,40
CI009047,M0544,2025-05-10,7,Gym Floor,51
CI009048,M0544,2025-06-19,12,CrossFit,33
CI009049,M0544,2025-07-04,6,Gym Floor,38
CI009050,M0544,2025-03-07,8,Spin,87
CI009051,M0544,2025-08-04,11,Gym Floor,60
CI009052,M0545,2025-03-17,18,Gym Floor,49
CI009053,M0545,2025-06-02,20,Strength Training,49
CI009054,M0545,2025-08-13,10,Gym Floor,52
CI009055,M0545,2025-06-26,11,Gym Floor,41
CI009056,M0545,2025-06-03,10,CrossFit,32
CI009057,M0545,2025-04-17,6,Gym Floor,59
CI009058,M0545,2025-06-19,7,Gym Floor,74
CI009059,M0545,2025-03-19,8,Gym Floor,57
CI009060,M0545,2025-07-22,7,Gym Floor,53
CI009061,M0545,2025-04-04,7,Cardio,35
CI009062,M0545,2025-07-10,18,HIIT,41
CI009063,M0545,2025-06-27,7,Gym Floor,51
CI009064,M0546,2025-04-25,7,Strength Training,54
CI009065,M0546,2025-06-04,9,Gym Floor,74
CI009066,M0546,2025-07-04,8,Gym Floor,61
CI009067,M0546,2025-08-04,8,Yoga,50
CI009068,M0546,2025-06-21,7,CrossFit,101
CI009069,M0546,2025-04-25,17,CrossFit,50
CI009070,M0546,2025-05-27,16,Pilates,53
CI009071,M0547,2025-04-26,10,Gym Floor,32
CI009072,M0547,2025-05-30,21,Spin,73
CI009073,M0547,2025-04-13,10,HIIT,76
CI009074,M0547,2025-03-05,7,Gym Floor,78
CI009075,M0547,2025-03-30,9,Yoga,68
CI009076,M0547,2025-07-10,17,Strength Training,80
CI009077,M0547,2025-06-07,16,Gym Floor,39
CI009078,M0547,2025-06-04,21,Spin,41
CI009079,M0547,2025-05-11,7,Gym Floor,78
CI009080,M0547,2025-07-04,18,Zumba,55
CI009081,M0547,2025-04-01,7,Pilates,36
CI009082,M0547,2025-06-15,17,CrossFit,53
CI009083,M0547,2025-08-14,17,Yoga,29
CI009084,M0547,2025-03-02,18,Gym Floor,71
CI009085,M0547,2025-06-23,12,Gym Floor,56
CI009086,M0547,2025-08-07,18,Gym Floor,40
CI009087,M0547,2025-03-24,16,Spin,55
CI009088,M0547,2025-05-29,18,Gym Floor,73
CI009089,M0547,2025-08-31,18,Yoga,69
CI009090,M0547,2025-08-11,18,Gym Floor,80
CI009091,M0547,2025-04-30,7,Pilates,33
CI009092,M0547,2025-05-23,8,Pilates,36
CI009093,M0547,2025-03-05,16,Yoga,59
CI009094,M0547,2025-05-24,8,Gym Floor,60
CI009095,M0547,2025-05-20,6,Gym Floor,61
CI009096,M0547,2025-04-04,11,Yoga,52
CI009097,M0548,2025-04-26,19,CrossFit,46
CI009098,M0548,2025-04-09,21,Gym Floor,64
CI009099,M0548,2025-05-11,18,CrossFit,34
CI009100,M0548,2025-08-03,11,Gym Floor,72
CI009101,M0548,2025-05-31,18,Spin,65
CI009102,M0548,2025-03-06,17,Cardio,69
CI009103,M0549,2025-07-04,18,Gym Floor,50
CI009104,M0549,2025-05-11,10,HIIT,70
CI009105,M0549,2025-03-26,7,Cardio,57
CI009106,M0549,2025-07-13,8,Pilates,67
CI009107,M0549,2025-06-01,12,CrossFit,51
CI009108,M0550,2025-05-07,17,Gym Floor,58
CI009109,M0550,2025-06-12,11,Gym Floor,52
CI009110,M0550,2025-07-04,21,Spin,56
CI009111,M0550,2025-07-02,8,Zumba,35
CI009112,M0550,2025-04-22,6,Gym Floor,56
CI009113,M0550,2025-04-27,19,Gym Floor,48
CI009114,M0550,2025-04-01,7,Strength Training,39
CI009115,M0550,2025-08-03,11,Gym Floor,46
CI009116,M0550,2025-03-07,21,Gym Floor,61
CI009117,M0550,2025-06-28,6,Gym Floor,29
CI009118,M0550,2025-05-19,8,Yoga,43
CI009119,M0550,2025-06-14,21,CrossFit,47
CI009120,M0550,2025-05-25,18,Gym Floor,20
CI009121,M0550,2025-07-12,6,Pilates,65
CI009122,M0550,2025-04-01,10,CrossFit,62
CI009123,M0551,2025-05-18,6,Strength Training,80
CI009124,M0551,2025-07-31,18,Gym Floor,67
CI009125,M0551,2025-05-22,8,Gym Floor,73
CI009126,M0551,2025-04-21,17,Gym Floor,32
CI009127,M0551,2025-03-17,20,Pilates,57
CI009128,M0551,2025-08-01,18,Gym Floor,36
CI009129,M0551,2025-08-29,8,Pilates,62
CI009130,M0551,2025-08-04,21,Yoga,73
CI009131,M0551,2025-03-15,6,CrossFit,35
CI009132,M0552,2025-04-13,19,Cardio,45
CI009133,M0552,2025-06-22,20,Spin,57
CI009134,M0552,2025-07-12,10,Gym Floor,53
CI009135,M0552,2025-05-23,19,Zumba,96
CI009136,M0552,2025-03-27,17,Zumba,52
CI009137,M0552,2025-06-25,8,HIIT,22
CI009138,M0552,2025-08-11,16,Pilates,78
CI009139,M0553,2025-04-12,18,Yoga,71
CI009140,M0553,2025-06-18,12,Strength Training,76
CI009141,M0553,2025-06-19,19,Gym Floor,67
CI009142,M0553,2025-07-17,12,Gym Floor,58
CI009143,M0553,2025-07-27,17,CrossFit,62
CI009144,M0553,2025-07-27,11,Gym Floor,25
CI009145,M0554,2025-06-13,8,Zumba,66
CI009146,M0554,2025-07-30,19,Gym Floor,44
CI009147,M0554,2025-08-03,18,Gym Floor,48
CI009148,M0555,2025-06-27,16,HIIT,98
CI009149,M0555,2025-06-17,7,HIIT,48
CI009150,M0555,2025-07-04,19,CrossFit,79
CI009151,M0555,2025-07-23,8,Strength Training,81
CI009152,M0555,2025-04-30,18,Zumba,87
CI009153,M0555,2025-03-20,17,Gym Floor,22
CI009154,M0555,2025-04-09,16,Yoga,79
CI009155,M0555,2025-06-08,16,Gym Floor,42
CI009156,M0555,2025-07-05,20,Strength Training,58
CI009157,M0555,2025-08-12,6,Spin,43
CI009158,M0555,2025-08-26,19,Pilates,38
CI009159,M0555,2025-03-01,8,Spin,50
CI009160,M0555,2025-04-03,7,Gym Floor,44
CI009161,M0555,2025-06-17,9,Pilates,37
CI009162,M0555,2025-07-20,7,Gym Floor,51
CI009163,M0555,2025-05-26,9,Zumba,59
CI009164,M0555,2025-08-31,8,Strength Training,84
CI009165,M0555,2025-05-28,19,Gym Floor,62
CI009166,M0555,2025-07-26,19,CrossFit,58
CI009167,M0555,2025-08-28,17,Gym Floor,20
CI009168,M0555,2025-04-07,16,Cardio,69
CI009169,M0555,2025-05-12,19,CrossFit,51
CI009170,M0555,2025-04-08,12,Gym Floor,43
CI009171,M0555,2025-06-28,21,Gym Floor,24
CI009172,M0555,2025-05-12,8,Gym Floor,48
CI009173,M0555,2025-03-11,7,Gym Floor,67
CI009174,M0555,2025-07-20,10,Cardio,40
CI009175,M0555,2025-05-03,18,Gym Floor,56
CI009176,M0556,2025-06-22,7,Gym Floor,44
CI009177,M0556,2025-05-01,8,Gym Floor,104
CI009178,M0556,2025-06-24,7,Spin,96
CI009179,M0556,2025-07-11,16,Gym Floor,35
CI009180,M0556,2025-04-20,18,CrossFit,23
CI009181,M0556,2025-08-17,21,Gym Floor,62
CI009182,M0556,2025-05-11,17,Gym Floor,74
CI009183,M0556,2025-03-06,18,CrossFit,30
CI009184,M0556,2025-05-17,7,Zumba,71
CI009185,M0556,2025-03-20,7,CrossFit,52
CI009186,M0557,2025-03-10,19,Gym Floor,47
CI009187,M0557,2025-03-25,20,Gym Floor,83
CI009188,M0557,2025-04-16,17,Yoga,22
CI009189,M0557,2025-05-31,19,Gym Floor,34
CI009190,M0557,2025-06-24,8,Gym Floor,60
CI009191,M0558,2025-08-22,11,Yoga,72
CI009192,M0558,2025-07-11,17,Spin,27
CI009193,M0558,2025-08-12,17,Pilates,68
CI009194,M0558,2025-03-05,8,CrossFit,74
CI009195,M0558,2025-05-25,17,Gym Floor,49
CI009196,M0558,2025-08-16,18,Gym Floor,29
CI009197,M0558,2025-05-05,16,Gym Floor,27
CI009198,M0558,2025-07-04,7,Gym Floor,36
CI009199,M0558,2025-06-11,11,CrossFit,60
CI009200,M0558,2025-03-28,6,Gym Floor,56
CI009201,M0558,2025-06-27,17,CrossFit,76
CI009202,M0558,2025-06-24,18,Spin,51
CI009203,M0558,2025-04-08,17,Gym Floor,63
CI009204,M0558,2025-05-02,18,Pilates,58
CI009205,M0558,2025-03-18,8,Zumba,45
CI009206,M0558,2025-06-07,18,Spin,57
CI009207,M0558,2025-08-01,6,HIIT,35
CI009208,M0558,2025-06-14,17,Pilates,48
CI009209,M0558,2025-07-01,7,Pilates,55
CI009210,M0558,2025-06-26,12,Gym Floor,46
CI009211,M0558,2025-07-28,18,Cardio,72
CI009212,M0558,2025-03-04,17,Gym Floor,45
CI009213,M0558,2025-04-21,19,Pilates,61
CI009214,M0558,2025-04-16,19,Gym Floor,53
CI009215,M0558,2025-06-06,10,Pilates,48
CI009216,M0559,2025-07-17,9,HIIT,39
CI009217,M0559,2025-04-28,17,Gym Floor,75
CI009218,M0559,2025-04-30,19,Spin,56
CI009219,M0559,2025-04-14,17,Gym Floor,46
CI009220,M0560,2025-04-11,16,Strength Training,89
CI009221,M0560,2025-07-04,11,Pilates,60
CI009222,M0560,2025-06-14,18,HIIT,48
CI009223,M0560,2025-04-28,19,Spin,67
CI009224,M0560,2025-07-18,7,Cardio,47
CI009225,M0561,2025-06-23,19,Gym Floor,64
CI009226,M0561,2025-08-26,20,Pilates,46
CI009227,M0561,2025-05-08,6,Gym Floor,54
CI009228,M0561,2025-04-08,18,Gym Floor,36
CI009229,M0561,2025-08-15,6,Cardio,39
CI009230,M0561,2025-05-18,7,Gym Floor,56
CI009231,M0561,2025-07-20,7,Gym Floor,51
CI009232,M0561,2025-08-20,7,Gym Floor,47
CI009233,M0561,2025-04-20,10,Gym Floor,37
CI009234,M0561,2025-03-09,12,Gym Floor,58
CI009235,M0561,2025-06-30,17,HIIT,46
CI009236,M0561,2025-05-21,18,Gym Floor,70
CI009237,M0561,2025-04-16,8,Gym Floor,63
CI009238,M0561,2025-04-23,17,Spin,38
CI009239,M0561,2025-03-21,18,Gym Floor,31
CI009240,M0561,2025-05-15,10,Spin,70
CI009241,M0561,2025-03-05,17,Pilates,36
CI009242,M0561,2025-03-23,9,Gym Floor,64
CI009243,M0561,2025-03-24,18,Gym Floor,59
CI009244,M0561,2025-05-11,7,HIIT,34
CI009245,M0561,2025-07-05,19,Strength Training,84
CI009246,M0561,2025-04-27,8,Gym Floor,60
CI009247,M0561,2025-05-28,7,Gym Floor,64
CI009248,M0561,2025-06-27,6,Yoga,66
CI009249,M0561,2025-05-08,21,Yoga,63
CI009250,M0561,2025-07-16,17,Gym Floor,74
CI009251,M0561,2025-03-05,21,HIIT,62
CI009252,M0561,2025-04-21,16,Strength Training,83
CI009253,M0561,2025-05-14,16,Gym Floor,34
CI009254,M0561,2025-04-22,10,Gym Floor,52
CI009255,M0561,2025-04-22,8,Strength Training,58
CI009256,M0561,2025-04-09,19,Gym Floor,85
CI009257,M0561,2025-03-01,12,Gym Floor,27
CI009258,M0561,2025-05-15,16,Gym Floor,76
CI009259,M0561,2025-03-23,8,Gym Floor,60
CI009260,M0561,2025-05-29,18,HIIT,63
CI009261,M0561,2025-04-29,17,Cardio,40
CI009262,M0561,2025-08-14,10,Strength Training,34
CI009263,M0561,2025-08-03,7,Gym Floor,62
CI009264,M0561,2025-08-15,7,HIIT,60
CI009265,M0561,2025-08-13,7,CrossFit,59
CI009266,M0561,2025-07-17,17,Gym Floor,45
CI009267,M0561,2025-07-24,7,Yoga,45
CI009268,M0561,2025-05-07,19,Zumba,48
CI009269,M0562,2025-05-10,9,Spin,69
CI009270,M0562,2025-04-03,7,Gym Floor,39
CI009271,M0562,2025-04-11,16,Gym Floor,51
CI009272,M0562,2025-07-27,6,Gym Floor,38
CI009273,M0562,2025-04-09,19,Strength Training,20
CI009274,M0562,2025-08-11,20,Spin,45
CI009275,M0562,2025-06-12,8,Cardio,64
CI009276,M0562,2025-08-10,17,Strength Training,62
CI009277,M0562,2025-07-22,16,CrossFit,46
CI009278,M0562,2025-03-24,19,HIIT,52
CI009279,M0562,2025-07-31,7,Gym Floor,48
CI009280,M0562,2025-03-25,19,Yoga,66
CI009281,M0562,2025-07-15,11,Gym Floor,54
CI009282,M0562,2025-05-05,21,Strength Training,86
CI009283,M0562,2025-08-19,17,Gym Floor,50
CI009284,M0562,2025-07-19,19,Gym Floor,88
CI009285,M0562,2025-04-18,11,Gym Floor,75
CI009286,M0562,2025-05-29,16,Gym Floor,52
CI009287,M0562,2025-07-28,9,Spin,47
CI009288,M0562,2025-04-16,9,Cardio,73
CI009289,M0562,2025-04-11,9,Strength Training,52
CI009290,M0562,2025-05-01,17,Zumba,53
CI009291,M0562,2025-07-02,6,Strength Training,56
CI009292,M0562,2025-08-04,20,Gym Floor,36
CI009293,M0562,2025-03-10,19,Gym Floor,74
CI009294,M0562,2025-03-16,18,Gym Floor,66
CI009295,M0562,2025-08-19,7,Gym Floor,67
CI009296,M0562,2025-03-06,20,Gym Floor,34
CI009297,M0562,2025-06-22,16,HIIT,70
CI009298,M0562,2025-05-24,8,CrossFit,36
CI009299,M0562,2025-04-14,21,Gym Floor,43
CI009300,M0562,2025-05-06,16,Pilates,56
CI009301,M0562,2025-04-28,21,Cardio,57
CI009302,M0562,2025-08-07,17,CrossFit,48
CI009303,M0562,2025-08-10,18,Gym Floor,48
CI009304,M0562,2025-08-12,18,Zumba,73
CI009305,M0562,2025-03-12,18,Gym Floor,41
CI009306,M0563,2025-04-18,16,Gym Floor,62
CI009307,M0563,2025-08-15,19,Gym Floor,25
CI009308,M0563,2025-06-26,18,HIIT,40
CI009309,M0563,2025-08-02,7,CrossFit,67
CI009310,M0563,2025-08-15,16,Yoga,71
CI009311,M0563,2025-05-14,11,Gym Floor,29
CI009312,M0563,2025-08-24,8,Strength Training,36
CI009313,M0563,2025-04-11,8,Yoga,77
CI009314,M0563,2025-04-06,19,Strength Training,74
CI009315,M0563,2025-05-09,16,Zumba,62
CI009316,M0563,2025-07-08,8,Spin,46
CI009317,M0563,2025-06-23,7,Gym Floor,52
CI009318,M0563,2025-03-22,19,Zumba,74
CI009319,M0563,2025-07-20,6,Gym Floor,67
CI009320,M0563,2025-05-17,16,Strength Training,69
CI009321,M0564,2025-08-11,18,HIIT,64
CI009322,M0564,2025-05-24,18,Gym Floor,44
CI009323,M0565,2025-03-19,20,Cardio,33
CI009324,M0565,2025-06-24,19,Cardio,62
CI009325,M0565,2025-07-17,9,Strength Training,39
CI009326,M0565,2025-07-21,11,Strength Training,78
CI009327,M0565,2025-03-03,9,Gym Floor,63
CI009328,M0565,2025-05-09,7,HIIT,35
CI009329,M0565,2025-06-20,8,Spin,56
CI009330,M0565,2025-07-08,7,CrossFit,37
CI009331,M0565,2025-03-22,8,Yoga,62
CI009332,M0565,2025-03-03,10,Gym Floor,68
CI009333,M0565,2025-08-25,21,Gym Floor,62
CI009334,M0565,2025-03-13,12,Cardio,77
CI009335,M0565,2025-03-25,7,Zumba,36
CI009336,M0565,2025-07-05,12,Gym Floor,62
CI009337,M0565,2025-07-28,16,CrossFit,31
CI009338,M0565,2025-04-09,8,Gym Floor,52
CI009339,M0565,2025-06-03,17,Gym Floor,64
CI009340,M0565,2025-07-13,18,Cardio,63
CI009341,M0565,2025-06-13,17,Cardio,43
CI009342,M0565,2025-07-27,10,Yoga,73
CI009343,M0565,2025-08-19,18,Gym Floor,64
CI009344,M0565,2025-07-05,16,Gym Floor,77
CI009345,M0565,2025-07-18,16,Gym Floor,31
CI009346,M0565,2025-03-20,18,Yoga,49
CI009347,M0565,2025-03-26,8,Gym Floor,61
CI009348,M0565,2025-03-14,16,Gym Floor,60
CI009349,M0565,2025-06-30,17,Gym Floor,67
CI009350,M0566,2025-04-08,8,Spin,67
CI009351,M0566,2025-04-06,8,Yoga,45
CI009352,M0566,2025-05-27,18,Zumba,58
CI009353,M0566,2025-05-14,19,Zumba,26
CI009354,M0566,2025-06-04,12,Spin,58
CI009355,M0566,2025-04-09,6,Gym Floor,39
CI009356,M0566,2025-07-11,16,Gym Floor,52
CI009357,M0566,2025-03-08,12,Gym Floor,37
CI009358,M0566,2025-03-19,6,Gym Floor,53
CI009359,M0566,2025-05-05,12,Strength Training,37
CI009360,M0566,2025-07-16,21,Spin,80
CI009361,M0566,2025-03-14,8,Pilates,35
CI009362,M0566,2025-06-14,7,CrossFit,84
CI009363,M0566,2025-04-08,9,Gym Floor,76
CI009364,M0566,2025-03-15,7,Gym Floor,45
CI009365,M0568,2025-06-17,6,Gym Floor,49
CI009366,M0568,2025-06-25,10,Pilates,45
CI009367,M0568,2025-08-17,19,Gym Floor,67
CI009368,M0568,2025-08-04,17,Gym Floor,60
CI009369,M0568,2025-03-27,17,Yoga,71
CI009370,M0568,2025-08-01,19,Strength Training,35
CI009371,M0568,2025-05-12,16,Zumba,30
CI009372,M0568,2025-05-23,6,Cardio,39
CI009373,M0568,2025-06-27,18,HIIT,72
CI009374,M0568,2025-07-03,10,Zumba,84
CI009375,M0568,2025-06-25,18,Yoga,52
CI009376,M0568,2025-05-03,10,HIIT,52
CI009377,M0568,2025-08-28,8,Gym Floor,20
CI009378,M0569,2025-04-24,7,CrossFit,47
CI009379,M0569,2025-06-26,10,Gym Floor,60
CI009380,M0569,2025-08-02,18,Spin,78
CI009381,M0569,2025-08-11,18,HIIT,23
CI009382,M0569,2025-07-02,7,Strength Training,87
CI009383,M0569,2025-08-13,21,Gym Floor,44
CI009384,M0569,2025-03-10,7,HIIT,36
CI009385,M0569,2025-04-11,19,Gym Floor,51
CI009386,M0569,2025-03-24,9,Gym Floor,40
CI009387,M0569,2025-07-26,7,Gym Floor,68
CI009388,M0569,2025-05-25,19,Spin,68
CI009389,M0569,2025-08-03,21,Gym Floor,24
CI009390,M0570,2025-05-22,7,Cardio,44
CI009391,M0570,2025-05-09,18,HIIT,59
CI009392,M0570,2025-07-10,19,Gym Floor,42
CI009393,M0570,2025-05-16,12,Cardio,29
CI009394,M0571,2025-08-09,19,Gym Floor,64
CI009395,M0571,2025-08-20,16,Cardio,43
CI009396,M0571,2025-06-09,20,Gym Floor,55
CI009397,M0571,2025-08-21,21,Strength Training,33
CI009398,M0571,2025-05-30,17,Zumba,59
CI009399,M0571,2025-07-11,7,Gym Floor,47
CI009400,M0571,2025-04-01,17,Spin,29
CI009401,M0571,2025-07-18,16,Gym Floor,52
CI009402,M0571,2025-04-14,17,Gym Floor,50
CI009403,M0572,2025-06-01,7,Gym Floor,47
CI009404,M0572,2025-03-22,16,Gym Floor,88
CI009405,M0572,2025-03-05,17,HIIT,86
CI009406,M0572,2025-08-06,8,Strength Training,62
CI009407,M0572,2025-08-17,8,Gym Floor,49
CI009408,M0572,2025-07-25,7,Zumba,37
CI009409,M0572,2025-04-18,19,Gym Floor,57
CI009410,M0572,2025-07-28,7,Gym Floor,55
CI009411,M0572,2025-03-17,18,Gym Floor,66
CI009412,M0572,2025-03-29,7,HIIT,56
CI009413,M0572,2025-05-25,20,Gym Floor,74
CI009414,M0572,2025-05-18,20,Gym Floor,68
CI009415,M0572,2025-05-03,7,Spin,80
CI009416,M0572,2025-05-18,17,Gym Floor,60
CI009417,M0572,2025-06-10,16,Cardio,20
CI009418,M0572,2025-06-10,19,Pilates,53
CI009419,M0572,2025-04-15,9,Yoga,59
CI009420,M0572,2025-06-01,9,Gym Floor,50
CI009421,M0572,2025-07-09,8,Gym Floor,67
CI009422,M0572,2025-05-15,18,Gym Floor,85
CI009423,M0572,2025-04-14,19,HIIT,81
CI009424,M0572,2025-05-29,11,HIIT,53
CI009425,M0572,2025-06-24,8,Zumba,34
CI009426,M0572,2025-07-10,19,CrossFit,65
CI009427,M0572,2025-07-24,19,Zumba,45
CI009428,M0572,2025-05-11,17,Gym Floor,20
CI009429,M0572,2025-07-24,17,Gym Floor,35
CI009430,M0573,2025-07-29,7,Pilates,61
CI009431,M0573,2025-07-22,18,Cardio,20
CI009432,M0573,2025-05-31,17,Strength Training,48
CI009433,M0573,2025-06-29,9,Gym Floor,20
CI009434,M0573,2025-06-29,20,Zumba,70
CI009435,M0574,2025-06-20,12,HIIT,70
CI009436,M0574,2025-03-08,8,CrossFit,31
CI009437,M0574,2025-08-03,17,Gym Floor,40
CI009438,M0574,2025-03-14,19,HIIT,64
CI009439,M0574,2025-04-18,11,Zumba,20
CI009440,M0574,2025-05-10,16,Gym Floor,39
CI009441,M0574,2025-05-21,17,Cardio,52
CI009442,M0574,2025-07-21,12,Pilates,46
CI009443,M0574,2025-08-13,8,Gym Floor,64
CI009444,M0574,2025-07-01,7,Gym Floor,61
CI009445,M0574,2025-03-14,18,Gym Floor,32
CI009446,M0574,2025-04-15,7,Strength Training,71
CI009447,M0574,2025-03-18,19,Gym Floor,57
CI009448,M0574,2025-07-12,9,Cardio,61
CI009449,M0574,2025-05-12,18,Gym Floor,114
CI009450,M0574,2025-06-14,16,Strength Training,46
CI009451,M0574,2025-06-26,21,Cardio,31
CI009452,M0574,2025-03-04,6,HIIT,35
CI009453,M0574,2025-08-24,19,CrossFit,21
CI009454,M0574,2025-06-29,20,Gym Floor,47
CI009455,M0574,2025-07-30,7,Pilates,41
CI009456,M0574,2025-03-30,20,Gym Floor,31
CI009457,M0574,2025-04-28,7,Cardio,55
CI009458,M0574,2025-03-25,20,Gym Floor,99
CI009459,M0574,2025-08-20,8,Gym Floor,62
CI009460,M0574,2025-03-28,10,Cardio,86
CI009461,M0574,2025-07-27,17,Strength Training,56
CI009462,M0574,2025-07-29,7,Gym Floor,73
CI009463,M0574,2025-07-26,6,HIIT,76
CI009464,M0574,2025-04-08,10,Gym Floor,27
CI009465,M0574,2025-08-03,17,Spin,36
CI009466,M0574,2025-07-18,8,Gym Floor,91
CI009467,M0574,2025-03-21,8,Gym Floor,66
CI009468,M0574,2025-07-24,8,Gym Floor,82
CI009469,M0574,2025-06-14,18,Zumba,71
CI009470,M0574,2025-04-13,7,Yoga,53
CI009471,M0574,2025-05-04,11,Cardio,67
CI009472,M0574,2025-06-19,12,Yoga,79
CI009473,M0574,2025-08-11,17,CrossFit,61
CI009474,M0574,2025-03-16,19,Gym Floor,47
CI009475,M0574,2025-04-14,8,Gym Floor,51
CI009476,M0574,2025-03-23,19,Gym Floor,34
CI009477,M0574,2025-08-24,18,Spin,69
CI009478,M0575,2025-06-23,16,CrossFit,74
CI009479,M0575,2025-08-15,7,CrossFit,38
CI009480,M0575,2025-08-18,9,CrossFit,41
CI009481,M0575,2025-05-27,7,HIIT,45
CI009482,M0575,2025-07-30,6,Cardio,69
CI009483,M0575,2025-03-05,21,Spin,38
CI009484,M0575,2025-05-30,7,Cardio,63
CI009485,M0575,2025-04-30,9,Spin,20
CI009486,M0575,2025-08-12,8,CrossFit,51
CI009487,M0576,2025-03-20,6,Gym Floor,39
CI009488,M0577,2025-05-21,21,Yoga,63
CI009489,M0577,2025-05-20,17,Strength Training,46
CI009490,M0577,2025-08-31,19,Spin,35
CI009491,M0577,2025-05-11,11,Zumba,76
CI009492,M0577,2025-04-30,8,Spin,79
CI009493,M0577,2025-04-15,9,Gym Floor,43
CI009494,M0577,2025-07-05,8,Gym Floor,37
CI009495,M0577,2025-03-08,20,Pilates,62
CI009496,M0577,2025-07-01,18,Gym Floor,40
CI009497,M0577,2025-08-19,17,Gym Floor,64
CI009498,M0578,2025-03-07,16,CrossFit,52
CI009499,M0578,2025-06-13,20,Pilates,50
CI009500,M0578,2025-05-16,19,Gym Floor,27
CI009501,M0578,2025-07-15,6,Gym Floor,44
CI009502,M0579,2025-08-21,18,Gym Floor,64
CI009503,M0579,2025-05-03,8,Zumba,53
CI009504,M0579,2025-06-09,19,Zumba,36
CI009505,M0579,2025-07-08,17,Gym Floor,50
CI009506,M0579,2025-03-09,18,Gym Floor,55
CI009507,M0579,2025-03-30,6,Pilates,30
CI009508,M0579,2025-03-23,7,Yoga,88
CI009509,M0579,2025-06-22,6,Gym Floor,50
CI009510,M0579,2025-03-02,7,Strength Training,59
CI009511,M0579,2025-04-29,19,Spin,36
CI009512,M0580,2025-03-19,6,Pilates,62
CI009513,M0580,2025-06-14,6,Cardio,74
CI009514,M0580,2025-08-04,17,Zumba,20
CI009515,M0580,2025-08-07,19,Yoga,92
CI009516,M0580,2025-07-07,8,Zumba,103
CI009517,M0580,2025-08-11,18,Zumba,62
CI009518,M0580,2025-05-17,18,Gym Floor,65
CI009519,M0580,2025-08-31,19,Yoga,56
CI009520,M0580,2025-05-08,19,Yoga,48
CI009521,M0580,2025-04-21,20,Strength Training,26
CI009522,M0580,2025-04-06,18,Gym Floor,47
CI009523,M0580,2025-04-20,6,Cardio,68
CI009524,M0580,2025-03-23,17,Gym Floor,80
CI009525,M0580,2025-05-03,10,CrossFit,59
CI009526,M0580,2025-03-17,18,Cardio,24
CI009527,M0580,2025-06-30,18,HIIT,28
CI009528,M0580,2025-03-29,18,Gym Floor,49
CI009529,M0580,2025-07-12,12,Spin,41
CI009530,M0580,2025-07-03,18,Gym Floor,44
CI009531,M0580,2025-03-27,17,Gym Floor,78
CI009532,M0580,2025-03-11,16,Zumba,52
CI009533,M0580,2025-03-21,16,Spin,63
CI009534,M0580,2025-04-24,6,Gym Floor,60
CI009535,M0580,2025-07-11,17,Yoga,54
CI009536,M0580,2025-04-10,17,Yoga,26
CI009537,M0580,2025-05-02,18,Spin,60
CI009538,M0580,2025-04-04,19,Gym Floor,68
CI009539,M0580,2025-04-02,17,Gym Floor,50
CI009540,M0580,2025-04-24,19,Yoga,92
CI009541,M0580,2025-05-14,8,Gym Floor,75
CI009542,M0580,2025-04-02,11,Gym Floor,90
CI009543,M0580,2025-07-31,11,Gym Floor,88
CI009544,M0580,2025-03-28,16,HIIT,26
CI009545,M0580,2025-05-25,8,Gym Floor,78
CI009546,M0580,2025-08-05,10,Strength Training,74
CI009547,M0580,2025-05-17,10,Strength Training,63
CI009548,M0580,2025-05-25,20,Gym Floor,24
CI009549,M0580,2025-06-18,17,Pilates,46
CI009550,M0581,2025-07-24,6,Gym Floor,48
CI009551,M0581,2025-07-20,17,Cardio,55
CI009552,M0581,2025-06-16,20,Yoga,20
CI009553,M0581,2025-07-26,17,Gym Floor,74
CI009554,M0581,2025-08-13,10,Cardio,30
CI009555,M0581,2025-08-04,16,Strength Training,74
CI009556,M0581,2025-08-03,17,HIIT,48
CI009557,M0581,2025-04-28,20,Cardio,59
CI009558,M0581,2025-08-05,17,Gym Floor,20
CI009559,M0581,2025-05-31,18,CrossFit,54
CI009560,M0581,2025-04-01,17,HIIT,30
CI009561,M0581,2025-08-21,16,Spin,77
CI009562,M0581,2025-03-29,18,Gym Floor,32
CI009563,M0581,2025-07-04,19,Yoga,38
CI009564,M0581,2025-08-07,17,Gym Floor,53
CI009565,M0583,2025-08-05,8,Spin,56
CI009566,M0583,2025-06-24,19,Zumba,51
CI009567,M0583,2025-08-09,6,Yoga,54
CI009568,M0584,2025-03-10,6,Gym Floor,84
CI009569,M0584,2025-05-25,17,CrossFit,27
CI009570,M0584,2025-06-26,7,Cardio,49
CI009571,M0584,2025-06-25,17,Gym Floor,48
CI009572,M0584,2025-06-25,20,Gym Floor,77
CI009573,M0584,2025-04-22,17,Gym Floor,70
CI009574,M0584,2025-04-24,12,Spin,42
CI009575,M0584,2025-07-09,7,Spin,58
CI009576,M0584,2025-07-24,10,Gym Floor,47
CI009577,M0584,2025-07-18,17,HIIT,61
CI009578,M0585,2025-07-29,9,Gym Floor,41
CI009579,M0585,2025-03-28,6,Gym Floor,28
CI009580,M0585,2025-08-10,20,Gym Floor,80
CI009581,M0585,2025-05-07,6,CrossFit,39
CI009582,M0585,2025-03-05,19,Gym Floor,71
CI009583,M0585,2025-05-29,7,Strength Training,58
CI009584,M0585,2025-05-11,6,Gym Floor,66
CI009585,M0586,2025-04-28,19,Spin,53
CI009586,M0586,2025-03-07,7,Strength Training,40
CI009587,M0586,2025-03-03,9,Pilates,63
CI009588,M0586,2025-04-24,10,Gym Floor,49
CI009589,M0586,2025-04-30,18,Gym Floor,46
CI009590,M0586,2025-05-06,7,CrossFit,63
CI009591,M0586,2025-08-01,18,Gym Floor,41
CI009592,M0586,2025-05-02,18,Pilates,85
CI009593,M0586,2025-04-19,16,HIIT,55
CI009594,M0586,2025-06-21,18,Cardio,48
CI009595,M0586,2025-03-22,19,Yoga,51
CI009596,M0586,2025-03-11,19,Cardio,41
CI009597,M0586,2025-06-05,20,HIIT,70
CI009598,M0586,2025-05-06,7,Gym Floor,62
CI009599,M0587,2025-07-13,8,Yoga,38
CI009600,M0587,2025-07-14,8,Gym Floor,27
CI009601,M0587,2025-07-15,17,Gym Floor,47
CI009602,M0587,2025-03-22,9,Cardio,77
CI009603,M0587,2025-06-08,6,Gym Floor,44
CI009604,M0587,2025-04-07,11,Strength Training,31
CI009605,M0587,2025-05-03,7,Gym Floor,37
CI009606,M0587,2025-04-18,11,Gym Floor,34
CI009607,M0587,2025-05-25,18,Gym Floor,37
CI009608,M0587,2025-03-08,7,CrossFit,43
CI009609,M0587,2025-08-25,17,CrossFit,20
CI009610,M0587,2025-07-18,17,Gym Floor,53
CI009611,M0587,2025-04-06,7,Gym Floor,57
CI009612,M0587,2025-05-11,10,Gym Floor,50
CI009613,M0587,2025-05-26,18,Strength Training,23
CI009614,M0588,2025-06-19,18,Gym Floor,64
CI009615,M0588,2025-03-14,8,Strength Training,67
CI009616,M0588,2025-06-28,20,Gym Floor,108
CI009617,M0588,2025-03-15,7,Cardio,40
CI009618,M0588,2025-08-03,19,Gym Floor,84
CI009619,M0588,2025-05-23,10,CrossFit,72
CI009620,M0588,2025-07-07,7,Gym Floor,47
CI009621,M0588,2025-07-06,7,Gym Floor,70
CI009622,M0588,2025-08-09,18,Cardio,69
CI009623,M0588,2025-06-21,21,Yoga,35
CI009624,M0588,2025-07-28,20,Zumba,58
CI009625,M0588,2025-04-17,19,Cardio,65
CI009626,M0588,2025-05-17,16,Gym Floor,57
CI009627,M0589,2025-03-31,8,Cardio,33
CI009628,M0589,2025-05-22,6,HIIT,55
CI009629,M0589,2025-08-24,20,HIIT,70
CI009630,M0589,2025-07-17,8,Gym Floor,48
CI009631,M0590,2025-07-12,19,Yoga,85
CI009632,M0590,2025-07-31,7,Yoga,26
CI009633,M0590,2025-03-24,18,Strength Training,71
CI009634,M0590,2025-07-15,6,Cardio,27
CI009635,M0590,2025-07-20,8,Gym Floor,23
CI009636,M0590,2025-03-23,19,Gym Floor,34
CI009637,M0590,2025-07-30,19,Gym Floor,31
CI009638,M0590,2025-04-29,19,Gym Floor,66
CI009639,M0590,2025-03-20,17,Gym Floor,80
CI009640,M0590,2025-03-05,16,Gym Floor,23
CI009641,M0590,2025-06-25,19,Yoga,42
CI009642,M0590,2025-07-22,17,Gym Floor,52
CI009643,M0590,2025-05-15,8,Pilates,64
CI009644,M0590,2025-08-25,6,Gym Floor,31
CI009645,M0590,2025-07-21,16,CrossFit,67
CI009646,M0590,2025-05-17,19,Gym Floor,52
CI009647,M0590,2025-08-29,16,Zumba,46
CI009648,M0590,2025-04-09,7,HIIT,59
CI009649,M0590,2025-06-30,18,Zumba,38
CI009650,M0590,2025-06-01,8,Strength Training,66
CI009651,M0590,2025-08-21,18,Gym Floor,56
CI009652,M0590,2025-05-07,20,Gym Floor,38
CI009653,M0590,2025-05-18,17,Spin,45
CI009654,M0590,2025-07-28,10,Zumba,61
CI009655,M0590,2025-04-21,17,Gym Floor,65
CI009656,M0590,2025-05-16,6,Gym Floor,41
CI009657,M0590,2025-05-29,20,Gym Floor,28
CI009658,M0591,2025-05-27,9,Gym Floor,64
CI009659,M0591,2025-05-27,12,Gym Floor,29
CI009660,M0591,2025-06-15,8,Gym Floor,74
CI009661,M0591,2025-08-14,17,Cardio,44
CI009662,M0591,2025-07-07,18,Strength Training,89
CI009663,M0591,2025-04-28,6,Gym Floor,58
CI009664,M0591,2025-04-15,17,Gym Floor,66
CI009665,M0591,2025-06-11,7,Gym Floor,53
CI009666,M0591,2025-04-09,20,Gym Floor,67
CI009667,M0591,2025-08-14,7,Gym Floor,31
CI009668,M0591,2025-07-28,8,Strength Training,58
CI009669,M0592,2025-03-30,9,CrossFit,36
CI009670,M0592,2025-03-14,7,Spin,40
CI009671,M0592,2025-05-22,10,HIIT,45
CI009672,M0592,2025-04-05,19,Strength Training,73
CI009673,M0592,2025-07-06,7,Gym Floor,38
CI009674,M0592,2025-08-08,20,Cardio,37
CI009675,M0593,2025-07-27,18,Pilates,27
CI009676,M0593,2025-05-07,17,Gym Floor,44
CI009677,M0593,2025-04-20,16,Gym Floor,58
CI009678,M0593,2025-07-25,17,HIIT,54
CI009679,M0593,2025-03-13,7,Gym Floor,66
CI009680,M0594,2025-03-22,7,Cardio,44
CI009681,M0594,2025-08-13,17,Zumba,75
CI009682,M0594,2025-04-06,19,Gym Floor,47
CI009683,M0594,2025-07-14,17,Cardio,54
CI009684,M0594,2025-05-01,9,Spin,62
CI009685,M0594,2025-06-30,20,Zumba,59
CI009686,M0595,2025-07-16,16,Strength Training,28
CI009687,M0595,2025-06-26,6,Gym Floor,39
CI009688,M0595,2025-08-04,6,Gym Floor,40
CI009689,M0595,2025-08-15,17,Gym Floor,62
CI009690,M0595,2025-06-13,9,CrossFit,57
CI009691,M0595,2025-03-16,7,Cardio,36
CI009692,M0595,2025-03-25,7,Gym Floor,56
CI009693,M0595,2025-05-29,17,Cardio,106
CI009694,M0595,2025-07-29,11,Spin,47
CI009695,M0595,2025-03-20,17,Gym Floor,54
CI009696,M0595,2025-04-02,18,Gym Floor,66
CI009697,M0595,2025-05-29,16,Zumba,56
CI009698,M0595,2025-08-14,7,Gym Floor,64
CI009699,M0595,2025-07-12,18,HIIT,24
CI009700,M0595,2025-07-13,17,Cardio,34
CI009701,M0595,2025-03-31,12,Cardio,97
CI009702,M0596,2025-06-28,17,HIIT,60
CI009703,M0596,2025-08-04,19,Gym Floor,86
CI009704,M0596,2025-03-06,19,Gym Floor,55
CI009705,M0596,2025-06-29,11,Gym Floor,54
CI009706,M0596,2025-06-28,8,Pilates,63
CI009707,M0596,2025-03-31,19,Gym Floor,41
CI009708,M0596,2025-03-30,10,CrossFit,52
CI009709,M0596,2025-06-24,8,Cardio,36
CI009710,M0596,2025-07-08,8,Gym Floor,52
CI009711,M0596,2025-03-17,11,Gym Floor,44
CI009712,M0596,2025-07-12,7,Yoga,71
CI009713,M0596,2025-08-17,12,Cardio,28
CI009714,M0596,2025-03-08,7,Gym Floor,41
CI009715,M0596,2025-04-19,10,Gym Floor,47
CI009716,M0596,2025-03-19,6,Gym Floor,51
CI009717,M0596,2025-03-14,9,Gym Floor,57
CI009718,M0596,2025-05-02,6,Spin,72
CI009719,M0596,2025-05-24,7,Strength Training,97
CI009720,M0596,2025-08-26,12,HIIT,51
CI009721,M0596,2025-06-20,19,Gym Floor,63
CI009722,M0596,2025-06-10,6,Gym Floor,50
CI009723,M0596,2025-06-13,16,Gym Floor,62
CI009724,M0596,2025-04-06,16,Gym Floor,60
CI009725,M0596,2025-07-02,18,Pilates,61
CI009726,M0596,2025-05-07,9,Gym Floor,45
CI009727,M0596,2025-06-18,17,Gym Floor,41
CI009728,M0596,2025-03-25,9,Gym Floor,76
CI009729,M0596,2025-05-04,19,Pilates,52
CI009730,M0596,2025-08-18,16,CrossFit,103
CI009731,M0597,2025-03-08,12,Pilates,46
CI009732,M0598,2025-05-02,10,Spin,31
CI009733,M0598,2025-06-06,17,HIIT,69
CI009734,M0598,2025-05-14,10,Gym Floor,71
CI009735,M0598,2025-07-18,7,Gym Floor,81
CI009736,M0598,2025-06-29,17,Cardio,43
CI009737,M0598,2025-07-11,19,Zumba,51
CI009738,M0598,2025-06-10,7,Cardio,47
CI009739,M0598,2025-07-11,12,Strength Training,67
CI009740,M0598,2025-07-01,6,Cardio,40
CI009741,M0598,2025-07-10,18,Strength Training,62
CI009742,M0598,2025-08-11,6,Yoga,41
CI009743,M0598,2025-03-30,8,Gym Floor,47
CI009744,M0599,2025-05-07,9,Strength Training,72
CI009745,M0599,2025-08-27,17,Gym Floor,69
CI009746,M0599,2025-04-22,6,CrossFit,78
CI009747,M0599,2025-05-18,7,HIIT,51
CI009748,M0599,2025-08-12,7,Zumba,40
CI009749,M0599,2025-05-26,19,Spin,59
CI009750,M0599,2025-05-29,19,Pilates,46
CI009751,M0599,2025-07-08,20,HIIT,30
CI009752,M0599,2025-05-02,18,Gym Floor,49
CI009753,M0599,2025-05-27,19,Pilates,51
CI009754,M0599,2025-08-04,21,Gym Floor,68
CI009755,M0599,2025-05-25,7,Cardio,20
CI009756,M0599,2025-06-26,18,Cardio,52
CI009757,M0599,2025-04-06,18,Gym Floor,53
CI009758,M0599,2025-08-24,17,Gym Floor,33
CI009759,M0599,2025-03-03,7,Zumba,67
CI009760,M0599,2025-07-09,11,Gym Floor,72
CI009761,M0599,2025-04-08,17,Pilates,85
CI009762,M0599,2025-06-21,7,Yoga,58
CI009763,M0599,2025-03-15,19,Gym Floor,45
CI009764,M0599,2025-08-11,19,Gym Floor,66
CI009765,M0599,2025-05-08,17,Spin,46
CI009766,M0599,2025-05-06,11,Gym Floor,24
CI009767,M0599,2025-03-25,16,Gym Floor,70
CI009768,M0599,2025-07-11,20,Yoga,27
CI009769,M0599,2025-04-24,6,Cardio,75
CI009770,M0599,2025-07-27,7,Gym Floor,28
CI009771,M0599,2025-03-19,18,Gym Floor,75
CI009772,M0599,2025-05-19,17,Gym Floor,69
CI009773,M0599,2025-03-21,11,Yoga,90
CI009774,M0599,2025-05-30,6,Strength Training,61
CI009775,M0599,2025-05-31,18,Gym Floor,24
CI009776,M0599,2025-05-24,10,Strength Training,65
CI009777,M0599,2025-05-26,19,CrossFit,35
CI009778,M0599,2025-08-22,8,CrossFit,56
CI009779,M0599,2025-05-22,6,HIIT,45
CI009780,M0599,2025-03-13,16,Gym Floor,65
CI009781,M0599,2025-08-22,10,Strength Training,46
CI009782,M0599,2025-06-04,18,Gym Floor,63
CI009783,M0599,2025-04-25,10,Strength Training,67
CI009784,M0599,2025-07-15,6,Yoga,50
CI009785,M0599,2025-04-04,16,Gym Floor,53
CI009786,M0599,2025-03-18,16,Gym Floor,35
CI009787,M0599,2025-04-08,10,Yoga,51
CI009788,M0599,2025-03-22,20,Gym Floor,46
CI009789,M0599,2025-07-27,17,Gym Floor,73
CI009790,M0599,2025-08-20,7,CrossFit,65
CI009791,M0600,2025-07-24,7,Gym Floor,77
CI009792,M0600,2025-04-05,16,Gym Floor,33
CI009793,M0600,2025-03-27,17,HIIT,47
CI009794,M0600,2025-05-04,9,Gym Floor,37
CI009795,M0600,2025-07-05,10,Gym Floor,26
CI009796,M0600,2025-06-16,17,Gym Floor,59
CI009797,M0600,2025-08-31,21,Cardio,61
CI009798,M0600,2025-05-07,7,Gym Floor,62
CI009799,M0600,2025-05-16,8,Cardio,44
CI009800,M0600,2025-05-11,7,Gym Floor,46
CI009801,M0600,2025-04-28,16,Gym Floor,73
CI009802,M0600,2025-08-15,9,Gym Floor,33
CI009803,M0600,2025-05-15,16,Yoga,77
CI009804,M0600,2025-06-19,18,Zumba,42
CI009805,M0600,2025-08-21,17,Yoga,74
CI009806,M0600,2025-04-24,19,Pilates,66
CI009807,M0600,2025-03-02,7,Cardio,91
CI009808,M0600,2025-04-27,7,Pilates,20
CI009809,M0600,2025-03-18,7,Gym Floor,47
CI009810,M0600,2025-07-15,18,Gym Floor,75
CI009811,M0600,2025-07-19,17,Gym Floor,81
CI009812,M0600,2025-03-24,8,Pilates,54
CI009813,M0600,2025-05-23,19,CrossFit,24
CI009814,M0600,2025-08-30,19,Cardio,74
CI009815,M0600,2025-08-27,17,Pilates,73
CI009816,M0600,2025-05-29,16,Strength Training,67
CI009817,M0600,2025-07-13,20,Zumba,20
CI009818,M0600,2025-05-31,17,Gym Floor,53
CI009819,M0600,2025-08-26,8,Gym Floor,20
CI009820,M0600,2025-06-26,6,Spin,70
CI009821,M0600,2025-08-26,21,Gym Floor,60
CI009822,M0600,2025-03-17,21,Strength Training,88
CI009823,M0600,2025-06-25,7,Cardio,45
CI009824,M0600,2025-06-19,21,Strength Training,40
CI009825,M0600,2025-06-12,19,CrossFit,44
CI009826,M0600,2025-07-29,18,Gym Floor,58
CI009827,M0600,2025-04-04,19,Cardio,71
CI009828,M0600,2025-05-04,17,Pilates,51
CI009829,M0600,2025-04-29,11,Gym Floor,58
CI009830,M0600,2025-04-23,7,Spin,67
CI009831,M0600,2025-03-19,16,Zumba,45
CI009832,M0600,2025-03-19,18,Pilates,20
CI009833,M0600,2025-07-19,9,Gym Floor,66
CI009834,M0600,2025-04-16,11,Gym Floor,54
CI009835,M0600,2025-04-27,16,CrossFit,40
CI009836,M0600,2025-08-19,7,Yoga,44
CI009837,M0600,2025-03-16,16,Strength Training,73
CI009838,M0600,2025-06-23,6,Zumba,42
CI009839,M0600,2025-08-14,18,Gym Floor,53
CI009840,M0601,2025-05-06,7,Zumba,60
CI009841,M0601,2025-04-29,9,Gym Floor,48
CI009842,M0601,2025-07-27,19,Pilates,49
CI009843,M0601,2025-07-08,18,Spin,20
CI009844,M0601,2025-04-12,19,Gym Floor,48
CI009845,M0601,2025-05-17,10,HIIT,89
CI009846,M0601,2025-05-27,17,Spin,44
CI009847,M0601,2025-05-29,18,Yoga,54
CI009848,M0601,2025-06-27,17,Strength Training,52
CI009849,M0601,2025-07-15,20,Gym Floor,68
CI009850,M0601,2025-07-14,17,Strength Training,90
CI009851,M0601,2025-07-22,7,Gym Floor,63
CI009852,M0601,2025-06-18,19,Strength Training,67
CI009853,M0601,2025-04-14,6,Gym Floor,49
CI009854,M0601,2025-06-30,8,Zumba,30
CI009855,M0601,2025-06-22,9,HIIT,50
CI009856,M0601,2025-06-08,20,Cardio,77
CI009857,M0601,2025-07-01,7,Gym Floor,81
CI009858,M0601,2025-05-16,16,Gym Floor,53
CI009859,M0601,2025-03-19,19,CrossFit,75
CI009860,M0601,2025-07-15,8,Gym Floor,60
CI009861,M0602,2025-08-28,10,CrossFit,42
CI009862,M0602,2025-06-23,19,Gym Floor,45
CI009863,M0602,2025-06-17,8,HIIT,66
CI009864,M0602,2025-07-27,9,Pilates,66
CI009865,M0602,2025-03-24,19,Strength Training,28
CI009866,M0602,2025-06-04,20,Zumba,98
CI009867,M0602,2025-08-18,10,Gym Floor,61
CI009868,M0602,2025-06-16,10,Gym Floor,79
CI009869,M0602,2025-04-03,6,Gym Floor,35
CI009870,M0602,2025-06-14,17,Gym Floor,55
CI009871,M0602,2025-06-15,21,Gym Floor,65
CI009872,M0602,2025-04-10,16,Cardio,64
CI009873,M0602,2025-08-06,17,Cardio,40
CI009874,M0602,2025-08-14,8,Gym Floor,81
CI009875,M0602,2025-03-28,7,Cardio,48
CI009876,M0602,2025-07-24,18,Pilates,20
CI009877,M0602,2025-07-04,7,Pilates,46
CI009878,M0602,2025-05-22,8,Zumba,46
CI009879,M0602,2025-03-03,6,CrossFit,32
CI009880,M0602,2025-03-27,17,CrossFit,53
CI009881,M0603,2025-04-16,6,Pilates,51
CI009882,M0603,2025-08-30,7,Gym Floor,77
CI009883,M0603,2025-04-10,19,Cardio,49
CI009884,M0603,2025-04-23,19,Zumba,69
CI009885,M0603,2025-06-17,19,Yoga,58
CI009886,M0603,2025-07-08,16,Cardio,41
CI009887,M0603,2025-05-25,10,Zumba,78
CI009888,M0603,2025-07-27,18,Gym Floor,63
CI009889,M0603,2025-07-15,18,Strength Training,43
CI009890,M0603,2025-07-22,6,Gym Floor,72
CI009891,M0603,2025-03-27,18,Pilates,47
CI009892,M0603,2025-03-06,17,Gym Floor,31
CI009893,M0603,2025-08-24,11,Gym Floor,46
CI009894,M0603,2025-06-02,7,Pilates,53
CI009895,M0603,2025-07-12,9,Gym Floor,69
CI009896,M0603,2025-08-15,11,Gym Floor,65
CI009897,M0603,2025-05-29,7,Gym Floor,56
CI009898,M0603,2025-08-20,20,Pilates,74
CI009899,M0604,2025-07-01,6,Gym Floor,48
CI009900,M0604,2025-04-19,17,Spin,57
CI009901,M0604,2025-04-11,16,Gym Floor,45
CI009902,M0605,2025-06-05,10,Strength Training,28
CI009903,M0605,2025-03-23,19,Gym Floor,61
CI009904,M0605,2025-07-09,18,Strength Training,51
CI009905,M0605,2025-08-24,16,Gym Floor,52
CI009906,M0605,2025-06-20,18,CrossFit,82
CI009907,M0605,2025-03-08,6,Gym Floor,41
CI009908,M0605,2025-03-05,16,Zumba,67
CI009909,M0605,2025-08-06,11,Gym Floor,50
CI009910,M0605,2025-04-19,16,Pilates,41
CI009911,M0605,2025-08-22,16,Gym Floor,24
CI009912,M0605,2025-07-16,7,Gym Floor,88
CI009913,M0605,2025-06-02,18,Pilates,43
CI009914,M0605,2025-08-11,7,HIIT,100
CI009915,M0605,2025-04-03,18,Strength Training,45
CI009916,M0605,2025-06-06,18,HIIT,78
CI009917,M0605,2025-07-06,17,Cardio,69
CI009918,M0605,2025-03-26,12,Gym Floor,87
CI009919,M0605,2025-07-15,8,Gym Floor,68
CI009920,M0605,2025-07-27,9,HIIT,58
CI009921,M0605,2025-04-06,8,Cardio,46
CI009922,M0605,2025-03-31,17,Gym Floor,41
CI009923,M0605,2025-03-07,8,Zumba,38
CI009924,M0605,2025-08-03,21,Yoga,56
CI009925,M0605,2025-07-09,19,Pilates,26
CI009926,M0605,2025-06-06,7,Gym Floor,61
CI009927,M0605,2025-03-03,18,Gym Floor,55
CI009928,M0605,2025-04-17,17,Gym Floor,60
CI009929,M0606,2025-08-27,10,Strength Training,55
CI009930,M0606,2025-08-25,20,Pilates,35
CI009931,M0607,2025-07-23,7,Gym Floor,55
CI009932,M0607,2025-05-10,19,Zumba,68
CI009933,M0607,2025-05-14,8,Cardio,61
CI009934,M0607,2025-07-31,17,CrossFit,49
CI009935,M0607,2025-08-17,7,Gym Floor,83
CI009936,M0607,2025-07-01,20,Gym Floor,69
CI009937,M0607,2025-05-24,10,CrossFit,94
CI009938,M0607,2025-05-31,17,Cardio,20
CI009939,M0607,2025-07-14,10,Zumba,42
CI009940,M0607,2025-07-31,8,Gym Floor,63
CI009941,M0607,2025-06-22,17,Zumba,62
CI009942,M0607,2025-05-22,10,Gym Floor,64
CI009943,M0607,2025-03-19,19,Cardio,60
CI009944,M0607,2025-04-03,17,Strength Training,67
CI009945,M0607,2025-03-19,18,Gym Floor,52
CI009946,M0607,2025-05-14,18,Spin,46
CI009947,M0607,2025-03-14,16,Zumba,46
CI009948,M0607,2025-04-19,17,CrossFit,64
CI009949,M0607,2025-06-03,18,Gym Floor,56
CI009950,M0607,2025-06-08,19,Pilates,51
CI009951,M0607,2025-03-25,11,Gym Floor,54
CI009952,M0607,2025-07-02,11,Gym Floor,37
CI009953,M0607,2025-03-01,19,Strength Training,45
CI009954,M0607,2025-05-21,18,Yoga,61
CI009955,M0607,2025-03-28,19,Pilates,50
CI009956,M0607,2025-07-04,19,CrossFit,78
CI009957,M0607,2025-03-31,7,Gym Floor,80
CI009958,M0607,2025-08-26,8,Gym Floor,62
CI009959,M0607,2025-08-08,17,Pilates,73
CI009960,M0608,2025-03-06,7,Gym Floor,51
CI009961,M0608,2025-03-05,9,Spin,54
CI009962,M0608,2025-08-17,18,Zumba,73
CI009963,M0608,2025-08-13,19,Spin,23
CI009964,M0608,2025-07-16,18,HIIT,59
CI009965,M0608,2025-04-26,18,Gym Floor,47
CI009966,M0608,2025-06-25,7,Gym Floor,42
CI009967,M0608,2025-07-14,8,Spin,59
CI009968,M0608,2025-08-02,16,Strength Training,22
CI009969,M0608,2025-05-27,7,Yoga,50
CI009970,M0608,2025-04-02,8,CrossFit,45
CI009971,M0608,2025-06-30,20,Yoga,86
CI009972,M0608,2025-03-17,6,Gym Floor,71
CI009973,M0608,2025-07-09,19,HIIT,49
CI009974,M0608,2025-03-24,16,Gym Floor,62
CI009975,M0608,2025-06-09,11,Gym Floor,52
CI009976,M0608,2025-05-14,17,Gym Floor,69
CI009977,M0608,2025-08-06,20,Yoga,54
CI009978,M0608,2025-03-13,16,Gym Floor,78
CI009979,M0608,2025-08-24,7,Strength Training,50
CI009980,M0608,2025-04-23,17,CrossFit,58
CI009981,M0608,2025-04-02,17,Pilates,46
CI009982,M0608,2025-04-20,8,Gym Floor,85
CI009983,M0608,2025-04-15,9,Gym Floor,54
CI009984,M0608,2025-03-14,21,Gym Floor,43
CI009985,M0608,2025-08-05,7,Yoga,60
CI009986,M0608,2025-06-23,6,Gym Floor,68
CI009987,M0608,2025-04-25,20,Pilates,40
CI009988,M0609,2025-03-17,20,Pilates,34
CI009989,M0609,2025-08-12,21,Strength Training,89
CI009990,M0609,2025-06-21,7,Gym Floor,44
CI009991,M0609,2025-06-28,21,Gym Floor,45
CI009992,M0609,2025-04-29,6,Gym Floor,34
CI009993,M0609,2025-05-14,17,Zumba,66
CI009994,M0609,2025-04-22,19,Gym Floor,57
CI009995,M0609,2025-05-11,17,Gym Floor,34
CI009996,M0609,2025-08-22,7,Gym Floor,73
CI009997,M0610,2025-08-07,9,Gym Floor,78
CI009998,M0610,2025-07-12,16,Zumba,97
CI009999,M0610,2025-03-07,19,Yoga,55
CI010000,M0610,2025-06-11,18,Pilates,73
CI010001,M0610,2025-06-06,8,Spin,79
CI010002,M0610,2025-04-01,6,Gym Floor,72
CI010003,M0610,2025-04-22,12,Zumba,47
CI010004,M0610,2025-03-07,17,Strength Training,79
CI010005,M0610,2025-05-18,7,Gym Floor,44
CI010006,M0610,2025-06-15,19,Gym Floor,43
CI010007,M0611,2025-03-15,17,Gym Floor,37
CI010008,M0611,2025-06-25,19,Gym Floor,41
CI010009,M0611,2025-08-21,12,Strength Training,42
CI010010,M0611,2025-06-03,9,Zumba,63
CI010011,M0611,2025-08-28,18,Gym Floor,56
CI010012,M0611,2025-08-31,19,Zumba,42
CI010013,M0611,2025-04-10,6,Strength Training,68
CI010014,M0611,2025-06-15,7,Pilates,69
CI010015,M0611,2025-03-18,6,Strength Training,64
CI010016,M0611,2025-05-20,11,Yoga,57
CI010017,M0611,2025-08-06,19,Gym Floor,35
CI010018,M0611,2025-05-03,17,Gym Floor,62
CI010019,M0611,2025-06-10,10,Gym Floor,65
CI010020,M0611,2025-04-04,19,Pilates,73
CI010021,M0612,2025-05-19,8,Gym Floor,48
CI010022,M0612,2025-06-16,7,Pilates,29
CI010023,M0612,2025-05-18,6,Gym Floor,43
CI010024,M0612,2025-08-14,19,Gym Floor,52
CI010025,M0613,2025-08-26,8,Gym Floor,76
CI010026,M0613,2025-05-09,9,HIIT,33
CI010027,M0613,2025-08-18,18,Gym Floor,27
CI010028,M0613,2025-07-21,17,Gym Floor,59
CI010029,M0613,2025-04-30,8,Gym Floor,52
CI010030,M0613,2025-04-28,9,Gym Floor,84
CI010031,M0613,2025-04-18,8,Strength Training,55
CI010032,M0613,2025-06-22,8,Cardio,68
CI010033,M0613,2025-07-10,11,Gym Floor,47
CI010034,M0613,2025-03-11,17,Yoga,49
CI010035,M0613,2025-05-21,20,Gym Floor,51
CI010036,M0613,2025-03-25,19,Gym Floor,73
CI010037,M0613,2025-06-14,17,Gym Floor,62
CI010038,M0613,2025-07-30,19,Gym Floor,79
CI010039,M0613,2025-07-19,19,Gym Floor,54
CI010040,M0613,2025-06-15,16,Gym Floor,60
CI010041,M0613,2025-07-09,19,Gym Floor,26
CI010042,M0613,2025-05-19,8,Gym Floor,59
CI010043,M0613,2025-05-30,19,Gym Floor,83
CI010044,M0613,2025-06-10,17,Gym Floor,30
CI010045,M0613,2025-05-19,18,Spin,49
CI010046,M0613,2025-06-11,18,HIIT,54
CI010047,M0613,2025-06-20,6,Gym Floor,36
CI010048,M0613,2025-07-09,20,Gym Floor,26
CI010049,M0613,2025-03-28,7,Strength Training,68
CI010050,M0614,2025-08-28,8,Gym Floor,62
CI010051,M0615,2025-08-01,21,CrossFit,72
CI010052,M0615,2025-03-07,20,Gym Floor,53
CI010053,M0615,2025-07-25,16,Gym Floor,72
CI010054,M0615,2025-03-16,19,Zumba,61
CI010055,M0615,2025-03-10,7,HIIT,54
CI010056,M0615,2025-06-16,11,Gym Floor,80
CI010057,M0615,2025-03-29,18,Zumba,71
CI010058,M0615,2025-06-17,6,Gym Floor,31
CI010059,M0616,2025-07-07,18,Gym Floor,39
CI010060,M0616,2025-08-08,6,Zumba,57
CI010061,M0616,2025-06-18,12,Cardio,85
CI010062,M0616,2025-08-16,10,HIIT,50
CI010063,M0616,2025-07-06,19,Gym Floor,46
CI010064,M0616,2025-05-06,7,Spin,72
CI010065,M0616,2025-08-07,18,Gym Floor,25
CI010066,M0616,2025-07-31,6,Gym Floor,44
CI010067,M0616,2025-05-12,18,Zumba,50
CI010068,M0616,2025-04-25,7,Gym Floor,20
CI010069,M0616,2025-04-13,12,HIIT,62
CI010070,M0616,2025-03-04,9,CrossFit,49
CI010071,M0616,2025-04-23,8,CrossFit,69
CI010072,M0616,2025-06-09,10,HIIT,47
CI010073,M0616,2025-07-11,19,CrossFit,52
CI010074,M0616,2025-04-29,17,Zumba,73
CI010075,M0616,2025-07-30,9,Cardio,64
CI010076,M0616,2025-07-29,17,Gym Floor,54
CI010077,M0616,2025-04-30,6,Gym Floor,44
CI010078,M0616,2025-08-13,18,Gym Floor,56
CI010079,M0616,2025-03-10,12,Gym Floor,91
CI010080,M0616,2025-07-29,17,Strength Training,45
CI010081,M0616,2025-07-14,6,HIIT,75
CI010082,M0616,2025-04-05,21,Gym Floor,56
CI010083,M0616,2025-06-02,9,Pilates,77
CI010084,M0616,2025-06-02,18,Zumba,49
CI010085,M0616,2025-03-04,9,Gym Floor,80
CI010086,M0616,2025-03-01,10,Gym Floor,75
CI010087,M0616,2025-06-27,17,Pilates,53
CI010088,M0616,2025-07-18,18,Spin,26
CI010089,M0616,2025-06-18,17,Gym Floor,39
CI010090,M0616,2025-05-26,18,Gym Floor,36
CI010091,M0616,2025-08-02,17,Gym Floor,20
CI010092,M0616,2025-04-18,17,Gym Floor,47
CI010093,M0616,2025-08-08,8,Spin,60
CI010094,M0616,2025-07-17,6,Gym Floor,85
CI010095,M0616,2025-05-29,21,Gym Floor,50
CI010096,M0616,2025-03-12,7,Pilates,61
CI010097,M0616,2025-03-30,16,Cardio,68
CI010098,M0616,2025-05-21,20,Zumba,39
CI010099,M0616,2025-06-13,19,Gym Floor,48
CI010100,M0616,2025-03-04,9,Gym Floor,61
CI010101,M0616,2025-08-18,17,Gym Floor,36
CI010102,M0616,2025-04-02,7,Strength Training,50
CI010103,M0616,2025-04-11,6,Gym Floor,39
CI010104,M0617,2025-04-26,7,CrossFit,66
CI010105,M0617,2025-06-30,6,HIIT,32
CI010106,M0617,2025-03-04,6,Gym Floor,79
CI010107,M0617,2025-03-09,16,Cardio,65
CI010108,M0617,2025-06-25,16,Strength Training,64
CI010109,M0617,2025-06-22,18,HIIT,41
CI010110,M0617,2025-04-22,8,Gym Floor,49
CI010111,M0617,2025-04-22,10,Gym Floor,52
CI010112,M0617,2025-08-01,6,Gym Floor,65
CI010113,M0617,2025-05-19,8,Yoga,63
CI010114,M0617,2025-03-24,6,Gym Floor,36
CI010115,M0617,2025-07-02,19,Cardio,59
CI010116,M0617,2025-03-29,8,Spin,74
CI010117,M0617,2025-04-05,18,Spin,20
CI010118,M0617,2025-03-28,7,Strength Training,64
CI010119,M0617,2025-06-30,21,Gym Floor,45
CI010120,M0617,2025-08-06,6,CrossFit,34
CI010121,M0617,2025-08-05,6,Pilates,76
CI010122,M0617,2025-05-07,16,Strength Training,58
CI010123,M0617,2025-05-14,21,Gym Floor,37
CI010124,M0617,2025-07-07,16,Spin,61
CI010125,M0617,2025-07-29,6,HIIT,50
CI010126,M0617,2025-06-01,18,HIIT,41
CI010127,M0617,2025-05-09,6,Gym Floor,47
CI010128,M0617,2025-06-12,16,Spin,83
CI010129,M0617,2025-04-13,8,Gym Floor,79
CI010130,M0617,2025-06-22,10,Gym Floor,44
CI010131,M0617,2025-08-09,19,Gym Floor,22
CI010132,M0617,2025-04-15,17,Yoga,62
CI010133,M0617,2025-07-31,17,Gym Floor,81
CI010134,M0617,2025-03-16,18,Gym Floor,61
CI010135,M0617,2025-03-12,17,Spin,54
CI010136,M0617,2025-08-20,6,Gym Floor,20
CI010137,M0617,2025-03-05,19,Spin,79
CI010138,M0617,2025-04-27,10,Gym Floor,57
CI010139,M0617,2025-08-06,18,Cardio,37
CI010140,M0617,2025-06-25,11,Gym Floor,73
CI010141,M0617,2025-08-25,7,CrossFit,68
CI010142,M0617,2025-06-11,18,Pilates,84
CI010143,M0617,2025-05-09,8,CrossFit,52
CI010144,M0617,2025-07-06,19,Gym Floor,60
CI010145,M0617,2025-06-09,8,Gym Floor,50
CI010146,M0617,2025-07-31,19,Zumba,38
CI010147,M0617,2025-08-27,19,CrossFit,47
CI010148,M0618,2025-07-23,9,Cardio,57
CI010149,M0618,2025-08-09,18,Pilates,59
CI010150,M0618,2025-08-28,19,Zumba,45
CI010151,M0618,2025-04-02,10,Gym Floor,42
CI010152,M0618,2025-08-19,20,Yoga,71
CI010153,M0618,2025-04-27,7,Gym Floor,62
CI010154,M0618,2025-07-02,12,Gym Floor,60
CI010155,M0618,2025-06-17,7,Strength Training,54
CI010156,M0618,2025-04-03,12,Zumba,27
CI010157,M0618,2025-08-11,8,Spin,67
CI010158,M0618,2025-06-22,7,Strength Training,22
CI010159,M0618,2025-08-29,21,Zumba,33
CI010160,M0618,2025-03-21,17,Gym Floor,87
CI010161,M0618,2025-08-11,7,HIIT,24
CI010162,M0618,2025-03-24,18,HIIT,41
CI010163,M0618,2025-05-22,7,CrossFit,63
CI010164,M0618,2025-03-16,18,Gym Floor,83
CI010165,M0618,2025-03-15,8,Gym Floor,82
CI010166,M0618,2025-05-28,9,Gym Floor,37
CI010167,M0618,2025-04-03,7,Gym Floor,49
CI010168,M0618,2025-05-24,10,Gym Floor,20
CI010169,M0618,2025-07-31,18,Gym Floor,41
CI010170,M0618,2025-07-28,9,Gym Floor,35
CI010171,M0618,2025-05-09,10,Yoga,37
CI010172,M0618,2025-08-22,16,Gym Floor,51
CI010173,M0618,2025-07-10,6,HIIT,66
CI010174,M0618,2025-08-20,8,Zumba,52
CI010175,M0618,2025-08-08,8,Gym Floor,48
CI010176,M0618,2025-05-25,18,Yoga,45
CI010177,M0618,2025-08-10,19,Gym Floor,68
CI010178,M0618,2025-04-14,17,Gym Floor,70
CI010179,M0618,2025-08-28,21,Pilates,68
CI010180,M0618,2025-05-05,19,Zumba,42
CI010181,M0618,2025-07-17,11,Pilates,71
CI010182,M0618,2025-07-05,9,Gym Floor,43
CI010183,M0618,2025-07-09,9,Gym Floor,71
CI010184,M0618,2025-03-20,18,Spin,69
CI010185,M0618,2025-03-09,9,Spin,29
CI010186,M0618,2025-04-11,6,Pilates,73
CI010187,M0618,2025-03-21,20,Gym Floor,35
CI010188,M0618,2025-07-30,18,HIIT,39
CI010189,M0618,2025-07-08,20,Pilates,64
CI010190,M0618,2025-06-20,18,Gym Floor,65
CI010191,M0618,2025-05-16,21,Gym Floor,38
CI010192,M0619,2025-05-22,10,Gym Floor,20
CI010193,M0619,2025-05-15,19,Gym Floor,46
CI010194,M0619,2025-04-01,8,Gym Floor,59
CI010195,M0619,2025-04-21,20,Yoga,66
CI010196,M0619,2025-08-22,20,Gym Floor,56
CI010197,M0619,2025-03-09,12,Spin,80
CI010198,M0620,2025-06-29,9,Gym Floor,20
CI010199,M0620,2025-08-28,18,CrossFit,57
CI010200,M0620,2025-07-27,7,Gym Floor,63
CI010201,M0620,2025-04-03,19,Yoga,47
CI010202,M0620,2025-07-05,19,HIIT,40
CI010203,M0620,2025-03-26,7,Cardio,41
CI010204,M0620,2025-07-18,19,Strength Training,79
CI010205,M0620,2025-05-15,7,Cardio,56
CI010206,M0620,2025-08-30,12,Strength Training,69
CI010207,M0620,2025-03-12,11,Pilates,84
CI010208,M0620,2025-06-22,12,Gym Floor,53
CI010209,M0620,2025-08-15,6,Gym Floor,42
CI010210,M0620,2025-06-05,11,Strength Training,55
CI010211,M0620,2025-08-03,18,Gym Floor,24
CI010212,M0620,2025-03-09,17,Gym Floor,32
CI010213,M0620,2025-05-20,18,Strength Training,46
CI010214,M0620,2025-06-09,19,Gym Floor,66
CI010215,M0620,2025-06-13,20,Cardio,58
CI010216,M0620,2025-08-25,19,Pilates,67
CI010217,M0620,2025-07-21,6,Spin,48
CI010218,M0620,2025-04-08,11,Strength Training,55
CI010219,M0620,2025-08-30,7,Gym Floor,37
CI010220,M0620,2025-08-31,12,Strength Training,80
CI010221,M0620,2025-03-16,7,Yoga,47
CI010222,M0620,2025-06-14,7,Cardio,73
CI010223,M0620,2025-07-01,9,Zumba,53
CI010224,M0620,2025-04-26,8,Gym Floor,73
CI010225,M0621,2025-05-26,6,Yoga,42
CI010226,M0621,2025-06-02,7,Gym Floor,20
CI010227,M0621,2025-03-02,7,Strength Training,83
CI010228,M0621,2025-04-26,9,CrossFit,73
CI010229,M0621,2025-03-06,10,Gym Floor,31
CI010230,M0621,2025-06-01,19,Gym Floor,28
CI010231,M0621,2025-07-31,20,Zumba,37
CI010232,M0621,2025-04-07,16,Strength Training,37
CI010233,M0621,2025-05-15,17,Gym Floor,71
CI010234,M0621,2025-05-04,17,Gym Floor,72
CI010235,M0621,2025-08-27,20,Gym Floor,66
CI010236,M0622,2025-08-06,7,Pilates,49
CI010237,M0622,2025-06-12,17,CrossFit,76
CI010238,M0622,2025-06-18,12,Gym Floor,66
CI010239,M0622,2025-07-05,9,Gym Floor,35
CI010240,M0623,2025-06-17,16,Spin,55
CI010241,M0623,2025-03-04,6,Gym Floor,77
CI010242,M0623,2025-04-05,20,Gym Floor,39
CI010243,M0623,2025-05-07,8,Zumba,66
CI010244,M0623,2025-04-24,19,Yoga,30
CI010245,M0623,2025-07-08,6,CrossFit,57
CI010246,M0623,2025-06-13,7,Pilates,49
CI010247,M0623,2025-03-08,18,Pilates,59
CI010248,M0623,2025-05-06,17,Spin,51
CI010249,M0624,2025-06-08,16,Gym Floor,84
CI010250,M0624,2025-04-12,18,HIIT,59
CI010251,M0624,2025-08-06,21,CrossFit,63
CI010252,M0624,2025-05-16,17,CrossFit,62
CI010253,M0624,2025-03-08,17,CrossFit,45
CI010254,M0624,2025-08-16,6,Gym Floor,69
CI010255,M0624,2025-04-06,6,Zumba,60
CI010256,M0624,2025-06-09,16,HIIT,74
CI010257,M0624,2025-06-29,19,Gym Floor,81
CI010258,M0624,2025-04-19,19,Gym Floor,54
CI010259,M0625,2025-06-05,7,HIIT,57
CI010260,M0625,2025-06-21,6,Gym Floor,51
CI010261,M0625,2025-06-18,18,Gym Floor,70
CI010262,M0625,2025-07-05,7,Gym Floor,30
CI010263,M0625,2025-08-19,16,Gym Floor,35
CI010264,M0625,2025-04-04,7,Gym Floor,43
CI010265,M0625,2025-08-04,19,Yoga,64
CI010266,M0625,2025-04-22,10,Strength Training,57
CI010267,M0625,2025-06-07,17,Gym Floor,55
CI010268,M0625,2025-07-20,18,Gym Floor,60
CI010269,M0625,2025-05-23,19,Strength Training,54
CI010270,M0625,2025-06-09,8,Gym Floor,68
CI010271,M0625,2025-03-15,21,Gym Floor,59
CI010272,M0625,2025-06-03,18,Spin,50
CI010273,M0625,2025-07-23,11,Cardio,27
CI010274,M0625,2025-04-19,10,Gym Floor,87
CI010275,M0625,2025-08-07,18,HIIT,51
CI010276,M0625,2025-05-02,16,HIIT,70
CI010277,M0625,2025-05-12,8,Cardio,65
CI010278,M0625,2025-07-06,7,Gym Floor,48
CI010279,M0625,2025-04-27,18,Yoga,52
CI010280,M0625,2025-03-24,9,CrossFit,55
CI010281,M0625,2025-07-05,18,Gym Floor,51
CI010282,M0625,2025-05-09,18,Yoga,69
CI010283,M0625,2025-03-07,18,HIIT,77
CI010284,M0625,2025-03-11,16,Spin,40
CI010285,M0625,2025-08-27,9,Pilates,41
CI010286,M0625,2025-04-30,17,Spin,99
CI010287,M0625,2025-07-22,11,Spin,45
CI010288,M0625,2025-05-19,8,HIIT,66
CI010289,M0625,2025-07-24,12,Pilates,74
CI010290,M0625,2025-07-20,17,Gym Floor,41
CI010291,M0625,2025-08-11,9,Yoga,61
CI010292,M0625,2025-05-04,6,Gym Floor,32
CI010293,M0625,2025-05-21,6,HIIT,65
CI010294,M0625,2025-05-20,7,Yoga,50
CI010295,M0625,2025-04-05,18,Gym Floor,82
CI010296,M0625,2025-08-17,7,Gym Floor,67
CI010297,M0626,2025-03-01,18,Spin,67
CI010298,M0626,2025-08-19,18,Gym Floor,61
CI010299,M0627,2025-06-03,17,HIIT,50
CI010300,M0627,2025-05-23,18,Cardio,56
CI010301,M0627,2025-07-27,10,Gym Floor,55
CI010302,M0627,2025-03-31,11,Yoga,84
CI010303,M0627,2025-06-23,7,CrossFit,77
CI010304,M0627,2025-03-08,6,HIIT,25
CI010305,M0627,2025-08-17,8,Gym Floor,35
CI010306,M0627,2025-04-02,18,Gym Floor,55
CI010307,M0628,2025-05-23,9,Yoga,54
CI010308,M0628,2025-05-22,10,HIIT,30
CI010309,M0628,2025-08-12,6,Strength Training,67
CI010310,M0628,2025-03-12,11,Gym Floor,51
CI010311,M0628,2025-04-12,12,Gym Floor,69
CI010312,M0628,2025-04-21,7,CrossFit,32
CI010313,M0628,2025-08-27,17,Gym Floor,43
CI010314,M0628,2025-08-05,8,HIIT,54
CI010315,M0628,2025-08-27,9,Gym Floor,38
CI010316,M0628,2025-08-02,9,CrossFit,58
CI010317,M0628,2025-05-06,9,Cardio,65
CI010318,M0628,2025-04-02,17,Gym Floor,72
CI010319,M0628,2025-04-23,7,Cardio,54
CI010320,M0628,2025-05-12,17,Yoga,58
CI010321,M0628,2025-07-29,19,Gym Floor,78
CI010322,M0628,2025-04-22,6,Gym Floor,60
CI010323,M0628,2025-07-08,18,Gym Floor,64
CI010324,M0628,2025-07-13,17,Gym Floor,56
CI010325,M0628,2025-04-10,17,Yoga,66
CI010326,M0628,2025-08-18,11,Gym Floor,51
CI010327,M0628,2025-08-12,17,Spin,56
CI010328,M0628,2025-04-24,6,Gym Floor,54
CI010329,M0629,2025-04-23,19,Strength Training,61
CI010330,M0629,2025-07-18,18,Strength Training,26
CI010331,M0629,2025-05-27,7,Yoga,38
CI010332,M0629,2025-03-06,18,HIIT,36
CI010333,M0629,2025-08-28,9,Gym Floor,48
CI010334,M0629,2025-03-21,7,Gym Floor,65
CI010335,M0629,2025-05-10,16,Zumba,49
CI010336,M0629,2025-08-27,17,Gym Floor,35
CI010337,M0629,2025-08-14,18,Gym Floor,54
CI010338,M0629,2025-07-19,8,Gym Floor,23
CI010339,M0629,2025-03-17,8,Gym Floor,49
CI010340,M0629,2025-05-31,7,Gym Floor,76
CI010341,M0629,2025-04-19,17,Yoga,89
CI010342,M0629,2025-06-07,17,CrossFit,60
CI010343,M0629,2025-07-27,18,Gym Floor,25
CI010344,M0629,2025-04-06,12,HIIT,57
CI010345,M0629,2025-08-18,18,Gym Floor,55
CI010346,M0629,2025-08-06,18,Spin,71
CI010347,M0629,2025-04-07,7,Gym Floor,43
CI010348,M0629,2025-06-10,6,CrossFit,61
CI010349,M0629,2025-08-05,19,Yoga,36
CI010350,M0629,2025-08-29,6,Cardio,54
CI010351,M0629,2025-06-22,20,Cardio,49
CI010352,M0629,2025-06-05,8,HIIT,72
CI010353,M0629,2025-05-18,19,Pilates,54
CI010354,M0629,2025-04-09,10,Cardio,97
CI010355,M0629,2025-03-28,11,HIIT,60
CI010356,M0629,2025-03-24,18,Pilates,68
CI010357,M0629,2025-08-19,11,Gym Floor,81
CI010358,M0629,2025-08-18,10,Gym Floor,38
CI010359,M0629,2025-03-28,7,HIIT,43
CI010360,M0629,2025-08-16,16,HIIT,29
CI010361,M0629,2025-08-29,19,Strength Training,37
CI010362,M0629,2025-04-03,9,Gym Floor,42
CI010363,M0629,2025-06-21,20,Yoga,44
CI010364,M0629,2025-06-15,12,Gym Floor,53
CI010365,M0629,2025-07-20,8,Pilates,69
CI010366,M0629,2025-04-16,9,Gym Floor,78
CI010367,M0629,2025-08-27,12,Pilates,54
CI010368,M0629,2025-05-11,6,Gym Floor,102
CI010369,M0629,2025-07-18,11,Gym Floor,61
CI010370,M0629,2025-03-05,18,Strength Training,44
CI010371,M0629,2025-03-23,6,Zumba,72
CI010372,M0629,2025-07-08,12,HIIT,52
CI010373,M0630,2025-05-20,18,HIIT,21
CI010374,M0630,2025-06-20,10,Gym Floor,53
CI010375,M0632,2025-03-20,18,Strength Training,47
CI010376,M0632,2025-06-06,8,Pilates,61
CI010377,M0632,2025-04-12,18,Gym Floor,38
CI010378,M0632,2025-05-16,19,Pilates,79
CI010379,M0632,2025-08-08,12,Gym Floor,75
CI010380,M0632,2025-03-01,17,Gym Floor,58
CI010381,M0632,2025-08-03,8,Pilates,65
CI010382,M0632,2025-06-24,12,Gym Floor,66
CI010383,M0632,2025-07-28,11,HIIT,21
CI010384,M0632,2025-03-02,10,Gym Floor,55
CI010385,M0632,2025-03-08,8,CrossFit,85
CI010386,M0632,2025-06-14,10,Pilates,56
CI010387,M0632,2025-05-04,18,HIIT,58
CI010388,M0632,2025-08-16,20,Gym Floor,53
CI010389,M0632,2025-06-21,19,Gym Floor,57
CI010390,M0632,2025-07-14,8,Yoga,27
CI010391,M0632,2025-03-21,19,Yoga,58
CI010392,M0632,2025-05-21,7,Spin,63
CI010393,M0632,2025-06-17,7,Gym Floor,72
CI010394,M0632,2025-05-09,17,Gym Floor,51
CI010395,M0632,2025-07-16,19,Yoga,58
CI010396,M0633,2025-06-05,6,Gym Floor,44
CI010397,M0633,2025-03-05,7,Gym Floor,30
CI010398,M0633,2025-07-24,9,HIIT,36
CI010399,M0633,2025-03-27,8,Gym Floor,55
CI010400,M0633,2025-06-07,17,Yoga,47
CI010401,M0633,2025-03-04,17,Cardio,69
CI010402,M0633,2025-06-08,6,CrossFit,48
CI010403,M0633,2025-03-10,6,Gym Floor,57
CI010404,M0633,2025-05-18,19,HIIT,99
CI010405,M0633,2025-03-08,10,Gym Floor,49
CI010406,M0633,2025-08-18,21,Gym Floor,83
CI010407,M0633,2025-05-23,7,Gym Floor,70
CI010408,M0633,2025-05-27,8,Yoga,20
CI010409,M0633,2025-06-22,9,Gym Floor,67
CI010410,M0633,2025-05-04,11,Gym Floor,50
CI010411,M0633,2025-04-04,18,Gym Floor,63
CI010412,M0634,2025-04-29,18,Gym Floor,39
CI010413,M0634,2025-08-30,18,CrossFit,46
CI010414,M0635,2025-08-27,18,Gym Floor,54
CI010415,M0635,2025-07-15,6,Strength Training,71
CI010416,M0635,2025-07-21,7,Gym Floor,20
CI010417,M0635,2025-08-24,19,Spin,58
CI010418,M0635,2025-04-01,8,Gym Floor,75
CI010419,M0635,2025-04-22,7,Pilates,40
CI010420,M0635,2025-06-09,18,Zumba,77
CI010421,M0635,2025-04-26,8,HIIT,70
CI010422,M0635,2025-03-03,17,Gym Floor,20
CI010423,M0635,2025-05-06,17,Gym Floor,41
CI010424,M0635,2025-05-15,17,Gym Floor,69
CI010425,M0635,2025-04-25,8,Gym Floor,89
CI010426,M0635,2025-03-05,12,Gym Floor,57
CI010427,M0635,2025-08-23,11,Gym Floor,22
CI010428,M0635,2025-04-30,9,Yoga,71
CI010429,M0635,2025-03-08,7,Yoga,81
CI010430,M0635,2025-06-29,17,HIIT,69
CI010431,M0635,2025-06-15,6,Gym Floor,56
CI010432,M0635,2025-05-05,7,Spin,41
CI010433,M0636,2025-04-18,8,Gym Floor,37
CI010434,M0636,2025-04-26,8,Spin,67
CI010435,M0636,2025-08-28,21,Gym Floor,49
CI010436,M0636,2025-03-25,17,Spin,47
CI010437,M0636,2025-03-02,18,Gym Floor,38
CI010438,M0636,2025-06-02,16,Gym Floor,34
CI010439,M0636,2025-06-10,19,Cardio,60
CI010440,M0636,2025-04-13,10,Gym Floor,52
CI010441,M0636,2025-07-18,10,Gym Floor,75
CI010442,M0636,2025-03-06,18,Gym Floor,62
CI010443,M0636,2025-04-14,10,Gym Floor,48
CI010444,M0636,2025-03-01,6,Gym Floor,35
CI010445,M0636,2025-05-13,10,CrossFit,40
CI010446,M0636,2025-08-12,20,Gym Floor,72
CI010447,M0636,2025-08-15,9,Cardio,50
CI010448,M0636,2025-05-30,19,Gym Floor,52
CI010449,M0636,2025-03-22,9,Gym Floor,30
CI010450,M0636,2025-04-21,6,Gym Floor,53
CI010451,M0636,2025-06-01,18,Strength Training,37
CI010452,M0636,2025-08-26,9,Pilates,54
CI010453,M0636,2025-05-21,10,Gym Floor,61
CI010454,M0636,2025-06-08,18,Gym Floor,43
CI010455,M0636,2025-07-22,17,Gym Floor,43
CI010456,M0636,2025-06-22,10,Gym Floor,20
CI010457,M0636,2025-04-23,18,Pilates,73
CI010458,M0636,2025-04-26,10,HIIT,23
CI010459,M0636,2025-07-08,19,HIIT,61
CI010460,M0636,2025-03-12,18,Zumba,62
CI010461,M0636,2025-06-25,18,Strength Training,50
CI010462,M0636,2025-08-22,6,Gym Floor,66
CI010463,M0636,2025-07-03,9,Gym Floor,79
CI010464,M0636,2025-04-24,19,Gym Floor,48
CI010465,M0637,2025-06-23,8,Strength Training,57
CI010466,M0637,2025-03-26,8,CrossFit,20
CI010467,M0637,2025-08-29,17,CrossFit,40
CI010468,M0637,2025-07-19,16,Yoga,70
CI010469,M0637,2025-05-23,21,CrossFit,40
CI010470,M0637,2025-06-04,19,Pilates,50
CI010471,M0637,2025-03-11,8,Gym Floor,92
CI010472,M0637,2025-08-24,20,CrossFit,47
CI010473,M0637,2025-08-01,18,HIIT,72
CI010474,M0637,2025-03-26,8,CrossFit,71
CI010475,M0637,2025-06-08,16,Gym Floor,86
CI010476,M0638,2025-04-02,10,Gym Floor,26
CI010477,M0638,2025-03-16,19,Gym Floor,97
CI010478,M0638,2025-03-17,21,Gym Floor,44
CI010479,M0638,2025-03-17,9,Cardio,50
CI010480,M0638,2025-06-09,10,Zumba,52
CI010481,M0638,2025-03-16,18,Gym Floor,45
CI010482,M0638,2025-04-04,6,CrossFit,48
CI010483,M0638,2025-07-31,9,Gym Floor,72
CI010484,M0638,2025-06-05,17,Gym Floor,56
CI010485,M0638,2025-06-08,8,Spin,42
CI010486,M0638,2025-05-28,19,Strength Training,41
CI010487,M0638,2025-07-27,7,CrossFit,42
CI010488,M0639,2025-04-01,18,Gym Floor,26
CI010489,M0639,2025-08-16,17,Zumba,48
CI010490,M0639,2025-04-11,7,Gym Floor,72
CI010491,M0639,2025-08-15,10,Pilates,58
CI010492,M0639,2025-05-08,9,Zumba,32
CI010493,M0640,2025-07-06,19,CrossFit,53
CI010494,M0640,2025-07-18,7,HIIT,52
CI010495,M0640,2025-08-23,8,Spin,55
CI010496,M0640,2025-08-06,19,Pilates,82
CI010497,M0640,2025-08-12,16,Zumba,81
CI010498,M0640,2025-07-30,17,Yoga,74
CI010499,M0640,2025-03-19,21,Zumba,39
CI010500,M0640,2025-03-18,18,Strength Training,77
CI010501,M0640,2025-03-16,19,Gym Floor,79
CI010502,M0640,2025-04-26,18,Gym Floor,22
CI010503,M0640,2025-04-20,19,Gym Floor,85
CI010504,M0640,2025-08-25,18,HIIT,40
CI010505,M0640,2025-05-19,17,Gym Floor,82
CI010506,M0640,2025-06-03,18,Gym Floor,35
CI010507,M0640,2025-03-24,6,Yoga,62
CI010508,M0640,2025-06-02,17,Spin,32
CI010509,M0640,2025-06-22,7,Pilates,42
CI010510,M0640,2025-03-08,7,Pilates,56
CI010511,M0640,2025-06-01,7,Zumba,31
CI010512,M0640,2025-06-12,18,Gym Floor,51
CI010513,M0640,2025-08-02,8,HIIT,20
CI010514,M0640,2025-04-27,18,Gym Floor,65
CI010515,M0640,2025-04-19,17,Gym Floor,57
CI010516,M0640,2025-06-04,8,Yoga,20
CI010517,M0640,2025-07-27,18,Zumba,51
CI010518,M0640,2025-03-11,8,Strength Training,36
CI010519,M0640,2025-08-12,19,Cardio,60
CI010520,M0640,2025-07-20,16,Spin,42
CI010521,M0640,2025-05-25,6,Gym Floor,65
CI010522,M0640,2025-06-21,9,HIIT,51
CI010523,M0640,2025-05-10,11,Yoga,57
CI010524,M0640,2025-08-31,17,Pilates,64
CI010525,M0640,2025-06-22,18,Gym Floor,62
CI010526,M0640,2025-07-04,17,Pilates,24
CI010527,M0640,2025-06-21,10,Spin,46
CI010528,M0640,2025-04-09,12,Gym Floor,54
CI010529,M0640,2025-05-07,8,HIIT,52
CI010530,M0640,2025-08-31,17,Cardio,77
CI010531,M0640,2025-08-31,16,Gym Floor,56
CI010532,M0641,2025-06-15,20,Gym Floor,45
CI010533,M0641,2025-08-03,17,Zumba,68
CI010534,M0641,2025-05-11,16,Strength Training,72
CI010535,M0641,2025-05-17,16,Gym Floor,79
CI010536,M0641,2025-04-19,7,Zumba,39
CI010537,M0641,2025-03-07,7,CrossFit,49
CI010538,M0641,2025-03-28,18,Pilates,52
CI010539,M0641,2025-05-17,11,CrossFit,61
CI010540,M0641,2025-05-22,8,Gym Floor,31
CI010541,M0641,2025-05-26,18,HIIT,20
CI010542,M0641,2025-06-16,18,Gym Floor,45
CI010543,M0642,2025-05-18,20,HIIT,36
CI010544,M0642,2025-05-06,7,Gym Floor,70
CI010545,M0642,2025-07-07,8,Gym Floor,41
CI010546,M0642,2025-04-20,17,CrossFit,86
CI010547,M0642,2025-03-08,7,Yoga,51
CI010548,M0642,2025-05-10,9,Pilates,59
CI010549,M0642,2025-06-17,12,Strength Training,24
CI010550,M0642,2025-08-10,21,Gym Floor,36
CI010551,M0642,2025-07-16,10,Gym Floor,64
CI010552,M0642,2025-03-08,17,Spin,97
CI010553,M0642,2025-08-08,16,Cardio,28
CI010554,M0642,2025-08-25,17,Pilates,63
CI010555,M0642,2025-08-03,18,Zumba,75
CI010556,M0643,2025-06-08,16,Yoga,56
CI010557,M0643,2025-07-23,7,Gym Floor,36
CI010558,M0643,2025-05-29,10,Gym Floor,56
CI010559,M0643,2025-05-04,11,Gym Floor,80
CI010560,M0643,2025-07-20,9,Gym Floor,81
CI010561,M0643,2025-08-09,9,Cardio,61
CI010562,M0643,2025-05-29,7,Gym Floor,85
CI010563,M0643,2025-05-28,19,Gym Floor,55
CI010564,M0643,2025-06-21,9,Gym Floor,101
CI010565,M0643,2025-08-04,18,Gym Floor,70
CI010566,M0643,2025-04-12,12,Gym Floor,59
CI010567,M0643,2025-06-21,18,Yoga,107
CI010568,M0643,2025-06-11,12,Gym Floor,48
CI010569,M0644,2025-03-24,7,Yoga,61
CI010570,M0644,2025-08-07,20,Pilates,75
CI010571,M0644,2025-03-31,19,Gym Floor,20
CI010572,M0644,2025-06-16,18,Yoga,63
CI010573,M0644,2025-06-27,21,Zumba,20
CI010574,M0644,2025-03-06,8,Gym Floor,27
CI010575,M0644,2025-03-26,17,Pilates,71
CI010576,M0644,2025-05-29,20,Spin,55
CI010577,M0644,2025-04-21,18,Gym Floor,74
CI010578,M0644,2025-07-27,7,Gym Floor,62
CI010579,M0644,2025-04-26,8,Spin,54
CI010580,M0644,2025-07-11,8,Yoga,57
CI010581,M0644,2025-06-17,18,Zumba,61
CI010582,M0644,2025-06-03,19,Gym Floor,66
CI010583,M0644,2025-06-29,11,Pilates,67
CI010584,M0644,2025-07-06,10,Zumba,42
CI010585,M0644,2025-05-01,16,Pilates,34
CI010586,M0645,2025-07-07,7,Gym Floor,23
CI010587,M0645,2025-04-26,17,Strength Training,69
CI010588,M0645,2025-07-06,8,CrossFit,32
CI010589,M0645,2025-06-06,17,Gym Floor,69
CI010590,M0645,2025-04-09,11,Gym Floor,85
CI010591,M0645,2025-08-07,18,CrossFit,52
CI010592,M0646,2025-08-10,9,Zumba,54
CI010593,M0646,2025-04-05,6,HIIT,68
CI010594,M0646,2025-07-21,19,Gym Floor,56
CI010595,M0646,2025-05-26,17,Cardio,65
CI010596,M0646,2025-06-12,18,Zumba,82
CI010597,M0646,2025-07-30,12,CrossFit,75
CI010598,M0646,2025-06-30,11,Gym Floor,20
CI010599,M0646,2025-04-29,10,CrossFit,58
CI010600,M0646,2025-05-22,7,Gym Floor,47
CI010601,M0647,2025-06-11,8,Gym Floor,72
CI010602,M0647,2025-05-03,7,Strength Training,30
CI010603,M0647,2025-04-21,17,Gym Floor,67
CI010604,M0647,2025-04-23,12,Spin,47
CI010605,M0647,2025-03-24,18,Cardio,55
CI010606,M0648,2025-03-12,8,Gym Floor,66
CI010607,M0648,2025-03-25,8,Spin,50
CI010608,M0648,2025-07-18,8,Gym Floor,60
CI010609,M0648,2025-08-23,20,Spin,58
CI010610,M0648,2025-04-20,9,Gym Floor,48
CI010611,M0649,2025-07-22,16,Gym Floor,58
CI010612,M0649,2025-03-30,16,Gym Floor,52
CI010613,M0649,2025-05-18,17,Strength Training,83
CI010614,M0649,2025-08-23,18,Gym Floor,67
CI010615,M0649,2025-04-10,11,Gym Floor,72
CI010616,M0649,2025-04-11,6,Cardio,65
CI010617,M0649,2025-06-22,21,Spin,36
CI010618,M0649,2025-03-07,16,CrossFit,57
CI010619,M0649,2025-03-29,19,HIIT,68
CI010620,M0649,2025-03-07,20,Yoga,69
CI010621,M0649,2025-08-26,18,Gym Floor,46
CI010622,M0649,2025-05-24,18,Gym Floor,48
CI010623,M0649,2025-04-28,6,Pilates,54
CI010624,M0649,2025-04-26,8,CrossFit,56
CI010625,M0649,2025-03-20,8,Spin,71
CI010626,M0649,2025-05-27,10,Gym Floor,59
CI010627,M0649,2025-06-09,12,Cardio,33
CI010628,M0649,2025-07-04,18,Gym Floor,43
CI010629,M0649,2025-06-20,8,Gym Floor,48
CI010630,M0650,2025-05-30,11,Pilates,32
CI010631,M0650,2025-05-05,9,CrossFit,49
CI010632,M0650,2025-08-28,18,Zumba,60
CI010633,M0650,2025-07-22,20,HIIT,88
CI010634,M0650,2025-06-13,19,Gym Floor,27
CI010635,M0650,2025-03-31,7,Yoga,44
CI010636,M0650,2025-06-19,10,Gym Floor,54
CI010637,M0650,2025-05-18,7,Gym Floor,44
CI010638,M0650,2025-03-26,7,Cardio,53
CI010639,M0650,2025-06-05,7,Gym Floor,84
CI010640,M0650,2025-08-07,19,CrossFit,56
CI010641,M0650,2025-05-27,17,Pilates,55
CI010642,M0650,2025-06-14,17,Yoga,20
CI010643,M0650,2025-04-15,10,CrossFit,63
CI010644,M0650,2025-05-18,18,CrossFit,43
CI010645,M0650,2025-04-29,19,Pilates,83
CI010646,M0651,2025-08-10,16,Gym Floor,67
CI010647,M0651,2025-07-07,7,Gym Floor,58
CI010648,M0651,2025-07-28,18,Strength Training,67
CI010649,M0651,2025-08-01,19,HIIT,26
CI010650,M0651,2025-07-15,12,Gym Floor,55
CI010651,M0651,2025-05-18,8,Yoga,84
CI010652,M0651,2025-06-29,17,Yoga,78
CI010653,M0651,2025-08-26,9,CrossFit,82
CI010654,M0651,2025-05-12,17,Spin,66
CI010655,M0651,2025-06-09,16,Gym Floor,72
CI010656,M0651,2025-03-09,6,Spin,58
CI010657,M0651,2025-04-14,20,Yoga,86
CI010658,M0651,2025-05-29,7,Spin,48
CI010659,M0651,2025-03-18,9,Gym Floor,51
CI010660,M0652,2025-07-22,7,HIIT,47
CI010661,M0652,2025-06-27,17,Yoga,67
CI010662,M0652,2025-03-04,19,HIIT,59
CI010663,M0652,2025-06-21,19,Gym Floor,53
CI010664,M0652,2025-08-22,12,Gym Floor,44
CI010665,M0652,2025-03-07,19,Spin,88
CI010666,M0652,2025-06-01,19,Zumba,48
CI010667,M0652,2025-03-15,17,HIIT,43
CI010668,M0652,2025-03-29,7,CrossFit,54
CI010669,M0652,2025-06-23,10,Strength Training,37
CI010670,M0652,2025-08-13,19,CrossFit,75
CI010671,M0652,2025-06-29,10,Gym Floor,29
CI010672,M0653,2025-03-09,7,HIIT,68
CI010673,M0653,2025-04-11,20,Gym Floor,52
CI010674,M0653,2025-06-07,17,Strength Training,76
CI010675,M0653,2025-06-14,8,Pilates,50
CI010676,M0653,2025-07-10,17,Strength Training,46
CI010677,M0654,2025-04-14,8,HIIT,49
CI010678,M0654,2025-07-05,20,Gym Floor,72
CI010679,M0654,2025-05-20,18,Gym Floor,25
CI010680,M0655,2025-06-17,7,Gym Floor,44
CI010681,M0655,2025-03-11,12,Yoga,52
CI010682,M0655,2025-08-05,18,Gym Floor,81
CI010683,M0655,2025-05-01,19,Strength Training,41
CI010684,M0655,2025-07-30,6,Gym Floor,92
CI010685,M0655,2025-06-20,19,Gym Floor,57
CI010686,M0655,2025-08-18,11,Gym Floor,60
CI010687,M0655,2025-07-29,20,Gym Floor,78
CI010688,M0655,2025-08-10,8,Pilates,75
CI010689,M0655,2025-08-06,6,Cardio,61
CI010690,M0655,2025-07-23,7,Pilates,26
CI010691,M0655,2025-05-03,9,Cardio,67
CI010692,M0655,2025-04-23,18,CrossFit,69
CI010693,M0655,2025-05-27,17,Spin,90
CI010694,M0655,2025-07-04,18,Gym Floor,61
CI010695,M0655,2025-03-25,8,Zumba,48
CI010696,M0655,2025-05-03,6,Strength Training,52
CI010697,M0655,2025-03-08,6,Gym Floor,68
CI010698,M0655,2025-04-21,17,Gym Floor,72
CI010699,M0655,2025-06-04,17,Gym Floor,51
CI010700,M0655,2025-04-18,7,Strength Training,53
CI010701,M0655,2025-04-19,7,Gym Floor,70
CI010702,M0655,2025-04-18,18,Zumba,68
CI010703,M0655,2025-05-15,18,Gym Floor,25
CI010704,M0655,2025-05-06,20,Cardio,63
CI010705,M0655,2025-04-11,8,Gym Floor,58
CI010706,M0655,2025-08-29,8,Zumba,48
CI010707,M0655,2025-03-24,17,HIIT,46
CI010708,M0655,2025-05-03,18,Gym Floor,76
CI010709,M0655,2025-05-10,7,Yoga,47
CI010710,M0656,2025-06-27,10,Gym Floor,55
CI010711,M0656,2025-03-07,19,Gym Floor,51
CI010712,M0656,2025-06-25,17,Gym Floor,47
CI010713,M0656,2025-03-16,17,Strength Training,33
CI010714,M0656,2025-08-15,8,Gym Floor,31
CI010715,M0656,2025-05-31,7,Gym Floor,50
CI010716,M0656,2025-07-25,9,Strength Training,72
CI010717,M0656,2025-05-30,8,Yoga,67
CI010718,M0656,2025-05-05,18,Gym Floor,86
CI010719,M0656,2025-05-28,18,Yoga,59
CI010720,M0656,2025-03-31,18,Gym Floor,63
CI010721,M0656,2025-06-12,6,Zumba,78
CI010722,M0656,2025-06-09,6,HIIT,60
CI010723,M0656,2025-06-13,7,Zumba,84
CI010724,M0656,2025-03-21,6,HIIT,51
CI010725,M0656,2025-05-15,6,Gym Floor,79
CI010726,M0656,2025-06-25,9,Spin,54
CI010727,M0656,2025-04-26,9,Gym Floor,20
CI010728,M0656,2025-04-23,20,Gym Floor,41
CI010729,M0656,2025-06-03,17,Gym Floor,72
CI010730,M0656,2025-04-22,19,Pilates,48
CI010731,M0656,2025-06-11,7,Zumba,56
CI010732,M0656,2025-08-19,19,Gym Floor,37
CI010733,M0656,2025-06-03,9,Gym Floor,76
CI010734,M0656,2025-08-04,20,Strength Training,49
CI010735,M0656,2025-07-20,19,Cardio,41
CI010736,M0656,2025-06-20,17,Pilates,72
CI010737,M0656,2025-07-26,7,Strength Training,55
CI010738,M0656,2025-03-21,18,HIIT,81
CI010739,M0656,2025-06-06,8,Strength Training,48
CI010740,M0656,2025-07-11,20,Yoga,38
CI010741,M0656,2025-05-18,17,CrossFit,80
CI010742,M0656,2025-06-01,18,Gym Floor,64
CI010743,M0657,2025-04-03,17,Gym Floor,44
CI010744,M0660,2025-05-02,7,Gym Floor,40
CI010745,M0660,2025-08-11,12,Gym Floor,42
CI010746,M0660,2025-08-25,8,Gym Floor,77
CI010747,M0660,2025-08-02,19,Gym Floor,46
CI010748,M0660,2025-04-25,6,Strength Training,54
CI010749,M0660,2025-06-03,12,Pilates,58
CI010750,M0660,2025-07-02,19,Gym Floor,66
CI010751,M0660,2025-06-01,18,Gym Floor,20
CI010752,M0660,2025-06-14,11,Gym Floor,71
CI010753,M0660,2025-06-03,17,Gym Floor,52
CI010754,M0660,2025-06-20,18,Zumba,55
CI010755,M0660,2025-06-21,19,Gym Floor,74
CI010756,M0660,2025-05-23,7,Gym Floor,75
CI010757,M0660,2025-06-21,19,CrossFit,45
CI010758,M0660,2025-08-05,7,Pilates,46
CI010759,M0660,2025-04-28,18,Spin,64
CI010760,M0660,2025-06-11,11,Gym Floor,49
CI010761,M0660,2025-05-07,11,Gym Floor,76
CI010762,M0660,2025-04-23,9,Gym Floor,69
CI010763,M0660,2025-08-03,18,CrossFit,64
CI010764,M0660,2025-05-21,17,Gym Floor,71
CI010765,M0660,2025-04-22,8,Cardio,59
CI010766,M0661,2025-04-03,19,Gym Floor,66
CI010767,M0661,2025-03-03,18,Spin,67
CI010768,M0662,2025-08-13,6,Gym Floor,53
CI010769,M0662,2025-07-06,11,Gym Floor,35
CI010770,M0662,2025-06-04,16,Gym Floor,36
CI010771,M0662,2025-03-24,9,Pilates,70
CI010772,M0662,2025-04-23,20,Spin,49
CI010773,M0662,2025-07-03,16,Gym Floor,59
CI010774,M0662,2025-08-13,7,Gym Floor,98
CI010775,M0662,2025-07-12,18,Gym Floor,27
CI010776,M0662,2025-03-24,19,Yoga,67
CI010777,M0662,2025-04-02,8,Spin,46
CI010778,M0662,2025-07-12,6,Strength Training,76
CI010779,M0662,2025-05-23,10,Pilates,20
CI010780,M0662,2025-06-08,16,Gym Floor,29
CI010781,M0662,2025-04-26,11,Gym Floor,60
CI010782,M0662,2025-05-04,16,Gym Floor,40
CI010783,M0662,2025-04-23,16,Gym Floor,70
CI010784,M0662,2025-05-28,17,Cardio,71
CI010785,M0662,2025-04-23,9,Gym Floor,89
CI010786,M0662,2025-05-08,21,Gym Floor,53
CI010787,M0662,2025-06-29,17,Zumba,51
CI010788,M0662,2025-06-02,7,Gym Floor,39
CI010789,M0663,2025-06-24,20,Strength Training,54
CI010790,M0664,2025-06-21,19,Gym Floor,28
CI010791,M0664,2025-03-07,16,Spin,106
CI010792,M0664,2025-03-25,7,Pilates,78
CI010793,M0664,2025-04-07,16,Gym Floor,60
CI010794,M0664,2025-04-30,19,Gym Floor,88
CI010795,M0664,2025-05-17,12,Gym Floor,56
CI010796,M0664,2025-05-22,17,CrossFit,35
CI010797,M0664,2025-07-18,7,Spin,51
CI010798,M0664,2025-07-22,10,Strength Training,65
CI010799,M0664,2025-04-04,17,Zumba,42
CI010800,M0664,2025-06-08,18,Gym Floor,57
CI010801,M0664,2025-04-06,19,Gym Floor,54
CI010802,M0664,2025-03-06,18,Cardio,40
CI010803,M0664,2025-05-24,18,Gym Floor,77
CI010804,M0664,2025-04-03,17,Gym Floor,41
CI010805,M0664,2025-05-18,19,Pilates,57
CI010806,M0664,2025-04-21,8,CrossFit,63
CI010807,M0664,2025-06-26,8,HIIT,57
CI010808,M0664,2025-08-03,12,Yoga,58
CI010809,M0664,2025-08-25,7,Spin,67
CI010810,M0664,2025-04-24,7,Spin,61
CI010811,M0664,2025-07-27,7,Cardio,64
CI010812,M0664,2025-04-23,16,Pilates,75
CI010813,M0664,2025-06-18,11,Cardio,55
CI010814,M0664,2025-04-09,16,Zumba,45
CI010815,M0664,2025-06-25,16,Zumba,60
CI010816,M0664,2025-06-16,6,Yoga,39
CI010817,M0664,2025-06-04,19,Gym Floor,55
CI010818,M0664,2025-06-17,19,Pilates,60
CI010819,M0664,2025-04-17,20,Yoga,75
CI010820,M0664,2025-07-23,10,Gym Floor,73
CI010821,M0664,2025-07-26,17,Pilates,77
CI010822,M0664,2025-08-18,12,CrossFit,60
CI010823,M0665,2025-06-04,19,HIIT,57
CI010824,M0665,2025-07-28,6,Strength Training,50
CI010825,M0665,2025-05-03,19,Spin,78
CI010826,M0665,2025-03-30,19,Pilates,72
CI010827,M0665,2025-03-09,6,Pilates,80
CI010828,M0665,2025-03-21,16,Gym Floor,68
CI010829,M0665,2025-03-02,19,Gym Floor,49
CI010830,M0665,2025-06-16,19,HIIT,41
CI010831,M0665,2025-06-20,19,Gym Floor,81
CI010832,M0665,2025-05-18,19,Gym Floor,59
CI010833,M0665,2025-07-06,19,Yoga,55
CI010834,M0665,2025-04-29,8,Gym Floor,66
CI010835,M0665,2025-06-10,20,Gym Floor,45
CI010836,M0665,2025-03-04,7,CrossFit,59
CI010837,M0665,2025-08-07,17,Yoga,47
CI010838,M0665,2025-04-16,8,Cardio,42
CI010839,M0665,2025-08-18,18,Strength Training,30
CI010840,M0665,2025-07-05,7,HIIT,57
CI010841,M0665,2025-04-13,7,Gym Floor,58
CI010842,M0665,2025-08-14,18,Gym Floor,64
CI010843,M0665,2025-05-01,19,Gym Floor,37
CI010844,M0665,2025-04-07,19,Cardio,56
CI010845,M0665,2025-03-22,18,Gym Floor,44
CI010846,M0665,2025-05-24,8,Gym Floor,76
CI010847,M0665,2025-04-23,18,Yoga,75
CI010848,M0665,2025-06-25,6,Pilates,76
CI010849,M0665,2025-04-24,9,Spin,42
CI010850,M0665,2025-03-20,19,Gym Floor,66
CI010851,M0665,2025-05-07,8,Gym Floor,51
CI010852,M0665,2025-06-13,6,Spin,82
CI010853,M0665,2025-05-12,19,Zumba,44
CI010854,M0665,2025-08-01,8,Gym Floor,92
CI010855,M0665,2025-06-03,7,HIIT,72
CI010856,M0665,2025-04-10,20,Gym Floor,63
CI010857,M0665,2025-07-27,20,Gym Floor,57
CI010858,M0666,2025-08-16,19,Gym Floor,61
CI010859,M0666,2025-08-14,8,CrossFit,43
CI010860,M0666,2025-03-06,12,Gym Floor,77
CI010861,M0666,2025-06-18,8,Spin,47
CI010862,M0666,2025-07-13,8,Spin,49
CI010863,M0666,2025-06-16,18,CrossFit,83
CI010864,M0666,2025-03-17,9,Cardio,39
CI010865,M0666,2025-05-10,8,Gym Floor,44
CI010866,M0666,2025-08-12,11,CrossFit,51
CI010867,M0666,2025-07-24,18,Strength Training,79
CI010868,M0666,2025-07-24,7,CrossFit,75
CI010869,M0667,2025-03-17,18,Gym Floor,61
CI010870,M0668,2025-03-05,6,Pilates,55
CI010871,M0668,2025-04-21,18,HIIT,21
CI010872,M0668,2025-07-04,8,HIIT,72
CI010873,M0668,2025-04-20,9,Gym Floor,47
CI010874,M0668,2025-07-02,8,Gym Floor,60
CI010875,M0668,2025-03-07,17,Gym Floor,78
CI010876,M0668,2025-03-31,17,CrossFit,75
CI010877,M0669,2025-04-24,7,Yoga,47
CI010878,M0669,2025-05-20,17,Gym Floor,64
CI010879,M0670,2025-08-07,10,Gym Floor,58
CI010880,M0670,2025-03-09,11,Gym Floor,35
CI010881,M0670,2025-07-28,6,Gym Floor,76
CI010882,M0670,2025-03-21,16,Spin,31
CI010883,M0670,2025-03-14,19,Gym Floor,69
CI010884,M0670,2025-03-18,8,Pilates,68
CI010885,M0670,2025-07-08,8,Gym Floor,31
CI010886,M0670,2025-06-20,20,Strength Training,74
CI010887,M0670,2025-05-18,9,Gym Floor,65
CI010888,M0670,2025-07-21,6,Gym Floor,49
CI010889,M0670,2025-05-19,12,Gym Floor,39
CI010890,M0670,2025-08-19,6,Gym Floor,76
CI010891,M0670,2025-06-29,19,Gym Floor,48
CI010892,M0671,2025-06-30,18,Gym Floor,29
CI010893,M0671,2025-07-09,17,Gym Floor,73
CI010894,M0671,2025-07-24,18,Gym Floor,84
CI010895,M0671,2025-03-20,7,Gym Floor,44
CI010896,M0671,2025-05-17,20,Gym Floor,60
CI010897,M0671,2025-06-20,19,Zumba,63
CI010898,M0671,2025-03-02,19,Spin,25
CI010899,M0671,2025-05-27,10,Strength Training,75
CI010900,M0671,2025-08-27,7,Gym Floor,47
CI010901,M0671,2025-04-03,11,Cardio,61
CI010902,M0671,2025-04-23,6,Gym Floor,50
CI010903,M0671,2025-07-24,17,CrossFit,26
CI010904,M0671,2025-05-27,21,Gym Floor,38
CI010905,M0671,2025-04-23,18,Gym Floor,54
CI010906,M0671,2025-05-16,17,Gym Floor,55
CI010907,M0671,2025-08-27,18,Gym Floor,40
CI010908,M0671,2025-04-13,16,Cardio,47
CI010909,M0671,2025-08-18,8,Spin,28
CI010910,M0671,2025-04-15,6,Zumba,52
CI010911,M0671,2025-06-15,19,Cardio,78
CI010912,M0671,2025-06-05,20,Zumba,48
CI010913,M0671,2025-08-29,19,Gym Floor,66
CI010914,M0671,2025-04-11,16,Spin,55
CI010915,M0671,2025-05-25,12,Cardio,65
CI010916,M0671,2025-05-10,7,Zumba,59
CI010917,M0671,2025-03-04,18,HIIT,22
CI010918,M0671,2025-07-02,19,Yoga,79
CI010919,M0671,2025-08-12,10,Zumba,30
CI010920,M0671,2025-07-21,17,Zumba,58
CI010921,M0672,2025-05-09,19,HIIT,63
CI010922,M0672,2025-06-23,20,Gym Floor,62
CI010923,M0673,2025-05-22,19,HIIT,70
CI010924,M0673,2025-04-22,17,Gym Floor,47
CI010925,M0673,2025-03-28,8,Zumba,36
CI010926,M0673,2025-08-14,19,Gym Floor,69
CI010927,M0673,2025-04-16,19,Gym Floor,57
CI010928,M0673,2025-04-05,17,Gym Floor,42
CI010929,M0673,2025-08-11,18,Gym Floor,27
CI010930,M0673,2025-06-06,10,Strength Training,49
CI010931,M0673,2025-08-10,19,Pilates,28
CI010932,M0673,2025-08-02,10,Gym Floor,73
CI010933,M0673,2025-04-28,10,Gym Floor,51
CI010934,M0673,2025-06-08,18,Gym Floor,44
CI010935,M0673,2025-06-09,16,Pilates,60
CI010936,M0673,2025-05-04,7,Spin,82
CI010937,M0674,2025-04-28,6,HIIT,53
CI010938,M0674,2025-04-25,8,Spin,25
CI010939,M0674,2025-04-28,10,Cardio,47
CI010940,M0674,2025-07-11,19,Gym Floor,66
CI010941,M0674,2025-06-01,19,CrossFit,64
CI010942,M0674,2025-05-08,19,Gym Floor,21
CI010943,M0675,2025-05-05,8,Zumba,75
CI010944,M0675,2025-07-29,19,HIIT,67
CI010945,M0675,2025-08-01,6,Pilates,42
CI010946,M0675,2025-08-10,9,Cardio,50
CI010947,M0675,2025-03-02,16,Gym Floor,73
CI010948,M0675,2025-05-26,7,Gym Floor,51
CI010949,M0675,2025-06-07,19,Gym Floor,51
CI010950,M0675,2025-07-03,18,Gym Floor,59
CI010951,M0675,2025-03-24,16,HIIT,91
CI010952,M0675,2025-06-19,16,Gym Floor,79
CI010953,M0675,2025-06-26,17,Pilates,74
CI010954,M0675,2025-05-29,20,Gym Floor,51
CI010955,M0675,2025-07-10,7,Gym Floor,88
CI010956,M0675,2025-07-20,19,Gym Floor,37
CI010957,M0675,2025-07-11,19,Spin,50
CI010958,M0675,2025-04-06,21,Gym Floor,56
CI010959,M0675,2025-07-03,19,Zumba,47
CI010960,M0675,2025-08-29,19,CrossFit,21
CI010961,M0675,2025-06-21,6,Gym Floor,49
CI010962,M0675,2025-06-21,10,HIIT,54
CI010963,M0676,2025-06-15,8,Gym Floor,51
CI010964,M0676,2025-08-08,19,Gym Floor,36
CI010965,M0676,2025-03-14,20,Gym Floor,41
CI010966,M0676,2025-05-03,18,Spin,69
CI010967,M0676,2025-05-19,17,Zumba,46
CI010968,M0676,2025-06-18,10,Gym Floor,59
CI010969,M0676,2025-08-09,17,Gym Floor,53
CI010970,M0676,2025-05-04,19,Cardio,86
CI010971,M0676,2025-08-29,18,Gym Floor,58
CI010972,M0676,2025-05-08,18,Pilates,44
CI010973,M0676,2025-08-03,6,Gym Floor,66
CI010974,M0676,2025-04-05,6,Gym Floor,65
CI010975,M0676,2025-04-12,11,Spin,88
CI010976,M0676,2025-07-11,7,Gym Floor,20
CI010977,M0677,2025-05-20,21,Yoga,57
CI010978,M0677,2025-05-27,6,HIIT,90
CI010979,M0677,2025-05-19,19,Gym Floor,33
CI010980,M0677,2025-06-05,9,Gym Floor,42
CI010981,M0677,2025-04-06,17,Gym Floor,49
CI010982,M0677,2025-07-31,9,Gym Floor,42
CI010983,M0677,2025-06-19,17,Strength Training,48
CI010984,M0677,2025-04-26,17,Gym Floor,65
CI010985,M0677,2025-07-25,12,Gym Floor,68
CI010986,M0677,2025-04-23,8,HIIT,29
CI010987,M0677,2025-04-13,18,Gym Floor,60
CI010988,M0677,2025-05-25,7,Gym Floor,60
CI010989,M0677,2025-07-07,20,HIIT,64
CI010990,M0678,2025-03-26,10,Spin,53
CI010991,M0678,2025-05-02,7,Gym Floor,59
CI010992,M0678,2025-07-11,10,Zumba,38
CI010993,M0678,2025-05-10,12,Gym Floor,70
CI010994,M0678,2025-07-29,7,HIIT,48
CI010995,M0678,2025-04-02,8,HIIT,21
CI010996,M0678,2025-03-19,10,Strength Training,47
CI010997,M0678,2025-08-04,16,Cardio,54
CI010998,M0678,2025-06-17,9,Gym Floor,49
CI010999,M0678,2025-03-02,19,Cardio,54
CI011000,M0678,2025-08-27,11,Gym Floor,55
CI011001,M0678,2025-04-14,16,Gym Floor,56
CI011002,M0678,2025-03-11,11,Gym Floor,68
CI011003,M0678,2025-07-09,8,Gym Floor,58
CI011004,M0679,2025-05-19,12,Yoga,60
CI011005,M0679,2025-04-20,19,Gym Floor,31
CI011006,M0679,2025-04-08,18,Yoga,20
CI011007,M0679,2025-08-03,17,Gym Floor,74
CI011008,M0679,2025-04-15,7,Gym Floor,31
CI011009,M0679,2025-04-20,19,Spin,82
CI011010,M0679,2025-07-22,19,Gym Floor,45
CI011011,M0679,2025-06-25,16,Gym Floor,36
CI011012,M0679,2025-05-17,16,Zumba,47
CI011013,M0679,2025-08-07,19,Gym Floor,51
CI011014,M0679,2025-04-23,8,Cardio,57
CI011015,M0679,2025-08-27,18,HIIT,27
CI011016,M0680,2025-08-31,10,Gym Floor,81
CI011017,M0680,2025-06-29,7,CrossFit,57
CI011018,M0680,2025-07-28,18,HIIT,58
CI011019,M0680,2025-03-24,11,Yoga,35
CI011020,M0680,2025-07-24,9,Gym Floor,53
CI011021,M0680,2025-05-05,17,Strength Training,54
CI011022,M0680,2025-03-11,17,Gym Floor,37
CI011023,M0680,2025-03-27,6,Spin,95
CI011024,M0680,2025-04-08,18,HIIT,29
CI011025,M0680,2025-03-21,12,Strength Training,66
CI011026,M0680,2025-08-16,6,Gym Floor,46
CI011027,M0680,2025-07-02,12,Gym Floor,47
CI011028,M0681,2025-03-29,19,Gym Floor,50
CI011029,M0681,2025-04-26,6,Strength Training,50
CI011030,M0681,2025-04-27,21,Cardio,46
CI011031,M0681,2025-05-09,11,Gym Floor,43
CI011032,M0681,2025-06-24,19,Strength Training,36
CI011033,M0681,2025-08-25,20,Gym Floor,64
CI011034,M0681,2025-04-20,16,Spin,51
CI011035,M0681,2025-06-26,17,Gym Floor,46
CI011036,M0681,2025-04-21,17,Gym Floor,48
CI011037,M0681,2025-04-18,10,Gym Floor,56
CI011038,M0681,2025-08-18,17,Spin,78
CI011039,M0681,2025-03-04,18,Zumba,65
CI011040,M0681,2025-03-24,17,Yoga,37
CI011041,M0681,2025-05-08,11,Gym Floor,58
CI011042,M0681,2025-04-23,17,CrossFit,20
CI011043,M0682,2025-07-22,18,Yoga,20
CI011044,M0682,2025-05-17,19,Gym Floor,70
CI011045,M0682,2025-05-28,20,Gym Floor,20
CI011046,M0682,2025-05-07,7,Gym Floor,59
CI011047,M0682,2025-03-24,18,Gym Floor,61
CI011048,M0682,2025-05-14,18,CrossFit,28
CI011049,M0682,2025-05-20,11,Strength Training,20
CI011050,M0682,2025-05-22,6,Spin,46
CI011051,M0682,2025-08-27,16,HIIT,63
CI011052,M0682,2025-05-27,10,Spin,44
CI011053,M0682,2025-03-18,9,Gym Floor,26
CI011054,M0682,2025-05-30,18,Strength Training,38
CI011055,M0682,2025-03-27,12,Gym Floor,33
CI011056,M0682,2025-04-26,19,Gym Floor,41
CI011057,M0682,2025-05-07,19,Gym Floor,41
CI011058,M0682,2025-06-19,6,Yoga,58
CI011059,M0682,2025-06-03,10,Strength Training,66
CI011060,M0682,2025-05-07,9,Spin,61
CI011061,M0682,2025-05-22,10,Spin,56
CI011062,M0682,2025-03-20,19,Cardio,63
CI011063,M0684,2025-04-13,9,Gym Floor,61
CI011064,M0684,2025-04-30,19,Gym Floor,22
CI011065,M0684,2025-05-11,19,Cardio,36
CI011066,M0684,2025-07-23,8,Gym Floor,61
CI011067,M0684,2025-05-13,17,Strength Training,20
CI011068,M0684,2025-07-14,10,Yoga,41
CI011069,M0684,2025-03-09,17,CrossFit,20
CI011070,M0685,2025-04-09,17,Spin,49
CI011071,M0685,2025-05-22,8,HIIT,80
CI011072,M0685,2025-08-03,10,Pilates,82
CI011073,M0685,2025-07-17,18,CrossFit,29
CI011074,M0685,2025-08-20,12,Gym Floor,47
CI011075,M0685,2025-03-04,17,Gym Floor,68
CI011076,M0686,2025-04-11,6,Yoga,34
CI011077,M0686,2025-07-04,10,Spin,70
CI011078,M0686,2025-05-04,9,HIIT,59
CI011079,M0686,2025-06-19,11,Gym Floor,60
CI011080,M0686,2025-06-03,17,HIIT,63
CI011081,M0686,2025-08-20,11,Gym Floor,61
CI011082,M0686,2025-05-03,6,Gym Floor,83
CI011083,M0686,2025-04-13,16,Spin,72
CI011084,M0686,2025-03-18,6,Pilates,27
CI011085,M0686,2025-07-23,19,Cardio,33
CI011086,M0686,2025-08-21,19,Cardio,34
CI011087,M0686,2025-08-10,16,Spin,64
CI011088,M0686,2025-04-28,17,Cardio,61
CI011089,M0686,2025-06-08,12,HIIT,70
CI011090,M0686,2025-07-03,17,Gym Floor,34
CI011091,M0686,2025-03-13,11,Gym Floor,40
CI011092,M0686,2025-06-24,16,Zumba,71
CI011093,M0686,2025-06-24,7,Gym Floor,54
CI011094,M0686,2025-06-16,19,Gym Floor,55
CI011095,M0686,2025-08-10,12,HIIT,35
CI011096,M0686,2025-04-11,7,Zumba,56
CI011097,M0686,2025-04-19,8,Yoga,38
CI011098,M0686,2025-06-25,19,Pilates,47
CI011099,M0686,2025-05-06,8,Gym Floor,59
CI011100,M0686,2025-06-17,16,Gym Floor,62
CI011101,M0687,2025-04-08,10,Strength Training,55
CI011102,M0687,2025-04-28,11,Pilates,37
CI011103,M0687,2025-07-09,17,Gym Floor,65
CI011104,M0687,2025-05-13,19,Gym Floor,23
CI011105,M0688,2025-06-20,19,HIIT,69
CI011106,M0688,2025-06-27,6,HIIT,60
CI011107,M0688,2025-04-18,9,Gym Floor,43
CI011108,M0688,2025-07-20,17,Gym Floor,32
CI011109,M0688,2025-07-19,8,Gym Floor,51
CI011110,M0688,2025-03-28,8,Gym Floor,60
CI011111,M0688,2025-08-09,8,Strength Training,53
CI011112,M0688,2025-03-17,10,HIIT,30
CI011113,M0688,2025-06-03,18,Gym Floor,49
CI011114,M0688,2025-05-08,17,Gym Floor,28
CI011115,M0688,2025-07-15,20,HIIT,45
CI011116,M0688,2025-03-10,18,HIIT,40
CI011117,M0688,2025-03-08,17,Cardio,73
CI011118,M0688,2025-05-17,18,Zumba,57
CI011119,M0688,2025-04-12,18,Cardio,42
CI011120,M0688,2025-08-27,7,HIIT,50
CI011121,M0688,2025-04-05,20,Gym Floor,33
CI011122,M0688,2025-04-10,12,Gym Floor,82
CI011123,M0689,2025-06-09,17,Yoga,77
CI011124,M0689,2025-07-25,10,Gym Floor,61
CI011125,M0689,2025-03-25,7,Gym Floor,76
CI011126,M0689,2025-05-03,21,Gym Floor,39
CI011127,M0689,2025-06-14,18,CrossFit,53
CI011128,M0689,2025-06-23,18,Gym Floor,27
CI011129,M0689,2025-05-20,6,Gym Floor,37
CI011130,M0689,2025-03-14,18,Pilates,34
CI011131,M0689,2025-06-24,19,HIIT,65
CI011132,M0689,2025-04-28,19,Cardio,30
CI011133,M0689,2025-08-19,21,Gym Floor,57
CI011134,M0689,2025-07-18,8,Zumba,34
CI011135,M0689,2025-08-12,9,CrossFit,82
CI011136,M0689,2025-03-05,19,HIIT,63
CI011137,M0689,2025-03-21,17,Gym Floor,40
CI011138,M0689,2025-06-03,9,HIIT,53
CI011139,M0689,2025-06-22,6,Gym Floor,41
CI011140,M0689,2025-03-02,8,Gym Floor,51
CI011141,M0689,2025-08-25,18,Zumba,48
CI011142,M0689,2025-03-17,7,Pilates,73
CI011143,M0689,2025-05-17,19,Gym Floor,90
CI011144,M0689,2025-05-19,18,Strength Training,69
CI011145,M0689,2025-04-12,16,Gym Floor,55
CI011146,M0689,2025-08-11,11,Gym Floor,44
CI011147,M0689,2025-03-09,19,Spin,28
CI011148,M0689,2025-04-25,9,Gym Floor,62
CI011149,M0689,2025-04-15,10,CrossFit,51
CI011150,M0689,2025-06-02,18,Yoga,75
CI011151,M0690,2025-08-12,6,Gym Floor,37
CI011152,M0690,2025-04-26,7,Yoga,59
CI011153,M0690,2025-07-09,7,CrossFit,65
CI011154,M0690,2025-03-23,21,CrossFit,86
CI011155,M0690,2025-06-12,9,Gym Floor,65
CI011156,M0690,2025-07-28,10,Pilates,28
CI011157,M0690,2025-04-08,18,HIIT,52
CI011158,M0690,2025-04-03,18,Strength Training,62
CI011159,M0691,2025-04-22,12,Gym Floor,46
CI011160,M0691,2025-07-10,17,Yoga,49
CI011161,M0691,2025-04-22,18,Gym Floor,55
CI011162,M0691,2025-03-15,7,CrossFit,50
CI011163,M0691,2025-03-20,11,HIIT,60
CI011164,M0691,2025-03-11,8,Gym Floor,66
CI011165,M0692,2025-05-27,12,Strength Training,53
CI011166,M0692,2025-03-16,11,Gym Floor,72
CI011167,M0692,2025-06-19,19,Gym Floor,34
CI011168,M0693,2025-08-28,6,Pilates,39
CI011169,M0693,2025-08-21,17,CrossFit,50
CI011170,M0693,2025-03-15,8,Gym Floor,60
CI011171,M0693,2025-04-28,16,CrossFit,64
CI011172,M0693,2025-03-07,18,Gym Floor,27
CI011173,M0693,2025-03-20,8,Gym Floor,59
CI011174,M0693,2025-05-08,9,Zumba,84
CI011175,M0694,2025-06-18,6,Gym Floor,80
CI011176,M0694,2025-03-23,18,Gym Floor,38
CI011177,M0694,2025-04-20,7,Yoga,44
CI011178,M0694,2025-08-13,8,Spin,56
CI011179,M0694,2025-07-02,18,Gym Floor,49
CI011180,M0694,2025-04-08,10,Pilates,48
CI011181,M0694,2025-04-22,7,Strength Training,51
CI011182,M0694,2025-08-15,19,Gym Floor,75
CI011183,M0694,2025-03-19,12,Pilates,65
CI011184,M0694,2025-06-18,19,Pilates,65
CI011185,M0694,2025-06-03,10,HIIT,79
CI011186,M0694,2025-08-12,19,Gym Floor,55
CI011187,M0694,2025-07-24,6,Yoga,45
CI011188,M0694,2025-08-12,16,CrossFit,93
CI011189,M0695,2025-04-21,19,Gym Floor,27
CI011190,M0695,2025-03-20,19,Yoga,63
CI011191,M0695,2025-06-14,17,Gym Floor,87
CI011192,M0695,2025-04-29,17,Gym Floor,56
CI011193,M0695,2025-03-29,17,Yoga,54
CI011194,M0695,2025-06-29,10,Gym Floor,61
CI011195,M0695,2025-04-23,10,Cardio,94
CI011196,M0696,2025-03-16,7,Zumba,58
CI011197,M0696,2025-08-22,17,Gym Floor,73
CI011198,M0696,2025-04-03,12,CrossFit,88
CI011199,M0696,2025-08-05,10,Yoga,63
CI011200,M0696,2025-07-06,16,Gym Floor,71
CI011201,M0696,2025-03-29,6,Spin,64
CI011202,M0696,2025-05-24,11,Zumba,78
CI011203,M0696,2025-07-29,17,Pilates,94
CI011204,M0697,2025-08-30,16,Gym Floor,78
CI011205,M0697,2025-08-18,19,Cardio,69
CI011206,M0697,2025-04-19,11,Zumba,34
CI011207,M0697,2025-05-08,16,Zumba,53
CI011208,M0697,2025-07-29,20,Yoga,43
CI011209,M0697,2025-06-24,17,CrossFit,43
CI011210,M0697,2025-07-15,17,HIIT,66
CI011211,M0697,2025-04-19,8,Yoga,47
CI011212,M0697,2025-05-06,11,Zumba,46
CI011213,M0697,2025-08-14,20,Gym Floor,69
CI011214,M0697,2025-06-28,8,Gym Floor,37
CI011215,M0697,2025-07-14,19,Gym Floor,27
CI011216,M0697,2025-05-24,16,Gym Floor,70
CI011217,M0697,2025-03-28,6,Gym Floor,44
CI011218,M0697,2025-04-07,6,Strength Training,58
CI011219,M0697,2025-03-27,8,Gym Floor,68
CI011220,M0697,2025-06-09,18,Gym Floor,41
CI011221,M0698,2025-06-06,7,Gym Floor,52
CI011222,M0698,2025-04-20,12,Gym Floor,62
CI011223,M0698,2025-07-23,8,Yoga,32
CI011224,M0698,2025-05-14,12,Cardio,64
CI011225,M0698,2025-04-08,17,Gym Floor,34
CI011226,M0698,2025-07-02,7,Gym Floor,72
CI011227,M0698,2025-05-21,6,Gym Floor,93
CI011228,M0698,2025-05-25,8,CrossFit,65
CI011229,M0698,2025-04-26,8,Gym Floor,57
CI011230,M0698,2025-03-09,7,Gym Floor,65
CI011231,M0698,2025-06-21,7,Gym Floor,91
CI011232,M0698,2025-03-08,11,Pilates,36
CI011233,M0698,2025-04-16,7,Gym Floor,90
CI011234,M0698,2025-08-12,6,Cardio,55
CI011235,M0698,2025-08-02,18,Spin,54
CI011236,M0698,2025-07-18,21,Gym Floor,78
CI011237,M0698,2025-03-08,19,Gym Floor,55
CI011238,M0698,2025-04-12,18,Strength Training,60
CI011239,M0698,2025-07-09,6,Zumba,47
CI011240,M0698,2025-07-08,17,Zumba,60
CI011241,M0698,2025-07-22,18,Gym Floor,43
CI011242,M0698,2025-03-21,17,Yoga,43
CI011243,M0699,2025-06-04,18,Gym Floor,32
CI011244,M0699,2025-08-16,19,Cardio,58
CI011245,M0699,2025-04-26,7,HIIT,70
CI011246,M0699,2025-04-18,7,Yoga,20
CI011247,M0699,2025-03-16,21,Yoga,23
CI011248,M0699,2025-03-13,18,Gym Floor,39
CI011249,M0699,2025-06-09,19,Zumba,74
CI011250,M0699,2025-07-25,18,Yoga,55
CI011251,M0699,2025-06-08,9,Gym Floor,80
CI011252,M0699,2025-07-14,12,Gym Floor,55
CI011253,M0699,2025-07-16,18,Gym Floor,93
CI011254,M0699,2025-08-08,19,Strength Training,44
CI011255,M0699,2025-08-19,18,Zumba,85
CI011256,M0699,2025-08-15,18,Strength Training,54
CI011257,M0699,2025-05-13,12,HIIT,41
CI011258,M0699,2025-07-09,17,Yoga,93
CI011259,M0699,2025-05-26,17,Gym Floor,41
CI011260,M0699,2025-08-18,7,HIIT,72
CI011261,M0699,2025-08-05,17,Gym Floor,53
CI011262,M0699,2025-05-05,8,Gym Floor,45
CI011263,M0700,2025-05-29,7,CrossFit,57
CI011264,M0700,2025-05-31,11,CrossFit,56
CI011265,M0700,2025-07-13,7,Zumba,66
CI011266,M0700,2025-07-31,11,Yoga,74
CI011267,M0701,2025-07-09,18,CrossFit,56
CI011268,M0701,2025-08-13,7,Yoga,44
CI011269,M0701,2025-03-09,20,Gym Floor,58
CI011270,M0701,2025-06-17,11,HIIT,47
CI011271,M0701,2025-04-13,12,Gym Floor,53
CI011272,M0702,2025-03-10,18,Gym Floor,34
CI011273,M0702,2025-04-01,18,Gym Floor,102
CI011274,M0702,2025-03-15,19,Zumba,58
CI011275,M0702,2025-04-05,9,HIIT,66
CI011276,M0702,2025-06-08,19,Gym Floor,45
CI011277,M0702,2025-03-26,8,Gym Floor,30
CI011278,M0702,2025-06-19,17,Cardio,58
CI011279,M0702,2025-07-26,17,Strength Training,59
CI011280,M0702,2025-04-21,12,Cardio,22
CI011281,M0702,2025-07-27,8,Spin,67
CI011282,M0702,2025-03-17,18,Gym Floor,52
CI011283,M0702,2025-08-14,17,Gym Floor,52
CI011284,M0702,2025-04-19,10,HIIT,55
CI011285,M0702,2025-07-06,16,Gym Floor,30
CI011286,M0702,2025-05-28,8,Spin,46
CI011287,M0702,2025-07-23,8,Zumba,47
CI011288,M0702,2025-04-22,9,Strength Training,42
CI011289,M0703,2025-04-09,18,Yoga,43
CI011290,M0703,2025-06-07,18,Gym Floor,53
CI011291,M0703,2025-07-09,17,Spin,56
CI011292,M0703,2025-07-25,18,CrossFit,57
CI011293,M0703,2025-06-09,18,HIIT,21
CI011294,M0703,2025-03-30,19,Cardio,84
CI011295,M0703,2025-06-24,18,Gym Floor,63
CI011296,M0703,2025-03-30,16,Gym Floor,60
CI011297,M0703,2025-08-03,10,Gym Floor,74
CI011298,M0703,2025-06-24,18,CrossFit,71
CI011299,M0703,2025-08-07,19,Spin,75
CI011300,M0703,2025-04-10,16,Gym Floor,80
CI011301,M0703,2025-04-24,6,Gym Floor,37
CI011302,M0703,2025-06-04,17,Zumba,56
CI011303,M0703,2025-04-17,10,Yoga,76
CI011304,M0703,2025-07-09,8,Gym Floor,36
CI011305,M0703,2025-08-14,16,Gym Floor,22
CI011306,M0703,2025-03-11,10,Gym Floor,52
CI011307,M0703,2025-03-28,11,Yoga,105
CI011308,M0703,2025-05-22,18,Pilates,80
CI011309,M0703,2025-04-14,8,Gym Floor,40
CI011310,M0703,2025-06-07,19,Cardio,54
CI011311,M0703,2025-04-15,19,Zumba,60
CI011312,M0703,2025-05-11,9,CrossFit,25
CI011313,M0703,2025-06-02,16,Zumba,62
CI011314,M0703,2025-03-15,7,Spin,43
CI011315,M0703,2025-06-14,19,Spin,77
CI011316,M0703,2025-04-24,16,Pilates,40
CI011317,M0703,2025-08-29,19,Pilates,42
CI011318,M0703,2025-05-26,12,Cardio,76
CI011319,M0703,2025-04-03,16,Yoga,80
CI011320,M0703,2025-04-13,10,Strength Training,48
CI011321,M0703,2025-04-28,18,CrossFit,61
CI011322,M0703,2025-06-14,11,Gym Floor,44
CI011323,M0705,2025-05-29,18,Zumba,42
CI011324,M0705,2025-04-11,16,Gym Floor,62
CI011325,M0705,2025-04-07,7,Gym Floor,41
CI011326,M0705,2025-03-24,11,Gym Floor,55
CI011327,M0705,2025-03-18,17,Yoga,60
CI011328,M0705,2025-06-26,6,Gym Floor,47
CI011329,M0705,2025-08-26,19,Spin,65
CI011330,M0705,2025-08-18,7,Gym Floor,20
CI011331,M0705,2025-08-31,12,Pilates,34
CI011332,M0705,2025-07-25,19,Spin,47
CI011333,M0705,2025-06-17,20,Gym Floor,45
CI011334,M0705,2025-08-13,9,Spin,66
CI011335,M0705,2025-04-16,7,Pilates,59
CI011336,M0705,2025-08-29,16,Gym Floor,61
CI011337,M0705,2025-04-05,16,CrossFit,65
CI011338,M0705,2025-08-05,12,Cardio,49
CI011339,M0705,2025-05-01,6,Yoga,61
CI011340,M0705,2025-07-30,19,HIIT,25
CI011341,M0705,2025-05-29,19,CrossFit,25
CI011342,M0705,2025-08-11,6,Zumba,22
CI011343,M0705,2025-04-29,7,HIIT,52
CI011344,M0706,2025-04-30,8,Zumba,43
CI011345,M0706,2025-03-14,10,Strength Training,28
CI011346,M0706,2025-07-29,12,Strength Training,86
CI011347,M0706,2025-05-06,17,Cardio,38
CI011348,M0706,2025-04-14,12,Gym Floor,30
CI011349,M0706,2025-03-31,16,Strength Training,44
CI011350,M0706,2025-08-26,8,Cardio,40
CI011351,M0706,2025-08-08,17,HIIT,73
CI011352,M0706,2025-08-13,17,Gym Floor,45
CI011353,M0706,2025-04-23,9,Yoga,35
CI011354,M0706,2025-06-20,19,Strength Training,71
CI011355,M0706,2025-06-19,20,Cardio,71
CI011356,M0707,2025-05-27,16,CrossFit,57
CI011357,M0707,2025-03-01,9,Gym Floor,40
CI011358,M0707,2025-08-20,19,Cardio,56
CI011359,M0707,2025-04-17,17,HIIT,53
CI011360,M0707,2025-07-16,20,Gym Floor,59
CI011361,M0708,2025-05-16,17,Cardio,71
CI011362,M0708,2025-06-05,19,Gym Floor,61
CI011363,M0708,2025-03-12,19,Zumba,77
CI011364,M0708,2025-07-17,18,Gym Floor,91
CI011365,M0708,2025-03-07,6,Zumba,45
CI011366,M0708,2025-08-09,12,HIIT,71
CI011367,M0708,2025-08-07,8,HIIT,43
CI011368,M0708,2025-08-21,8,Gym Floor,79
CI011369,M0708,2025-04-27,12,Gym Floor,64
CI011370,M0708,2025-08-27,17,Gym Floor,52
CI011371,M0708,2025-04-21,11,HIIT,55
CI011372,M0708,2025-07-17,7,Gym Floor,58
CI011373,M0708,2025-04-01,20,Gym Floor,48
CI011374,M0708,2025-07-19,18,Gym Floor,48
CI011375,M0708,2025-08-01,19,Cardio,50
CI011376,M0708,2025-07-01,10,CrossFit,22
CI011377,M0708,2025-03-18,18,Gym Floor,48
CI011378,M0708,2025-06-08,16,Gym Floor,80
CI011379,M0708,2025-05-12,11,Yoga,75
CI011380,M0708,2025-03-10,6,Gym Floor,54
CI011381,M0708,2025-06-10,18,Zumba,53
CI011382,M0708,2025-03-30,18,Gym Floor,50
CI011383,M0709,2025-08-31,9,Strength Training,37
CI011384,M0709,2025-07-13,9,Spin,20
CI011385,M0709,2025-05-07,11,Gym Floor,40
CI011386,M0709,2025-07-18,19,Gym Floor,51
CI011387,M0709,2025-06-06,6,Gym Floor,63
CI011388,M0709,2025-08-29,18,Cardio,62
CI011389,M0710,2025-06-26,6,Yoga,44
CI011390,M0710,2025-05-10,20,Gym Floor,78
CI011391,M0710,2025-08-18,9,Gym Floor,40
CI011392,M0711,2025-08-11,6,CrossFit,66
CI011393,M0711,2025-05-20,20,Gym Floor,69
CI011394,M0711,2025-03-09,8,Gym Floor,27
CI011395,M0711,2025-06-21,10,Gym Floor,65
CI011396,M0711,2025-04-07,16,Yoga,78
CI011397,M0711,2025-03-14,6,Cardio,55
CI011398,M0711,2025-05-08,8,Cardio,74
CI011399,M0711,2025-05-22,7,Cardio,63
CI011400,M0711,2025-05-15,7,Gym Floor,47
CI011401,M0711,2025-06-03,18,Gym Floor,63
CI011402,M0711,2025-07-05,16,Gym Floor,23
CI011403,M0711,2025-04-25,18,Spin,67
CI011404,M0711,2025-03-03,7,Cardio,47
CI011405,M0711,2025-04-24,20,Gym Floor,50
CI011406,M0711,2025-05-08,6,Yoga,55
CI011407,M0711,2025-04-29,12,Gym Floor,72
CI011408,M0711,2025-05-27,6,Gym Floor,37
CI011409,M0711,2025-03-24,6,Zumba,48
CI011410,M0711,2025-08-30,18,Gym Floor,68
CI011411,M0711,2025-07-25,19,Strength Training,43
CI011412,M0711,2025-07-05,21,Gym Floor,50
CI011413,M0711,2025-03-15,19,Gym Floor,33
CI011414,M0711,2025-06-21,7,Gym Floor,33
CI011415,M0711,2025-05-19,6,Gym Floor,70
CI011416,M0711,2025-04-18,21,Gym Floor,29
CI011417,M0711,2025-08-03,16,Gym Floor,79
CI011418,M0711,2025-06-12,6,Spin,50
CI011419,M0711,2025-08-08,18,Yoga,78
CI011420,M0711,2025-06-23,6,Gym Floor,47
CI011421,M0711,2025-06-20,16,Cardio,75
CI011422,M0711,2025-05-17,18,Gym Floor,37
CI011423,M0711,2025-04-18,18,Gym Floor,24
CI011424,M0711,2025-05-15,9,Yoga,50
CI011425,M0711,2025-08-11,6,Spin,89
CI011426,M0711,2025-06-15,18,Gym Floor,20
CI011427,M0711,2025-03-02,17,Strength Training,70
CI011428,M0711,2025-06-01,18,Gym Floor,53
CI011429,M0711,2025-04-28,16,Cardio,73
CI011430,M0711,2025-04-10,18,Strength Training,40
CI011431,M0711,2025-04-22,6,Zumba,44
CI011432,M0711,2025-05-01,19,HIIT,78
CI011433,M0712,2025-04-12,18,CrossFit,53
CI011434,M0712,2025-07-31,11,Gym Floor,22
CI011435,M0712,2025-07-22,19,Zumba,61
CI011436,M0712,2025-03-31,17,Gym Floor,48
CI011437,M0712,2025-08-06,16,Spin,42
CI011438,M0712,2025-05-23,8,Spin,48
CI011439,M0712,2025-08-23,19,Gym Floor,59
CI011440,M0712,2025-07-05,6,Gym Floor,45
CI011441,M0712,2025-08-20,19,Gym Floor,81
CI011442,M0712,2025-07-24,17,Gym Floor,48
CI011443,M0712,2025-04-21,18,Gym Floor,38
CI011444,M0712,2025-03-16,10,Yoga,45
CI011445,M0712,2025-05-17,11,Cardio,73
CI011446,M0712,2025-04-20,8,Zumba,55
CI011447,M0712,2025-03-10,6,Gym Floor,28
CI011448,M0712,2025-05-12,7,HIIT,64
CI011449,M0712,2025-06-08,18,Strength Training,50
CI011450,M0712,2025-03-15,18,Zumba,39
CI011451,M0712,2025-05-14,7,Gym Floor,54
CI011452,M0712,2025-03-11,18,Pilates,63
CI011453,M0712,2025-05-07,18,Yoga,47
CI011454,M0712,2025-07-18,19,Pilates,62
CI011455,M0712,2025-04-03,16,Gym Floor,20
CI011456,M0712,2025-08-05,17,CrossFit,64
CI011457,M0712,2025-08-06,12,Gym Floor,77
CI011458,M0712,2025-06-06,12,Gym Floor,58
CI011459,M0712,2025-06-15,8,Gym Floor,26
CI011460,M0713,2025-05-07,18,Cardio,36
CI011461,M0713,2025-06-30,9,CrossFit,67
CI011462,M0713,2025-05-09,17,Gym Floor,65
CI011463,M0713,2025-04-01,20,HIIT,82
CI011464,M0713,2025-03-14,9,CrossFit,54
CI011465,M0713,2025-04-10,8,Gym Floor,51
CI011466,M0713,2025-07-01,7,HIIT,69
CI011467,M0714,2025-08-13,21,Pilates,23
CI011468,M0714,2025-07-11,7,Pilates,63
CI011469,M0714,2025-06-13,7,Spin,47
CI011470,M0716,2025-07-14,17,Yoga,57
CI011471,M0716,2025-08-11,8,Gym Floor,50
CI011472,M0716,2025-08-05,18,Cardio,72
CI011473,M0716,2025-08-10,19,Gym Floor,51
CI011474,M0716,2025-08-19,7,Cardio,58
CI011475,M0716,2025-05-11,9,Pilates,61
CI011476,M0716,2025-08-02,19,CrossFit,58
CI011477,M0716,2025-05-06,12,Zumba,40
CI011478,M0716,2025-06-24,12,Gym Floor,69
CI011479,M0716,2025-03-10,16,Gym Floor,56
CI011480,M0716,2025-03-02,18,Gym Floor,71
CI011481,M0716,2025-05-03,19,Gym Floor,21
CI011482,M0716,2025-07-05,16,Gym Floor,94
CI011483,M0716,2025-03-16,8,Yoga,66
CI011484,M0716,2025-07-26,16,Strength Training,37
CI011485,M0716,2025-07-16,20,HIIT,71
CI011486,M0716,2025-05-19,18,Gym Floor,71
CI011487,M0716,2025-05-25,19,Cardio,53
CI011488,M0716,2025-07-23,17,Gym Floor,47
CI011489,M0716,2025-08-22,17,Spin,78
CI011490,M0716,2025-05-29,18,Gym Floor,27
CI011491,M0716,2025-04-10,18,Gym Floor,38
CI011492,M0716,2025-06-04,17,Gym Floor,37
CI011493,M0716,2025-03-05,8,Yoga,52
CI011494,M0716,2025-07-21,8,Gym Floor,68
CI011495,M0716,2025-08-26,6,Pilates,20
CI011496,M0716,2025-07-28,16,Gym Floor,53
CI011497,M0716,2025-08-02,17,Zumba,47
CI011498,M0716,2025-06-08,9,Gym Floor,57
CI011499,M0716,2025-03-05,11,HIIT,74
CI011500,M0716,2025-06-02,9,Gym Floor,67
CI011501,M0716,2025-06-29,20,Gym Floor,53
CI011502,M0716,2025-05-01,17,Strength Training,57
CI011503,M0716,2025-08-04,10,Gym Floor,44
CI011504,M0716,2025-08-29,12,Strength Training,73
CI011505,M0716,2025-03-04,19,Gym Floor,86
CI011506,M0716,2025-06-04,18,Pilates,61
CI011507,M0717,2025-08-02,21,Gym Floor,40
CI011508,M0717,2025-07-21,8,Spin,41
CI011509,M0718,2025-04-11,8,Gym Floor,51
CI011510,M0718,2025-05-27,18,Gym Floor,60
CI011511,M0718,2025-05-29,17,Spin,69
CI011512,M0718,2025-08-08,6,Pilates,44
CI011513,M0718,2025-07-19,18,Gym Floor,47
CI011514,M0718,2025-03-10,6,Cardio,38
CI011515,M0718,2025-07-25,11,Gym Floor,46
CI011516,M0719,2025-05-25,6,Pilates,86
CI011517,M0719,2025-08-27,10,HIIT,24
CI011518,M0720,2025-08-31,9,Yoga,48
CI011519,M0720,2025-03-05,6,HIIT,49
CI011520,M0720,2025-03-01,8,Yoga,74
CI011521,M0720,2025-08-15,8,Gym Floor,53
CI011522,M0720,2025-07-30,6,Gym Floor,23
CI011523,M0720,2025-06-18,18,Cardio,83
CI011524,M0720,2025-08-03,20,Gym Floor,47
CI011525,M0720,2025-06-19,7,Gym Floor,67
CI011526,M0720,2025-04-23,17,Gym Floor,65
CI011527,M0720,2025-06-22,21,Gym Floor,62
CI011528,M0720,2025-03-15,17,Spin,73
CI011529,M0720,2025-06-03,6,Gym Floor,38
CI011530,M0720,2025-05-03,19,Gym Floor,67
CI011531,M0720,2025-07-22,18,CrossFit,49
CI011532,M0721,2025-04-16,18,CrossFit,57
CI011533,M0721,2025-03-02,18,HIIT,74
CI011534,M0721,2025-08-27,18,Gym Floor,38
CI011535,M0721,2025-06-12,11,Gym Floor,68
CI011536,M0721,2025-08-26,17,Gym Floor,66
CI011537,M0721,2025-06-06,7,Cardio,61
CI011538,M0721,2025-04-16,17,Pilates,35
CI011539,M0721,2025-06-02,7,Yoga,49
CI011540,M0721,2025-08-23,8,HIIT,46
CI011541,M0721,2025-07-23,7,Yoga,46
CI011542,M0721,2025-05-04,9,Pilates,64
CI011543,M0721,2025-06-15,9,Yoga,83
CI011544,M0721,2025-08-16,8,Yoga,49
CI011545,M0722,2025-05-25,17,Zumba,76
CI011546,M0722,2025-08-16,18,Gym Floor,20
CI011547,M0722,2025-06-03,8,Gym Floor,99
CI011548,M0722,2025-04-02,18,Pilates,40
CI011549,M0722,2025-03-21,9,Strength Training,69
CI011550,M0722,2025-04-13,7,Spin,46
CI011551,M0722,2025-03-10,6,Gym Floor,57
CI011552,M0722,2025-08-30,18,HIIT,54
CI011553,M0722,2025-06-05,19,Yoga,57
CI011554,M0722,2025-08-08,18,Strength Training,67
CI011555,M0722,2025-05-26,16,Zumba,64
CI011556,M0722,2025-03-08,7,Gym Floor,52
CI011557,M0722,2025-04-22,17,HIIT,53
CI011558,M0722,2025-06-16,18,HIIT,46
CI011559,M0722,2025-03-30,18,Gym Floor,108
CI011560,M0722,2025-07-21,18,Gym Floor,80
CI011561,M0722,2025-08-17,8,Spin,65
CI011562,M0722,2025-08-13,18,Gym Floor,66
CI011563,M0722,2025-04-15,19,Cardio,49
CI011564,M0722,2025-07-12,18,Strength Training,92
CI011565,M0722,2025-05-29,19,Gym Floor,39
CI011566,M0722,2025-08-03,19,Cardio,46
CI011567,M0722,2025-05-26,19,Gym Floor,41
CI011568,M0722,2025-05-06,11,Gym Floor,59
CI011569,M0722,2025-08-01,7,Zumba,24
CI011570,M0722,2025-08-28,19,Gym Floor,26
CI011571,M0722,2025-07-20,7,Gym Floor,85
CI011572,M0722,2025-04-03,16,Pilates,43
CI011573,M0722,2025-03-09,10,Zumba,70
CI011574,M0722,2025-05-08,8,HIIT,64
CI011575,M0722,2025-08-27,18,Gym Floor,37
CI011576,M0722,2025-04-11,20,Zumba,61
CI011577,M0722,2025-08-31,19,Gym Floor,52
CI011578,M0722,2025-04-29,20,HIIT,53
CI011579,M0722,2025-03-07,6,Gym Floor,64
CI011580,M0722,2025-07-15,18,Spin,62
CI011581,M0722,2025-08-12,16,Cardio,59
CI011582,M0722,2025-07-28,16,HIIT,76
CI011583,M0722,2025-04-30,6,Gym Floor,56
CI011584,M0723,2025-08-07,7,Cardio,58
CI011585,M0723,2025-05-08,10,Yoga,69
CI011586,M0723,2025-05-04,6,Gym Floor,47
CI011587,M0723,2025-03-18,17,CrossFit,58
CI011588,M0723,2025-07-13,18,Gym Floor,57
CI011589,M0723,2025-05-22,19,Cardio,55
CI011590,M0723,2025-05-16,8,CrossFit,43
CI011591,M0724,2025-03-04,17,HIIT,20
CI011592,M0724,2025-03-02,8,Gym Floor,68
CI011593,M0724,2025-05-27,19,Zumba,46
CI011594,M0724,2025-08-19,7,Zumba,75
CI011595,M0724,2025-08-04,18,CrossFit,68
CI011596,M0724,2025-07-20,9,Yoga,102
CI011597,M0724,2025-06-20,17,Gym Floor,57
CI011598,M0724,2025-04-01,8,Gym Floor,70
CI011599,M0724,2025-07-03,19,Gym Floor,39
CI011600,M0724,2025-08-02,18,Gym Floor,20
CI011601,M0724,2025-05-26,7,Gym Floor,75
CI011602,M0724,2025-03-29,19,Yoga,80
CI011603,M0724,2025-07-28,19,Gym Floor,64
CI011604,M0724,2025-07-10,12,Gym Floor,59
CI011605,M0724,2025-07-27,20,Spin,45
CI011606,M0724,2025-06-04,18,Strength Training,49
CI011607,M0724,2025-08-10,12,Yoga,58
CI011608,M0724,2025-03-30,7,Cardio,74
CI011609,M0724,2025-08-02,9,Gym Floor,52
CI011610,M0724,2025-07-06,6,Gym Floor,20
CI011611,M0724,2025-07-06,19,HIIT,45
CI011612,M0724,2025-04-13,16,Gym Floor,43
CI011613,M0724,2025-03-01,18,Gym Floor,65
CI011614,M0724,2025-08-21,18,Cardio,26
CI011615,M0724,2025-04-19,17,Pilates,47
CI011616,M0724,2025-03-23,16,Gym Floor,77
CI011617,M0724,2025-04-30,17,Gym Floor,20
CI011618,M0724,2025-04-10,8,Yoga,65
CI011619,M0724,2025-05-30,12,Cardio,71
CI011620,M0724,2025-07-08,19,Strength Training,67
CI011621,M0724,2025-03-04,17,Gym Floor,60
CI011622,M0724,2025-03-29,19,Gym Floor,86
CI011623,M0724,2025-04-18,17,HIIT,27
CI011624,M0724,2025-06-15,19,Gym Floor,52
CI011625,M0724,2025-05-10,6,Gym Floor,55
CI011626,M0724,2025-07-21,19,Gym Floor,63
CI011627,M0724,2025-03-19,18,Gym Floor,40
CI011628,M0724,2025-08-20,19,Gym Floor,27
CI011629,M0724,2025-03-26,17,CrossFit,75
CI011630,M0724,2025-03-05,11,Gym Floor,52
CI011631,M0724,2025-03-14,9,Gym Floor,52
CI011632,M0724,2025-06-08,7,HIIT,48
CI011633,M0724,2025-03-21,7,Spin,62
CI011634,M0724,2025-03-04,17,Spin,47
CI011635,M0724,2025-07-20,21,Gym Floor,73
CI011636,M0724,2025-08-23,6,Cardio,61
CI011637,M0724,2025-05-20,18,Zumba,86
CI011638,M0724,2025-06-08,8,CrossFit,61
CI011639,M0725,2025-06-10,17,Zumba,66
CI011640,M0725,2025-07-07,8,Gym Floor,38
CI011641,M0725,2025-04-08,11,Gym Floor,20
CI011642,M0725,2025-05-10,21,Yoga,47
CI011643,M0725,2025-03-04,10,Gym Floor,95
CI011644,M0725,2025-07-25,8,Gym Floor,58
CI011645,M0725,2025-07-25,18,Gym Floor,50
CI011646,M0725,2025-03-25,19,Gym Floor,44
CI011647,M0725,2025-03-01,12,Gym Floor,52
CI011648,M0725,2025-07-02,16,CrossFit,54
CI011649,M0725,2025-06-21,19,HIIT,59
CI011650,M0725,2025-04-15,10,Gym Floor,46
CI011651,M0725,2025-06-17,18,Yoga,42
CI011652,M0726,2025-08-01,11,Spin,53
CI011653,M0727,2025-07-16,8,Gym Floor,56
CI011654,M0727,2025-07-14,9,Pilates,45
CI011655,M0727,2025-05-02,17,Gym Floor,58
CI011656,M0727,2025-04-27,19,Gym Floor,57
CI011657,M0727,2025-04-26,16,Gym Floor,57
CI011658,M0727,2025-04-17,18,Gym Floor,73
CI011659,M0727,2025-08-20,19,Cardio,41
CI011660,M0727,2025-03-15,12,Strength Training,85
CI011661,M0727,2025-08-21,7,Pilates,45
CI011662,M0727,2025-03-17,10,Spin,48
CI011663,M0727,2025-06-03,9,Gym Floor,61
CI011664,M0727,2025-07-04,7,Gym Floor,65
CI011665,M0727,2025-08-15,6,Zumba,71
CI011666,M0728,2025-08-19,10,Gym Floor,52
CI011667,M0728,2025-07-19,18,Spin,28
CI011668,M0728,2025-03-13,18,Yoga,36
CI011669,M0728,2025-08-17,7,Zumba,46
CI011670,M0728,2025-05-19,17,Gym Floor,43
CI011671,M0728,2025-04-27,8,CrossFit,66
CI011672,M0728,2025-07-03,6,Gym Floor,81
CI011673,M0729,2025-07-28,18,Gym Floor,52
CI011674,M0729,2025-07-22,8,Gym Floor,59
CI011675,M0729,2025-03-24,18,Gym Floor,35
CI011676,M0729,2025-04-25,17,Cardio,42
CI011677,M0729,2025-05-16,18,Pilates,51
CI011678,M0729,2025-03-21,6,Gym Floor,55
CI011679,M0729,2025-03-25,19,Gym Floor,70
CI011680,M0729,2025-06-19,17,Gym Floor,57
CI011681,M0729,2025-03-18,20,Gym Floor,41
CI011682,M0729,2025-05-13,19,Cardio,66
CI011683,M0729,2025-05-18,11,Zumba,51
CI011684,M0729,2025-07-04,6,Strength Training,57
CI011685,M0729,2025-07-07,8,Gym Floor,59
CI011686,M0729,2025-08-23,16,HIIT,64
CI011687,M0729,2025-04-22,7,Yoga,75
CI011688,M0729,2025-08-08,17,Cardio,53
CI011689,M0730,2025-06-06,8,Yoga,41
CI011690,M0730,2025-06-06,6,Strength Training,58
CI011691,M0730,2025-05-07,17,Cardio,54
CI011692,M0730,2025-04-26,7,HIIT,73
CI011693,M0730,2025-04-13,16,Gym Floor,99
CI011694,M0730,2025-05-08,19,Cardio,57
CI011695,M0730,2025-05-12,17,Spin,20
CI011696,M0730,2025-07-16,17,Gym Floor,64
CI011697,M0730,2025-03-15,6,Zumba,84
CI011698,M0730,2025-04-07,21,Gym Floor,70
CI011699,M0730,2025-08-04,19,Gym Floor,46
CI011700,M0730,2025-05-20,18,Yoga,51
CI011701,M0730,2025-07-24,8,Pilates,72
CI011702,M0730,2025-03-10,20,HIIT,39
CI011703,M0730,2025-06-13,17,Gym Floor,68
CI011704,M0730,2025-06-17,7,Gym Floor,39
CI011705,M0730,2025-03-06,20,Gym Floor,76
CI011706,M0730,2025-08-09,8,CrossFit,72
CI011707,M0730,2025-08-31,18,Gym Floor,93
CI011708,M0730,2025-06-12,8,CrossFit,48
CI011709,M0730,2025-03-24,18,Gym Floor,63
CI011710,M0730,2025-05-12,20,Pilates,51
CI011711,M0730,2025-08-07,6,Zumba,67
CI011712,M0730,2025-04-28,18,Gym Floor,49
CI011713,M0730,2025-07-31,16,Zumba,63
CI011714,M0730,2025-06-11,18,HIIT,81
CI011715,M0731,2025-08-13,12,Zumba,27
CI011716,M0731,2025-07-16,9,HIIT,68
CI011717,M0731,2025-03-31,19,Gym Floor,65
CI011718,M0731,2025-04-20,9,Zumba,54
CI011719,M0731,2025-03-11,19,Gym Floor,84
CI011720,M0731,2025-06-08,7,Gym Floor,61
CI011721,M0731,2025-03-20,11,Gym Floor,53
CI011722,M0731,2025-07-25,18,Gym Floor,72
CI011723,M0731,2025-05-19,9,Gym Floor,60
CI011724,M0731,2025-03-24,12,Gym Floor,41
CI011725,M0731,2025-08-01,21,Spin,50
CI011726,M0731,2025-08-31,7,Gym Floor,21
CI011727,M0731,2025-08-20,19,Gym Floor,57
CI011728,M0731,2025-06-08,19,Pilates,62
CI011729,M0731,2025-05-10,11,Gym Floor,42
CI011730,M0731,2025-04-12,6,Gym Floor,45
CI011731,M0731,2025-04-07,20,Gym Floor,20
CI011732,M0731,2025-04-04,8,Cardio,54
CI011733,M0731,2025-06-16,18,Zumba,72
CI011734,M0731,2025-08-04,16,Gym Floor,76
CI011735,M0731,2025-08-20,19,HIIT,69
CI011736,M0731,2025-05-23,16,Gym Floor,55
CI011737,M0731,2025-04-16,19,Gym Floor,89
CI011738,M0731,2025-08-19,18,Spin,66
CI011739,M0732,2025-08-03,11,Cardio,51
CI011740,M0732,2025-03-14,8,Gym Floor,63
CI011741,M0732,2025-04-26,17,Gym Floor,39
CI011742,M0732,2025-06-10,7,Strength Training,51
CI011743,M0732,2025-06-21,8,Gym Floor,73
CI011744,M0732,2025-03-16,11,Gym Floor,50
CI011745,M0733,2025-07-02,7,Cardio,40
CI011746,M0733,2025-05-23,8,Gym Floor,69
CI011747,M0733,2025-03-23,19,Yoga,57
CI011748,M0733,2025-03-27,19,Zumba,46
CI011749,M0733,2025-03-10,6,Cardio,56
CI011750,M0733,2025-05-06,18,Pilates,55
CI011751,M0733,2025-06-06,10,Gym Floor,96
CI011752,M0733,2025-07-09,18,CrossFit,69
CI011753,M0733,2025-07-02,19,Gym Floor,66
CI011754,M0733,2025-06-13,19,Gym Floor,44
CI011755,M0733,2025-08-11,16,Gym Floor,53
CI011756,M0733,2025-04-20,11,Gym Floor,74
CI011757,M0733,2025-07-26,9,Zumba,66
CI011758,M0733,2025-06-30,8,Cardio,63
CI011759,M0733,2025-07-21,17,Gym Floor,43
CI011760,M0733,2025-08-11,18,Gym Floor,64
CI011761,M0733,2025-04-25,16,Zumba,66
CI011762,M0733,2025-05-10,21,Gym Floor,41
CI011763,M0733,2025-07-22,17,Strength Training,88
CI011764,M0733,2025-06-23,7,Strength Training,57
CI011765,M0733,2025-03-26,11,Strength Training,89
CI011766,M0733,2025-03-04,12,Gym Floor,82
CI011767,M0733,2025-08-09,12,Pilates,31
CI011768,M0733,2025-05-02,6,Yoga,45
CI011769,M0733,2025-08-30,9,Yoga,20
CI011770,M0733,2025-06-12,18,Gym Floor,67
CI011771,M0733,2025-08-08,17,Gym Floor,38
CI011772,M0733,2025-05-20,18,CrossFit,83
CI011773,M0733,2025-04-30,18,Yoga,82
CI011774,M0733,2025-03-25,16,Gym Floor,29
CI011775,M0733,2025-03-19,18,CrossFit,38
CI011776,M0733,2025-08-07,19,CrossFit,58
CI011777,M0733,2025-07-08,21,Strength Training,45
CI011778,M0733,2025-04-01,16,Gym Floor,25
CI011779,M0733,2025-07-01,19,Zumba,54
CI011780,M0733,2025-04-26,16,CrossFit,53
CI011781,M0733,2025-07-03,7,HIIT,56
CI011782,M0733,2025-04-28,18,Gym Floor,49
CI011783,M0733,2025-06-13,19,Gym Floor,20
CI011784,M0733,2025-08-06,10,Gym Floor,43
CI011785,M0733,2025-06-17,8,Gym Floor,58
CI011786,M0733,2025-05-25,6,Cardio,44
CI011787,M0733,2025-05-23,19,Gym Floor,42
CI011788,M0734,2025-06-01,7,Gym Floor,63
CI011789,M0734,2025-07-29,17,Zumba,20
CI011790,M0734,2025-03-13,16,Yoga,74
CI011791,M0734,2025-07-16,10,Strength Training,56
CI011792,M0734,2025-06-27,17,Gym Floor,31
CI011793,M0734,2025-08-12,6,Gym Floor,31
CI011794,M0734,2025-03-10,6,Gym Floor,51
CI011795,M0734,2025-05-18,18,Cardio,100
CI011796,M0734,2025-08-20,18,Gym Floor,57
CI011797,M0734,2025-05-30,8,Gym Floor,53
CI011798,M0734,2025-07-04,8,Strength Training,78
CI011799,M0734,2025-07-16,16,Zumba,39
CI011800,M0734,2025-08-08,17,Gym Floor,82
CI011801,M0734,2025-03-31,18,Gym Floor,37
CI011802,M0734,2025-04-07,7,Gym Floor,38
CI011803,M0734,2025-03-27,19,Gym Floor,20
CI011804,M0734,2025-03-14,17,Gym Floor,37
CI011805,M0734,2025-03-28,20,Strength Training,56
CI011806,M0734,2025-03-12,8,Gym Floor,57
CI011807,M0734,2025-08-10,8,Zumba,85
CI011808,M0734,2025-03-13,11,Cardio,100
CI011809,M0734,2025-06-17,18,Yoga,36
CI011810,M0734,2025-05-29,18,HIIT,84
CI011811,M0734,2025-08-09,12,Gym Floor,57
CI011812,M0734,2025-05-10,7,Gym Floor,61
CI011813,M0734,2025-04-25,6,Gym Floor,34
CI011814,M0734,2025-05-13,9,Cardio,59
CI011815,M0734,2025-07-12,17,Strength Training,78
CI011816,M0734,2025-08-10,19,Yoga,69
CI011817,M0734,2025-08-01,18,Gym Floor,78
CI011818,M0734,2025-07-09,17,Gym Floor,55
CI011819,M0735,2025-06-17,16,Cardio,32
CI011820,M0735,2025-05-12,8,Gym Floor,85
CI011821,M0735,2025-03-17,16,Zumba,27
CI011822,M0735,2025-08-16,10,Gym Floor,57
CI011823,M0735,2025-05-15,9,Pilates,57
CI011824,M0735,2025-08-21,19,Gym Floor,37
CI011825,M0735,2025-08-31,6,Gym Floor,60
CI011826,M0735,2025-04-04,16,Gym Floor,64
CI011827,M0735,2025-05-29,6,CrossFit,37
CI011828,M0736,2025-08-14,17,HIIT,71
CI011829,M0736,2025-06-25,17,Spin,47
CI011830,M0736,2025-03-08,9,CrossFit,55
CI011831,M0736,2025-05-08,19,Gym Floor,57
CI011832,M0736,2025-06-18,7,Zumba,77
CI011833,M0736,2025-03-13,10,Gym Floor,44
CI011834,M0736,2025-05-27,7,Cardio,29
CI011835,M0736,2025-07-23,7,Gym Floor,38
CI011836,M0736,2025-03-29,16,Gym Floor,41
CI011837,M0737,2025-03-16,21,Yoga,45
CI011838,M0737,2025-04-27,18,Yoga,80
CI011839,M0737,2025-04-27,19,Gym Floor,75
CI011840,M0737,2025-03-23,19,Gym Floor,84
CI011841,M0737,2025-03-28,9,Strength Training,30
CI011842,M0737,2025-04-21,6,Gym Floor,23
CI011843,M0737,2025-05-21,8,Gym Floor,88
CI011844,M0737,2025-08-09,10,Gym Floor,59
CI011845,M0737,2025-06-09,8,Cardio,74
CI011846,M0737,2025-06-06,8,CrossFit,48
CI011847,M0737,2025-03-21,17,Zumba,34
CI011848,M0737,2025-05-01,7,Gym Floor,53
CI011849,M0737,2025-04-09,7,Gym Floor,61
CI011850,M0737,2025-08-11,8,Cardio,66
CI011851,M0737,2025-06-24,11,Pilates,57
CI011852,M0737,2025-07-30,17,Pilates,44
CI011853,M0737,2025-06-08,16,Pilates,52
CI011854,M0737,2025-04-08,18,HIIT,51
CI011855,M0737,2025-08-29,21,HIIT,68
CI011856,M0737,2025-03-23,11,Yoga,82
CI011857,M0737,2025-04-11,16,Zumba,36
CI011858,M0737,2025-04-19,6,Gym Floor,20
CI011859,M0737,2025-03-01,6,Spin,45
CI011860,M0737,2025-08-15,6,Gym Floor,70
CI011861,M0737,2025-06-10,16,Pilates,49
CI011862,M0737,2025-06-10,20,Gym Floor,87
CI011863,M0738,2025-07-21,6,Gym Floor,58
CI011864,M0738,2025-08-31,19,Cardio,44
CI011865,M0738,2025-07-05,10,Gym Floor,53
CI011866,M0738,2025-08-20,9,Gym Floor,31
CI011867,M0738,2025-07-09,7,Zumba,77
CI011868,M0738,2025-07-08,18,CrossFit,35
CI011869,M0738,2025-07-16,7,Yoga,56
CI011870,M0738,2025-05-15,8,Gym Floor,84
CI011871,M0738,2025-04-18,21,Gym Floor,32
CI011872,M0738,2025-06-20,6,Gym Floor,35
CI011873,M0738,2025-06-21,21,Gym Floor,69
CI011874,M0738,2025-07-22,16,Gym Floor,72
CI011875,M0738,2025-06-11,20,Gym Floor,51
CI011876,M0738,2025-07-24,8,Gym Floor,23
CI011877,M0738,2025-05-26,7,Zumba,57
CI011878,M0738,2025-04-16,19,Zumba,69
CI011879,M0738,2025-05-14,21,Pilates,25
CI011880,M0738,2025-07-06,19,Gym Floor,42
CI011881,M0738,2025-06-29,18,Gym Floor,50
CI011882,M0738,2025-03-22,18,Gym Floor,32
CI011883,M0738,2025-08-09,19,Gym Floor,51
CI011884,M0738,2025-06-03,7,Cardio,45
CI011885,M0738,2025-04-16,16,Gym Floor,66
CI011886,M0739,2025-08-04,19,CrossFit,32
CI011887,M0739,2025-06-12,20,Gym Floor,53
CI011888,M0739,2025-05-29,11,Yoga,34
CI011889,M0739,2025-08-15,17,Gym Floor,59
CI011890,M0739,2025-03-15,17,Strength Training,70
CI011891,M0740,2025-04-14,9,Gym Floor,20
CI011892,M0740,2025-05-24,12,Strength Training,26
CI011893,M0740,2025-07-28,18,Strength Training,62
CI011894,M0740,2025-07-11,11,HIIT,57
CI011895,M0740,2025-07-21,10,Cardio,81
CI011896,M0740,2025-07-15,7,Zumba,56
CI011897,M0740,2025-03-13,8,Gym Floor,20
CI011898,M0740,2025-07-27,17,Gym Floor,66
CI011899,M0741,2025-03-08,9,Spin,42
CI011900,M0741,2025-06-29,8,Cardio,49
CI011901,M0741,2025-03-16,7,Gym Floor,58
CI011902,M0741,2025-04-16,11,Gym Floor,60
CI011903,M0741,2025-08-11,8,Cardio,64
CI011904,M0741,2025-06-15,16,Pilates,50
CI011905,M0741,2025-06-30,19,Strength Training,21
CI011906,M0741,2025-08-10,18,HIIT,89
CI011907,M0741,2025-03-06,18,Yoga,43
CI011908,M0741,2025-03-25,21,Zumba,46
CI011909,M0742,2025-05-05,19,Strength Training,47
CI011910,M0742,2025-07-29,12,Zumba,69
CI011911,M0742,2025-08-31,18,CrossFit,68
CI011912,M0742,2025-08-26,12,HIIT,49
CI011913,M0742,2025-05-31,17,Gym Floor,41
CI011914,M0742,2025-05-30,18,Gym Floor,40
CI011915,M0742,2025-07-18,6,Yoga,62
CI011916,M0742,2025-08-29,19,Gym Floor,69
CI011917,M0742,2025-05-12,7,Gym Floor,44
CI011918,M0742,2025-08-04,16,Cardio,69
CI011919,M0742,2025-03-28,9,Cardio,62
CI011920,M0742,2025-06-15,19,Cardio,33
CI011921,M0742,2025-03-23,18,HIIT,61
CI011922,M0742,2025-05-31,18,Yoga,34
CI011923,M0742,2025-03-29,7,HIIT,36
CI011924,M0742,2025-06-12,7,Gym Floor,20
CI011925,M0742,2025-06-01,9,Zumba,42
CI011926,M0742,2025-08-25,17,Zumba,38
CI011927,M0742,2025-05-29,21,Zumba,62
CI011928,M0742,2025-05-20,19,Spin,22
CI011929,M0742,2025-04-09,17,Cardio,72
CI011930,M0742,2025-03-09,11,CrossFit,44
CI011931,M0742,2025-04-18,19,CrossFit,33
CI011932,M0744,2025-04-12,18,HIIT,49
CI011933,M0744,2025-03-01,17,Spin,71
CI011934,M0744,2025-07-02,7,Pilates,67
CI011935,M0744,2025-08-30,8,Gym Floor,45
CI011936,M0744,2025-08-31,18,Gym Floor,74
CI011937,M0745,2025-07-04,19,Yoga,50
CI011938,M0745,2025-07-02,6,Strength Training,63
CI011939,M0745,2025-08-27,12,Gym Floor,45
CI011940,M0745,2025-06-08,19,Zumba,44
CI011941,M0745,2025-05-08,6,Cardio,53
CI011942,M0745,2025-04-24,19,Gym Floor,39
CI011943,M0745,2025-03-12,21,Spin,54
CI011944,M0745,2025-06-29,16,Gym Floor,60
CI011945,M0745,2025-07-30,8,HIIT,53
CI011946,M0745,2025-06-02,8,CrossFit,33
CI011947,M0745,2025-07-19,16,Pilates,66
CI011948,M0745,2025-06-19,18,Cardio,47
CI011949,M0745,2025-05-23,10,Gym Floor,72
CI011950,M0745,2025-05-25,18,Pilates,63
CI011951,M0745,2025-05-30,6,Yoga,75
CI011952,M0745,2025-04-27,20,Strength Training,37
CI011953,M0745,2025-05-22,18,Gym Floor,59
CI011954,M0745,2025-05-13,18,HIIT,33
CI011955,M0745,2025-08-27,18,Gym Floor,55
CI011956,M0745,2025-06-08,19,Zumba,20
CI011957,M0745,2025-08-15,17,Zumba,56
CI011958,M0745,2025-04-29,11,Cardio,59
CI011959,M0745,2025-05-24,18,Gym Floor,78
CI011960,M0745,2025-03-06,20,Strength Training,78
CI011961,M0745,2025-03-17,16,Gym Floor,47
CI011962,M0745,2025-06-25,9,Gym Floor,25
CI011963,M0745,2025-06-29,17,CrossFit,42
CI011964,M0745,2025-03-09,12,HIIT,65
CI011965,M0745,2025-05-09,9,CrossFit,37
CI011966,M0745,2025-05-21,19,Pilates,20
CI011967,M0745,2025-03-25,16,Gym Floor,43
CI011968,M0745,2025-05-12,17,Gym Floor,76
CI011969,M0745,2025-05-27,18,Gym Floor,35
CI011970,M0745,2025-06-17,6,Zumba,45
CI011971,M0746,2025-06-12,18,Strength Training,57
CI011972,M0746,2025-08-28,17,Zumba,34
CI011973,M0746,2025-05-27,17,Strength Training,87
CI011974,M0746,2025-06-13,17,Spin,52
CI011975,M0746,2025-04-21,7,Gym Floor,67
CI011976,M0746,2025-06-21,8,Gym Floor,70
CI011977,M0746,2025-08-21,19,Cardio,100
CI011978,M0746,2025-08-12,21,Gym Floor,52
CI011979,M0746,2025-03-14,11,Pilates,62
CI011980,M0746,2025-07-05,11,Gym Floor,62
CI011981,M0746,2025-08-23,18,Gym Floor,39
CI011982,M0746,2025-08-23,19,Gym Floor,62
CI011983,M0746,2025-07-06,8,Cardio,55
CI011984,M0746,2025-03-23,18,Spin,62
CI011985,M0746,2025-06-13,17,Gym Floor,53
CI011986,M0746,2025-07-14,7,Gym Floor,53
CI011987,M0746,2025-05-31,16,Cardio,63
CI011988,M0746,2025-08-15,6,Strength Training,34
CI011989,M0746,2025-06-18,17,Gym Floor,68
CI011990,M0746,2025-07-13,17,Gym Floor,36
CI011991,M0746,2025-03-23,17,Spin,73
CI011992,M0746,2025-07-20,17,Zumba,75
CI011993,M0746,2025-06-30,7,Gym Floor,36
CI011994,M0746,2025-05-16,7,CrossFit,47
CI011995,M0746,2025-08-20,20,Gym Floor,62
CI011996,M0746,2025-07-08,18,Gym Floor,50
CI011997,M0747,2025-04-20,8,Zumba,40
CI011998,M0747,2025-03-30,19,Gym Floor,48
CI011999,M0748,2025-03-03,21,Strength Training,48
CI012000,M0748,2025-04-09,6,Pilates,44
CI012001,M0748,2025-06-13,10,Gym Floor,60
CI012002,M0748,2025-05-19,18,HIIT,31
CI012003,M0748,2025-05-21,6,Gym Floor,69
CI012004,M0748,2025-04-25,19,Strength Training,34
CI012005,M0748,2025-04-21,10,Pilates,47
CI012006,M0748,2025-06-15,9,HIIT,75
CI012007,M0748,2025-04-04,6,Gym Floor,48
CI012008,M0748,2025-03-08,9,Gym Floor,55
CI012009,M0748,2025-06-01,21,Cardio,44
CI012010,M0748,2025-03-01,21,Spin,39
CI012011,M0748,2025-03-05,7,Gym Floor,38
CI012012,M0748,2025-06-11,8,Gym Floor,44
CI012013,M0749,2025-06-22,8,Gym Floor,80
CI012014,M0749,2025-03-09,19,Gym Floor,69
CI012015,M0750,2025-08-19,19,Gym Floor,36
CI012016,M0750,2025-07-14,10,Gym Floor,31
CI012017,M0750,2025-07-21,17,HIIT,52
CI012018,M0750,2025-05-20,19,Cardio,42
CI012019,M0750,2025-08-05,9,Strength Training,83
CI012020,M0750,2025-03-08,8,Spin,42
CI012021,M0750,2025-07-18,8,Gym Floor,61
CI012022,M0751,2025-03-17,17,Gym Floor,43
CI012023,M0751,2025-08-25,6,Yoga,43
CI012024,M0751,2025-08-16,9,Strength Training,53
CI012025,M0751,2025-06-21,7,Gym Floor,49
CI012026,M0751,2025-05-26,20,Gym Floor,67
CI012027,M0751,2025-05-31,21,Gym Floor,59
CI012028,M0751,2025-03-28,9,Pilates,37
CI012029,M0751,2025-04-07,7,Gym Floor,45
CI012030,M0751,2025-06-17,18,CrossFit,66
CI012031,M0751,2025-04-23,6,HIIT,42
CI012032,M0751,2025-03-30,7,Yoga,56
CI012033,M0751,2025-07-19,6,Strength Training,74
CI012034,M0751,2025-06-28,19,Yoga,23
CI012035,M0751,2025-04-21,8,CrossFit,44
CI012036,M0752,2025-06-11,8,Yoga,50
CI012037,M0752,2025-06-11,11,Yoga,62
CI012038,M0752,2025-07-31,19,Yoga,63
CI012039,M0752,2025-05-26,12,Gym Floor,62
CI012040,M0753,2025-07-25,7,Gym Floor,78
CI012041,M0753,2025-06-28,16,Gym Floor,60
CI012042,M0753,2025-04-02,10,Zumba,82
CI012043,M0753,2025-05-18,7,HIIT,67
CI012044,M0753,2025-04-28,10,Gym Floor,75
CI012045,M0753,2025-03-05,19,CrossFit,21
CI012046,M0753,2025-04-18,9,Gym Floor,49
CI012047,M0753,2025-07-12,19,Cardio,23
CI012048,M0753,2025-06-06,7,Gym Floor,68
CI012049,M0753,2025-07-15,6,Strength Training,46
CI012050,M0753,2025-05-04,18,Gym Floor,27
CI012051,M0753,2025-08-17,6,Cardio,41
CI012052,M0753,2025-04-30,18,Gym Floor,69
CI012053,M0753,2025-07-28,17,Zumba,64
CI012054,M0753,2025-04-09,9,Strength Training,80
CI012055,M0753,2025-08-16,7,Gym Floor,67
CI012056,M0753,2025-04-22,19,Pilates,47
CI012057,M0753,2025-04-06,21,Cardio,52
CI012058,M0753,2025-03-05,17,Gym Floor,50
CI012059,M0753,2025-08-23,12,Zumba,70
CI012060,M0753,2025-08-06,19,Cardio,57
CI012061,M0753,2025-05-31,8,Gym Floor,43
CI012062,M0753,2025-06-06,17,Zumba,76
CI012063,M0753,2025-03-04,18,Gym Floor,41
CI012064,M0753,2025-05-21,17,HIIT,20
CI012065,M0753,2025-08-11,6,Strength Training,74
CI012066,M0753,2025-04-02,7,Spin,67
CI012067,M0753,2025-03-10,6,Gym Floor,70
CI012068,M0753,2025-04-02,9,Gym Floor,55
CI012069,M0753,2025-08-21,7,Zumba,60
CI012070,M0753,2025-05-02,9,Gym Floor,57
CI012071,M0753,2025-04-02,17,Gym Floor,32
CI012072,M0753,2025-06-24,6,Yoga,20
CI012073,M0753,2025-07-19,18,Gym Floor,66
CI012074,M0753,2025-08-12,9,Gym Floor,44
CI012075,M0753,2025-08-04,7,Cardio,65
CI012076,M0753,2025-08-26,19,Gym Floor,78
CI012077,M0753,2025-06-22,12,Gym Floor,45
CI012078,M0753,2025-07-14,8,Gym Floor,65
CI012079,M0753,2025-06-25,7,Yoga,79
CI012080,M0753,2025-04-20,6,Gym Floor,66
CI012081,M0753,2025-05-24,9,Gym Floor,69
CI012082,M0753,2025-06-11,17,Zumba,52
CI012083,M0753,2025-08-28,19,Pilates,55
CI012084,M0753,2025-07-25,19,Gym Floor,64
CI012085,M0753,2025-03-02,9,Gym Floor,62
CI012086,M0753,2025-08-17,8,Zumba,36
CI012087,M0753,2025-08-13,19,Gym Floor,35
CI012088,M0754,2025-08-19,8,HIIT,40
CI012089,M0754,2025-03-25,6,Gym Floor,54
CI012090,M0754,2025-08-28,17,Yoga,87
CI012091,M0754,2025-05-31,17,Zumba,29
CI012092,M0755,2025-05-24,17,Gym Floor,54
CI012093,M0755,2025-05-10,10,Zumba,72
CI012094,M0755,2025-08-03,17,Strength Training,37
CI012095,M0755,2025-03-25,18,Gym Floor,46
CI012096,M0755,2025-08-11,18,Gym Floor,92
CI012097,M0755,2025-08-26,6,Gym Floor,95
CI012098,M0755,2025-06-13,9,Gym Floor,20
CI012099,M0755,2025-03-01,9,Gym Floor,74
CI012100,M0755,2025-05-29,16,Gym Floor,51
CI012101,M0756,2025-03-16,9,Gym Floor,64
CI012102,M0756,2025-08-29,7,Gym Floor,61
CI012103,M0756,2025-07-25,7,Zumba,67
CI012104,M0757,2025-05-02,19,CrossFit,46
CI012105,M0757,2025-08-24,8,Gym Floor,54
CI012106,M0757,2025-07-28,21,Gym Floor,41
CI012107,M0757,2025-07-12,6,Pilates,65
CI012108,M0757,2025-05-26,9,Strength Training,66
CI012109,M0757,2025-05-15,18,Gym Floor,77
CI012110,M0757,2025-04-27,17,Pilates,45
CI012111,M0757,2025-05-07,17,HIIT,67
CI012112,M0757,2025-03-28,17,Gym Floor,25
CI012113,M0757,2025-08-14,8,Strength Training,74
CI012114,M0757,2025-07-12,18,HIIT,72
CI012115,M0757,2025-06-15,8,Gym Floor,52
CI012116,M0757,2025-04-18,20,Strength Training,43
CI012117,M0757,2025-05-09,6,HIIT,73
CI012118,M0757,2025-03-17,11,Gym Floor,34
CI012119,M0757,2025-05-29,18,Yoga,22
CI012120,M0757,2025-07-26,11,Strength Training,47
CI012121,M0757,2025-04-18,20,Gym Floor,59
CI012122,M0757,2025-04-06,19,Yoga,61
CI012123,M0757,2025-05-19,7,HIIT,43
CI012124,M0757,2025-05-30,20,Pilates,57
CI012125,M0757,2025-07-18,7,Gym Floor,24
CI012126,M0757,2025-08-11,10,Pilates,62
CI012127,M0757,2025-04-29,8,Strength Training,57
CI012128,M0757,2025-06-15,20,Gym Floor,69
CI012129,M0757,2025-05-01,7,Zumba,44
CI012130,M0758,2025-08-10,8,Gym Floor,67
CI012131,M0758,2025-08-19,16,Cardio,67
CI012132,M0758,2025-07-03,17,Gym Floor,38
CI012133,M0758,2025-07-19,11,Gym Floor,80
CI012134,M0758,2025-08-19,18,Strength Training,28
CI012135,M0758,2025-08-10,16,Gym Floor,53
CI012136,M0758,2025-07-21,11,Gym Floor,45
CI012137,M0758,2025-08-15,6,Gym Floor,75
CI012138,M0758,2025-06-20,20,Strength Training,57
CI012139,M0759,2025-05-17,6,Gym Floor,50
CI012140,M0759,2025-07-28,19,Cardio,26
CI012141,M0759,2025-05-23,21,Gym Floor,38
CI012142,M0759,2025-08-03,10,Zumba,52
CI012143,M0759,2025-07-21,19,Gym Floor,79
CI012144,M0759,2025-08-18,18,HIIT,59
CI012145,M0759,2025-06-05,17,Gym Floor,46
CI012146,M0760,2025-04-15,7,Gym Floor,41
CI012147,M0760,2025-04-09,7,Cardio,50
CI012148,M0760,2025-05-22,19,Gym Floor,51
CI012149,M0760,2025-06-29,6,Spin,72
CI012150,M0760,2025-05-31,18,Spin,77
CI012151,M0760,2025-07-22,18,Gym Floor,54
CI012152,M0760,2025-05-24,12,Pilates,57
CI012153,M0760,2025-03-30,18,Spin,97
CI012154,M0760,2025-04-23,20,Zumba,67
CI012155,M0760,2025-07-09,8,Spin,60
CI012156,M0760,2025-03-09,6,Gym Floor,62
CI012157,M0760,2025-03-28,18,Zumba,62
CI012158,M0760,2025-06-16,16,Gym Floor,65
CI012159,M0760,2025-07-09,20,Gym Floor,77
CI012160,M0760,2025-07-31,17,CrossFit,78
CI012161,M0760,2025-07-19,9,Gym Floor,62
CI012162,M0760,2025-08-24,18,Spin,62
CI012163,M0760,2025-05-13,11,CrossFit,26
CI012164,M0760,2025-06-13,7,Zumba,71
CI012165,M0760,2025-03-04,12,HIIT,59
CI012166,M0760,2025-07-12,18,Spin,46
CI012167,M0760,2025-05-12,8,Gym Floor,64
CI012168,M0760,2025-07-07,21,Gym Floor,62
CI012169,M0760,2025-04-20,10,Gym Floor,48
CI012170,M0760,2025-07-23,9,Gym Floor,67
CI012171,M0760,2025-05-28,18,Zumba,69
CI012172,M0760,2025-03-21,7,Gym Floor,80
CI012173,M0760,2025-03-10,8,Gym Floor,41
CI012174,M0760,2025-05-04,17,Gym Floor,60
CI012175,M0760,2025-06-11,8,Spin,60
CI012176,M0760,2025-08-18,8,Strength Training,60
CI012177,M0761,2025-05-19,10,Gym Floor,63
CI012178,M0762,2025-08-19,7,HIIT,75
CI012179,M0762,2025-05-10,6,Pilates,66
CI012180,M0762,2025-07-09,20,Cardio,48
CI012181,M0762,2025-07-12,19,Pilates,20
CI012182,M0762,2025-05-11,8,Pilates,54
CI012183,M0762,2025-04-02,21,Gym Floor,42
CI012184,M0762,2025-08-11,20,Strength Training,33
CI012185,M0762,2025-03-11,17,Gym Floor,61
CI012186,M0762,2025-07-13,18,Gym Floor,53
CI012187,M0762,2025-03-09,7,HIIT,56
CI012188,M0762,2025-07-29,18,Strength Training,71
CI012189,M0762,2025-05-02,19,Gym Floor,55
CI012190,M0762,2025-07-06,6,Pilates,43
CI012191,M0762,2025-03-06,19,Gym Floor,77
CI012192,M0762,2025-07-30,18,Gym Floor,53
CI012193,M0762,2025-07-02,16,Gym Floor,56
CI012194,M0762,2025-04-06,6,Gym Floor,79
CI012195,M0762,2025-03-14,17,Gym Floor,65
CI012196,M0762,2025-05-18,18,Gym Floor,51
CI012197,M0762,2025-03-11,16,Gym Floor,57
CI012198,M0762,2025-06-18,6,Yoga,33
CI012199,M0762,2025-03-03,8,CrossFit,31
CI012200,M0762,2025-07-21,18,Zumba,65
CI012201,M0762,2025-06-10,11,Pilates,82
CI012202,M0762,2025-03-11,17,Gym Floor,61
CI012203,M0762,2025-08-01,6,Yoga,59
CI012204,M0762,2025-03-23,17,Pilates,52
CI012205,M0762,2025-08-01,7,Gym Floor,75
CI012206,M0762,2025-03-11,20,HIIT,61
CI012207,M0762,2025-05-20,16,Gym Floor,34
CI012208,M0762,2025-04-21,7,Zumba,67
CI012209,M0762,2025-03-20,18,Pilates,48
CI012210,M0762,2025-05-17,18,HIIT,47
CI012211,M0762,2025-08-14,17,Gym Floor,54
CI012212,M0764,2025-08-21,18,Pilates,57
CI012213,M0764,2025-08-27,17,Gym Floor,34
CI012214,M0765,2025-03-10,9,Spin,25
CI012215,M0765,2025-06-08,19,HIIT,86
CI012216,M0765,2025-08-27,19,Gym Floor,22
CI012217,M0765,2025-03-14,6,Zumba,29
CI012218,M0765,2025-04-02,10,Spin,59
CI012219,M0765,2025-07-08,10,Strength Training,45
CI012220,M0765,2025-07-04,9,Gym Floor,48
CI012221,M0765,2025-03-29,21,Gym Floor,70
CI012222,M0765,2025-05-07,18,Gym Floor,84
CI012223,M0765,2025-07-30,16,Strength Training,66
CI012224,M0765,2025-03-06,10,CrossFit,64
CI012225,M0765,2025-08-11,12,CrossFit,67
CI012226,M0765,2025-03-24,8,Gym Floor,43
CI012227,M0765,2025-05-25,10,Yoga,66
CI012228,M0765,2025-04-06,16,Zumba,86
CI012229,M0765,2025-04-07,16,Gym Floor,30
CI012230,M0765,2025-07-26,7,Gym Floor,45
CI012231,M0765,2025-05-20,10,Gym Floor,46
CI012232,M0765,2025-08-28,16,Gym Floor,64
CI012233,M0765,2025-04-14,19,Gym Floor,52
CI012234,M0765,2025-03-27,18,Gym Floor,49
CI012235,M0765,2025-07-12,12,Gym Floor,33
CI012236,M0765,2025-08-31,17,Pilates,46
CI012237,M0766,2025-04-23,19,Gym Floor,74
CI012238,M0766,2025-08-22,11,Strength Training,64
CI012239,M0766,2025-08-17,18,Gym Floor,42
CI012240,M0766,2025-06-06,19,Strength Training,35
CI012241,M0766,2025-03-29,10,Gym Floor,87
CI012242,M0766,2025-07-07,8,Gym Floor,37
CI012243,M0766,2025-06-06,11,Gym Floor,88
CI012244,M0766,2025-06-27,8,Zumba,61
CI012245,M0766,2025-04-15,20,HIIT,64
CI012246,M0766,2025-03-31,17,Gym Floor,73
CI012247,M0766,2025-05-04,7,Pilates,43
CI012248,M0766,2025-07-06,21,Strength Training,59
CI012249,M0766,2025-06-24,6,Gym Floor,53
CI012250,M0766,2025-04-20,18,Spin,20
CI012251,M0766,2025-06-30,16,Gym Floor,72
CI012252,M0766,2025-03-29,12,Strength Training,62
CI012253,M0766,2025-03-14,19,Gym Floor,63
CI012254,M0766,2025-06-14,9,Yoga,60
CI012255,M0766,2025-05-30,8,Strength Training,44
CI012256,M0766,2025-05-13,20,Spin,46
CI012257,M0766,2025-07-30,20,Gym Floor,56
CI012258,M0766,2025-05-01,16,HIIT,48
CI012259,M0766,2025-06-09,20,Pilates,58
CI012260,M0766,2025-05-11,18,Cardio,87
CI012261,M0767,2025-04-08,18,Yoga,77
CI012262,M0767,2025-06-07,8,Gym Floor,76
CI012263,M0767,2025-08-29,12,Gym Floor,53
CI012264,M0767,2025-04-07,11,Pilates,33
CI012265,M0767,2025-03-02,20,Gym Floor,46
CI012266,M0767,2025-04-07,8,Yoga,48
CI012267,M0767,2025-04-28,6,HIIT,98
CI012268,M0767,2025-06-25,7,Gym Floor,41
CI012269,M0767,2025-04-21,8,Pilates,117
CI012270,M0767,2025-06-14,10,Gym Floor,65
CI012271,M0767,2025-08-05,18,HIIT,44
CI012272,M0767,2025-06-30,6,Pilates,66
CI012273,M0767,2025-08-23,9,Gym Floor,85
CI012274,M0767,2025-08-09,7,Gym Floor,42
CI012275,M0767,2025-05-22,8,Gym Floor,44
CI012276,M0767,2025-07-11,8,Cardio,90
CI012277,M0767,2025-07-08,8,Spin,35
CI012278,M0767,2025-04-14,18,Gym Floor,53
CI012279,M0767,2025-04-30,19,Gym Floor,50
CI012280,M0767,2025-06-10,20,Gym Floor,34
CI012281,M0767,2025-04-25,17,HIIT,61
CI012282,M0767,2025-04-01,9,CrossFit,45
CI012283,M0767,2025-08-04,10,Gym Floor,53
CI012284,M0768,2025-07-03,21,Cardio,84
CI012285,M0768,2025-03-22,8,Gym Floor,49
CI012286,M0768,2025-03-26,7,Gym Floor,61
CI012287,M0768,2025-07-04,17,CrossFit,53
CI012288,M0768,2025-03-08,9,Pilates,34
CI012289,M0768,2025-06-25,12,HIIT,37
CI012290,M0768,2025-07-07,18,Strength Training,53
CI012291,M0769,2025-06-21,6,Gym Floor,63
CI012292,M0769,2025-03-18,12,HIIT,74
CI012293,M0769,2025-06-13,7,Spin,88
CI012294,M0769,2025-08-03,19,Gym Floor,55
CI012295,M0769,2025-08-09,8,Pilates,50
CI012296,M0769,2025-06-10,8,Gym Floor,36
CI012297,M0769,2025-06-27,11,Pilates,84
CI012298,M0769,2025-04-23,17,Gym Floor,38
CI012299,M0769,2025-06-07,17,CrossFit,35
CI012300,M0769,2025-05-24,8,CrossFit,65
CI012301,M0769,2025-06-19,18,Strength Training,48
CI012302,M0769,2025-07-04,16,Gym Floor,59
CI012303,M0769,2025-05-02,18,Pilates,80
CI012304,M0769,2025-03-25,6,Yoga,45
CI012305,M0769,2025-04-04,16,Zumba,20
CI012306,M0769,2025-03-02,8,Gym Floor,66
CI012307,M0769,2025-03-21,8,Gym Floor,53
CI012308,M0769,2025-04-08,12,Gym Floor,45
CI012309,M0769,2025-03-02,7,Gym Floor,56
CI012310,M0769,2025-05-14,6,Gym Floor,60
CI012311,M0769,2025-06-02,16,Zumba,47
CI012312,M0770,2025-05-02,7,Gym Floor,79
CI012313,M0770,2025-08-02,17,Gym Floor,50
CI012314,M0770,2025-06-05,17,Cardio,57
CI012315,M0770,2025-06-10,16,Pilates,80
CI012316,M0770,2025-08-30,19,Gym Floor,75
CI012317,M0770,2025-03-30,16,Yoga,67
CI012318,M0770,2025-05-04,10,Spin,54
CI012319,M0770,2025-06-13,7,Pilates,57
CI012320,M0770,2025-07-07,18,Yoga,68
CI012321,M0770,2025-05-07,11,Gym Floor,26
CI012322,M0770,2025-03-11,11,Pilates,45
CI012323,M0770,2025-07-31,9,Gym Floor,44
CI012324,M0770,2025-03-03,12,Spin,89
CI012325,M0770,2025-04-02,18,Gym Floor,69
CI012326,M0770,2025-04-26,7,Gym Floor,76
CI012327,M0770,2025-03-03,19,Gym Floor,33
CI012328,M0770,2025-08-16,19,Yoga,69
CI012329,M0770,2025-03-02,20,Zumba,65
CI012330,M0770,2025-04-25,16,Gym Floor,91
CI012331,M0771,2025-08-22,17,Strength Training,63
CI012332,M0771,2025-08-14,16,Pilates,64
CI012333,M0771,2025-05-03,20,Gym Floor,38
CI012334,M0771,2025-07-06,19,Gym Floor,37
CI012335,M0771,2025-08-05,16,Gym Floor,61
CI012336,M0771,2025-05-31,19,Cardio,85
CI012337,M0771,2025-08-23,17,Zumba,27
CI012338,M0771,2025-05-20,17,Gym Floor,72
CI012339,M0771,2025-05-13,18,Zumba,87
CI012340,M0771,2025-05-17,19,Cardio,20
CI012341,M0771,2025-08-31,16,Gym Floor,75
CI012342,M0771,2025-06-18,20,Gym Floor,30
CI012343,M0771,2025-08-24,8,Yoga,82
CI012344,M0771,2025-04-20,11,Gym Floor,43
CI012345,M0771,2025-03-05,8,Gym Floor,55
CI012346,M0771,2025-05-04,8,Gym Floor,43
CI012347,M0771,2025-07-09,18,CrossFit,63
CI012348,M0771,2025-04-15,16,Yoga,24
CI012349,M0771,2025-03-29,7,Gym Floor,40
CI012350,M0771,2025-03-02,19,Gym Floor,59
CI012351,M0771,2025-06-03,21,Gym Floor,81
CI012352,M0771,2025-07-30,6,Zumba,69
CI012353,M0771,2025-03-30,9,Gym Floor,52
CI012354,M0773,2025-06-17,7,HIIT,40
CI012355,M0774,2025-05-15,20,Gym Floor,54
CI012356,M0774,2025-04-06,18,Gym Floor,89
CI012357,M0774,2025-04-07,19,Gym Floor,48
CI012358,M0774,2025-08-30,7,Gym Floor,68
CI012359,M0774,2025-05-21,17,Gym Floor,66
CI012360,M0774,2025-04-06,21,Gym Floor,76
CI012361,M0774,2025-08-31,18,Yoga,76
CI012362,M0774,2025-04-19,19,HIIT,75
CI012363,M0774,2025-08-28,16,Gym Floor,67
CI012364,M0774,2025-07-10,19,Gym Floor,35
CI012365,M0774,2025-05-09,9,Gym Floor,52
CI012366,M0774,2025-03-27,16,Strength Training,84
CI012367,M0774,2025-06-26,6,Cardio,42
CI012368,M0774,2025-08-13,6,Gym Floor,31
CI012369,M0774,2025-07-12,8,Spin,47
CI012370,M0775,2025-08-09,11,Gym Floor,80
CI012371,M0775,2025-06-10,16,Cardio,58
CI012372,M0775,2025-07-25,9,Gym Floor,68
CI012373,M0775,2025-05-08,9,Gym Floor,20
CI012374,M0775,2025-06-21,19,Gym Floor,50
CI012375,M0775,2025-06-24,17,Cardio,54
CI012376,M0775,2025-07-29,16,Gym Floor,31
CI012377,M0775,2025-07-06,9,Yoga,63
CI012378,M0775,2025-08-31,8,CrossFit,20
CI012379,M0775,2025-05-02,11,Pilates,41
CI012380,M0775,2025-03-25,17,Gym Floor,29
CI012381,M0775,2025-04-26,7,Cardio,20
CI012382,M0775,2025-06-27,6,Yoga,53
CI012383,M0775,2025-06-19,9,Gym Floor,73
CI012384,M0775,2025-08-01,19,Gym Floor,45
CI012385,M0775,2025-07-14,20,Cardio,63
CI012386,M0775,2025-05-13,18,Zumba,68
CI012387,M0775,2025-05-19,18,HIIT,43
CI012388,M0775,2025-03-25,8,Cardio,63
CI012389,M0775,2025-08-18,8,Gym Floor,96
CI012390,M0775,2025-03-10,18,Gym Floor,70
CI012391,M0775,2025-04-12,11,Gym Floor,78
CI012392,M0775,2025-03-11,12,Gym Floor,75
CI012393,M0775,2025-03-22,19,Pilates,59
CI012394,M0775,2025-04-12,16,Gym Floor,54
CI012395,M0775,2025-05-06,19,Gym Floor,64
CI012396,M0775,2025-07-30,19,Gym Floor,20
CI012397,M0775,2025-04-07,9,HIIT,39
CI012398,M0776,2025-08-15,18,Pilates,35
CI012399,M0776,2025-06-23,20,Cardio,73
CI012400,M0776,2025-08-04,20,HIIT,47
CI012401,M0776,2025-06-06,20,Gym Floor,68
CI012402,M0776,2025-08-31,18,Pilates,64
CI012403,M0776,2025-05-18,20,CrossFit,24
CI012404,M0776,2025-05-09,7,Yoga,40
CI012405,M0776,2025-06-06,18,Gym Floor,65
CI012406,M0776,2025-03-14,16,Pilates,63
CI012407,M0776,2025-07-04,7,Gym Floor,50
CI012408,M0776,2025-04-16,9,Yoga,61
CI012409,M0776,2025-08-14,19,Spin,38
CI012410,M0776,2025-06-07,17,HIIT,54
CI012411,M0776,2025-06-20,10,Spin,71
CI012412,M0776,2025-03-13,6,Gym Floor,67
CI012413,M0776,2025-06-02,7,Yoga,60
CI012414,M0776,2025-04-12,7,Gym Floor,51
CI012415,M0776,2025-04-13,19,Zumba,62
CI012416,M0776,2025-07-16,6,Gym Floor,92
CI012417,M0776,2025-04-26,6,Gym Floor,33
CI012418,M0776,2025-03-11,6,Gym Floor,90
CI012419,M0776,2025-05-18,7,Gym Floor,55
CI012420,M0776,2025-05-12,11,Gym Floor,61
CI012421,M0776,2025-03-31,7,Cardio,40
CI012422,M0776,2025-05-28,20,Gym Floor,52
CI012423,M0776,2025-08-13,6,CrossFit,87
CI012424,M0776,2025-07-08,17,CrossFit,35
CI012425,M0776,2025-04-15,6,Gym Floor,49
CI012426,M0777,2025-06-17,6,Spin,80
CI012427,M0778,2025-04-09,18,Gym Floor,48
CI012428,M0778,2025-08-17,18,Strength Training,50
CI012429,M0778,2025-07-30,9,Gym Floor,77
CI012430,M0778,2025-03-02,7,Gym Floor,52
CI012431,M0778,2025-08-30,19,Yoga,34
CI012432,M0778,2025-04-21,7,Gym Floor,54
CI012433,M0779,2025-07-08,7,Gym Floor,39
CI012434,M0779,2025-05-09,20,Gym Floor,57
CI012435,M0779,2025-06-05,19,Pilates,98
CI012436,M0779,2025-07-19,6,CrossFit,62
CI012437,M0779,2025-05-27,8,Yoga,46
CI012438,M0779,2025-04-14,18,Spin,72
CI012439,M0779,2025-03-02,21,Gym Floor,64
CI012440,M0779,2025-07-11,17,Cardio,58
CI012441,M0779,2025-05-03,19,Strength Training,54
CI012442,M0779,2025-06-23,10,Yoga,46
CI012443,M0779,2025-08-14,10,Pilates,72
CI012444,M0779,2025-07-10,9,Gym Floor,73
CI012445,M0779,2025-03-24,6,Gym Floor,38
CI012446,M0779,2025-07-16,19,Cardio,71
CI012447,M0779,2025-08-19,18,Cardio,20
CI012448,M0779,2025-03-03,18,Gym Floor,64
CI012449,M0779,2025-08-31,17,Gym Floor,51
CI012450,M0779,2025-08-29,19,Zumba,60
CI012451,M0779,2025-04-01,6,Pilates,53
CI012452,M0779,2025-03-04,19,Yoga,71
CI012453,M0779,2025-04-21,17,Yoga,76
CI012454,M0779,2025-04-07,20,HIIT,60
CI012455,M0779,2025-08-10,6,Yoga,89
CI012456,M0779,2025-06-21,7,Spin,74
CI012457,M0779,2025-05-28,17,Pilates,42
CI012458,M0779,2025-04-01,8,CrossFit,42
CI012459,M0779,2025-07-03,10,Gym Floor,72
CI012460,M0779,2025-05-08,18,Cardio,54
CI012461,M0779,2025-04-05,6,CrossFit,48
CI012462,M0780,2025-08-09,17,Gym Floor,52
CI012463,M0780,2025-08-08,10,Gym Floor,75
CI012464,M0780,2025-03-13,7,Strength Training,92
CI012465,M0780,2025-08-30,18,Yoga,53
CI012466,M0780,2025-08-16,6,Cardio,81
CI012467,M0780,2025-03-31,17,Yoga,35
CI012468,M0780,2025-06-14,8,Zumba,53
CI012469,M0780,2025-03-27,9,HIIT,98
CI012470,M0780,2025-03-22,17,Gym Floor,84
CI012471,M0780,2025-05-28,16,HIIT,43
CI012472,M0780,2025-03-01,17,Gym Floor,56
CI012473,M0780,2025-05-16,9,CrossFit,62
CI012474,M0780,2025-07-27,16,Yoga,67
CI012475,M0780,2025-05-18,18,Strength Training,28
CI012476,M0780,2025-07-11,19,Gym Floor,38
CI012477,M0780,2025-04-08,7,HIIT,42
CI012478,M0780,2025-04-17,17,Pilates,32
CI012479,M0780,2025-03-17,7,Gym Floor,59
CI012480,M0780,2025-03-10,21,Gym Floor,39
CI012481,M0780,2025-03-11,19,Gym Floor,69
CI012482,M0780,2025-06-27,10,Gym Floor,79
CI012483,M0780,2025-06-23,21,Pilates,61
CI012484,M0780,2025-06-26,17,Gym Floor,55
CI012485,M0780,2025-05-08,7,Gym Floor,60
CI012486,M0780,2025-07-20,17,Gym Floor,59
CI012487,M0780,2025-05-31,8,Gym Floor,46
CI012488,M0780,2025-08-26,11,CrossFit,66
CI012489,M0780,2025-08-20,7,Gym Floor,53
CI012490,M0780,2025-07-01,16,Gym Floor,75
CI012491,M0780,2025-03-03,6,Gym Floor,32
CI012492,M0780,2025-05-04,18,Gym Floor,59
CI012493,M0781,2025-05-31,7,Gym Floor,53
CI012494,M0781,2025-06-07,19,Spin,64
CI012495,M0781,2025-08-20,19,Pilates,35
CI012496,M0781,2025-07-27,6,Pilates,59
CI012497,M0781,2025-03-20,17,Gym Floor,61
CI012498,M0781,2025-08-09,6,CrossFit,38
CI012499,M0781,2025-06-05,18,Yoga,49
CI012500,M0781,2025-08-28,8,Gym Floor,64
CI012501,M0781,2025-05-31,19,Gym Floor,41
CI012502,M0781,2025-04-07,18,Gym Floor,45
CI012503,M0781,2025-03-14,11,Gym Floor,39
CI012504,M0781,2025-04-11,20,Gym Floor,67
CI012505,M0781,2025-03-18,8,Gym Floor,70
CI012506,M0781,2025-08-07,18,Gym Floor,52
CI012507,M0781,2025-03-02,7,Strength Training,38
CI012508,M0781,2025-07-19,8,Zumba,66
CI012509,M0781,2025-05-29,19,Gym Floor,67
CI012510,M0781,2025-07-12,6,Spin,103
CI012511,M0781,2025-07-26,11,CrossFit,71
CI012512,M0781,2025-08-07,16,Gym Floor,92
CI012513,M0781,2025-06-17,19,Cardio,61
CI012514,M0781,2025-06-28,11,Gym Floor,41
CI012515,M0781,2025-05-26,10,Spin,73
CI012516,M0781,2025-08-13,19,Pilates,56
CI012517,M0781,2025-04-07,16,Yoga,43
CI012518,M0783,2025-05-18,8,Spin,91
CI012519,M0783,2025-05-24,10,Gym Floor,47
CI012520,M0783,2025-03-07,18,Gym Floor,54
CI012521,M0783,2025-03-02,19,Gym Floor,65
CI012522,M0783,2025-06-23,19,Zumba,69
CI012523,M0783,2025-05-30,20,Pilates,44
CI012524,M0783,2025-03-05,10,Spin,48
CI012525,M0783,2025-04-20,18,Zumba,53
CI012526,M0783,2025-06-12,19,Gym Floor,82
CI012527,M0783,2025-08-09,6,Pilates,65
CI012528,M0783,2025-08-08,20,Gym Floor,25
CI012529,M0783,2025-03-13,18,Gym Floor,84
CI012530,M0783,2025-04-12,7,Gym Floor,38
CI012531,M0783,2025-04-15,18,Yoga,38
CI012532,M0783,2025-06-30,18,Yoga,28
CI012533,M0783,2025-05-20,7,Spin,20
CI012534,M0783,2025-05-30,18,Gym Floor,49
CI012535,M0783,2025-05-16,17,HIIT,48
CI012536,M0783,2025-06-24,20,Gym Floor,91
CI012537,M0783,2025-05-10,21,Gym Floor,85
CI012538,M0783,2025-03-02,17,Gym Floor,81
CI012539,M0783,2025-04-16,7,Gym Floor,76
CI012540,M0783,2025-05-25,18,CrossFit,56
CI012541,M0783,2025-08-30,7,HIIT,72
CI012542,M0783,2025-07-06,6,Gym Floor,60
CI012543,M0783,2025-04-06,6,Yoga,68
CI012544,M0783,2025-03-22,11,Gym Floor,40
CI012545,M0783,2025-05-11,7,Strength Training,49
CI012546,M0783,2025-07-26,6,Strength Training,56
CI012547,M0783,2025-04-16,20,Pilates,104
CI012548,M0783,2025-06-01,9,Yoga,47
CI012549,M0783,2025-07-20,7,Gym Floor,49
CI012550,M0783,2025-08-11,19,Cardio,44
CI012551,M0783,2025-06-15,16,Gym Floor,63
CI012552,M0783,2025-05-12,18,Gym Floor,28
CI012553,M0783,2025-06-02,10,Gym Floor,43
CI012554,M0783,2025-03-06,18,Spin,33
CI012555,M0783,2025-07-01,20,Pilates,54
CI012556,M0783,2025-07-15,18,Gym Floor,77
CI012557,M0783,2025-07-14,6,Gym Floor,82
CI012558,M0784,2025-03-11,6,CrossFit,76
CI012559,M0784,2025-04-24,11,Cardio,75
CI012560,M0784,2025-07-06,12,Strength Training,43
CI012561,M0784,2025-04-09,10,Gym Floor,46
CI012562,M0784,2025-03-29,18,Pilates,42
CI012563,M0785,2025-05-19,18,Gym Floor,60
CI012564,M0785,2025-07-12,6,Cardio,81
CI012565,M0785,2025-05-24,19,Gym Floor,65
CI012566,M0785,2025-07-27,17,Spin,67
CI012567,M0785,2025-03-27,8,CrossFit,38
CI012568,M0785,2025-03-15,16,Gym Floor,55
CI012569,M0785,2025-04-09,16,Yoga,24
CI012570,M0785,2025-04-05,18,Gym Floor,40
CI012571,M0785,2025-07-13,11,HIIT,84
CI012572,M0785,2025-07-27,17,Gym Floor,56
CI012573,M0785,2025-07-06,10,CrossFit,77
CI012574,M0785,2025-08-25,8,Gym Floor,41
CI012575,M0785,2025-06-15,19,Gym Floor,39
CI012576,M0785,2025-03-16,8,Gym Floor,49
CI012577,M0785,2025-04-12,17,Gym Floor,58
CI012578,M0785,2025-07-27,19,Cardio,52
CI012579,M0785,2025-07-08,19,CrossFit,35
CI012580,M0785,2025-03-25,20,Cardio,64
CI012581,M0785,2025-08-15,12,Zumba,72
CI012582,M0785,2025-07-29,16,Gym Floor,45
CI012583,M0785,2025-07-21,8,CrossFit,58
CI012584,M0785,2025-05-25,16,Gym Floor,69
CI012585,M0785,2025-06-06,6,HIIT,44
CI012586,M0786,2025-07-04,6,Gym Floor,50
CI012587,M0786,2025-04-24,11,Gym Floor,40
CI012588,M0786,2025-05-26,19,Gym Floor,56
CI012589,M0786,2025-05-17,18,Yoga,47
CI012590,M0786,2025-06-24,6,HIIT,58
CI012591,M0786,2025-07-31,11,Gym Floor,98
CI012592,M0786,2025-07-15,18,Pilates,53
CI012593,M0786,2025-08-15,19,Cardio,53
CI012594,M0786,2025-06-16,18,Pilates,66
CI012595,M0786,2025-08-01,7,Gym Floor,69
CI012596,M0786,2025-08-28,19,Gym Floor,20
CI012597,M0786,2025-04-18,9,HIIT,63
CI012598,M0786,2025-03-22,17,Pilates,58
CI012599,M0786,2025-04-29,8,Gym Floor,60
CI012600,M0786,2025-04-27,9,Cardio,47
CI012601,M0786,2025-08-25,6,HIIT,44
CI012602,M0786,2025-06-16,9,Gym Floor,60
CI012603,M0786,2025-06-22,9,CrossFit,54
CI012604,M0786,2025-07-21,17,Cardio,57
CI012605,M0786,2025-06-12,17,Yoga,54
CI012606,M0787,2025-05-22,7,Yoga,47
CI012607,M0787,2025-05-16,11,Gym Floor,38
CI012608,M0787,2025-03-30,16,Spin,80
CI012609,M0787,2025-03-15,11,Gym Floor,86
CI012610,M0787,2025-08-28,19,CrossFit,32
CI012611,M0787,2025-06-08,17,CrossFit,54
CI012612,M0787,2025-04-30,18,Gym Floor,41
CI012613,M0788,2025-07-08,18,Zumba,80
CI012614,M0788,2025-07-15,21,CrossFit,53
CI012615,M0788,2025-04-18,20,Zumba,62
CI012616,M0788,2025-07-12,8,Gym Floor,43
CI012617,M0788,2025-04-30,19,Strength Training,47
CI012618,M0789,2025-05-22,18,Strength Training,35
CI012619,M0789,2025-05-16,9,Gym Floor,37
CI012620,M0789,2025-06-06,19,Gym Floor,26
CI012621,M0789,2025-04-24,6,HIIT,71
CI012622,M0789,2025-05-19,18,Gym Floor,79
CI012623,M0789,2025-08-27,18,Gym Floor,66
CI012624,M0789,2025-08-11,17,CrossFit,65
CI012625,M0789,2025-04-21,16,Gym Floor,58
CI012626,M0789,2025-07-13,7,Gym Floor,58
CI012627,M0789,2025-04-10,18,HIIT,58
CI012628,M0789,2025-05-02,18,Gym Floor,45
CI012629,M0789,2025-06-15,10,Cardio,29
CI012630,M0789,2025-07-05,16,Gym Floor,61
CI012631,M0789,2025-06-17,16,Cardio,69
CI012632,M0789,2025-03-30,8,Strength Training,42
CI012633,M0789,2025-06-02,18,Zumba,74
CI012634,M0789,2025-08-14,8,Yoga,46
CI012635,M0789,2025-05-18,19,Gym Floor,31
CI012636,M0789,2025-07-16,19,Gym Floor,50
CI012637,M0789,2025-07-06,17,Yoga,85
CI012638,M0789,2025-08-03,9,Yoga,38
CI012639,M0789,2025-07-28,20,HIIT,55
CI012640,M0789,2025-06-15,17,Gym Floor,65
CI012641,M0789,2025-03-26,10,Gym Floor,60
CI012642,M0789,2025-04-15,19,Gym Floor,64
CI012643,M0789,2025-08-11,19,Strength Training,56
CI012644,M0789,2025-07-25,12,Gym Floor,47
CI012645,M0789,2025-07-10,6,Pilates,23
CI012646,M0789,2025-06-28,18,Cardio,32
CI012647,M0789,2025-05-12,19,Pilates,64
CI012648,M0789,2025-04-25,20,Gym Floor,54
CI012649,M0789,2025-06-04,9,Gym Floor,20
CI012650,M0789,2025-03-03,8,Pilates,26
CI012651,M0789,2025-05-12,19,Gym Floor,71
CI012652,M0789,2025-06-25,21,Gym Floor,60
CI012653,M0789,2025-08-09,6,Pilates,28
CI012654,M0789,2025-07-15,11,Gym Floor,30
CI012655,M0789,2025-04-21,8,Gym Floor,35
CI012656,M0789,2025-03-12,18,HIIT,40
CI012657,M0789,2025-06-01,18,Yoga,28
CI012658,M0789,2025-06-26,10,Gym Floor,66
CI012659,M0790,2025-07-09,19,Strength Training,54
CI012660,M0790,2025-05-07,17,Zumba,25
CI012661,M0790,2025-08-30,8,CrossFit,50
CI012662,M0790,2025-04-03,10,HIIT,65
CI012663,M0790,2025-03-11,19,Gym Floor,46
CI012664,M0790,2025-05-01,8,HIIT,79
CI012665,M0790,2025-03-17,16,CrossFit,75
CI012666,M0791,2025-08-28,16,Gym Floor,31
CI012667,M0791,2025-08-25,6,CrossFit,53
CI012668,M0791,2025-06-20,7,Zumba,46
CI012669,M0791,2025-06-23,7,HIIT,63
CI012670,M0791,2025-03-06,18,Spin,43
CI012671,M0791,2025-05-14,7,Zumba,48
CI012672,M0791,2025-06-21,18,Gym Floor,62
CI012673,M0791,2025-03-18,8,Pilates,40
CI012674,M0791,2025-04-28,16,Gym Floor,63
CI012675,M0791,2025-05-20,19,Strength Training,81
CI012676,M0791,2025-06-30,8,Pilates,43
CI012677,M0791,2025-05-12,11,CrossFit,67
CI012678,M0791,2025-05-01,8,Gym Floor,37
CI012679,M0791,2025-08-13,6,Gym Floor,39
CI012680,M0791,2025-07-16,9,Strength Training,46
CI012681,M0791,2025-03-20,20,Gym Floor,28
CI012682,M0791,2025-05-29,20,Gym Floor,31
CI012683,M0791,2025-04-02,17,Gym Floor,52
CI012684,M0791,2025-06-06,9,Gym Floor,52
CI012685,M0791,2025-08-07,6,Gym Floor,46
CI012686,M0792,2025-06-06,9,Yoga,36
CI012687,M0792,2025-07-14,8,Gym Floor,58
CI012688,M0792,2025-03-18,11,Gym Floor,40
CI012689,M0792,2025-08-31,16,HIIT,53
CI012690,M0792,2025-04-30,10,Gym Floor,87
CI012691,M0792,2025-04-30,10,Gym Floor,49
CI012692,M0792,2025-03-01,16,Yoga,55
CI012693,M0792,2025-07-02,10,Gym Floor,43
CI012694,M0792,2025-05-27,19,Gym Floor,81
CI012695,M0792,2025-08-02,17,Gym Floor,26
CI012696,M0792,2025-06-12,20,Gym Floor,51
CI012697,M0792,2025-06-23,6,Gym Floor,82
CI012698,M0792,2025-04-04,20,Cardio,60
CI012699,M0792,2025-03-19,19,Gym Floor,60
CI012700,M0792,2025-06-06,10,CrossFit,72
CI012701,M0792,2025-06-14,18,HIIT,20
CI012702,M0792,2025-08-04,21,CrossFit,70
CI012703,M0792,2025-04-30,7,Gym Floor,90
CI012704,M0792,2025-03-17,7,Zumba,31
CI012705,M0792,2025-03-14,16,Gym Floor,71
CI012706,M0792,2025-04-13,17,Pilates,34
CI012707,M0792,2025-07-07,6,Yoga,76
CI012708,M0792,2025-08-24,18,Zumba,75
CI012709,M0792,2025-06-29,6,Gym Floor,79
CI012710,M0792,2025-07-23,20,Spin,64
CI012711,M0793,2025-08-03,20,Pilates,53
CI012712,M0793,2025-06-26,17,Strength Training,24
CI012713,M0793,2025-05-03,20,CrossFit,20
CI012714,M0793,2025-04-03,7,Cardio,51
CI012715,M0793,2025-05-20,12,Pilates,64
CI012716,M0793,2025-03-28,19,Zumba,43
CI012717,M0793,2025-07-16,8,Zumba,47
CI012718,M0794,2025-04-21,20,Pilates,50
CI012719,M0794,2025-04-18,12,Yoga,55
CI012720,M0794,2025-08-28,17,Gym Floor,76
CI012721,M0794,2025-05-21,9,Gym Floor,63
CI012722,M0794,2025-08-01,17,Cardio,40
CI012723,M0794,2025-03-12,17,Strength Training,49
CI012724,M0794,2025-06-14,7,Gym Floor,57
CI012725,M0794,2025-04-04,18,HIIT,55
CI012726,M0794,2025-06-27,17,Gym Floor,61
CI012727,M0794,2025-05-10,11,Cardio,73
CI012728,M0795,2025-08-01,21,Gym Floor,73
CI012729,M0795,2025-03-15,18,Gym Floor,41
CI012730,M0795,2025-07-16,18,Strength Training,110
CI012731,M0795,2025-06-21,17,Cardio,63
CI012732,M0795,2025-08-14,17,Pilates,84
CI012733,M0795,2025-08-25,21,Gym Floor,45
CI012734,M0795,2025-08-03,6,CrossFit,94
CI012735,M0795,2025-06-26,18,Gym Floor,90
CI012736,M0795,2025-03-27,17,Spin,48
CI012737,M0795,2025-07-28,19,Gym Floor,48
CI012738,M0795,2025-06-13,7,Spin,50
CI012739,M0795,2025-04-09,9,Gym Floor,20
CI012740,M0795,2025-08-08,8,Gym Floor,59
CI012741,M0795,2025-08-29,20,Zumba,40
CI012742,M0795,2025-07-15,6,Strength Training,66
CI012743,M0795,2025-04-11,18,Gym Floor,75
CI012744,M0795,2025-03-13,20,Gym Floor,45
CI012745,M0795,2025-04-07,8,CrossFit,51
CI012746,M0795,2025-07-31,17,Gym Floor,56
CI012747,M0795,2025-03-17,10,Spin,70
CI012748,M0795,2025-04-10,11,Gym Floor,70
CI012749,M0795,2025-08-29,16,HIIT,46
CI012750,M0795,2025-07-11,17,Yoga,45
CI012751,M0795,2025-05-17,11,Gym Floor,63
CI012752,M0795,2025-04-29,6,Gym Floor,48
CI012753,M0795,2025-04-08,11,Gym Floor,23
CI012754,M0795,2025-06-17,8,Pilates,71
CI012755,M0795,2025-07-15,16,Gym Floor,71
CI012756,M0795,2025-08-24,19,Strength Training,43
CI012757,M0795,2025-06-18,18,Yoga,28
CI012758,M0795,2025-04-15,16,Gym Floor,51
CI012759,M0795,2025-03-03,17,Gym Floor,71
CI012760,M0795,2025-05-27,16,CrossFit,20
CI012761,M0795,2025-06-10,21,Pilates,61
CI012762,M0795,2025-08-18,9,CrossFit,51
CI012763,M0795,2025-07-02,16,Pilates,20
CI012764,M0795,2025-06-06,12,Yoga,41
CI012765,M0795,2025-08-19,8,Zumba,26
CI012766,M0795,2025-05-23,10,Gym Floor,54
CI012767,M0795,2025-03-11,6,Zumba,76
CI012768,M0795,2025-06-06,21,Yoga,32
CI012769,M0795,2025-08-11,19,Yoga,99
CI012770,M0795,2025-04-13,8,Cardio,79
CI012771,M0795,2025-06-14,8,Pilates,61
CI012772,M0795,2025-03-05,8,Gym Floor,56
CI012773,M0795,2025-04-12,18,Gym Floor,37
CI012774,M0795,2025-06-19,17,Pilates,43
CI012775,M0796,2025-08-07,6,Yoga,47
CI012776,M0796,2025-05-09,21,HIIT,33
CI012777,M0796,2025-06-01,6,Gym Floor,79
CI012778,M0796,2025-05-30,20,Strength Training,48
CI012779,M0796,2025-06-05,17,Gym Floor,87
CI012780,M0796,2025-06-05,9,HIIT,85
CI012781,M0797,2025-08-31,16,Gym Floor,61
CI012782,M0797,2025-08-08,18,CrossFit,31
CI012783,M0797,2025-04-15,16,Zumba,40
CI012784,M0797,2025-04-13,10,HIIT,56
CI012785,M0797,2025-08-29,7,Cardio,49
CI012786,M0797,2025-04-02,16,Strength Training,75
CI012787,M0797,2025-03-07,18,Gym Floor,77
CI012788,M0797,2025-04-06,11,Gym Floor,42
CI012789,M0797,2025-04-30,16,Gym Floor,66
CI012790,M0797,2025-08-13,7,Gym Floor,68
CI012791,M0797,2025-03-14,17,Zumba,25
CI012792,M0797,2025-03-09,18,Spin,56
CI012793,M0797,2025-06-14,6,Spin,39
CI012794,M0797,2025-08-19,19,HIIT,52
CI012795,M0797,2025-07-31,18,Pilates,72
CI012796,M0797,2025-04-13,8,Spin,70
CI012797,M0797,2025-05-31,18,Gym Floor,74
CI012798,M0797,2025-05-25,19,HIIT,51
CI012799,M0797,2025-06-14,16,Pilates,52
CI012800,M0797,2025-04-11,17,Gym Floor,46
CI012801,M0797,2025-08-20,7,Zumba,46
CI012802,M0797,2025-06-01,17,Spin,46
CI012803,M0797,2025-04-13,7,Yoga,57
CI012804,M0797,2025-03-22,18,Gym Floor,80
CI012805,M0797,2025-03-06,20,Strength Training,29
CI012806,M0797,2025-05-01,11,Zumba,62
CI012807,M0797,2025-03-15,9,Pilates,21
CI012808,M0797,2025-08-10,6,Gym Floor,36
CI012809,M0797,2025-07-14,8,Strength Training,56
CI012810,M0797,2025-06-07,7,Gym Floor,49
CI012811,M0797,2025-08-07,17,Gym Floor,66
CI012812,M0798,2025-05-05,18,Zumba,49
CI012813,M0798,2025-06-24,12,Strength Training,50
CI012814,M0798,2025-06-29,19,Gym Floor,64
CI012815,M0798,2025-03-25,9,Pilates,38
CI012816,M0798,2025-05-22,12,Gym Floor,42
CI012817,M0798,2025-03-29,17,Gym Floor,44
CI012818,M0798,2025-08-19,17,Cardio,59
CI012819,M0798,2025-08-03,17,Zumba,55
CI012820,M0798,2025-06-19,20,Strength Training,20
CI012821,M0799,2025-03-15,16,Gym Floor,53
CI012822,M0799,2025-08-14,18,CrossFit,53
CI012823,M0799,2025-07-20,19,Gym Floor,24
CI012824,M0799,2025-07-14,19,Gym Floor,62
CI012825,M0799,2025-04-27,7,Gym Floor,41
CI012826,M0799,2025-07-29,7,Pilates,44
CI012827,M0800,2025-05-23,20,Gym Floor,69
CI012828,M0800,2025-07-29,17,Gym Floor,64
CI012829,M0800,2025-06-14,16,Gym Floor,56
CI012830,M0800,2025-07-18,12,Gym Floor,62
CI012831,M0800,2025-08-22,6,Gym Floor,65
CI012832,M0800,2025-07-08,19,Gym Floor,67
CI012833,M0800,2025-07-25,6,Cardio,71
CI012834,M0800,2025-06-22,18,Gym Floor,51
CI012835,M0800,2025-05-15,17,Gym Floor,71
CI012836,M0800,2025-05-06,18,Gym Floor,51
CI012837,M0800,2025-05-14,19,Gym Floor,48
CI012838,M0800,2025-06-13,12,Gym Floor,47
CI012839,M0800,2025-07-07,18,Gym Floor,52
CI012840,M0800,2025-07-20,9,CrossFit,65
CI012841,M0800,2025-08-07,10,Spin,73
CI012842,M0800,2025-07-08,18,Strength Training,70
CI012843,M0800,2025-06-16,21,Gym Floor,56
CI012844,M0800,2025-04-03,19,Pilates,27
CI012845,M0800,2025-03-02,19,CrossFit,60
CI012846,M0800,2025-05-22,10,Cardio,24
CI012847,M0800,2025-06-11,17,Cardio,38
CI012848,M0800,2025-04-23,12,HIIT,37
CI012849,M0800,2025-08-13,7,Gym Floor,51
CI012850,M0800,2025-04-28,6,HIIT,36
CI012851,M0800,2025-07-03,6,Zumba,67
CI012852,M0800,2025-08-28,10,Yoga,61
CI012853,M0800,2025-05-30,12,Yoga,66
CI012854,M0800,2025-05-24,18,Gym Floor,78
CI012855,M0800,2025-08-20,17,Gym Floor,51
CI012856,M0800,2025-08-22,8,HIIT,62
CI012857,M0800,2025-08-17,7,Pilates,62
CI012858,M0800,2025-04-28,19,Cardio,65
CI012859,M0800,2025-08-06,19,Zumba,30
CI012860,M0800,2025-08-05,9,Gym Floor,49
